food_name,food_category,packaging_type,storage_location,is_opened,days_to_expire,days_since_opened,sisa_hari,label
Yogurt Plain,Produk Olahan Susu,Plastik,Chiller,0,5.0,0.0,5.0,Soon
Biskuit Marie,Produk Kering,Plastik,Outside,0,31.0,0.0,31.0,Fresh
Nugget Udang,Produk Protein,Plastik,Unknown,0,101.0,0.0,101.0,Fresh
Sarden Cabai,Produk Kaleng,Kaleng,Outside,0,423.0,0.0,250.0,Fresh
Biskuit Crackers,Produk Kering,Plastik,Outside,0,138.0,0.0,138.0,Fresh
Susu Uht Stroberi,Produk Olahan Susu,Karton,Chiller,1,85.0,4.0,-3.0,Expired
Sosis Frankfurter,Produk Protein,Plastik,Chiller,0,42.0,0.0,42.0,Fresh
Sarden Cabai,Produk Kaleng,Kaleng,Outside,1,398.0,7.0,-5.0,Expired
Biskuit Mentega,Produk Kering,Kaleng,Outside,0,35.0,0.0,35.0,Fresh
Susu Bubuk Coklat,Produk Olahan Susu,Karton,Outside,1,500.0,12.0,6.0,Soon
Biskuit Wafer,Produk Kering,Plastik,Outside,1,36.0,7.0,-2.0,Expired
Teh Lemon,Produk Minuman,Karton,Outside,0,144.0,0.0,144.0,Fresh
Biskuit Mentega,Produk Kering,Kaleng,Outside,1,-5.0,10.0,4.0,Soon
Nugget Ayam,Produk Protein,Plastik,Freezer,1,95.0,1.0,2.0,Soon
Soda Jeruk,Produk Minuman,Kaleng,Outside,0,26.0,0.0,26.0,Fresh
Sereal Cornflakes,Produk Kering,Karton,Outside,0,340.0,0.0,250.0,Fresh
Nugget Ayam,Unknown,Plastik,Freezer,1,159.0,4.0,-1.0,Expired
Sarden Minyak Zaitun,Produk Kaleng,Kaleng,Outside,0,341.0,0.0,250.0,Fresh
Susu Kental Manis Putih,Produk Olahan Susu,Kaleng,Chiller,1,500.0,5.0,9.0,Fresh
Biskuit Wafer,Produk Kering,Plastik,Unknown,0,162.0,0.0,162.0,Fresh
Biskuit Crackers,Produk Kering,Plastik,Outside,0,28.0,0.0,28.0,Fresh
Biskuit Oreo,Produk Kering,Plastik,Outside,0,17.0,0.0,17.0,Fresh
Teh Kotak Hijau,Produk Minuman,Karton,Outside,1,220.0,2.0,-1.0,Expired
Sereal Coklat,Produk Kering,Karton,Outside,1,119.0,12.0,-2.0,Expired
Buah Cocktail,Produk Kaleng,Kaleng,Outside,0,197.0,0.0,197.0,Fresh
Yogurt Stroberi,Produk Olahan Susu,Plastik,Chiller,1,30.0,6.0,-3.0,Expired
Cola Zero Sugar,Produk Minuman,Kaleng,Outside,0,-5.0,0.0,40.0,Fresh
Nugget Ikan,Unknown,Unknown,Freezer,0,177.0,0.0,177.0,Fresh
Nugget Tempe,Produk Protein,Plastik,Freezer,0,85.0,0.0,85.0,Fresh
Nugget Udang,Unknown,Plastik,Freezer,0,150.0,0.0,150.0,Fresh
Sosis Frozen,Unknown,Plastik,Freezer,1,73.0,5.0,-2.0,Expired
Sereal Coklat,Produk Kering,Karton,Outside,1,52.0,12.0,-5.0,Expired
Biskuit Sandwich,Produk Kering,Plastik,Outside,0,38.0,0.0,38.0,Fresh
Biskuit Crackers,Produk Kering,Plastik,Outside,0,128.0,0.0,128.0,Fresh
Leci Dalam Sirup,Produk Kaleng,Kaleng,Outside,1,500.0,7.0,-4.0,Expired
Nugget Sapi,Produk Protein,Plastik,Freezer,0,172.0,0.0,172.0,Fresh
Kornet Ayam,Produk Kaleng,Kaleng,Outside,1,36.0,8.0,-5.0,Expired
Sereal Oat,Produk Kering,Karton,Outside,0,24.0,0.0,24.0,Fresh
Yogurt Plain,Produk Olahan Susu,Plastik,Chiller,1,23.0,6.0,-1.0,Expired
Yogurt Stroberi,Produk Olahan Susu,Plastik,Chiller,1,16.0,7.0,-4.0,Expired
Keju Mozzarella,Produk Olahan Susu,Plastik,Chiller,0,23.0,0.0,23.0,Fresh
Susu Uht Full Cream,Produk Olahan Susu,Karton,Chiller,1,139.0,11.0,-4.0,Expired
Jus Sirsak,Produk Minuman,Karton,Chiller,0,22.0,0.0,22.0,Fresh
Mie Instan Ayam,Produk Kering,Plastik,Outside,1,143.0,1.0,-1.0,Expired
Sosis Ikan,Produk Protein,Unknown,Chiller,1,34.0,7.0,-4.0,Expired
Sereal Muesli,Produk Kering,Karton,Outside,0,277.0,0.0,250.0,Fresh
Susu Kental Manis Coklat,Produk Olahan Susu,Kaleng,Chiller,0,191.0,0.0,191.0,Fresh
Sosis Sapi,Produk Protein,Plastik,Chiller,0,11.0,0.0,11.0,Fresh
Biskuit Mentega,Produk Kering,Kaleng,Outside,0,267.0,0.0,250.0,Fresh
Nugget Udang,Produk Protein,Plastik,Freezer,1,135.0,6.0,-3.0,Expired
Keju Cream Cheese,Produk Olahan Susu,Karton,Chiller,1,29.0,3.0,11.0,Fresh
Susu Uht Coklat,Produk Olahan Susu,Karton,Chiller,0,140.0,0.0,140.0,Fresh
Air Mineral,Produk Minuman,Plastik,Outside,0,118.0,0.0,-50.0,Fresh
Susu Uht Stroberi,Produk Olahan Susu,Karton,Chiller,1,216.0,3.0,-2.0,Expired
Teh Tarik,Produk Minuman,Karton,Chiller,0,186.0,0.0,186.0,Fresh
Susu Kedelai,Produk Olahan Susu,Karton,Chiller,1,20.0,1.0,4.0,Soon
Cola Zero Sugar,Produk Minuman,Kaleng,Outside,0,179.0,0.0,179.0,Fresh
Keju Cheddar,Produk Olahan Susu,Plastik,Chiller,0,102.0,0.0,102.0,Fresh
Sarden Tomat,Produk Kaleng,Kaleng,Unknown,0,500.0,0.0,250.0,Fresh
Sarden Minyak Zaitun,Produk Kaleng,Kaleng,Outside,1,500.0,1.0,1.0,Soon
Susu Uht Coklat,Produk Olahan Susu,Karton,Chiller,1,177.0,6.0,-5.0,Expired
Mie Instan Soto,Produk Kering,Plastik,Outside,1,307.0,3.0,-3.0,Expired
Jus Anggur,Unknown,Botol Kaca,Chiller,1,151.0,10.0,-5.0,Expired
Susu Bubuk Skim,Produk Olahan Susu,Karton,Outside,1,500.0,12.0,3.0,Soon
Yogurt Stroberi,Produk Olahan Susu,Plastik,Chiller,0,6.0,0.0,6.0,Soon
Yogurt Mangga,Produk Olahan Susu,Plastik,Chiller,0,29.0,0.0,29.0,Fresh
Sereal Muesli,Produk Kering,Karton,Outside,0,230.0,0.0,230.0,Fresh
Ikan Salmon,Produk Kaleng,Kaleng,Outside,0,500.0,0.0,250.0,Fresh
Nanas Kaleng,Produk Kaleng,Kaleng,Outside,0,500.0,0.0,250.0,Fresh
Ikan Tuna,Produk Kaleng,Kaleng,Outside,0,494.0,0.0,250.0,Fresh
Cola Zero Sugar,Produk Minuman,Kaleng,Outside,1,8.0,2.0,-1.0,Expired
Nanas Kaleng,Produk Kaleng,Kaleng,Outside,0,269.0,0.0,250.0,Fresh
Sosis Sapi,Produk Protein,Plastik,Chiller,1,9.0,8.0,-3.0,Expired
Yogurt Plain,Produk Olahan Susu,Plastik,Chiller,0,12.0,0.0,12.0,Fresh
Sereal Coklat,Unknown,Karton,Outside,1,11.0,6.0,11.0,Fresh
Air Mineral,Produk Minuman,Plastik,Outside,1,500.0,3.0,-2.0,Expired
Sosis Bebek,Produk Protein,Plastik,Chiller,1,45.0,5.0,2.0,Soon
Cola Original,Unknown,Kaleng,Unknown,1,59.0,3.0,-2.0,Expired
Sosis Frozen,Produk Protein,Plastik,Freezer,1,3.0,1.0,2.0,Soon
Susu Uht Vanila,Produk Olahan Susu,Karton,Chiller,1,139.0,3.0,-2.0,Expired
Yogurt Blueberry,Produk Olahan Susu,Plastik,Chiller,1,17.0,8.0,-5.0,Expired
Jus Mangga,Produk Minuman,Karton,Chiller,0,107.0,0.0,107.0,Fresh
Mie Instan Ayam,Produk Kering,Plastik,Outside,1,174.0,5.0,-5.0,Expired
Cola Original,Produk Minuman,Kaleng,Outside,1,123.0,2.0,-1.0,Expired
Minuman Energi,Produk Minuman,Kaleng,Outside,1,148.0,1.0,0.0,Expired
Keju Cheddar,Produk Olahan Susu,Plastik,Chiller,0,48.0,0.0,48.0,Fresh
Minuman Isotonik,Prod. Minuman,Plastik,Outside,0,50.0,0.0,50.0,Fresh
Sarden Minyak Zaitun,Produk Kaleng,Kaleng,Outside,0,500.0,0.0,250.0,Fresh
Susu Pasteurisasi,Produk Olahan Susu,Plastik,Chiller,1,10.0,5.0,-2.0,Expired
Keju Cheddar,Produk Olahan Susu,Plastik,Chiller,1,27.0,5.0,9.0,Fresh
Leci Dalam Sirup,Produk Kaleng,Kaleng,Outside,1,500.0,4.0,-1.0,Expired
Susu Uht Low Fat,Olahan Susu,Karton,Chiller,0,218.0,0.0,218.0,Fresh
Susu Bubuk Skim,Unknown,Karton,Outside,1,500.0,12.0,15.0,Fresh
Sereal Coklat,Produk Kering,Karton,Outside,0,7.0,0.0,7.0,Soon
Air Mineral,Produk Minuman,Plastik,Outside,1,500.0,5.0,-4.0,Expired
Yogurt Minum Probiotik,Produk Olahan Susu,Botol Kaca,Chiller,1,11.0,2.0,1.0,Soon
Jus Mangga,Produk Minuman,Karton,Chiller,0,127.0,0.0,127.0,Fresh
Susu Kental Manis Coklat,Produk Olahan Susu,Kaleng,Chiller,0,336.0,0.0,250.0,Fresh
Sosis Frankfurter,Produk Protein,Plastik,Chiller,1,47.0,9.0,-2.0,Expired
Kornet Sapi,Produk Kaleng,Kaleng,Outside,1,94.0,1.0,2.0,Soon
Teh Kotak Hijau,Produk Minuman,Karton,Outside,0,262.0,0.0,250.0,Fresh
Jus Sirsak,Produk Minuman,Karton,Chiller,1,167.0,7.0,-4.0,Expired
Ikan Salmon,Produk Kaleng,Kaleng,Outside,1,56.0,2.0,0.0,Expired
Susu Bubuk Full Cream,Produk Olahan Susu,Karton,Outside,1,500.0,12.0,-2.0,Expired
Nugget Ikan,Produk Protein,Plastik,Freezer,0,66.0,0.0,66.0,Fresh
Sosis Bebek,Produk Protein,Plastik,Chiller,0,28.0,0.0,28.0,Fresh
Cola Original,Produk Minuman,Kaleng,Outside,1,258.0,1.0,0.0,Expired
Sarden Minyak Zaitun,Produk Kaleng,Unknown,Outside,0,290.0,0.0,250.0,Fresh
Jus Apel,Produk Minuman,Karton,Chiller,0,85.0,0.0,85.0,Fresh
Sereal Granola,Produk Kering,Karton,Outside,0,270.0,0.0,250.0,Fresh
Sosis Ayam,Protin,Plastik,Chiller,0,43.0,0.0,43.0,Fresh
Air Mineral,Produk Minuman,Plastik,Outside,0,488.0,0.0,250.0,Fresh
Ikan Makerel,Produk Kaleng,Kaleng,Outside,1,500.0,6.0,-4.0,Expired
Susu Bubuk Skim,Produk Olahan Susu,Kardus,Outside,0,317.0,0.0,250.0,Fresh
Sarden Cabai,Unknown,Kaleng,Outside,1,500.0,4.0,-2.0,Expired
Teh Kotak Jasmine,Unknown,Karton,Unknown,0,141.0,0.0,141.0,Fresh
Soda Jeruk,Unknown,Kaleng,Outside,0,133.0,0.0,133.0,Fresh
Susu Kental Manis Putih,Produk Olahan Susu,Kaleng,Chiller,0,141.0,0.0,141.0,Fresh
Sereal Cornflakes,Produk Kering,Karton,Outside,0,59.0,0.0,59.0,Fresh
Susu Bubuk Coklat,Produk Olahan Susu,Karton,Outside,1,500.0,12.0,9.0,Fresh
Keju Parmesan,Produk Olahan Susu,Plastik,Chiller,0,275.0,0.0,250.0,Fresh
Mangga Kaleng,Produk Kaleng,Kaleng,Outside,0,500.0,0.0,250.0,Fresh
Leci Dalam Sirup,Produk Kaleng,Kaleng,Outside,1,500.0,8.0,-5.0,Expired
Jagung Manis Kaleng,Produk Kaleng,Kaleng,Chiller,1,500.0,5.0,-2.0,Expired
Nugget Ayam,Unknown,Unknown,Freezer,1,164.0,5.0,-2.0,Expired
Yogurt Plain,Produk Olahan Susu,Plastik,Chiller,1,4.0,1.0,4.0,Soon
Yogurt Minum Probiotik,Produk Olahan Susu,Botol Kaca,Chiller,0,20.0,0.0,20.0,Fresh
Biskuit Sandwich,Produk Kering,Plastik,Outside,0,114.0,0.0,114.0,Fresh
Ikan Salmon,Produk Kaleng,Kaleng,Outside,1,500.0,4.0,-2.0,Expired
Mie Instan Soto,Produk Kering,Plastik,Outside,1,59.0,3.0,-3.0,Expired
Ikan Makerel,Produk Kaleng,Kaleng,Outside,0,500.0,0.0,250.0,Fresh
Kornet Sapi,Produk Kaleng,Kaleng,Outside,1,283.0,2.0,1.0,Soon
Sosis Ikan,Produk Protein,Plastik,Chiller,0,4.0,0.0,4.0,Soon
Sarden Tomat,Produk Kaleng,Kaleng,Outside,0,500.0,0.0,250.0,Fresh
Jus Mangga,Produk Minuman,Karton,Chiller,0,163.0,0.0,163.0,Fresh
Biskuit Mentega,Produk Kering,Kaleng,Outside,1,323.0,3.0,11.0,Fresh
Keju Mozzarella,Produk Olahan Susu,Plastik,Chiller,1,37.0,4.0,3.0,Soon
Sereal Oat,Produk Kering,Karton,Outside,0,127.0,0.0,127.0,Fresh
Air Mineral,Unknown,Plastik,Outside,0,500.0,0.0,-50.0,Fresh
Biskuit Sandwich,Produk Kering,Plastik,Outside,0,107.0,0.0,107.0,Fresh
Nugget Udang,Produk Protein,Plastik,Freezer,0,171.0,0.0,171.0,Fresh
Teh Kotak Jasmine,Produk Minuman,Karton,Outside,0,40.0,0.0,40.0,Fresh
Biskuit Oreo,Produk Kering,Plastik,Outside,0,119.0,0.0,119.0,Fresh
Jus Jambu,Produk Minuman,Karton,Chiller,0,61.0,0.0,61.0,Fresh
Keju Parmesan,Produk Olahan Susu,Unknown,Chiller,0,251.0,0.0,250.0,Fresh
Nugget Ikan,Produk Protein,Plastik,Freezer,1,41.0,1.0,2.0,Soon
Biskuit Wafer,Produk Kering,Plastik,Outside,1,14.0,2.0,3.0,Soon
Kornet Ayam,Produk Kaleng,Kaleng,Outside,1,161.0,2.0,1.0,Soon
Yogurt Plain,Produk Olahan Susu,Plastik,Chiller,1,16.0,7.0,-2.0,Expired
Ikan Salmon,Produk Kaleng,Kaleng,Outside,1,500.0,1.0,1.0,Soon
Biskuit Sandwich,Produk Kering,Plastik,Outside,0,78.0,0.0,78.0,Fresh
Biskuit Crackers,Produk Kering,Plastik,Outside,0,42.0,0.0,42.0,Fresh
Yogurt Greek,Produk Olahan Susu,Plastik,Chiller,0,16.0,0.0,16.0,Fresh
Sereal Muesli,Produk Kering,Unknown,Outside,1,57.0,7.0,23.0,Fresh
Susu Uht Low Fat,Produk Olahan Susu,Karton,Chiller,0,169.0,0.0,169.0,Fresh
Ikan Salmon,Produk Kaleng,Kaleng,Outside,1,500.0,3.0,-1.0,Expired
Leci Dalam Sirup,Produk Kaleng,Kaleng,Outside,1,120.0,4.0,-1.0,Expired
Soda Lemon,Produk Minuman,Kaleng,Outside,1,322.0,3.0,-2.0,Expired
Yogurt Kefir,Produk Olahan Susu,Botol Kaca,Chiller,1,7.0,4.0,-1.0,Expired
Mie Instan Soto,Produk Kering,Plastik,Outside,1,126.0,3.0,-3.0,Expired
Biskuit Oatmeal,Produk Kering,Plastik,Outside,1,98.0,7.0,0.0,Expired
Minuman Energi,Produk Minuman,Kaleng,Outside,0,239.0,0.0,239.0,Fresh
Teh Kotak Jasmine,Produk Minuman,Karton,Outside,0,337.0,0.0,250.0,Fresh
Teh Tarik,Produk Minuman,Karton,Chiller,0,105.0,0.0,105.0,Fresh
Yogurt Stroberi,Produk Olahan Susu,Plastik,Chiller,0,25.0,0.0,25.0,Fresh
Nugget Ayam,Produk Protein,Plastik,Freezer,0,156.0,0.0,156.0,Fresh
Mangga Kaleng,Produk Kaleng,Kaleng,Outside,0,104.0,0.0,104.0,Fresh
Susu Kental Manis Putih,Produk Olahan Susu,Kaleng,Chiller,0,20.0,0.0,20.0,Fresh
Mie Instan Goreng,Produk Kering,Plastik,Outside,0,18.0,0.0,18.0,Fresh
Yogurt Greek,Produk Olahan Susu,Plastik,Chiller,0,10.0,0.0,10.0,Fresh
Sereal Granola,Produk Kering,Karton,Outside,0,46.0,0.0,46.0,Fresh
Mangga Kaleng,Kaleng,Unknown,Outside,1,424.0,3.0,0.0,Expired
Nugget Ikan,Produk Protein,Plastik,Freezer,0,39.0,0.0,39.0,Fresh
Yogurt Stroberi,Produk Olahan Susu,Plastik,Chiller,0,29.0,0.0,29.0,Fresh
Sosis Sapi,Unknown,Plastik,Chiller,1,22.0,6.0,-1.0,Expired
Susu Pasteurisasi,Produk Olahan Susu,Plastik,Chiller,1,12.0,4.0,-1.0,Expired
Susu Bubuk Bayi,Produk Olahan Susu,Karton,Outside,1,297.0,8.0,22.0,Fresh
Keju Edam,Produk Olahan Susu,Plastik,Chiller,0,62.0,2.0,19.0,Fresh
Susu Bubuk Coklat,Produk Olahan Susu,Karton,Outside,1,195.0,8.0,22.0,Fresh
Sosis Frozen,Produk Protein,Plastik,Freezer,1,161.0,3.0,0.0,Expired
Susu Uht Full Cream,Produk Olahan Susu,Karton,Chiller,0,124.0,0.0,124.0,Fresh
Susu Uht Coklat,Produk Olahan Susu,Karton,Chiller,1,224.0,5.0,-4.0,Expired
Nugget Udang,Unknown,Plastik,frozen,0,1.0,0.0,1.0,Soon
Nugget Ikan,Produk Protein,Plastik,frozen,0,81.0,0.0,81.0,Fresh
Yogurt Kefir,Produk Olahan Susu,Botol Kaca,Chiller,0,5.0,0.0,5.0,Soon
Susu Pasteurisasi,Produk Olahan Susu,Plastik,Chiller,1,13.0,6.0,-3.0,Expired
Susu Kental Manis Coklat,Produk Olahan Susu,Kaleng,Chiller,0,500.0,0.0,250.0,Fresh
Mangga Kaleng,Kaleng,Kaleng,Outside,0,187.0,0.0,187.0,Fresh
Nugget Ikan,Produk Protein,Plastik,Freezer,0,49.0,0.0,49.0,Fresh
Sereal Oat,Produk Kering,Karton,Outside,1,289.0,12.0,16.0,Fresh
Sosis Ikan,Produk Protein,Plastik,Chiller,0,25.0,0.0,25.0,Fresh
Persik Kaleng,Produk Kaleng,Kaleng,Outside,1,450.0,7.0,-4.0,Expired
Keju Mozzarella,Produk Olahan Susu,Plastik,Unknown,0,26.0,8.0,-1.0,Expired
Biskuit Crackers,Produk Kering,Plastik,Outside,1,46.0,5.0,2.0,Soon
Susu Pasteurisasi,Produk Olahan Susu,Plastik,Chiller,1,13.0,7.0,-4.0,Expired
Biskuit Crackers,Produk Kering,Plastik,Outside,1,116.0,10.0,-3.0,Expired
Biskuit Mentega,Produk Kering,Kaleng,Outside,1,196.0,11.0,3.0,Soon
Biskuit Digestive,Produk Kering,Plastik,Outside,0,63.0,0.0,63.0,Fresh
Keju Cheddar,Produk Olahan Susu,Plastik,Chiller,1,22.0,10.0,4.0,Soon
Sosis Ikan,Produk Protein,Plastik,Unknown,0,17.0,0.0,17.0,Fresh
Nugget Udang,Produk Protein,Plastik,Unknown,1,24.0,2.0,1.0,Soon
Persik Kaleng,Produk Kaleng,Kaleng,Outside,0,147.0,0.0,147.0,Fresh
Persik Kaleng,Unknown,Kaleng,Outside,1,488.0,8.0,-5.0,Expired
Jus Anggur,Produk Minuman,Botol Kaca,Chiller,0,125.0,0.0,125.0,Fresh
Mie Instan Soto,Produk Kering,Plastik,Outside,0,338.0,0.0,250.0,Fresh
Rambutan Kaleng,Produk Kaleng,Kaleng,Outside,0,222.0,0.0,222.0,Fresh
Nugget Sapi,Unknown,Plastik,Freezer,0,69.0,0.0,69.0,Fresh
Yogurt Greek,Produk Olahan Susu,Plastik,Chiller,0,11.0,0.0,11.0,Fresh
Yogurt Minum Probiotik,Produk Olahan Susu,Botol Kaca,Chiller,0,1.0,0.0,1.0,Soon
Cola Original,Produk Minuman,Kaleng,Outside,1,48.0,3.0,-2.0,Expired
Sosis Frankfurter,Produk Protein,Plastik,Dingin,1,72.0,10.0,-3.0,Expired
Sosis Frozen,Produk Protein,Plastik,Freezer,1,80.0,8.0,-5.0,Expired
Cola Zero Sugar,Produk Minuman,Kaleng,Outside,0,220.0,0.0,220.0,Fresh
Sereal Oat,Produk Kering,Karton,Outside,1,60.0,12.0,-2.0,Expired
Rambutan Kaleng,Produk Kaleng,Kaleng,Outside,1,227.0,7.0,-4.0,Expired
Persik Kaleng,Produk Kaleng,Kaleng,Outside,1,318.0,2.0,1.0,hampir
Mangga Kaleng,Produk Kaleng,Kaleng,Outside,1,239.0,4.0,-1.0,Expired
Ikan Tuna,Produk Kaleng,Kaleng,Unknown,1,60.0,5.0,-3.0,Expired
Nanas Kaleng,Produk Kaleng,Kaleng,Outside,1,500.0,2.0,1.0,Soon
Yogurt Minum Probiotik,Produk Olahan Susu,Botol Kaca,Chiller,0,21.0,0.0,21.0,Fresh
Teh Kotak Jasmine,Produk Minuman,Karton,Outside,0,309.0,0.0,250.0,Fresh
Jagung Manis Kaleng,Produk Kaleng,Kaleng,Chiller,0,156.0,0.0,156.0,Fresh
Teh Tarik,Produk Minuman,Karton,Chiller,0,258.0,0.0,250.0,Fresh
Nugget Tempe,Produk Protein,Plastik,Freezer,1,117.0,6.0,-3.0,Expired
Kornet Sapi,Produk Kaleng,Kaleng,Outside,0,500.0,0.0,250.0,Fresh
Sosis Bebek,Produk Protein,Plastik,Chiller,0,87.0,0.0,87.0,Fresh
Susu Uht Full Cream,Produk Olahan Susu,Karton,Chiller,0,44.0,0.0,44.0,Fresh
Biskuit Crackers,Produk Kering,Plastik,Outside,1,82.0,3.0,4.0,Soon
Susu Kental Manis Coklat,Produk Olahan Susu,Kaleng,Chiller,1,45.0,12.0,1.0,Soon
Biskuit Oreo,Produk Kering,Plastik,Outside,1,65.0,6.0,1.0,Soon
Keju Parmesan,Produk Olahan Susu,Plastik,Chiller,1,288.0,12.0,-3.0,Expired
Sarden Cabai,Produk Kaleng,Kaleng,Outside,0,500.0,0.0,250.0,Fresh
Keju Edam,Produk Olahan Susu,Plastik,Chiller,0,101.0,0.0,101.0,Fresh
Sarden Cabai,Produk Kaleng,Kaleng,Outside,1,50.0,2.0,0.0,Expired
Nugget Sapi,Produk Protein,Plastik,Freezer,0,140.0,0.0,140.0,Fresh
Jus Sirsak,Produk Minuman,Karton,Chiller,0,77.0,0.0,77.0,Fresh
Susu Bubuk Full Cream,Produk Olahan Susu,Karton,Outside,1,424.0,4.0,26.0,Fresh
Soda Jeruk,Produk Minuman,Kaleng,Outside,0,337.0,0.0,250.0,Fresh
Sosis Ayam,Produk Protein,Plastik,Chiller,1,11.0,9.0,-4.0,Expired
Air Soda,Produk Minuman,Plastik,Outside,0,356.0,0.0,250.0,Fresh
Jus Jambu,Produk Minuman,Karton,Chiller,0,106.0,0.0,106.0,Fresh
Teh Tarik,Produk Minuman,Karton,Chiller,0,2.0,0.0,2.0,Soon
Minuman Isotonik,Produk Minuman,Unknown,Outside,1,302.0,5.0,-4.0,Expired
Nugget Ayam,Produk Protein,Plastik,Freezer,0,176.0,0.0,176.0,Fresh
Keju Edam,Produk Olahan Susu,Plastik,Chiller,0,80.0,0.0,80.0,Fresh
Cola Zero Sugar,Produk Minuman,Kaleng,Outside,1,9.0,3.0,-2.0,Expired
Nugget Tempe,Produk Protein,Plastik,Freezer,0,10.0,0.0,10.0,Fresh
Biskuit Mentega,Produk Kering,Kaleng,Outside,1,239.0,12.0,-3.0,Expired
Jagung Manis Kaleng,Produk Kaleng,Kaleng,Chiller,1,500.0,4.0,-1.0,Expired
Sosis Sapi,Produk Protein,Plastik,Chiller,0,55.0,0.0,55.0,Fresh
Biskuit Oreo,Produk Kering,Plastik,Outside,1,41.0,1.0,6.0,Soon
Susu Uht Coklat,Produk Olahan Susu,Karton,Chiller,1,5.0,1.0,0.0,Expired
Mie Instan Ayam,Produk Kering,Plastik,Outside,1,290.0,4.0,-4.0,Expired
Jus Jambu,Produk Minuman,Karton,Chiller,0,163.0,0.0,163.0,Fresh
Kornet Sapi,Produk Kaleng,Unknown,Outside,0,500.0,0.0,250.0,Fresh
Teh Botol,Produk Minuman,Unknown,Outside,0,224.0,0.0,224.0,Fresh
Susu Bubuk Full Cream,Produk Olahan Susu,Karton,Outside,0,500.0,0.0,250.0,Fresh
Nanas Kaleng,Produk Kaleng,Kaleng,Outside,1,471.0,1.0,2.0,Soon
Susu Uht Coklat,Produk Olahan Susu,Karton,Chiller,1,259.0,4.0,-3.0,Expired
Jus Anggur,Produk Minuman,Botol Kaca,Chiller,0,88.0,0.0,88.0,Fresh
Teh Kotak Jasmine,Produk Minuman,Karton,Outside,1,264.0,6.0,-5.0,Expired
Teh Kotak Jasmine,Produk Minuman,Karton,Outside,1,283.0,3.0,-2.0,Expired
Minuman Energi,Unknown,Kaleng,Outside,0,180.0,0.0,180.0,Fresh
Sosis Frankfurter,Produk Protein,Plastik,Chiller,0,8.0,0.0,8.0,Fresh
Kornet Ayam,Produk Kaleng,Kaleng,Outside,1,64.0,3.0,0.0,Expired
Kornet Sapi,Produk Kaleng,Kaleng,Outside,1,70.0,5.0,-2.0,Expired
Biskuit Marie,Produk Kering,Plastik,Outside,0,164.0,0.0,164.0,Fresh
Soda Lemon,Produk Minuman,Kaleng,Outside,0,14.0,0.0,14.0,Fresh
Sereal Oat,Produk Kering,Karton,Unknown,0,254.0,0.0,250.0,Fresh
Jus Apel,Produk Minuman,Karton,Dingin,1,71.0,4.0,1.0,Soon
Jus Anggur,Unknown,Botol Kaca,Chiller,0,167.0,0.0,250.0,Fresh
Biskuit Digestive,Produk Kering,Plastik,Outside,1,25.0,10.0,4.0,Soon
Biskuit Sandwich,Produk Kering,Plastik,Outside,0,56.0,0.0,56.0,Fresh
Sosis Sapi,Produk Protein,Plastik,Chiller,1,14.0,7.0,-2.0,Expired
Yogurt Greek,Produk Olahan Susu,Plastik,Chiller,1,7.0,3.0,2.0,Soon
Biskuit Marie,Produk Kering,Plastik,Outside,1,46.0,11.0,-4.0,Expired
Nanas Kaleng,Produk Kaleng,Kaleng,Outside,1,497.0,3.0,0.0,Expired
Minuman Energi,Produk Minuman,Kaleng,Outside,0,105.0,0.0,105.0,Fresh
Yogurt Stroberi,Produk Olahan Susu,Plastik,Chiller,1,16.0,8.0,-5.0,Expired
Sereal Muesli,Produk Kering,Unknown,Outside,0,272.0,0.0,250.0,Fresh
Nugget Sayuran,Produk Protein,Plastik,Freezer,1,14.0,2.0,1.0,Soon
Jus Apel,Unknown,Karton,Chiller,0,59.0,0.0,59.0,Fresh
Susu Uht Full Cream,Produk Olahan Susu,Karton,Chiller,1,50.0,6.0,1.0,Soon
Yogurt Greek,Produk Olahan Susu,Plastik,Unknown,0,4.0,0.0,4.0,Soon
Jus Mangga,Produk Minuman,Karton,Chiller,0,65.0,0.0,65.0,Fresh
Air Soda,Produk Minuman,Plastik,Outside,1,139.0,6.0,-5.0,Expired
Susu Kental Manis Putih,Produk Olahan Susu,Kaleng,Chiller,0,165.0,0.0,165.0,Fresh
Cola Zero Sugar,Produk Minuman,Unknown,Outside,0,357.0,0.0,250.0,Fresh
Cola Zero Sugar,Unknown,Kaleng,Outside,1,6.0,5.0,-4.0,Expired
Keju Cheddar,Produk Olahan Susu,Plastik,Chiller,1,15.0,1.0,13.0,Fresh
Kornet Sapi,Produk Kaleng,Kaleng,Outside,1,444.0,1.0,2.0,Soon
Susu Uht Low Fat,Produk Olahan Susu,Karton,Chiller,0,118.0,0.0,118.0,Fresh
Jus Jeruk,Produk Minuman,Karton,Chiller,0,120.0,0.0,120.0,Fresh
Nugget Tempe,Produk Protein,Plastik,Freezer,0,69.0,8.0,-5.0,Expired
Sereal Muesli,Produk Kering,Karton,Outside,0,191.0,0.0,191.0,Fresh
Keju Edam,Produk Olahan Susu,Plastik,Chiller,1,99.0,5.0,16.0,Fresh
Yogurt Minum Probiotik,Produk Olahan Susu,Botol Kaca,Chiller,0,18.0,0.0,18.0,Fresh
Sarden Minyak Zaitun,Unknown,Kaleng,Outside,0,500.0,0.0,250.0,Fresh
Cola Zero Sugar,Produk Minuman,Kaleng,Outside,1,32.0,3.0,-2.0,Expired
Nanas Kaleng,Produk Kaleng,Kaleng,Outside,1,-10.0,2.0,1.0,Soon
Keju Edam,Produk Olahan Susu,Plastik,Chiller,0,95.0,0.0,95.0,Fresh
Sereal Cornflakes,Produk Kering,Karton,Outside,0,82.0,0.0,82.0,Fresh
Ikan Makerel,Produk Kaleng,Kaleng,Outside,1,500.0,5.0,-3.0,Expired
Minuman Isotonik,Produk Minuman,Plastik,Outside,1,22.0,3.0,-2.0,Expired
Biskuit Marie,Produk Kering,Plastik,Outside,0,126.0,0.0,126.0,Fresh
Sereal Oat,Produk Kering,Karton,Outside,0,303.0,7.0,23.0,Fresh
Jus Mangga,Unknown,Karton,Chiller,0,121.0,0.0,121.0,Fresh
Keju Edam,Produk Olahan Susu,Plastik,Chiller,1,164.0,12.0,1.0,Soon
Susu Uht Stroberi,Produk Olahan Susu,Karton,Chiller,0,142.0,0.0,142.0,Fresh
Rambutan Kaleng,Produk Kaleng,Kaleng,Outside,0,500.0,0.0,250.0,Fresh
Kornet Ayam,Produk Kaleng,Kaleng,Outside,1,369.0,5.0,-2.0,Expired
Sereal Granola,Produk Kering,Karton,Outside,0,252.0,0.0,250.0,Fresh
Yogurt Stroberi,Produk Olahan Susu,Plastik,Chiller,1,19.0,2.0,1.0,Soon
Sosis Bebek,Prod. Protein,Plastik,Chiller,0,9.0,0.0,9.0,Fresh
Teh Botol,Produk Minuman,glass,Outside,1,57.0,5.0,-2.0,Expired
Keju Edam,Produk Olahan Susu,Plastik,Chiller,0,68.0,0.0,68.0,Fresh
Mie Instan Ayam,Produk Kering,Plastik,Outside,0,320.0,0.0,250.0,Fresh
Susu Bubuk Bayi,Unknown,Karton,Outside,1,500.0,12.0,-1.0,Expired
Nugget Tempe,Produk Protein,Plastik,Freezer,0,71.0,0.0,71.0,Fresh
Nugget Tempe,Produk Protein,Plastik,Freezer,1,9.0,2.0,1.0,Soon
Susu Bubuk Bayi,Produk Olahan Susu,Karton,Outside,0,178.0,0.0,178.0,Fresh
Keju Edam,Unknown,Plastik,Chiller,0,8.0,0.0,8.0,Fresh
Biskuit Crackers,Produk Kering,Plastik,Outside,0,140.0,0.0,140.0,Fresh
Teh Kotak Jasmine,Produk Minuman,Karton,Outside,1,284.0,4.0,-3.0,Expired
Keju Parmesan,Produk Olahan Susu,Plastik,Chiller,1,179.0,6.0,24.0,Fresh
Biskuit Marie,Produk Kering,Plastik,Outside,0,15.0,0.0,15.0,Fresh
Nugget Ikan,Produk Protein,Plastik,Freezer,1,86.0,8.0,-5.0,Expired
Teh Tarik,Produk Minuman,Karton,Chiller,0,40.0,0.0,40.0,Fresh
Susu Uht Stroberi,Olahan Susu,Karton,Chiller,1,55.0,4.0,-3.0,Expired
Buah Cocktail,Produk Kaleng,Kaleng,Outside,1,500.0,8.0,-5.0,Expired
Sereal Coklat,Produk Kering,Karton,Outside,0,333.0,0.0,250.0,Fresh
Cola Original,Produk Minuman,Unknown,Outside,1,206.0,4.0,-3.0,Expired
Minuman Energi,Produk Minuman,Kaleng,Outside,0,258.0,0.0,250.0,Fresh
Soda Lemon,Produk Minuman,Kaleng,Outside,0,355.0,0.0,250.0,Fresh
Sarden Cabai,Produk Kaleng,Kaleng,Outside,1,130.0,6.0,-4.0,Expired
Biskuit Crackers,Produk Kering,Plastik,Outside,1,118.0,5.0,2.0,Soon
Jus Apel,Produk Minuman,Karton,Chiller,0,86.0,0.0,86.0,Fresh
Keju Cream Cheese,Produk Olahan Susu,Karton,Chiller,1,47.0,8.0,6.0,Soon
Nugget Ikan,Produk Protein,Plastik,Freezer,0,98.0,0.0,98.0,Fresh
Biskuit Digestive,Produk Kering,Plastik,Outside,1,262.0,9.0,5.0,Soon
Nanas Kaleng,Produk Kaleng,Kaleng,Outside,1,462.0,5.0,-2.0,Expired
Sosis Ikan,Produk Protein,Plastik,Unknown,1,15.0,2.0,1.0,Soon
Soda Jeruk,Produk Minuman,Kaleng,Outside,0,232.0,0.0,232.0,Fresh
Nugget Sapi,Produk Protein,Plastik,frzer,1,102.0,4.0,-1.0,Expired
Ikan Makerel,Produk Kaleng,Kaleng,Outside,1,350.0,1.0,1.0,Soon
Nugget Udang,Produk Protein,Plastik,Freeze,1,113.0,7.0,-4.0,Expired
Nugget Udang,Produk Protein,Plastik,Freezer,0,75.0,0.0,75.0,Fresh
Jus Sirsak,Produk Minuman,Karton,Dingin,1,174.0,3.0,250.0,Expired
Nugget Udang,Produk Protein,Plastik,Freezer,0,46.0,0.0,46.0,Fresh
Jus Jambu,Produk Minuman,Karton,Chiller,0,17.0,0.0,17.0,Fresh
Sereal Muesli,Produk Kering,Karton,Outside,1,358.0,12.0,7.0,Soon
Jus Apel,Produk Minuman,Karton,Chiller,0,7.0,3.0,2.0,Soon
Persik Kaleng,Produk Kaleng,Kaleng,Outside,0,27.0,0.0,27.0,Fresh
Nugget Sapi,Produk Protein,Plastik,Freezer,0,159.0,0.0,159.0,Fresh
Susu Kental Manis Putih,Produk Olahan Susu,Kaleng,Chiller,1,290.0,12.0,1.0,Soon
Susu Uht Stroberi,Produk Olahan Susu,Karton,Chiller,0,26.0,0.0,26.0,Fresh
Soda Lemon,Produk Minuman,Kaleng,Outside,1,306.0,1.0,0.0,Expired
Susu Kedelai,Produk Olahan Susu,Karton,Chiller,1,121.0,1.0,4.0,Soon
Kornet Ayam,Produk Kaleng,Kaleng,Outside,1,447.0,7.0,-4.0,Expired
Sereal Cornflakes,Produk Kering,Karton,Outside,0,249.0,0.0,249.0,Fresh
Ikan Tuna,Produk Kaleng,Kaleng,Outside,0,500.0,0.0,250.0,Fresh
Air Soda,Produk Minuman,Plastik,Outside,1,160.0,6.0,-5.0,Expired
Nugget Ikan,Produk Protein,Plastik,frozen,1,57.0,4.0,-1.0,Expired
Yogurt Kefir,Produk Olahan Susu,Unknown,Chiller,0,3.0,0.0,3.0,Soon
Biskuit Mentega,Produk Kering,Kaleng,Outside,1,135.0,5.0,9.0,Fresh
Soda Jeruk,Produk Minuman,Kaleng,Outside,0,53.0,0.0,53.0,Fresh
Sereal Muesli,Produk Kering,Karton,Outside,1,110.0,6.0,24.0,Fresh
Nugget Ikan,Produk Protein,Plastik,Freezer,1,101.0,1.0,2.0,Soon
Biskuit Mentega,Produk Kering,Kaleng,Outside,1,327.0,6.0,8.0,Fresh
Sereal Cornflakes,Produk Kering,Unknown,Outside,0,252.0,0.0,250.0,Fresh
Ikan Tuna,Produk Kaleng,Kaleng,Outside,1,500.0,1.0,1.0,Soon
Mie Instan Goreng,Produk Kering,Plastik,Outside,0,15.0,0.0,15.0,Fresh
Susu Pasteurisasi,Produk Olahan Susu,Plastik,Chiller,0,5.0,0.0,5.0,Soon
Teh Botol,Unknown,Botol Kaca,Outside,1,330.0,1.0,2.0,Soon
Jus Sirsak,Produk Minuman,Karton,Chiller,1,169.0,1.0,2.0,Soon
Sereal Coklat,Produk Kering,Karton,Outside,1,274.0,1.0,20.0,Fresh
Sereal Cornflakes,Produk Kering,Karton,Unknown,0,208.0,0.0,208.0,Fresh
Biskuit Wafer,Produk Kering,Plastik,Outside,0,36.0,0.0,36.0,Fresh
Sarden Tomat,Kaleng,Kaleng,Outside,0,500.0,0.0,250.0,Fresh
Nugget Sayuran,Produk Protein,Plastik,Freezer,1,48.0,2.0,1.0,Soon
Sereal Granola,Produk Kering,Karton,Outside,0,206.0,0.0,206.0,Fresh
Sosis Ayam,Produk Protein,Plastik,Chiller,1,18.0,9.0,-4.0,Expired
Nugget Tempe,Produk Protein,Plastik,Freezer,0,18.0,0.0,18.0,Fresh
Sereal Coklat,Produk Kering,Karton,Outside,0,230.0,12.0,-50.0,Expired
Soda Lemon,Produk Minuman,Kaleng,Outside,0,324.0,0.0,250.0,Fresh
Susu Kental Manis Coklat,Produk Olahan Susu,Kaleng,Chiller,1,171.0,12.0,-1.0,Expired
Yogurt Kefir,Unknown,Botol Kaca,Chiller,0,2.0,0.0,2.0,Soon
Susu Evaporasi,Produk Olahan Susu,Kaleng,Chiller,0,325.0,0.0,250.0,Fresh
Sarden Minyak Zaitun,Produk Kaleng,Kaleng,Outside,0,75.0,0.0,75.0,Fresh
Yogurt Mangga,Produk Olahan Susu,Unknown,Chiller,0,17.0,0.0,17.0,Fresh
Sarden Cabai,Produk Kaleng,Kaleng,Outside,1,500.0,4.0,-2.0,Expired
Susu Bubuk Skim,Produk Olahan Susu,Karton,Outside,1,120.0,9.0,21.0,Fresh
Jus Apel,Produk Minuman,Kardus,Chiller,0,18.0,0.0,18.0,Fresh
Sosis Bebek,Produk Protein,Plastik,Chiller,1,32.0,5.0,2.0,Soon
Sereal Coklat,Produk Kering,Karton,Outside,1,345.0,4.0,17.0,Fresh
Mangga Kaleng,Produk Kaleng,Kaleng,Outside,1,500.0,5.0,-2.0,Expired
Susu Uht Vanila,Produk Olahan Susu,Karton,Chiller,0,-10.0,0.0,48.0,Fresh
Yogurt Greek,Produk Olahan Susu,Plastik,Chiller,0,5.0,0.0,5.0,Soon
Jus Jambu,Produk Minuman,Karton,Chiller,1,171.0,8.0,-5.0,Expired
Sosis Bebek,Produk Protein,Plastik,Chiller,1,57.0,1.0,6.0,Soon
Yogurt Stroberi,Produk Olahan Susu,Plastik,Chiller,1,9.0,3.0,0.0,Expired
Susu Bubuk Coklat,Produk Olahan Susu,Karton,Outside,0,-10.0,0.0,135.0,Fresh
Biskuit Oreo,Produk Kering,Plastik,Outside,1,63.0,10.0,250.0,Expired
Cola Original,Produk Minuman,Kaleng,Outside,1,56.0,1.0,0.0,Expired
Nugget Sayuran,Produk Protein,Plastik,Freezer,1,145.0,6.0,-3.0,Expired
Susu Kental Manis Coklat,Produk Olahan Susu,Kaleng,Unknown,1,85.0,12.0,0.0,Expired
Biskuit Oreo,Produk Kering,Plastik,Outside,0,35.0,0.0,35.0,Fresh
Kornet Ayam,Produk Kaleng,Kaleng,Outside,1,500.0,7.0,-4.0,Expired
Kornet Ayam,Produk Kaleng,Kaleng,Outside,0,255.0,0.0,250.0,Fresh
Yogurt Greek,Produk Olahan Susu,Plastik,Chiller,1,21.0,1.0,4.0,Soon
Sereal Cornflakes,Produk Kering,Karton,Outside,1,344.0,12.0,18.0,Fresh
Rambutan Kaleng,Produk Kaleng,Kaleng,Outside,0,204.0,0.0,204.0,Fresh
Biskuit Digestive,Produk Kering,Unknown,Unknown,0,251.0,0.0,250.0,Fresh
Sosis Bebek,Produk Protein,Plastik,Chiller,0,31.0,0.0,31.0,Fresh
Sosis Ayam,Produk Protein,Plastik,Chiller,1,58.0,4.0,1.0,Soon
Mangga Kaleng,Produk Kaleng,Kaleng,Outside,0,331.0,0.0,250.0,Fresh
Teh Kotak Jasmine,Produk Minuman,Karton,Outside,1,126.0,6.0,-5.0,Expired
Susu Kedelai,Produk Olahan Susu,Karton,Chiller,0,90.0,0.0,90.0,Fresh
Soda Lemon,Produk Minuman,Kaleng,Outside,1,178.0,4.0,-3.0,Expired
Keju Cream Cheese,Produk Olahan Susu,Karton,Chiller,0,18.0,0.0,18.0,Fresh
Soda Lemon,Produk Minuman,Kaleng,Outside,0,57.0,0.0,57.0,Fresh
Sosis Ayam,Produk Protein,Plastik,Chiller,1,41.0,3.0,2.0,Soon
Sosis Sapi,Produk Protein,Plastik,Chiller,1,32.0,9.0,-4.0,Expired
Biskuit Wafer,Produk Kering,Plastik,Outside,1,46.0,7.0,-2.0,Expired
Sosis Frozen,Produk Protein,Plastik,Freezer,1,123.0,5.0,-2.0,Expired
Susu Uht Stroberi,Olahan Susu,Karton,Chiller,1,193.0,4.0,-3.0,Expired
Susu Pasteurisasi,Produk Olahan Susu,Plastik,Chiller,0,8.0,0.0,8.0,Fresh
Jus Sirsak,Produk Minuman,Karton,Chiller,0,126.0,0.0,126.0,Fresh
Teh Kotak Hijau,Produk Minuman,Karton,Outside,1,27.0,4.0,-3.0,Expired
Nugget Sapi,Produk Protein,Plastik,Freezer,0,173.0,0.0,173.0,Fresh
Susu Almond,Produk Olahan Susu,Karton,Chiller,0,212.0,0.0,212.0,Fresh
Teh Botol,Produk Minuman,Botol Kaca,Outside,0,95.0,0.0,95.0,Fresh
Minuman Isotonik,Produk Minuman,Plastik,Outside,0,181.0,0.0,181.0,Fresh
Jagung Manis Kaleng,Produk Kaleng,Kaleng,Chiller,1,208.0,5.0,-2.0,Expired
Sereal Coklat,Produk Kering,Karton,Outside,1,134.0,12.0,9.0,Fresh
Susu Uht Full Cream,Produk Olahan Susu,Karton,Chiller,1,64.0,7.0,0.0,Expired
Teh Lemon,Produk Minuman,Karton,Outside,1,289.0,4.0,-3.0,Expired
Buah Cocktail,Produk Kaleng,Kaleng,Outside,1,316.0,7.0,-4.0,Expired
Mie Instan Goreng,Produk Kering,Plastik,Outside,0,32.0,0.0,32.0,Fresh
Nugget Ayam,Produk Protein,Plastik,Freezer,1,136.0,1.0,2.0,Soon
Keju Edam,Produk Olahan Susu,Unknown,Chiller,0,23.0,0.0,23.0,Fresh
Jus Jeruk,Produk Minuman,Karton,Chiller,1,164.0,10.0,-5.0,Expired
Yogurt Blueberry,Produk Olahan Susu,Plastik,Chiller,0,10.0,0.0,10.0,Fresh
Sosis Ikan,Protin,Plastik,Chiller,1,9.0,5.0,-2.0,Expired
Yogurt Minum Probiotik,Produk Olahan Susu,Botol Kaca,Chiller,0,500.0,0.0,14.0,Fresh
Biskuit Mentega,Produk Kering,Kaleng,Outside,1,249.0,3.0,250.0,Fresh
Minuman Isotonik,Prod. Minuman,Plastik,Outside,1,300.0,5.0,-4.0,Expired
Teh Kotak Hijau,Produk Minuman,Karton,Outside,0,68.0,0.0,68.0,Fresh
Soda Lemon,Produk Minuman,Kaleng,Outside,1,6.0,2.0,-1.0,Expired
Sosis Frozen,Produk Protein,Plastik,Freezer,1,25.0,4.0,-1.0,Expired
Ikan Tuna,Produk Kaleng,Kaleng,Outside,1,500.0,6.0,-4.0,Expired
Soda Jeruk,Produk Minuman,Kaleng,Unknown,0,237.0,0.0,237.0,Fresh
Susu Uht Coklat,Produk Olahan Susu,Karton,Chiller,1,211.0,6.0,250.0,Expired
Jus Anggur,Produk Minuman,Botol Kaca,Chiller,1,87.0,8.0,-3.0,Expired
Biskuit Mentega,Produk Kering,Kaleng,Outside,1,18.0,2.0,12.0,Fresh
Nanas Kaleng,Produk Kaleng,Kaleng,Outside,1,248.0,3.0,0.0,Expired
Yogurt Plain,Produk Olahan Susu,Plastik,Chiller,1,30.0,2.0,3.0,Soon
Susu Uht Vanila,Produk Olahan Susu,Karton,Chiller,0,116.0,0.0,116.0,Fresh
Yogurt Minum Probiotik,Produk Olahan Susu,Botol Kaca,Chiller,1,12.0,6.0,-3.0,Expired
Sosis Ayam,Produk Protein,Plastik,Chiller,1,22.0,6.0,-1.0,Expired
Yogurt Stroberi,Produk Olahan Susu,Plastik,Chiller,0,12.0,0.0,12.0,Fresh
Sosis Frozen,Produk Protein,Plastik,frozen,1,19.0,8.0,-5.0,Dead
Ikan Salmon,Produk Kaleng,Kaleng,Outside,1,500.0,6.0,-4.0,Expired
Soda Jeruk,Prod. Minuman,Kaleng,Outside,0,173.0,0.0,173.0,Fresh
Keju Edam,Produk Olahan Susu,Plastik,Chiller,0,42.0,0.0,42.0,Fresh
Susu Bubuk Bayi,Produk Olahan Susu,Karton,Unknown,0,451.0,0.0,250.0,Fresh
Yogurt Stroberi,Produk Olahan Susu,Plastik,Chiller,0,1.0,0.0,1.0,Soon
Sereal Cornflakes,Produk Kering,Karton,Outside,1,137.0,12.0,11.0,Fresh
Sarden Minyak Zaitun,Produk Kaleng,Kaleng,Outside,1,500.0,6.0,-4.0,Expired
Cola Original,Produk Minuman,Kaleng,Outside,0,79.0,0.0,79.0,Fresh
Sereal Coklat,Produk Kering,Karton,Outside,0,53.0,0.0,53.0,Fresh
Susu Bubuk Full Cream,Olahan Susu,Unknown,Outside,1,38.0,9.0,21.0,Fresh
Biskuit Marie,Produk Kering,Plastik,Outside,0,29.0,0.0,29.0,Fresh
Sosis Bebek,Produk Protein,Plastik,Chiller,0,49.0,0.0,49.0,Fresh
Biskuit Digestive,Produk Kering,Unknown,Outside,1,251.0,12.0,-2.0,Expired
Biskuit Digestive,Produk Kering,Plastik,Outside,0,315.0,0.0,250.0,Fresh
Nugget Udang,Protin,Plastik,Freezer,0,34.0,0.0,34.0,Fresh
Susu Kedelai,Produk Olahan Susu,Karton,Chiller,0,120.0,0.0,120.0,Fresh
Teh Kotak Jasmine,Produk Minuman,Karton,Outside,1,359.0,5.0,-4.0,Expired
Biskuit Oatmeal,Produk Kering,Plastik,Outside,0,151.0,0.0,151.0,Fresh
Biskuit Mentega,Produk Kering,Unknown,Outside,1,297.0,6.0,8.0,Fresh
Jus Apel,Produk Minuman,Karton,Unknown,0,75.0,0.0,75.0,Fresh
Susu Bubuk Skim,Produk Olahan Susu,Karton,Outside,0,473.0,0.0,250.0,Fresh
Susu Bubuk Bayi,Produk Olahan Susu,Karton,Outside,0,500.0,0.0,-50.0,Fresh
Susu Bubuk Bayi,Produk Olahan Susu,Karton,Outside,1,500.0,12.0,9.0,Fresh
Cola Original,Produk Minuman,Kaleng,Outside,1,245.0,5.0,-4.0,Expired
Jus Jambu,Produk Minuman,Karton,Chiller,0,63.0,0.0,63.0,Fresh
Soda Lemon,Produk Minuman,Kaleng,Outside,0,40.0,0.0,40.0,Fresh
Susu Bubuk Skim,Produk Olahan Susu,Karton,Outside,1,34.0,12.0,6.0,Soon
Nanas Kaleng,Produk Kaleng,Kaleng,Outside,1,500.0,8.0,-5.0,Expired
Biskuit Mentega,Produk Kering,Kaleng,Unknown,1,359.0,8.0,6.0,Soon
Yogurt Kefir,Produk Olahan Susu,Botol Kaca,Chiller,0,12.0,0.0,12.0,Fresh
Susu Almond,Produk Olahan Susu,Karton,Chiller,0,27.0,0.0,27.0,Fresh
Soda Lemon,Produk Minuman,Kaleng,Outside,1,172.0,2.0,-1.0,Expired
Keju Mozzarella,Produk Olahan Susu,Plastik,Chiller,1,38.0,7.0,0.0,Expired
Sosis Frankfurter,Produk Protein,Plastik,Chiller,1,31.0,9.0,-2.0,Expired
Yogurt Stroberi,Produk Olahan Susu,Plastik,Chiller,0,20.0,0.0,20.0,Fresh
Nugget Tempe,Produk Protein,Plastik,Freezer,0,31.0,0.0,31.0,Fresh
Yogurt Mangga,Produk Olahan Susu,Plastik,Chiller,1,22.0,7.0,-4.0,Expired
Jus Jambu,Produk Minuman,Karton,Chiller,0,110.0,0.0,110.0,Fresh
Susu Bubuk Bayi,Produk Olahan Susu,Unknown,Outside,1,500.0,12.0,6.0,Soon
Sereal Granola,Produk Kering,Karton,Outside,1,69.0,12.0,9.0,Fresh
Mangga Kaleng,Produk Kaleng,Kaleng,Outside,1,138.0,2.0,1.0,Soon
Nanas Kaleng,Produk Kaleng,Unknown,Unknown,1,471.0,4.0,-1.0,Expired
Jagung Manis Kaleng,Produk Kaleng,Kaleng,Chiller,1,480.0,6.0,-3.0,Expired
Sosis Frankfurter,Produk Protein,Plastik,Chiller,1,20.0,2.0,5.0,Soon
Mie Instan Soto,Produk Kering,Plastik,Outside,0,199.0,2.0,-2.0,Expired
Susu Kental Manis Putih,Produk Olahan Susu,Kaleng,Chiller,0,359.0,0.0,250.0,Fresh
Keju Cheddar,Produk Olahan Susu,Plastik,Chiller,1,21.0,12.0,2.0,Soon
Susu Uht Vanila,Produk Olahan Susu,Karton,Chiller,0,128.0,0.0,128.0,Fresh
Susu Evaporasi,Produk Olahan Susu,Kaleng,Chiller,1,177.0,12.0,-5.0,Expired
Keju Edam,Produk Olahan Susu,Plastik,Chiller,0,500.0,0.0,63.0,Fresh
Sereal Cornflakes,Produk Kering,Karton,Outside,0,153.0,0.0,153.0,Fresh
Persik Kaleng,Produk Kaleng,Kaleng,Outside,0,8.0,0.0,8.0,Fresh
Jus Jeruk,Produk Minuman,Karton,Chiller,1,149.0,10.0,-5.0,Expired
Susu Bubuk Skim,Produk Olahan Susu,Karton,Outside,1,471.0,12.0,13.0,Fresh
Soda Jeruk,Produk Minuman,Unknown,Outside,0,36.0,0.0,36.0,Fresh
Susu Uht Vanila,Produk Olahan Susu,Karton,Chiller,1,53.0,1.0,0.0,Expired
Biskuit Oatmeal,Produk Kering,Plastik,Outside,0,21.0,0.0,21.0,Fresh
Buah Cocktail,Produk Kaleng,Kaleng,Outside,1,281.0,2.0,1.0,Soon
Biskuit Wafer,Produk Kering,Plastik,Outside,1,56.0,3.0,2.0,Soon
Biskuit Sandwich,Unknown,Plastik,Outside,0,168.0,0.0,168.0,Fresh
Biskuit Oreo,Produk Kering,Plastik,Unknown,1,62.0,3.0,4.0,Soon
Mangga Kaleng,Produk Kaleng,Kaleng,Outside,0,500.0,0.0,104.0,Fresh
Jus Jeruk,Produk Minuman,Karton,Chiller,0,50.0,0.0,50.0,Fresh
Teh Tarik,Produk Minuman,Karton,Chiller,0,54.0,0.0,54.0,Fresh
Susu Kedelai,Produk Olahan Susu,Karton,Chiller,0,26.0,0.0,26.0,Fresh
Nugget Tempe,Produk Protein,Plastik,Freezer,1,15.0,5.0,-2.0,Expired
Sosis Ayam,Produk Protein,Plastik,Chiller,1,29.0,4.0,1.0,Soon
Susu Uht Full Cream,Produk Olahan Susu,Karton,Chiller,1,4.0,3.0,4.0,hampir
Susu Uht Full Cream,Produk Olahan Susu,Karton,Unknown,0,198.0,0.0,198.0,Fresh
Keju Edam,Produk Olahan Susu,Plastik,Chiller,0,59.0,0.0,-50.0,Fresh
Yogurt Stroberi,Produk Olahan Susu,Plastik,Chiller,1,2.0,8.0,-5.0,Expired
Keju Cream Cheese,Produk Olahan Susu,Karton,Chiller,1,51.0,5.0,9.0,Fresh
Yogurt Greek,Produk Olahan Susu,Plastik,Chiller,0,13.0,0.0,13.0,Fresh
Keju Cheddar,Produk Olahan Susu,Plastik,Chiller,1,118.0,12.0,-5.0,Expired
Susu Kental Manis Putih,Produk Olahan Susu,Kaleng,Chiller,0,500.0,0.0,250.0,Fresh
Susu Bubuk Full Cream,Produk Olahan Susu,Unknown,Outside,1,347.0,12.0,4.0,Soon
Nugget Ayam,Produk Protein,Plastik,Freezer,0,128.0,0.0,128.0,Fresh
Keju Edam,Produk Olahan Susu,Plastik,Unknown,0,142.0,0.0,250.0,Fresh
Biskuit Wafer,Produk Kering,Plastik,Outside,1,136.0,1.0,4.0,Soon
Jus Sirsak,Produk Minuman,Karton,Chiller,1,71.0,2.0,1.0,Soon
Sosis Bebek,Produk Protein,Plastik,Chiller,1,46.0,9.0,-2.0,Expired
Leci Dalam Sirup,Produk Kaleng,Kaleng,Outside,1,500.0,3.0,0.0,Expired
Sereal Granola,Produk Kering,Karton,Outside,1,212.0,12.0,8.0,Fresh
Sosis Sapi,Produk Protein,Unknown,Unknown,0,500.0,0.0,34.0,Fresh
Susu Uht Stroberi,Produk Olahan Susu,Karton,Chiller,1,195.0,3.0,-2.0,Expired
Teh Tarik,Produk Minuman,Karton,Chiller,1,245.0,1.0,0.0,Expired
Cola Zero Sugar,Produk Minuman,Kaleng,Outside,0,98.0,0.0,98.0,Fresh
Jus Nanas,Produk Minuman,Karton,Chiller,1,178.0,5.0,0.0,Expired
Leci Dalam Sirup,Produk Kaleng,Kaleng,Outside,0,500.0,0.0,250.0,Fresh
Jus Jambu,Produk Minuman,Karton,Chiller,1,74.0,8.0,-5.0,Expired
Susu Kedelai,Produk Olahan Susu,Karton,Chiller,0,233.0,0.0,233.0,Fresh
Susu Uht Low Fat,Produk Olahan Susu,Karton,Chiller,1,129.0,9.0,-4.0,Expired
Mie Instan Ayam,Produk Kering,Plastik,Outside,0,302.0,0.0,250.0,Fresh
Ikan Salmon,Produk Kaleng,Kaleng,Outside,1,11.0,4.0,-2.0,Expired
Sarden Minyak Zaitun,Produk Kaleng,Kaleng,Outside,0,159.0,0.0,159.0,Fresh
Teh Kotak Jasmine,Produk Minuman,Karton,Outside,0,64.0,0.0,64.0,Fresh
Sosis Sapi,Produk Protein,Plastik,Chiller,0,37.0,0.0,37.0,Fresh
Buah Cocktail,Produk Kaleng,Kaleng,Outside,1,500.0,8.0,-50.0,Expired
Keju Parmesan,Produk Olahan Susu,Plastik,Chiller,0,106.0,0.0,106.0,Fresh
Jus Nanas,Produk Minuman,Karton,Chiller,1,151.0,5.0,0.0,Expired
Nugget Sapi,Unknown,Plastik,Freezer,0,77.0,0.0,77.0,Fresh
Susu Kental Manis Coklat,Produk Olahan Susu,Kaleng,Chiller,1,371.0,12.0,1.0,Soon
Sarden Tomat,Produk Kaleng,Kaleng,Outside,1,500.0,3.0,-1.0,Expired
Air Soda,Produk Minuman,Plastik,Outside,0,205.0,0.0,205.0,Fresh
Jus Jeruk,Produk Minuman,Karton,Chiller,0,14.0,0.0,14.0,Fresh
Susu Kental Manis Putih,Produk Olahan Susu,Unknown,Chiller,1,500.0,8.0,6.0,Soon
Susu Uht Coklat,Produk Olahan Susu,Karton,Chiller,0,77.0,0.0,77.0,Fresh
Yogurt Blueberry,Unknown,Plastik,Chiller,0,25.0,0.0,25.0,Fresh
Susu Uht Low Fat,Produk Olahan Susu,Karton,Chiller,0,226.0,0.0,226.0,Fresh
Susu Kental Manis Putih,Produk Olahan Susu,Kaleng,Chiller,1,102.0,11.0,3.0,Soon
Teh Kotak Jasmine,Produk Minuman,Karton,Outside,1,325.0,6.0,-5.0,Expired
Persik Kaleng,Produk Kaleng,Kaleng,Outside,1,68.0,2.0,1.0,Soon
Nugget Udang,Produk Protein,Plastik,Freezer,0,28.0,0.0,28.0,Fresh
Susu Uht Low Fat,Produk Olahan Susu,Karton,Dingin,1,64.0,2.0,3.0,Soon
Biskuit Wafer,Produk Kering,Plastik,Outside,1,94.0,8.0,-3.0,Expired
Susu Bubuk Coklat,Produk Olahan Susu,Karton,Outside,0,500.0,12.0,10.0,Fresh
Biskuit Oatmeal,Produk Kering,Plastik,Outside,0,44.0,0.0,44.0,Fresh
Keju Edam,Produk Olahan Susu,Plastik,Chiller,0,31.0,0.0,31.0,Fresh
Biskuit Marie,Produk Kering,Plastik,Outside,1,18.0,8.0,-1.0,Expired
Nugget Udang,Produk Protein,Plastik,Freezer,0,157.0,1.0,2.0,Soon
Air Soda,Produk Minuman,Plastik,Outside,1,31.0,2.0,-1.0,Expired
Biskuit Digestive,Produk Kering,Plastik,Outside,1,258.0,11.0,3.0,Soon
Sarden Minyak Zaitun,Produk Kaleng,Kaleng,Unknown,0,28.0,0.0,28.0,Fresh
Biskuit Sandwich,Produk Kering,Plastik,Outside,0,5.0,0.0,5.0,Soon
Jus Sirsak,Produk Minuman,Karton,Unknown,1,3.0,2.0,1.0,Soon
Biskuit Oreo,Produk Kering,Plastik,Outside,0,14.0,0.0,14.0,Fresh
Teh Tarik,Produk Minuman,Karton,Chiller,0,268.0,0.0,250.0,Fresh
Susu Kedelai,Olahan Susu,Karton,Chiller,0,263.0,0.0,250.0,Fresh
Sosis Frankfurter,Produk Protein,Plastik,Chiller,1,35.0,8.0,-1.0,Expired
Susu Evaporasi,Produk Olahan Susu,Kaleng,Chiller,1,129.0,11.0,-4.0,Expired
Yogurt Blueberry,Produk Olahan Susu,Plastik,Chiller,1,12.0,3.0,0.0,Expired
Jus Jeruk,Produk Minuman,Karton,Chiller,0,87.0,0.0,87.0,Fresh
Susu Kental Manis Coklat,Produk Olahan Susu,Kaleng,Unknown,0,43.0,0.0,43.0,Fresh
Teh Botol,Produk Minuman,Botol Kaca,Outside,1,219.0,8.0,-5.0,Expired
Teh Kotak Jasmine,Produk Minuman,Karton,Outside,1,245.0,5.0,-4.0,Expired
Susu Evaporasi,Unknown,Kaleng,Chiller,1,500.0,8.0,-1.0,Expired
Minuman Isotonik,Produk Minuman,Plastik,Unknown,1,205.0,5.0,-4.0,Expired
Susu Bubuk Bayi,Produk Olahan Susu,Karton,Outside,1,348.0,12.0,15.0,Fresh
Sereal Coklat,Produk Kering,Karton,Outside,0,81.0,0.0,81.0,Fresh
Jus Anggur,Produk Minuman,Botol Kaca,Chiller,1,194.0,7.0,-2.0,Expired
Susu Bubuk Bayi,Produk Olahan Susu,Kardus,Outside,1,173.0,5.0,25.0,Fresh
Keju Mozzarella,Produk Olahan Susu,Plastik,Chiller,0,44.0,0.0,44.0,Fresh
Yogurt Mangga,Produk Olahan Susu,Plastik,Chiller,1,23.0,4.0,-1.0,Expired
Susu Uht Stroberi,Produk Olahan Susu,Karton,Chiller,0,39.0,0.0,39.0,Fresh
Keju Parmesan,Produk Olahan Susu,Plastik,Chiller,1,313.0,12.0,4.0,Soon
Susu Uht Stroberi,Produk Olahan Susu,Karton,Chiller,0,21.0,0.0,21.0,Fresh
Susu Bubuk Bayi,Produk Olahan Susu,Karton,Outside,0,250.0,0.0,250.0,Fresh
Susu Evaporasi,Produk Olahan Susu,Kaleng,Chiller,0,84.0,0.0,84.0,Fresh
Sosis Ayam,Produk Protein,Plastik,Chiller,1,51.0,9.0,-4.0,Dead
Cola Zero Sugar,Produk Minuman,Kaleng,Outside,1,220.0,3.0,-2.0,Expired
Air Soda,Produk Minuman,Plastik,Outside,0,142.0,0.0,142.0,Fresh
Mangga Kaleng,Produk Kaleng,Kaleng,Outside,0,123.0,0.0,123.0,Fresh
Jus Jeruk,Produk Minuman,Karton,Chiller,0,138.0,0.0,138.0,Fresh
Soda Jeruk,Produk Minuman,Kaleng,Outside,1,191.0,2.0,-1.0,Expired
Sereal Granola,Produk Kering,Karton,Outside,0,213.0,0.0,213.0,Fresh
Susu Uht Full Cream,Produk Olahan Susu,Karton,Chiller,1,108.0,11.0,-4.0,Expired
Susu Uht Low Fat,Produk Olahan Susu,Karton,Chiller,1,240.0,5.0,0.0,Expired
Jus Mangga,Produk Minuman,Karton,Chiller,1,32.0,5.0,-4.0,Expired
Susu Uht Low Fat,Produk Olahan Susu,Karton,Chiller,0,24.0,0.0,24.0,Fresh
Sereal Granola,Produk Kering,Karton,Outside,0,98.0,0.0,98.0,Fresh
Nugget Ayam,Produk Protein,Plastik,Freezer,1,169.0,8.0,-5.0,Expired
Sereal Oat,Produk Kering,Karton,Outside,1,135.0,12.0,13.0,Fresh
Yogurt Blueberry,Produk Olahan Susu,Plastik,Unknown,0,10.0,0.0,10.0,Fresh
Mie Instan Soto,Produk Kering,Plastik,Unknown,0,247.0,0.0,247.0,Fresh
Persik Kaleng,Produk Kaleng,Kaleng,Outside,0,144.0,0.0,144.0,Fresh
Keju Parmesan,Produk Olahan Susu,Plastik,Unknown,1,364.0,12.0,2.0,Soon
Teh Kotak Jasmine,Produk Minuman,Karton,Outside,0,225.0,0.0,225.0,Fresh
Susu Uht Stroberi,Produk Olahan Susu,Karton,Chiller,1,79.0,6.0,-5.0,Expired
Biskuit Oreo,Unknown,Plastik,Outside,0,83.0,0.0,83.0,Fresh
Sosis Sapi,Produk Protein,Plastik,Chiller,1,25.0,8.0,-3.0,Expired
Cola Original,Produk Minuman,Kaleng,Outside,0,80.0,0.0,80.0,Fresh
Susu Bubuk Full Cream,Olahan Susu,Karton,Outside,0,500.0,0.0,250.0,Fresh
Nanas Kaleng,Produk Kaleng,Kaleng,Outside,1,500.0,1.0,2.0,Soon
Susu Bubuk Full Cream,Produk Olahan Susu,Karton,Outside,0,393.0,0.0,250.0,Fresh
Soda Jeruk,Produk Minuman,Kaleng,Outside,1,164.0,2.0,-1.0,Expired
Ikan Tuna,Produk Kaleng,Kaleng,Outside,1,500.0,5.0,-3.0,Expired
Sarden Cabai,Produk Kaleng,Kaleng,Outside,1,470.0,3.0,-1.0,Expired
Mie Instan Goreng,Produk Kering,Plastik,Outside,0,85.0,0.0,85.0,Fresh
Jagung Manis Kaleng,Produk Kaleng,Kaleng,Chiller,0,407.0,0.0,250.0,Fresh
Susu Bubuk Full Cream,Produk Olahan Susu,Karton,Outside,1,500.0,10.0,20.0,Fresh
Soda Jeruk,Produk Minuman,Kaleng,Outside,0,93.0,0.0,93.0,Fresh
Buah Cocktail,Produk Kaleng,Kaleng,Outside,1,500.0,2.0,1.0,Soon
Sereal Oat,Produk Kering,Unknown,Unknown,0,281.0,0.0,250.0,Fresh
Nugget Udang,Produk Protein,Unknown,Freezer,1,149.0,6.0,-3.0,Expired
Soda Jeruk,Produk Minuman,Kaleng,Outside,0,115.0,0.0,115.0,Fresh
Teh Lemon,Produk Minuman,Karton,Outside,1,74.0,6.0,-5.0,Expired
Sosis Frankfurter,Produk Protein,Plastik,Chiller,0,31.0,0.0,31.0,Fresh
Cola Original,Produk Minuman,Kaleng,Outside,0,327.0,0.0,250.0,Fresh
Sereal Muesli,Produk Kering,Karton,Outside,1,175.0,12.0,7.0,Soon
Persik Kaleng,Produk Kaleng,Unknown,Outside,0,148.0,0.0,148.0,Fresh
Ikan Salmon,Unknown,Kaleng,Outside,0,500.0,0.0,250.0,Fresh
Sosis Frozen,Produk Protein,Plastik,Freezer,1,67.0,3.0,0.0,Expired
Nugget Udang,Unknown,Plastik,Freezer,0,141.0,0.0,141.0,Fresh
Susu Bubuk Skim,Produk Olahan Susu,Karton,Outside,1,225.0,12.0,17.0,Fresh
Teh Botol,Produk Minuman,Botol Kaca,Outside,0,262.0,0.0,250.0,Fresh
Teh Botol,Produk Minuman,Botol Kaca,Outside,0,143.0,0.0,143.0,Fresh
Minuman Isotonik,Produk Minuman,Plastik,Outside,0,323.0,0.0,250.0,Fresh
Nanas Kaleng,Produk Kaleng,Unknown,Outside,1,27.0,4.0,-1.0,Expired
Jus Mangga,Prod. Minuman,Karton,Chiller,0,55.0,0.0,55.0,Fresh
Susu Kental Manis Putih,Produk Olahan Susu,Kaleng,Chiller,0,318.0,0.0,250.0,Fresh
Susu Bubuk Bayi,Produk Olahan Susu,Karton,Outside,0,263.0,0.0,250.0,Fresh
Yogurt Blueberry,Produk Olahan Susu,Plastik,Chiller,1,6.0,1.0,2.0,Soon
Kornet Sapi,Produk Kaleng,Kaleng,Outside,1,145.0,7.0,-4.0,Expired
Biskuit Sandwich,Produk Kering,Plastik,Outside,1,149.0,8.0,-3.0,Expired
Susu Uht Stroberi,Produk Olahan Susu,Karton,Chiller,0,119.0,0.0,119.0,Fresh
Biskuit Mentega,Produk Kering,Kaleng,Outside,1,273.0,8.0,6.0,Soon
Yogurt Stroberi,Produk Olahan Susu,Plastik,Chiller,1,11.0,3.0,0.0,Expired
Nugget Udang,Produk Protein,Plastik,Freezer,0,158.0,0.0,158.0,Fresh
Teh Botol,Produk Minuman,Botol Kaca,Outside,0,323.0,0.0,250.0,Fresh
Mie Instan Soto,Produk Kering,Plastik,Outside,0,123.0,0.0,123.0,Fresh
Biskuit Oatmeal,Produk Kering,Plastik,Outside,0,72.0,0.0,72.0,Fresh
Jagung Manis Kaleng,Produk Kaleng,Kaleng,Chiller,1,164.0,7.0,-4.0,Expired
Kornet Ayam,Produk Kaleng,Kaleng,Outside,1,500.0,5.0,-2.0,Expired
Susu Bubuk Bayi,Produk Olahan Susu,Karton,Outside,1,500.0,4.0,26.0,Fresh
Soda Lemon,Prod. Minuman,Kaleng,Unknown,0,293.0,0.0,250.0,Fresh
Nugget Tempe,Produk Protein,Plastik,Unknown,0,114.0,0.0,114.0,Fresh
Rambutan Kaleng,Produk Kaleng,Kaleng,Outside,0,301.0,0.0,250.0,Fresh
Sereal Oat,Produk Kering,Karton,Outside,1,233.0,12.0,12.0,Fresh
Teh Kotak Hijau,Produk Minuman,Karton,Outside,1,21.0,2.0,-1.0,Expired
Sereal Coklat,Produk Kering,Karton,Outside,1,253.0,10.0,11.0,Fresh
Susu Kental Manis Coklat,Produk Olahan Susu,Kaleng,Chiller,0,400.0,0.0,250.0,Fresh
Jus Jeruk,Produk Minuman,Karton,Unknown,0,98.0,0.0,98.0,Fresh
Kornet Ayam,Produk Kaleng,Kaleng,Outside,0,500.0,0.0,250.0,Fresh
Susu Bubuk Full Cream,Produk Olahan Susu,Karton,Outside,0,473.0,0.0,250.0,Fresh
Susu Bubuk Coklat,Produk Olahan Susu,Karton,Outside,0,500.0,0.0,250.0,Fresh
Ikan Makerel,Produk Kaleng,Kaleng,Outside,1,500.0,3.0,-1.0,Expired
Nanas Kaleng,Produk Kaleng,Kaleng,Outside,1,216.0,5.0,-2.0,Expired
Keju Cheddar,Produk Olahan Susu,Plastik,Chiller,1,36.0,8.0,6.0,Soon
Yogurt Mangga,Produk Olahan Susu,Plastik,Chiller,0,8.0,0.0,8.0,Fresh
Biskuit Oreo,Produk Kering,Plastik,Outside,1,90.0,7.0,0.0,Expired
Biskuit Marie,Produk Kering,Plastik,Outside,0,142.0,0.0,142.0,Fresh
Jus Apel,Produk Minuman,Karton,Chiller,1,164.0,5.0,0.0,Expired
Rambutan Kaleng,Produk Kaleng,Kaleng,Outside,0,115.0,0.0,115.0,Fresh
Biskuit Oatmeal,Produk Kering,Plastik,Outside,0,87.0,0.0,87.0,Fresh
Soda Jeruk,Produk Minuman,Kaleng,Outside,1,253.0,5.0,-4.0,Expired
Teh Tarik,Produk Minuman,Karton,Chiller,1,100.0,3.0,-2.0,Expired
Keju Parmesan,Produk Olahan Susu,Plastik,Chiller,0,138.0,0.0,138.0,Fresh
Mie Instan Soto,Produk Kering,Plastik,Outside,1,180.0,2.0,-2.0,Expired
Sereal Cornflakes,Produk Kering,Karton,Outside,0,141.0,0.0,141.0,Fresh
Susu Uht Coklat,Produk Olahan Susu,Karton,Chiller,1,60.0,1.0,0.0,Expired
Kornet Ayam,Produk Kaleng,Kaleng,Outside,1,500.0,8.0,-5.0,Expired
Nugget Sapi,Produk Protein,Plastik,Freezer,0,74.0,0.0,74.0,Fresh
Susu Evaporasi,Produk Olahan Susu,Kaleng,Chiller,1,500.0,9.0,-2.0,Expired
Biskuit Wafer,Produk Kering,Plastik,Outside,0,152.0,0.0,152.0,Fresh
Sosis Frankfurter,Produk Protein,Plastik,Chiller,1,42.0,11.0,-4.0,Expired
Susu Bubuk Skim,Unknown,Karton,Outside,1,500.0,12.0,6.0,Soon
Biskuit Mentega,Produk Kering,Kaleng,Outside,1,361.0,12.0,2.0,Soon
Sereal Oat,Produk Kering,Karton,Outside,1,341.0,7.0,23.0,Fresh
Susu Uht Vanila,Produk Olahan Susu,Karton,Chiller,1,173.0,1.0,0.0,Expired
Nanas Kaleng,Produk Kaleng,Kaleng,Outside,0,484.0,0.0,250.0,Fresh
Susu Uht Coklat,Produk Olahan Susu,Karton,Chiller,1,48.0,2.0,-1.0,Expired
Biskuit Marie,Produk Kering,Plastik,Outside,1,103.0,1.0,6.0,Soon
Yogurt Minum Probiotik,Produk Olahan Susu,Botol Kaca,Chiller,0,17.0,0.0,17.0,Fresh
Teh Tarik,Produk Minuman,Karton,Chiller,0,-5.0,0.0,186.0,Fresh
Yogurt Greek,Produk Olahan Susu,Plastik,Chiller,0,21.0,0.0,21.0,Fresh
Biskuit Crackers,Produk Kering,Plastik,Outside,0,91.0,0.0,-50.0,Fresh
Biskuit Mentega,Produk Kering,Kaleng,Outside,0,259.0,0.0,250.0,Fresh
Sosis Bebek,Produk Protein,Plastik,Chiller,1,79.0,11.0,-4.0,Expired
Minuman Energi,Produk Minuman,Kaleng,Outside,1,3.0,4.0,-3.0,Expired
Yogurt Blueberry,Produk Olahan Susu,Plastik,Chiller,0,30.0,0.0,30.0,Fresh
Sarden Cabai,Produk Kaleng,Kaleng,Outside,1,500.0,7.0,-5.0,Expired
Mie Instan Ayam,Produk Kering,Plastik,Outside,0,252.0,0.0,250.0,Fresh
Sosis Ikan,Produk Protein,Plastik,Chiller,1,8.0,8.0,-5.0,Expired
Air Soda,Produk Minuman,Plastik,Outside,0,344.0,0.0,250.0,Fresh
Susu Bubuk Coklat,Unknown,Karton,Outside,0,-5.0,0.0,250.0,Fresh
Susu Kental Manis Coklat,Unknown,Kaleng,Unknown,1,36.0,5.0,9.0,Fresh
Susu Pasteurisasi,Unknown,Plastik,Chiller,1,13.0,3.0,0.0,Expired
Yogurt Kefir,Produk Olahan Susu,Botol Kaca,Chiller,1,14.0,6.0,-3.0,Expired
Air Mineral,Produk Minuman,Plastik,Outside,1,249.0,5.0,-4.0,Expired
Persik Kaleng,Produk Kaleng,Kaleng,Outside,1,40.0,1.0,2.0,Soon
Air Mineral,Produk Minuman,Plastik,Outside,1,448.0,1.0,0.0,Expired
Biskuit Sandwich,Produk Kering,Plastik,Outside,1,136.0,2.0,3.0,Soon
Nugget Sapi,Produk Protein,Plastik,frozen,0,79.0,0.0,79.0,Fresh
Jus Sirsak,Produk Minuman,Karton,Chiller,1,94.0,3.0,0.0,Expired
Teh Kotak Jasmine,Produk Minuman,Karton,Outside,0,303.0,0.0,250.0,Fresh
Sosis Bebek,Produk Protein,Plastik,Chiller,0,30.0,0.0,30.0,Fresh
Minuman Energi,Produk Minuman,Kaleng,Outside,0,156.0,0.0,156.0,Fresh
Keju Parmesan,Produk Olahan Susu,Plastik,Chiller,1,203.0,2.0,28.0,Fresh
Nugget Udang,Produk Protein,Plastik,Freezer,1,18.0,7.0,-4.0,Expired
Sereal Granola,Produk Kering,Karton,Outside,0,81.0,0.0,81.0,Fresh
Jagung Manis Kaleng,Produk Kaleng,Kaleng,Chiller,0,73.0,0.0,73.0,Fresh
Sereal Oat,Produk Kering,Karton,Outside,1,207.0,12.0,11.0,Fresh
Sereal Muesli,Produk Kering,Karton,Outside,0,250.0,0.0,250.0,Fresh
Yogurt Mangga,Produk Olahan Susu,Plastik,Chiller,1,13.0,3.0,0.0,Expired
Sereal Cornflakes,Produk Kering,Karton,Outside,0,99.0,0.0,99.0,Fresh
Air Mineral,Produk Minuman,Plastik,Outside,0,474.0,0.0,250.0,Fresh
Sarden Tomat,Produk Kaleng,Kaleng,Outside,1,500.0,6.0,-4.0,Dead
Nugget Sayuran,Unknown,Plastik,Freezer,1,6.0,5.0,-2.0,Expired
Biskuit Oatmeal,Produk Kering,Plastik,Outside,1,127.0,2.0,5.0,Soon
Cola Original,Produk Minuman,Kaleng,Outside,1,183.0,2.0,-1.0,Expired
Susu Uht Vanila,Produk Olahan Susu,Karton,Chiller,0,119.0,0.0,119.0,Fresh
Nanas Kaleng,Produk Kaleng,Kaleng,Outside,1,315.0,3.0,0.0,Expired
Susu Uht Vanila,Produk Olahan Susu,Karton,Chiller,1,241.0,4.0,-3.0,Expired
Susu Uht Vanila,Produk Olahan Susu,Karton,Chiller,0,157.0,0.0,157.0,Fresh
Nugget Sapi,Produk Protein,Plastik,Freezer,0,66.0,0.0,66.0,Fresh
Nugget Sapi,Produk Protein,Plastik,Freezer,1,153.0,1.0,2.0,Soon
Yogurt Plain,Produk Olahan Susu,Unknown,Chiller,0,20.0,0.0,20.0,Fresh
Susu Kedelai,Produk Olahan Susu,Unknown,Dingin,1,213.0,9.0,-4.0,Expired
Sosis Bebek,Produk Protein,Unknown,Chiller,0,21.0,0.0,21.0,Fresh
Keju Cheddar,Produk Olahan Susu,Plastik,Chiller,0,135.0,0.0,135.0,Fresh
Mangga Kaleng,Produk Kaleng,Kaleng,Outside,1,262.0,1.0,2.0,Soon
Nugget Sayuran,Produk Protein,Plastik,Freezer,0,85.0,0.0,85.0,Fresh
Mie Instan Goreng,Produk Kering,Plastik,Outside,0,233.0,0.0,233.0,Fresh
Nugget Sayuran,Unknown,Plastik,Freezer,0,34.0,0.0,34.0,Fresh
Sosis Frozen,Produk Protein,Plastik,Freezer,1,49.0,7.0,-4.0,Expired
Sosis Ikan,Produk Protein,Plastik,Chiller,0,45.0,0.0,45.0,Fresh
Air Mineral,Produk Minuman,Plastik,Outside,1,140.0,2.0,-1.0,Expired
Sereal Cornflakes,Produk Kering,Karton,Outside,1,76.0,12.0,14.0,Fresh
Sereal Coklat,Produk Kering,Karton,Outside,1,213.0,12.0,5.0,Soon
Sereal Granola,Produk Kering,Karton,Outside,1,317.0,12.0,2.0,Soon
Nugget Tempe,Produk Protein,Plastik,Unknown,0,66.0,0.0,66.0,Fresh
Susu Kental Manis Coklat,Produk Olahan Susu,Kaleng,Chiller,1,500.0,12.0,0.0,Expired
Sereal Coklat,Produk Kering,Karton,Unknown,0,224.0,0.0,224.0,Fresh
Nugget Sapi,Produk Protein,Plastik,Freezer,1,129.0,7.0,-4.0,Expired
Yogurt Plain,Produk Olahan Susu,Unknown,Chiller,0,29.0,0.0,29.0,Fresh
Ikan Tuna,Produk Kaleng,Kaleng,Outside,0,-10.0,0.0,35.0,Fresh
Jus Nanas,Produk Minuman,Karton,Chiller,0,150.0,0.0,150.0,Fresh
Soda Jeruk,Produk Minuman,Kaleng,Outside,1,220.0,2.0,-1.0,Expired
Soda Jeruk,Unknown,Kaleng,Outside,1,205.0,1.0,0.0,Expired
Biskuit Oatmeal,Produk Kering,Plastik,Outside,0,120.0,0.0,120.0,Fresh
Soda Lemon,Produk Minuman,Kaleng,Outside,0,61.0,0.0,61.0,Fresh
Teh Botol,Produk Minuman,Botol Kaca,Outside,0,99.0,0.0,99.0,Fresh
Susu Kental Manis Putih,Produk Olahan Susu,Kaleng,Unknown,1,461.0,12.0,-3.0,Expired
Biskuit Oreo,Produk Kering,Plastik,Outside,0,143.0,0.0,143.0,Fresh
Sosis Bebek,Produk Protein,Unknown,Chiller,0,72.0,0.0,72.0,Fresh
Biskuit Oreo,Produk Kering,Plastik,Outside,1,73.0,4.0,3.0,Soon
Biskuit Crackers,Produk Kering,Plastik,Outside,0,76.0,0.0,76.0,Fresh
Sereal Cornflakes,Produk Kering,Karton,Outside,0,90.0,0.0,90.0,Fresh
Air Mineral,Produk Minuman,Plastik,Outside,0,277.0,0.0,250.0,Fresh
Susu Bubuk Skim,Produk Olahan Susu,Karton,Outside,1,500.0,10.0,20.0,Fresh
Sosis Frozen,Produk Protein,Plastik,Freezer,0,23.0,0.0,23.0,Fresh
Mie Instan Soto,Produk Kering,Plastik,Outside,0,153.0,0.0,153.0,Fresh
Keju Cream Cheese,Produk Olahan Susu,Karton,Chiller,1,56.0,5.0,9.0,Fresh
Yogurt Plain,Produk Olahan Susu,Plastik,Chiller,0,9.0,0.0,9.0,Fresh
Jus Sirsak,Prod. Minuman,Karton,Chiller,0,84.0,0.0,84.0,Fresh
Sereal Cornflakes,Produk Kering,Karton,Unknown,1,143.0,12.0,18.0,Fresh
Susu Bubuk Skim,Produk Olahan Susu,Karton,Outside,0,405.0,0.0,250.0,Fresh
Biskuit Oreo,Produk Kering,Plastik,Outside,0,41.0,0.0,41.0,Fresh
Jagung Manis Kaleng,Produk Kaleng,Kaleng,Chiller,1,144.0,3.0,0.0,Expired
Air Soda,Produk Minuman,Plastik,Outside,1,201.0,4.0,-3.0,Expired
Susu Uht Coklat,Produk Olahan Susu,Karton,Chiller,1,169.0,3.0,-2.0,Expired
Susu Evaporasi,Produk Olahan Susu,Kaleng,Chiller,1,426.0,8.0,-1.0,Expired
Jus Jambu,Unknown,Karton,Chiller,1,98.0,4.0,-1.0,Expired
Sosis Ayam,Produk Protein,Plastik,Chiller,0,51.0,0.0,51.0,Fresh
Teh Lemon,Produk Minuman,Unknown,Outside,0,183.0,0.0,183.0,Fresh
Ikan Salmon,Produk Kaleng,Kaleng,Outside,1,264.0,3.0,-1.0,Expired
Yogurt Mangga,Produk Olahan Susu,Plastik,Chiller,1,18.0,5.0,-2.0,Expired
Sosis Frozen,Produk Protein,Plastik,Freezer,0,35.0,0.0,35.0,Fresh
Susu Uht Coklat,Produk Olahan Susu,Karton,Chiller,0,187.0,0.0,187.0,Fresh
Biskuit Sandwich,Produk Kering,Plastik,Outside,1,107.0,3.0,2.0,Soon
Susu Evaporasi,Produk Olahan Susu,Kaleng,Chiller,0,478.0,0.0,250.0,Fresh
Susu Bubuk Bayi,Produk Olahan Susu,Karton,Outside,0,279.0,0.0,250.0,Fresh
Sereal Coklat,Produk Kering,Karton,Outside,1,92.0,12.0,-5.0,Expired
Sosis Ikan,Produk Protein,Plastik,Chiller,0,6.0,0.0,6.0,Soon
Teh Botol,Produk Minuman,Botol Kaca,Outside,0,339.0,0.0,250.0,Fresh
Nugget Sayuran,Produk Protein,Plastik,Freezer,0,114.0,0.0,114.0,Fresh
Sosis Bebek,Produk Protein,Plastik,Chiller,1,90.0,3.0,4.0,Soon
Biskuit Digestive,Produk Kering,Plastik,Outside,0,354.0,0.0,250.0,Fresh
Sereal Oat,Produk Kering,Karton,Outside,0,59.0,0.0,59.0,Fresh
Persik Kaleng,Produk Kaleng,Kaleng,Outside,1,500.0,6.0,-3.0,Expired
Jus Nanas,Produk Minuman,Karton,Chiller,0,179.0,0.0,179.0,Fresh
Minuman Isotonik,Prod. Minuman,Plastik,Outside,0,175.0,0.0,175.0,Fresh
Soda Lemon,Produk Minuman,Kaleng,Outside,0,166.0,0.0,166.0,Fresh
Jus Nanas,Prod. Minuman,Karton,Chiller,0,116.0,0.0,116.0,Fresh
Yogurt Blueberry,Produk Olahan Susu,Plastik,Chiller,1,7.0,3.0,0.0,Expired
Susu Pasteurisasi,Produk Olahan Susu,Plastik,Chiller,1,10.0,6.0,-3.0,Expired
Leci Dalam Sirup,Kaleng,Kaleng,Outside,1,100.0,4.0,-1.0,Expired
Yogurt Blueberry,Produk Olahan Susu,Plastik,Chiller,0,5.0,0.0,5.0,Soon
Sosis Frozen,Produk Protein,Plastik,Freezer,0,51.0,0.0,51.0,Fresh
Cola Zero Sugar,Prod. Minuman,Kaleng,Outside,1,365.0,4.0,-3.0,Expired
Jus Mangga,Produk Minuman,Karton,Chiller,1,114.0,1.0,0.0,Expired
Minuman Isotonik,Produk Minuman,Plastik,Outside,0,-10.0,0.0,223.0,Fresh
Sarden Cabai,Unknown,Kaleng,Outside,1,500.0,6.0,-4.0,Expired
Mie Instan Goreng,Produk Kering,Plastik,Outside,0,116.0,0.0,116.0,Fresh
Susu Bubuk Skim,Produk Olahan Susu,Karton,Outside,0,500.0,0.0,250.0,Fresh
Jagung Manis Kaleng,Unknown,Kaleng,Chiller,1,121.0,5.0,-2.0,Expired
Sereal Muesli,Produk Kering,Karton,Outside,0,260.0,0.0,250.0,Fresh
Teh Kotak Hijau,Produk Minuman,Karton,Outside,0,90.0,0.0,90.0,Fresh
Susu Bubuk Bayi,Produk Olahan Susu,Karton,Outside,1,500.0,12.0,4.0,Soon
Air Soda,Produk Minuman,Plastik,Outside,0,59.0,0.0,59.0,Fresh
Susu Pasteurisasi,Produk Olahan Susu,Plastik,Chiller,1,9.0,6.0,-3.0,Expired
Keju Cream Cheese,Produk Olahan Susu,Karton,Chiller,1,5.0,8.0,5.0,Soon
Kornet Ayam,Produk Kaleng,Kaleng,Outside,1,500.0,3.0,0.0,Expired
Susu Almond,Produk Olahan Susu,Karton,Chiller,1,-5.0,6.0,-1.0,Dead
Sereal Granola,Produk Kering,Karton,Outside,0,66.0,0.0,66.0,Fresh
Jus Mangga,Produk Minuman,Karton,Chiller,0,13.0,0.0,13.0,Fresh
Keju Cheddar,Produk Olahan Susu,Unknown,Chiller,0,135.0,0.0,135.0,Fresh
Susu Pasteurisasi,Produk Olahan Susu,Plastik,Chiller,1,1.0,1.0,1.0,Soon
Jus Jeruk,Produk Minuman,Karton,Chiller,0,68.0,0.0,68.0,Fresh
Susu Kental Manis Putih,Produk Olahan Susu,Kaleng,Chiller,1,114.0,10.0,4.0,Soon
Sosis Frankfurter,Produk Protein,Plastik,Chiller,0,41.0,0.0,41.0,Fresh
Sosis Frankfurter,Produk Protein,Plastik,Chiller,0,71.0,0.0,71.0,Fresh
Susu Bubuk Coklat,Unknown,Karton,Outside,0,94.0,0.0,94.0,Fresh
Susu Uht Stroberi,Produk Olahan Susu,Karton,Chiller,0,112.0,0.0,112.0,Fresh
Susu Kental Manis Coklat,Produk Olahan Susu,Kaleng,Chiller,1,440.0,1.0,13.0,Fresh
Mie Instan Soto,Produk Kering,Plastik,Outside,1,114.0,2.0,-2.0,Expired
Susu Pasteurisasi,Produk Olahan Susu,Plastik,Chiller,1,9.0,1.0,2.0,Hampir
Nugget Ayam,Produk Protein,Plastik,frozen,0,4.0,0.0,4.0,Soon
Susu Almond,Produk Olahan Susu,Karton,Chiller,0,35.0,0.0,35.0,Fresh
Soda Lemon,Produk Minuman,Kaleng,Outside,0,82.0,0.0,82.0,Fresh
Jus Mangga,Produk Minuman,Karton,Chiller,0,160.0,0.0,160.0,Fresh
Susu Bubuk Bayi,Produk Olahan Susu,Karton,Outside,0,500.0,0.0,250.0,Fresh
Susu Kental Manis Coklat,Produk Olahan Susu,Kaleng,Unknown,1,260.0,1.0,13.0,Fresh
Jagung Manis Kaleng,Produk Kaleng,Kaleng,Chiller,1,500.0,2.0,1.0,Soon
Soda Lemon,Produk Minuman,Kaleng,Outside,0,259.0,0.0,250.0,Fresh
Susu Uht Stroberi,Produk Olahan Susu,Karton,Chiller,1,113.0,2.0,-1.0,Expired
Jus Apel,Produk Minuman,Karton,Chiller,0,128.0,0.0,128.0,Fresh
Yogurt Mangga,Produk Olahan Susu,Plastik,Chiller,0,21.0,0.0,21.0,Fresh
Jus Jambu,Produk Minuman,Karton,Chiller,0,4.0,0.0,4.0,Soon
Jus Mangga,Produk Minuman,Karton,Chiller,1,20.0,1.0,-50.0,Expired
Sosis Frankfurter,Prod. Protein,Plastik,Chiller,1,31.0,5.0,2.0,Soon
Minuman Energi,Produk Minuman,Kaleng,Outside,0,342.0,0.0,250.0,Fresh
Kornet Sapi,Produk Kaleng,Unknown,Outside,1,500.0,5.0,-50.0,Expired
Biskuit Wafer,Produk Kering,Plastik,Outside,0,95.0,0.0,95.0,Fresh
Yogurt Mangga,Produk Olahan Susu,Plastik,Chiller,1,19.0,6.0,-3.0,Expired
Yogurt Kefir,Produk Olahan Susu,Botol Kaca,Chiller,1,3.0,7.0,-4.0,Expired
Susu Almond,Produk Olahan Susu,Karton,Chiller,0,58.0,0.0,58.0,Fresh
Teh Kotak Hijau,Produk Minuman,Karton,Outside,1,257.0,1.0,0.0,Expired
Nugget Tempe,Produk Protein,Plastik,Freezer,1,23.0,5.0,-2.0,Expired
Cola Zero Sugar,Produk Minuman,Kaleng,Outside,1,182.0,6.0,-5.0,Dead
Sarden Minyak Zaitun,Produk Kaleng,Kaleng,Outside,0,-5.0,0.0,250.0,Fresh
Air Mineral,Produk Minuman,Plastik,Outside,0,500.0,0.0,250.0,Fresh
Keju Cream Cheese,Produk Olahan Susu,Karton,Chiller,1,6.0,4.0,6.0,Soon
Biskuit Crackers,Produk Kering,Plastik,Outside,0,75.0,0.0,75.0,Fresh
Biskuit Marie,Produk Kering,Plastik,Outside,0,65.0,0.0,65.0,Fresh
Sarden Tomat,Produk Kaleng,Kaleng,Outside,0,152.0,0.0,152.0,Fresh
Biskuit Digestive,Unknown,Plastik,Outside,0,304.0,0.0,250.0,Fresh
Mie Instan Goreng,Produk Kering,Plastik,Outside,1,238.0,4.0,-4.0,Expired
Teh Kotak Jasmine,Produk Minuman,Karton,Outside,0,25.0,0.0,25.0,Fresh
Minuman Isotonik,Produk Minuman,Plastik,Outside,0,280.0,0.0,250.0,Fresh
Buah Cocktail,Produk Kaleng,Kaleng,Outside,0,68.0,0.0,68.0,Fresh
Ikan Makerel,Produk Kaleng,Kaleng,Outside,0,186.0,0.0,186.0,Fresh
Nugget Tempe,Produk Protein,Plastik,Freezer,0,85.0,7.0,-4.0,Expired
Jus Apel,Produk Minuman,Karton,Chiller,1,171.0,8.0,-3.0,Expired
Kornet Ayam,Produk Kaleng,Kaleng,Outside,1,500.0,6.0,-3.0,Expired
Cola Original,Produk Minuman,Kaleng,Outside,1,41.0,6.0,-5.0,Expired
Biskuit Wafer,Produk Kering,Plastik,Outside,0,112.0,0.0,112.0,Fresh
Sarden Tomat,Produk Kaleng,Kaleng,Outside,0,281.0,0.0,250.0,Fresh
Yogurt Plain,Produk Olahan Susu,Plastik,Chiller,0,17.0,0.0,17.0,Fresh
Minuman Isotonik,Produk Minuman,Plastik,Outside,0,256.0,0.0,250.0,Fresh
Yogurt Plain,Produk Olahan Susu,Plastik,Chiller,0,4.0,0.0,4.0,Soon
Susu Almond,Produk Olahan Susu,Karton,Chiller,0,231.0,0.0,231.0,Fresh
Jus Sirsak,Produk Minuman,Karton,Chiller,0,31.0,0.0,31.0,Fresh
Yogurt Plain,Produk Olahan Susu,Plastik,Chiller,1,4.0,3.0,2.0,Soon
Sosis Ayam,Prod. Protein,Plastik,Chiller,0,59.0,0.0,59.0,Fresh
Soda Jeruk,Produk Minuman,Kaleng,Outside,0,146.0,0.0,146.0,Fresh
Susu Uht Coklat,Produk Olahan Susu,Karton,Chiller,0,99.0,0.0,99.0,Fresh
Biskuit Wafer,Produk Kering,Plastik,Outside,1,118.0,7.0,-2.0,Dead
Nugget Sayuran,Produk Protein,Plastik,Freezer,0,86.0,0.0,86.0,Fresh
Biskuit Oatmeal,Produk Kering,Plastik,Outside,0,45.0,12.0,-5.0,Expired
Nugget Tempe,Produk Protein,Plastik,Freezer,1,42.0,8.0,-5.0,Expired
Air Soda,Produk Minuman,Plastik,Outside,1,190.0,1.0,0.0,Expired
Biskuit Oatmeal,Produk Kering,Plastik,Outside,1,174.0,6.0,1.0,Soon
Sosis Bebek,Produk Protein,Plastik,Chiller,0,64.0,0.0,64.0,Fresh
Kornet Sapi,Produk Kaleng,Kaleng,Outside,1,291.0,1.0,2.0,Soon
Sereal Coklat,Produk Kering,Karton,Outside,0,202.0,0.0,202.0,Fresh
Sosis Frankfurter,Produk Protein,Plastik,Chiller,1,58.0,2.0,5.0,Soon
Jus Sirsak,Produk Minuman,Karton,Chiller,0,6.0,0.0,6.0,Soon
Biskuit Oatmeal,Produk Kering,Plastik,Outside,1,178.0,10.0,-3.0,Expired
Minuman Energi,Produk Minuman,Kaleng,Outside,1,328.0,1.0,0.0,Expired
Sereal Muesli,Produk Kering,Karton,Outside,0,90.0,0.0,90.0,Fresh
Ikan Tuna,Produk Kaleng,Kaleng,Unknown,1,438.0,5.0,-3.0,Expired
Ikan Tuna,Produk Kaleng,Unknown,Outside,1,126.0,1.0,1.0,Soon
Soda Lemon,Produk Minuman,Kaleng,Outside,0,73.0,0.0,73.0,Fresh
Minuman Energi,Produk Minuman,Kaleng,Outside,1,321.0,6.0,-5.0,Expired
Yogurt Blueberry,Produk Olahan Susu,Plastik,Chiller,1,18.0,6.0,-3.0,Expired
Susu Uht Coklat,Produk Olahan Susu,Kardus,Chiller,1,105.0,6.0,-5.0,Expired
Sosis Ikan,Produk Protein,Plastik,Chiller,1,23.0,6.0,250.0,Expired
Susu Uht Vanila,Produk Olahan Susu,Karton,Chiller,1,52.0,2.0,-1.0,Expired
Susu Kental Manis Coklat,Produk Olahan Susu,Kaleng,Unknown,1,377.0,12.0,-3.0,Expired
Sereal Muesli,Produk Kering,Karton,Outside,1,147.0,12.0,-3.0,Expired
Teh Tarik,Produk Minuman,Karton,Chiller,0,38.0,0.0,38.0,Fresh
Buah Cocktail,Unknown,Kaleng,Outside,1,182.0,1.0,2.0,Soon
Ikan Makerel,Produk Kaleng,Kaleng,Outside,1,500.0,2.0,0.0,Expired
Susu Bubuk Skim,Produk Olahan Susu,Unknown,Outside,0,500.0,0.0,250.0,Fresh
Keju Cheddar,Produk Olahan Susu,Plastik,Chiller,1,126.0,8.0,6.0,Soon
Susu Uht Coklat,Produk Olahan Susu,Karton,Chiller,1,108.0,4.0,-3.0,Expired
Nugget Sapi,Produk Protein,Plastik,Freezer,1,94.0,4.0,-1.0,Expired
Mie Instan Goreng,Produk Kering,Plastik,Outside,0,266.0,0.0,250.0,Fresh
Sosis Ikan,Produk Protein,Plastik,Unknown,0,44.0,0.0,44.0,Fresh
Biskuit Digestive,Produk Kering,Plastik,Unknown,0,292.0,0.0,250.0,Fresh
Jus Anggur,Produk Minuman,Botol Kaca,Chiller,1,47.0,6.0,-50.0,Expired
Teh Kotak Jasmine,Produk Minuman,Karton,Outside,0,4.0,0.0,4.0,Soon
Biskuit Oatmeal,Produk Kering,Plastik,Outside,1,176.0,8.0,-1.0,Expired
Sereal Muesli,Produk Kering,Karton,Outside,0,339.0,0.0,250.0,Fresh
Susu Kental Manis Putih,Produk Olahan Susu,Kaleng,Chiller,0,342.0,0.0,250.0,Fresh
Minuman Isotonik,Produk Minuman,Plastik,Outside,1,252.0,4.0,-3.0,Expired
Keju Parmesan,Produk Olahan Susu,Plastik,Chiller,0,231.0,0.0,231.0,Fresh
Sosis Ikan,Produk Protein,Plastik,Chiller,1,31.0,4.0,-1.0,Expired
Nanas Kaleng,Produk Kaleng,Kaleng,Outside,1,72.0,1.0,2.0,Soon
Sereal Coklat,Produk Kering,Karton,Outside,0,86.0,0.0,86.0,Fresh
Nanas Kaleng,Produk Kaleng,Kaleng,Outside,0,166.0,0.0,166.0,Fresh
Air Mineral,Produk Minuman,Plastik,Unknown,0,268.0,0.0,250.0,Fresh
Susu Almond,Produk Olahan Susu,Karton,Chiller,1,195.0,4.0,1.0,Soon
Sereal Oat,Produk Kering,Karton,Outside,1,364.0,12.0,-2.0,Expired
Jus Anggur,Produk Minuman,Botol Kaca,Chiller,0,58.0,0.0,58.0,Fresh
Sosis Ikan,Produk Protein,Plastik,Chiller,1,7.0,5.0,-2.0,Expired
Yogurt Minum Probiotik,Produk Olahan Susu,Botol Kaca,Chiller,1,19.0,8.0,-5.0,Expired
Mie Instan Ayam,Produk Kering,Plastik,Outside,1,293.0,3.0,-3.0,Expired
Susu Almond,Produk Olahan Susu,Karton,Chiller,1,165.0,4.0,1.0,Soon
Sosis Frankfurter,Produk Protein,Plastik,Chiller,0,11.0,0.0,11.0,Fresh
Biskuit Marie,Unknown,Plastik,Outside,1,28.0,3.0,4.0,Soon
Nugget Ikan,Produk Protein,Plastik,Freezer,0,107.0,0.0,107.0,Fresh
Keju Mozzarella,Unknown,Plastik,Unknown,0,33.0,0.0,33.0,Fresh
Susu Bubuk Full Cream,Produk Olahan Susu,Karton,Outside,1,96.0,12.0,15.0,Fresh
Sarden Tomat,Produk Kaleng,Kaleng,Outside,1,500.0,4.0,-2.0,Expired
Susu Evaporasi,Produk Olahan Susu,Kaleng,Chiller,0,321.0,0.0,250.0,Fresh
Sosis Sapi,Produk Protein,Plastik,Chiller,1,35.0,9.0,-4.0,Expired
Jus Jeruk,Produk Minuman,Karton,Chiller,0,51.0,0.0,51.0,Fresh
Susu Uht Low Fat,Produk Olahan Susu,Karton,Chiller,1,19.0,9.0,-4.0,Expired
Susu Pasteurisasi,Produk Olahan Susu,Plastik,Unknown,1,6.0,3.0,-50.0,Expired
Biskuit Marie,Produk Kering,Plastik,Outside,1,68.0,3.0,4.0,Soon
Jus Jeruk,Produk Minuman,Karton,Unknown,0,54.0,0.0,54.0,Fresh
Nugget Sayuran,Prod. Protein,Plastik,Freezer,0,45.0,2.0,1.0,Soon
Sereal Coklat,Produk Kering,Karton,Outside,0,301.0,0.0,250.0,Fresh
Biskuit Crackers,Produk Kering,Plastik,Outside,0,150.0,0.0,150.0,Fresh
Jus Apel,Produk Minuman,Unknown,Chiller,1,17.0,9.0,-4.0,Expired
Susu Evaporasi,Produk Olahan Susu,Kaleng,Unknown,1,251.0,11.0,-4.0,Expired
Susu Bubuk Coklat,Produk Olahan Susu,Unknown,Outside,0,147.0,0.0,147.0,Fresh
Susu Kedelai,Produk Olahan Susu,Karton,Chiller,0,178.0,0.0,178.0,Fresh
Sosis Frankfurter,Produk Protein,Plastik,Chiller,1,51.0,4.0,3.0,Soon
Nugget Sayuran,Produk Protein,Plastik,Freezer,0,80.0,0.0,80.0,Fresh
Nugget Ikan,Produk Protein,Plastik,Unknown,0,64.0,0.0,64.0,Fresh
Ikan Salmon,Produk Kaleng,Kaleng,Outside,0,84.0,1.0,1.0,Segera
Susu Pasteurisasi,Produk Olahan Susu,Plastik,Chiller,0,7.0,0.0,7.0,Soon
Jus Jeruk,Produk Minuman,Karton,Chiller,1,61.0,7.0,-2.0,Expired
Sarden Minyak Zaitun,Produk Kaleng,Kaleng,Outside,1,500.0,3.0,-1.0,Expired
Jus Jeruk,Produk Minuman,Karton,Unknown,1,170.0,3.0,2.0,Soon
Yogurt Minum Probiotik,Produk Olahan Susu,Botol Kaca,Chiller,0,2.0,0.0,2.0,Soon
Nugget Ayam,Produk Protein,Plastik,Freezer,0,146.0,0.0,146.0,Fresh
Yogurt Kefir,Produk Olahan Susu,Botol Kaca,Chiller,0,10.0,0.0,10.0,Fresh
Susu Pasteurisasi,Produk Olahan Susu,Plastik,Chiller,1,9.0,5.0,-2.0,Expired
Biskuit Sandwich,Produk Kering,Plastik,Outside,0,67.0,0.0,67.0,Fresh
Jus Jeruk,Produk Minuman,Karton,Chiller,1,110.0,8.0,-3.0,Expired
Susu Uht Stroberi,Produk Olahan Susu,Karton,Chiller,1,-10.0,1.0,0.0,Expired
Teh Kotak Jasmine,Produk Minuman,Karton,Outside,0,37.0,0.0,37.0,Fresh
Keju Cheddar,Produk Olahan Susu,Plastik,Chiller,0,146.0,0.0,146.0,Fresh
Sarden Cabai,Produk Kaleng,Kaleng,Outside,1,254.0,7.0,-5.0,Expired
Teh Kotak Hijau,Produk Minuman,Karton,Unknown,1,56.0,4.0,-3.0,Expired
Biskuit Crackers,Produk Kering,Plastik,Outside,1,125.0,10.0,-3.0,Expired
Teh Kotak Hijau,Produk Minuman,Karton,Outside,0,342.0,0.0,250.0,Fresh
Sosis Frozen,Produk Protein,Plastik,Freezer,0,48.0,0.0,48.0,Fresh
Sosis Sapi,Unknown,Plastik,Chiller,0,58.0,0.0,58.0,Fresh
Susu Uht Low Fat,Produk Olahan Susu,Karton,Unknown,1,55.0,9.0,-4.0,Expired
Nugget Ayam,Unknown,Plastik,Freezer,0,136.0,0.0,136.0,Fresh
Ikan Makerel,Produk Kaleng,Kaleng,Outside,0,286.0,0.0,250.0,Fresh
Mie Instan Soto,Produk Kering,Plastik,Unknown,1,277.0,2.0,-2.0,Expired
Yogurt Greek,Produk Olahan Susu,Plastik,Chiller,1,14.0,8.0,-3.0,Expired
Cola Zero Sugar,Produk Minuman,Kaleng,Outside,1,212.0,6.0,-5.0,Expired
Susu Bubuk Skim,Produk Olahan Susu,Karton,Outside,1,500.0,12.0,6.0,Soon
Rambutan Kaleng,Produk Kaleng,Kaleng,Outside,1,500.0,7.0,-4.0,Expired
Sarden Tomat,Produk Kaleng,Kaleng,Outside,0,259.0,0.0,250.0,Fresh
Nugget Sayuran,Produk Protein,Plastik,Freezer,1,88.0,7.0,-4.0,Expired
Rambutan Kaleng,Produk Kaleng,Kaleng,Unknown,1,371.0,3.0,0.0,Expired
Keju Edam,Produk Olahan Susu,Plastik,Chiller,1,94.0,12.0,3.0,Soon
Nugget Sayuran,Produk Protein,Plastik,Freezer,1,158.0,6.0,-3.0,Expired
Kornet Ayam,Unknown,Kaleng,Unknown,1,488.0,3.0,0.0,Expired
Nanas Kaleng,Produk Kaleng,Kaleng,Outside,1,41.0,6.0,-3.0,Expired
Jus Jambu,Produk Minuman,Karton,Chiller,0,80.0,0.0,80.0,Fresh
Nugget Ikan,Produk Protein,Plastik,Freezer,1,161.0,5.0,-2.0,Expired
Teh Botol,Produk Minuman,Botol Kaca,Outside,1,58.0,2.0,1.0,Soon
Susu Evaporasi,Produk Olahan Susu,Kaleng,Chiller,1,500.0,5.0,2.0,Soon
Sarden Tomat,Produk Kaleng,Kaleng,Outside,1,221.0,6.0,-4.0,Expired
Mangga Kaleng,Produk Kaleng,Kaleng,Outside,0,316.0,0.0,250.0,Fresh
Susu Uht Stroberi,Produk Olahan Susu,Karton,Chiller,0,33.0,0.0,33.0,Fresh
Air Mineral,Produk Minuman,Plastik,Outside,1,473.0,1.0,0.0,Expired
Biskuit Crackers,Produk Kering,Plastik,Outside,0,124.0,0.0,124.0,Fresh
Teh Botol,Produk Minuman,glass,Outside,0,1.0,0.0,1.0,Soon
Leci Dalam Sirup,Produk Kaleng,Kaleng,Outside,1,262.0,7.0,-4.0,Expired
Susu Kental Manis Coklat,Produk Olahan Susu,Kaleng,Chiller,0,148.0,0.0,148.0,Fresh
Nugget Ayam,Produk Protein,Plastik,Freezer,0,93.0,0.0,93.0,Fresh
Jus Jeruk,Produk Minuman,Karton,Chiller,1,46.0,6.0,-1.0,Expired
Nugget Ikan,Produk Protein,Unknown,Freezer,0,116.0,0.0,116.0,Fresh
Nugget Sapi,Produk Protein,Plastik,Freezer,1,96.0,7.0,-4.0,Expired
Teh Botol,Produk Minuman,Botol Kaca,Outside,0,274.0,0.0,250.0,Fresh
Teh Tarik,Produk Minuman,Karton,Chiller,0,214.0,0.0,214.0,Fresh
Nugget Udang,Unknown,Plastik,Freezer,1,24.0,5.0,-2.0,Expired
Cola Zero Sugar,Produk Minuman,Kaleng,Outside,0,500.0,0.0,231.0,Fresh
Susu Uht Low Fat,Olahan Susu,Karton,Chiller,0,228.0,0.0,228.0,Fresh
Sereal Oat,Produk Kering,Karton,Outside,0,25.0,0.0,25.0,Fresh
Susu Pasteurisasi,Produk Olahan Susu,Plastik,Dingin,0,4.0,0.0,4.0,Soon
Yogurt Minum Probiotik,Produk Olahan Susu,Botol Kaca,Chiller,1,21.0,6.0,-3.0,Expired
Sarden Minyak Zaitun,Produk Kaleng,Kaleng,Outside,1,194.0,1.0,1.0,Soon
Jus Sirsak,Produk Minuman,Karton,Chiller,0,148.0,0.0,148.0,Fresh
Jus Sirsak,Produk Minuman,Karton,Unknown,0,47.0,0.0,47.0,Fresh
Nugget Sayuran,Produk Protein,Plastik,Freezer,0,124.0,0.0,124.0,Fresh
Biskuit Crackers,Unknown,Plastik,Outside,1,166.0,12.0,-5.0,Expired
Sosis Ayam,Produk Protein,Plastik,Unknown,0,3.0,0.0,3.0,Soon
Susu Uht Low Fat,Produk Olahan Susu,Karton,Chiller,1,40.0,4.0,1.0,Soon
Sosis Bebek,Produk Protein,Plastik,Unknown,0,50.0,0.0,50.0,Fresh
Teh Kotak Jasmine,Produk Minuman,Karton,Outside,1,143.0,2.0,-1.0,Expired
Sereal Muesli,Produk Kering,Karton,Outside,1,322.0,12.0,-3.0,Expired
Ikan Salmon,Produk Kaleng,Kaleng,Outside,0,297.0,0.0,250.0,Fresh
Sosis Ayam,Produk Protein,Unknown,Unknown,0,23.0,0.0,23.0,Fresh
Yogurt Plain,Unknown,Plastik,Chiller,1,24.0,2.0,3.0,Soon
Air Soda,Produk Minuman,Plastik,Unknown,0,113.0,0.0,113.0,Fresh
Susu Bubuk Skim,Produk Olahan Susu,Karton,Outside,1,35.0,12.0,6.0,Soon
Yogurt Stroberi,Produk Olahan Susu,Plastik,Chiller,0,21.0,0.0,21.0,Fresh
Buah Cocktail,Produk Kaleng,Kaleng,Outside,0,219.0,0.0,219.0,Fresh
Susu Uht Vanila,Produk Olahan Susu,Unknown,Chiller,0,240.0,0.0,240.0,Fresh
Mie Instan Soto,Produk Kering,Unknown,Outside,0,333.0,0.0,250.0,Fresh
Cola Original,Produk Minuman,Kaleng,Outside,1,227.0,6.0,-5.0,Expired
Biskuit Marie,Produk Kering,Plastik,Unknown,1,71.0,7.0,0.0,Expired
Nugget Sayuran,Produk Protein,Plastik,Freezer,0,53.0,0.0,53.0,Fresh
Kornet Ayam,Produk Kaleng,Kaleng,Outside,0,477.0,0.0,250.0,Fresh
Susu Pasteurisasi,Produk Olahan Susu,Plastik,Chiller,0,14.0,0.0,14.0,Fresh
Soda Jeruk,Produk Minuman,Kaleng,Outside,1,357.0,4.0,-3.0,Expired
Cola Original,Produk Minuman,Kaleng,Outside,0,159.0,0.0,159.0,Fresh
Cola Zero Sugar,Produk Minuman,Kaleng,Unknown,0,43.0,0.0,43.0,Fresh
Keju Mozzarella,Produk Olahan Susu,Plastik,Chiller,0,54.0,0.0,54.0,Fresh
Ikan Makerel,Produk Kaleng,Kaleng,Outside,0,500.0,0.0,-50.0,Fresh
Biskuit Mentega,Produk Kering,Kaleng,Outside,1,283.0,12.0,-1.0,Expired
Sosis Frozen,Produk Protein,Plastik,Freezer,1,100.0,5.0,-2.0,Expired
Teh Kotak Jasmine,Prod. Minuman,Karton,Outside,1,291.0,6.0,-5.0,Expired
Buah Cocktail,Produk Kaleng,Kaleng,Outside,1,235.0,5.0,-2.0,Expired
Jus Sirsak,Prod. Minuman,Karton,Chiller,1,178.0,6.0,-3.0,Expired
Nugget Ayam,Produk Protein,Plastik,Freezer,1,21.0,8.0,-5.0,Expired
Yogurt Mangga,Produk Olahan Susu,Plastik,Chiller,0,26.0,0.0,26.0,Fresh
Air Soda,Produk Minuman,Plastik,Unknown,0,36.0,0.0,36.0,Fresh
Susu Bubuk Bayi,Produk Olahan Susu,Karton,Outside,1,280.0,12.0,16.0,Fresh
Kornet Sapi,Produk Kaleng,Unknown,Outside,1,500.0,7.0,-4.0,Expired
Susu Uht Low Fat,Produk Olahan Susu,Karton,Chiller,1,62.0,5.0,0.0,Expired
Soda Lemon,Produk Minuman,Kaleng,Outside,0,15.0,0.0,15.0,Fresh
Nugget Ikan,Produk Protein,Plastik,Freezer,0,120.0,0.0,120.0,Fresh
Minuman Energi,Prod. Minuman,Kaleng,Outside,1,339.0,1.0,0.0,Expired
Sereal Coklat,Produk Kering,Karton,Outside,0,271.0,0.0,250.0,Fresh
Sosis Bebek,Produk Protein,Plastik,Chiller,0,44.0,0.0,44.0,Fresh
Keju Mozzarella,Produk Olahan Susu,Plastik,Chiller,0,29.0,0.0,29.0,Fresh
Nugget Sayuran,Produk Protein,Plastik,Freezer,1,172.0,2.0,1.0,Soon
Keju Edam,Produk Olahan Susu,Unknown,Unknown,1,95.0,12.0,2.0,Soon
Persik Kaleng,Produk Kaleng,Kaleng,Unknown,1,500.0,6.0,-3.0,Expired
Susu Kedelai,Produk Olahan Susu,Karton,Chiller,0,239.0,0.0,239.0,Fresh
Buah Cocktail,Produk Kaleng,Kaleng,Outside,1,500.0,3.0,0.0,Expired
Biskuit Crackers,Produk Kering,Plastik,Unknown,0,79.0,0.0,79.0,Fresh
Yogurt Minum Probiotik,Produk Olahan Susu,Botol Kaca,Chiller,1,15.0,5.0,-2.0,Expired
Air Soda,Produk Minuman,Plastik,Outside,0,175.0,0.0,175.0,Fresh
Mangga Kaleng,Unknown,Kaleng,Outside,0,131.0,0.0,131.0,Fresh
Jus Apel,Produk Minuman,Karton,Chiller,0,19.0,0.0,-50.0,Fresh
Yogurt Greek,Produk Olahan Susu,Plastik,Unknown,1,4.0,8.0,-3.0,Expired
Susu Uht Low Fat,Produk Olahan Susu,Karton,Chiller,0,108.0,0.0,108.0,Fresh
Minuman Isotonik,Produk Minuman,Plastik,Outside,0,52.0,1.0,-50.0,Expired
Air Soda,Produk Minuman,Plastik,Outside,1,76.0,5.0,-4.0,Expired
Mie Instan Soto,Produk Kering,Plastik,Unknown,1,186.0,1.0,-1.0,Expired
Susu Pasteurisasi,Produk Olahan Susu,Plastik,Chiller,1,7.0,3.0,0.0,Expired
Susu Bubuk Full Cream,Produk Olahan Susu,Karton,Outside,1,354.0,12.0,8.0,Fresh
Sereal Granola,Produk Kering,Karton,Outside,0,115.0,0.0,115.0,Fresh
Yogurt Minum Probiotik,Produk Olahan Susu,Botol Kaca,Chiller,1,10.0,5.0,-2.0,Expired
Yogurt Mangga,Produk Olahan Susu,Plastik,Chiller,1,19.0,8.0,-5.0,Expired
Biskuit Mentega,Produk Kering,Kaleng,Outside,0,238.0,0.0,238.0,Fresh
Sereal Muesli,Produk Kering,Karton,Outside,0,33.0,0.0,33.0,Fresh
Susu Uht Vanila,Produk Olahan Susu,Karton,Chiller,1,124.0,6.0,-5.0,Expired
Sereal Granola,Produk Kering,Karton,Outside,1,356.0,2.0,28.0,Fresh
Sereal Cornflakes,Produk Kering,Karton,Outside,1,159.0,12.0,6.0,Soon
Minuman Energi,Produk Minuman,Kaleng,Outside,0,251.0,0.0,250.0,Fresh
Soda Lemon,Produk Minuman,Kaleng,Outside,1,124.0,5.0,-4.0,Expired
Mangga Kaleng,Produk Kaleng,Kaleng,Outside,1,28.0,3.0,0.0,Dead
Susu Uht Stroberi,Produk Olahan Susu,Karton,Chiller,0,59.0,0.0,59.0,Fresh
Mie Instan Ayam,Produk Kering,Plastik,Outside,1,302.0,5.0,-5.0,Expired
Biskuit Crackers,Produk Kering,Plastik,Outside,0,144.0,0.0,144.0,Fresh
Persik Kaleng,Produk Kaleng,Kaleng,Outside,1,500.0,2.0,1.0,Soon
Minuman Energi,Produk Minuman,Kaleng,Outside,1,58.0,3.0,-2.0,Expired
Keju Mozzarella,Produk Olahan Susu,Plastik,Chiller,0,47.0,0.0,47.0,Fresh
Leci Dalam Sirup,Produk Kaleng,Kaleng,Outside,0,160.0,0.0,160.0,Fresh
Biskuit Wafer,Produk Kering,Plastik,Outside,1,149.0,4.0,1.0,Soon
Sarden Tomat,Produk Kaleng,Kaleng,Outside,1,500.0,7.0,-5.0,Expired
Jus Nanas,Produk Minuman,Karton,Unknown,0,35.0,0.0,35.0,Fresh
Biskuit Marie,Produk Kering,Plastik,Outside,1,28.0,11.0,-4.0,Expired
Sereal Coklat,Produk Kering,Karton,Outside,1,225.0,8.0,13.0,Fresh
Susu Almond,Produk Olahan Susu,Karton,Dingin,0,38.0,0.0,38.0,Fresh
Buah Cocktail,Produk Kaleng,Kaleng,Outside,0,500.0,0.0,250.0,Fresh
Ikan Makerel,Produk Kaleng,Unknown,Outside,1,65.0,1.0,1.0,Soon
Jagung Manis Kaleng,Produk Kaleng,Kaleng,Chiller,0,18.0,0.0,18.0,Fresh
Jus Mangga,Produk Minuman,Karton,Dingin,0,24.0,0.0,24.0,Fresh
Mangga Kaleng,Produk Kaleng,Kaleng,Outside,1,500.0,3.0,0.0,Expired
Susu Bubuk Skim,Produk Olahan Susu,Karton,Outside,1,500.0,12.0,10.0,Fresh
Jus Jambu,Produk Minuman,Karton,Chiller,0,53.0,0.0,53.0,Fresh
Sereal Cornflakes,Produk Kering,Karton,Outside,1,238.0,12.0,-2.0,Expired
Sosis Bebek,Produk Protein,Plastik,Chiller,0,32.0,0.0,32.0,Fresh
Susu Uht Vanila,Produk Olahan Susu,Karton,Chiller,1,37.0,6.0,-5.0,Expired
Jus Jeruk,Produk Minuman,Karton,Unknown,1,128.0,9.0,-4.0,Expired
Susu Pasteurisasi,Produk Olahan Susu,Plastik,Chiller,0,12.0,0.0,12.0,Fresh
Sarden Tomat,Produk Kaleng,Kaleng,Outside,0,294.0,0.0,250.0,Fresh
Nugget Sayuran,Produk Protein,Plastik,Unknown,1,39.0,3.0,0.0,Expired
Yogurt Stroberi,Unknown,Plastik,Chiller,0,27.0,0.0,27.0,Fresh
Biskuit Wafer,Produk Kering,Plastik,Outside,1,163.0,1.0,4.0,Soon
Yogurt Greek,Produk Olahan Susu,Plastik,Unknown,0,11.0,0.0,11.0,Fresh
Sosis Ikan,Protin,Plastik,Chiller,1,12.0,6.0,250.0,Expired
Sosis Bebek,Produk Protein,Plastik,Chiller,1,73.0,8.0,-1.0,Expired
Yogurt Minum Probiotik,Produk Olahan Susu,Botol Kaca,Chiller,1,10.0,3.0,0.0,Expired
Persik Kaleng,Produk Kaleng,Kaleng,Unknown,1,48.0,7.0,-4.0,Expired
Nugget Sayuran,Produk Protein,Plastik,Freezer,0,83.0,0.0,83.0,Fresh
Susu Uht Low Fat,Produk Olahan Susu,Karton,Chiller,1,91.0,7.0,-2.0,Expired
Biskuit Mentega,Produk Kering,Kaleng,Outside,1,93.0,12.0,-3.0,Expired
Keju Edam,Produk Olahan Susu,Plastik,Chiller,1,56.0,2.0,19.0,Fresh
Soda Lemon,Produk Minuman,Kaleng,Outside,1,135.0,2.0,-1.0,Expired
Yogurt Blueberry,Produk Olahan Susu,Plastik,Chiller,0,2.0,0.0,2.0,Soon
Mie Instan Goreng,Unknown,Plastik,Outside,1,2.0,4.0,-4.0,Expired
Ikan Makerel,Produk Kaleng,Kaleng,Outside,0,446.0,0.0,250.0,Fresh
Susu Pasteurisasi,Unknown,Plastik,Chiller,1,9.0,5.0,-2.0,Expired
Sosis Ayam,Produk Protein,Plastik,Chiller,0,49.0,0.0,49.0,Fresh
Susu Uht Full Cream,Produk Olahan Susu,Karton,Chiller,0,237.0,0.0,237.0,Fresh
Susu Uht Low Fat,Produk Olahan Susu,Karton,Chiller,1,120.0,1.0,4.0,Soon
Biskuit Wafer,Produk Kering,Plastik,Outside,0,99.0,0.0,99.0,Fresh
Susu Kental Manis Putih,Produk Olahan Susu,Kaleng,Chiller,1,473.0,10.0,4.0,Soon
Teh Botol,Produk Minuman,Botol Kaca,Outside,1,258.0,5.0,-2.0,Expired
Susu Bubuk Coklat,Produk Olahan Susu,Karton,Outside,1,63.0,12.0,4.0,Soon
Susu Kental Manis Coklat,Produk Olahan Susu,Kaleng,Chiller,1,329.0,4.0,10.0,Fresh
Biskuit Oreo,Produk Kering,Plastik,Outside,0,159.0,0.0,159.0,Fresh
Cola Zero Sugar,Unknown,Kaleng,Outside,0,325.0,0.0,250.0,Fresh
Cola Original,Produk Minuman,Kaleng,Outside,0,233.0,0.0,233.0,Fresh
Biskuit Wafer,Produk Kering,Plastik,Outside,0,72.0,0.0,72.0,Fresh
Biskuit Digestive,Produk Kering,Plastik,Outside,0,321.0,0.0,250.0,Fresh
Susu Bubuk Full Cream,Produk Olahan Susu,Karton,Outside,1,500.0,12.0,4.0,Soon
Yogurt Plain,Produk Olahan Susu,Plastik,Chiller,1,17.0,1.0,4.0,Soon
Ikan Salmon,Produk Kaleng,Kaleng,Outside,1,72.0,3.0,-1.0,Expired
Sereal Oat,Produk Kering,Karton,Outside,0,48.0,12.0,4.0,Soon
Susu Kental Manis Coklat,Produk Olahan Susu,Kaleng,Chiller,1,247.0,12.0,-5.0,Expired
Susu Almond,Produk Olahan Susu,Karton,Chiller,1,69.0,7.0,-2.0,Expired
Keju Parmesan,Produk Olahan Susu,Plastik,Dingin,1,356.0,10.0,20.0,Fresh
Mie Instan Ayam,Produk Kering,Plastik,Outside,1,44.0,5.0,-5.0,Expired
Sosis Sapi,Produk Protein,Plastik,Chiller,1,45.0,10.0,-5.0,Expired
Sosis Frankfurter,Produk Protein,Plastik,Chiller,1,79.0,1.0,6.0,Soon
Nugget Ikan,Produk Protein,Plastik,Freezer,0,9.0,0.0,9.0,Fresh
Susu Kental Manis Coklat,Produk Olahan Susu,Kaleng,Chiller,0,242.0,0.0,242.0,Fresh
Sosis Frankfurter,Produk Protein,Plastik,Chiller,1,2.0,3.0,2.0,Soon
Sosis Ayam,Produk Protein,Plastik,Chiller,1,46.0,3.0,2.0,Soon
Nugget Sapi,Produk Protein,Plastik,Freezer,1,83.0,4.0,-1.0,Expired
Rambutan Kaleng,Produk Kaleng,Kaleng,Outside,1,255.0,5.0,-2.0,Expired
Teh Botol,Produk Minuman,Botol Kaca,Unknown,0,204.0,0.0,204.0,Fresh
Jagung Manis Kaleng,Unknown,Kaleng,Chiller,1,144.0,7.0,-4.0,Expired
Jagung Manis Kaleng,Produk Kaleng,Kaleng,Chiller,0,408.0,0.0,250.0,Fresh
Leci Dalam Sirup,Produk Kaleng,Kaleng,Outside,0,414.0,0.0,250.0,Fresh
Jus Mangga,Produk Minuman,Karton,Chiller,0,57.0,0.0,57.0,Fresh
Yogurt Minum Probiotik,Produk Olahan Susu,Botol Kaca,Chiller,0,19.0,0.0,19.0,Fresh
Susu Uht Coklat,Produk Olahan Susu,Karton,Chiller,0,227.0,0.0,250.0,Fresh
Sosis Ayam,Produk Protein,Plastik,Chiller,1,26.0,1.0,4.0,Soon
Nugget Udang,Prod. Protein,Plastik,Freezer,1,90.0,4.0,-1.0,Expired
Yogurt Mangga,Produk Olahan Susu,Plastik,Chiller,0,3.0,0.0,3.0,Soon
Buah Cocktail,Produk Kaleng,Kaleng,Outside,1,302.0,6.0,-3.0,Expired
Susu Uht Full Cream,Produk Olahan Susu,Karton,Chiller,1,192.0,8.0,-1.0,Expired
Rambutan Kaleng,Produk Kaleng,Kaleng,Outside,1,404.0,1.0,2.0,Soon
Nugget Ayam,Produk Protein,Unknown,Freezer,0,143.0,0.0,143.0,Fresh
Sosis Frozen,Produk Protein,Plastik,Freezer,0,133.0,0.0,133.0,Fresh
Susu Uht Full Cream,Produk Olahan Susu,Karton,Chiller,1,500.0,6.0,1.0,Soon
Keju Cheddar,Produk Olahan Susu,Plastik,Chiller,1,93.0,4.0,10.0,Fresh
Nugget Tempe,Unknown,Plastik,Freezer,0,105.0,0.0,105.0,Fresh
Biskuit Mentega,Produk Kering,Kaleng,Outside,1,237.0,8.0,6.0,Soon
Yogurt Blueberry,Produk Olahan Susu,Plastik,Chiller,0,26.0,0.0,250.0,Fresh
Soda Lemon,Produk Minuman,Kaleng,Outside,0,233.0,0.0,233.0,Fresh
Yogurt Minum Probiotik,Produk Olahan Susu,glass,Chiller,1,2.0,4.0,-1.0,Expired
Jus Jambu,Produk Minuman,Karton,Chiller,1,166.0,5.0,-2.0,Expired
Jus Apel,Produk Minuman,Karton,Chiller,0,95.0,0.0,95.0,Fresh
Jagung Manis Kaleng,Produk Kaleng,Kaleng,Chiller,1,464.0,7.0,-4.0,Expired
Yogurt Kefir,Produk Olahan Susu,Botol Kaca,Unknown,1,1.0,1.0,1.0,Soon
Sosis Ikan,Produk Protein,Plastik,Chiller,1,39.0,7.0,-4.0,Expired
Yogurt Minum Probiotik,Produk Olahan Susu,Botol Kaca,Chiller,1,21.0,4.0,-1.0,Expired
Susu Uht Full Cream,Produk Olahan Susu,Karton,Chiller,0,111.0,0.0,111.0,Fresh
Air Soda,Produk Minuman,Plastik,Outside,0,181.0,0.0,181.0,Fresh
Keju Parmesan,Produk Olahan Susu,Plastik,Chiller,0,100.0,0.0,100.0,Fresh
Yogurt Kefir,Produk Olahan Susu,Unknown,Chiller,1,6.0,5.0,-2.0,Expired
Sosis Frankfurter,Produk Protein,Plastik,Chiller,0,44.0,0.0,44.0,Fresh
Sarden Minyak Zaitun,Produk Kaleng,Kaleng,Outside,1,287.0,6.0,-4.0,Expired
Soda Lemon,Produk Minuman,Kaleng,Outside,1,193.0,3.0,-2.0,Expired
Sarden Tomat,Produk Kaleng,Kaleng,Outside,0,400.0,0.0,250.0,Fresh
Susu Bubuk Full Cream,Produk Olahan Susu,Karton,Outside,0,241.0,0.0,241.0,Fresh
Sereal Coklat,Produk Kering,Karton,Outside,1,292.0,12.0,8.0,Fresh
Sarden Cabai,Produk Kaleng,Kaleng,Outside,1,500.0,1.0,1.0,Soon
Cola Original,Prod. Minuman,Kaleng,Outside,0,126.0,0.0,126.0,Fresh
Biskuit Mentega,Produk Kering,Kaleng,Outside,1,122.0,12.0,-3.0,Expired
Susu Uht Coklat,Unknown,Karton,Chiller,0,122.0,0.0,122.0,Fresh
Buah Cocktail,Produk Kaleng,Kaleng,Outside,1,500.0,5.0,-2.0,Expired
Yogurt Mangga,Produk Olahan Susu,Plastik,Chiller,0,20.0,0.0,20.0,Fresh
Susu Pasteurisasi,Produk Olahan Susu,Plastik,Chiller,0,5.0,0.0,-50.0,hampir
Sosis Bebek,Produk Protein,Plastik,Chiller,1,29.0,6.0,1.0,Soon
Susu Uht Full Cream,Produk Olahan Susu,Karton,Chiller,1,58.0,5.0,2.0,hampir
Susu Bubuk Full Cream,Olahan Susu,Karton,Unknown,1,500.0,3.0,27.0,Fresh
Susu Evaporasi,Produk Olahan Susu,Kaleng,Chiller,0,327.0,0.0,250.0,Fresh
Biskuit Crackers,Produk Kering,Plastik,Outside,0,6.0,0.0,6.0,Soon
Sereal Muesli,Produk Kering,Unknown,Outside,1,267.0,12.0,8.0,Fresh
Cola Zero Sugar,Produk Minuman,Kaleng,Outside,0,325.0,0.0,250.0,Fresh
Nugget Tempe,Produk Protein,Plastik,Freezer,0,52.0,0.0,52.0,Fresh
Air Soda,Produk Minuman,Plastik,Outside,0,303.0,0.0,250.0,Fresh
Sosis Frankfurter,Produk Protein,Plastik,Chiller,1,81.0,2.0,5.0,Soon
Jagung Manis Kaleng,Produk Kaleng,Kaleng,Chiller,0,363.0,0.0,250.0,Fresh
Cola Zero Sugar,Produk Minuman,Kaleng,Outside,1,243.0,2.0,-1.0,Expired
Yogurt Plain,Produk Olahan Susu,Plastik,Chiller,0,500.0,0.0,21.0,Fresh
Sereal Oat,Produk Kering,Unknown,Outside,0,336.0,0.0,250.0,Fresh
Susu Evaporasi,Produk Olahan Susu,Kaleng,Chiller,1,254.0,3.0,4.0,Soon
Keju Edam,Produk Olahan Susu,Plastik,Dingin,0,136.0,0.0,136.0,Fresh
Jus Nanas,Produk Minuman,Karton,Chiller,1,19.0,6.0,-1.0,Expired
Nugget Sapi,Produk Protein,Plastik,Freezer,0,122.0,0.0,122.0,Fresh
Sosis Frankfurter,Produk Protein,Plastik,Chiller,0,3.0,0.0,3.0,Soon
Mie Instan Goreng,Unknown,Plastik,Outside,0,34.0,1.0,-1.0,Expired
Mie Instan Soto,Produk Kering,Plastik,Outside,0,344.0,0.0,250.0,Fresh
Sosis Ikan,Produk Protein,Plastik,Chiller,0,35.0,0.0,35.0,Fresh
Mangga Kaleng,Produk Kaleng,Kaleng,Outside,1,370.0,8.0,-5.0,Expired
Susu Uht Stroberi,Produk Olahan Susu,Karton,Chiller,1,227.0,5.0,-4.0,Expired
Keju Mozzarella,Unknown,Plastik,Chiller,1,23.0,8.0,-1.0,Expired
Keju Cream Cheese,Produk Olahan Susu,Unknown,Chiller,1,2.0,4.0,2.0,Soon
Biskuit Crackers,Produk Kering,Plastik,Outside,1,32.0,1.0,6.0,Soon
Soda Lemon,Produk Minuman,Unknown,Outside,1,13.0,6.0,-5.0,Expired
Keju Mozzarella,Unknown,Plastik,Chiller,0,35.0,1.0,6.0,Soon
Keju Cheddar,Produk Olahan Susu,Plastik,Chiller,0,24.0,0.0,24.0,Fresh
Buah Cocktail,Kaleng,Kaleng,Outside,0,221.0,0.0,221.0,Fresh
Teh Kotak Hijau,Produk Minuman,Karton,Outside,1,20.0,3.0,-2.0,Expired
Yogurt Minum Probiotik,Produk Olahan Susu,Botol Kaca,Chiller,1,6.0,2.0,1.0,Soon
Susu Bubuk Coklat,Produk Olahan Susu,Karton,Outside,1,157.0,12.0,-1.0,Expired
Keju Cream Cheese,Produk Olahan Susu,Karton,Chiller,0,46.0,0.0,46.0,Fresh
Jus Anggur,Produk Minuman,Botol Kaca,Chiller,1,15.0,3.0,2.0,Soon
Keju Cheddar,Produk Olahan Susu,Plastik,Chiller,0,22.0,0.0,22.0,Fresh
Keju Edam,Produk Olahan Susu,Plastik,Chiller,1,22.0,12.0,0.0,Expired
Sereal Muesli,Produk Kering,Karton,Outside,1,172.0,9.0,21.0,Fresh
Nugget Ikan,Produk Protein,Plastik,Freezer,0,16.0,0.0,16.0,Fresh
Jus Sirsak,Produk Minuman,Karton,Chiller,1,179.0,4.0,-1.0,Expired
Keju Parmesan,Produk Olahan Susu,Plastik,Chiller,1,280.0,12.0,16.0,Fresh
Air Soda,Produk Minuman,Unknown,Outside,1,232.0,5.0,-4.0,Expired
Biskuit Oatmeal,Produk Kering,Plastik,Outside,1,173.0,2.0,5.0,Soon
Jus Nanas,Produk Minuman,Karton,Unknown,0,109.0,0.0,109.0,Fresh
Mie Instan Soto,Produk Kering,Unknown,Outside,1,88.0,5.0,-5.0,Expired
Leci Dalam Sirup,Produk Kaleng,Kaleng,Outside,1,223.0,7.0,-4.0,Expired
Biskuit Oatmeal,Produk Kering,Plastik,Outside,1,177.0,2.0,5.0,Soon
Teh Kotak Hijau,Produk Minuman,Unknown,Outside,0,118.0,0.0,118.0,Fresh
Teh Lemon,Produk Minuman,Karton,Outside,0,116.0,6.0,-5.0,Expired
Susu Evaporasi,Produk Olahan Susu,Kaleng,Chiller,1,479.0,9.0,-2.0,Expired
Biskuit Crackers,Produk Kering,Plastik,Outside,1,-10.0,1.0,6.0,Soon
Biskuit Marie,Produk Kering,Plastik,Outside,1,90.0,4.0,3.0,Soon
Keju Cheddar,Produk Olahan Susu,Plastik,Unknown,0,91.0,0.0,91.0,Fresh
Susu Bubuk Coklat,Unknown,Karton,Outside,1,72.0,10.0,20.0,Fresh
Minuman Isotonik,Produk Minuman,Plastik,Outside,1,317.0,5.0,-4.0,Expired
Biskuit Wafer,Produk Kering,Plastik,Outside,0,118.0,0.0,118.0,Fresh
Teh Kotak Jasmine,Produk Minuman,Karton,Unknown,1,362.0,4.0,-3.0,Expired
Biskuit Oatmeal,Produk Kering,Plastik,Outside,0,102.0,0.0,102.0,Fresh
Ikan Tuna,Produk Kaleng,Kaleng,Outside,1,500.0,2.0,0.0,Expired
Yogurt Minum Probiotik,Produk Olahan Susu,Botol Kaca,Chiller,1,2.0,1.0,2.0,Soon
Mangga Kaleng,Produk Kaleng,Kaleng,Outside,0,455.0,0.0,250.0,Fresh
Mie Instan Goreng,Produk Kering,Plastik,Outside,0,327.0,0.0,250.0,Fresh
Susu Uht Vanila,Produk Olahan Susu,Karton,Chiller,1,243.0,5.0,-4.0,Expired
Biskuit Marie,Produk Kering,Plastik,Outside,1,86.0,1.0,6.0,Soon
Soda Jeruk,Produk Minuman,Unknown,Outside,0,202.0,0.0,202.0,Fresh
Nugget Ikan,Produk Protein,Plastik,Freezer,0,7.0,0.0,7.0,Soon
Sereal Cornflakes,Produk Kering,Karton,Unknown,0,293.0,0.0,250.0,Fresh
Sosis Ayam,Produk Protein,Plastik,Chiller,1,21.0,1.0,4.0,Soon
Yogurt Plain,Produk Olahan Susu,Plastik,Chiller,0,8.0,0.0,8.0,Fresh
Ikan Makerel,Kaleng,Kaleng,Outside,1,500.0,1.0,1.0,Soon
Sosis Frozen,Produk Protein,Plastik,Freezer,0,73.0,0.0,73.0,Fresh
Sosis Frozen,Produk Protein,Plastik,Freezer,1,27.0,2.0,1.0,Soon
Kornet Ayam,Unknown,Kaleng,Outside,0,500.0,0.0,250.0,Fresh
Biskuit Oatmeal,Produk Kering,Plastik,Outside,1,36.0,8.0,-1.0,Expired
Susu Pasteurisasi,Produk Olahan Susu,Plastik,Chiller,1,14.0,6.0,-3.0,Expired
Susu Kental Manis Putih,Produk Olahan Susu,Kaleng,Chiller,1,381.0,12.0,-4.0,Expired
Teh Lemon,Produk Minuman,Karton,Outside,1,11.0,1.0,0.0,Expired
Cola Zero Sugar,Produk Minuman,Kaleng,Outside,1,59.0,6.0,-5.0,Expired
Susu Kental Manis Coklat,Produk Olahan Susu,Kaleng,Chiller,1,500.0,12.0,-1.0,Expired
Sereal Coklat,Produk Kering,Karton,Outside,0,145.0,0.0,145.0,Fresh
Susu Almond,Produk Olahan Susu,Karton,Unknown,1,25.0,6.0,-1.0,Expired
Buah Cocktail,Unknown,Kaleng,Outside,0,308.0,1.0,2.0,Soon
Jus Sirsak,Produk Minuman,Karton,Unknown,1,147.0,3.0,0.0,Expired
Air Soda,Produk Minuman,Plastik,Outside,0,240.0,0.0,240.0,Fresh
Susu Bubuk Skim,Produk Olahan Susu,Karton,Outside,1,500.0,12.0,13.0,Fresh
Susu Uht Vanila,Produk Olahan Susu,Karton,Chiller,0,85.0,0.0,85.0,Fresh
Nugget Sapi,Produk Protein,Plastik,Freezer,1,54.0,4.0,-1.0,Expired
Susu Bubuk Coklat,Produk Olahan Susu,Karton,Outside,0,52.0,0.0,52.0,Fresh
Ikan Tuna,Unknown,Kaleng,Outside,0,63.0,0.0,63.0,Fresh
Mie Instan Ayam,Produk Kering,Plastik,Unknown,0,71.0,0.0,71.0,Fresh
Teh Botol,Produk Minuman,Botol,Outside,0,304.0,0.0,250.0,Fresh
Biskuit Marie,Produk Kering,Plastik,Outside,1,5.0,1.0,5.0,Soon
Sosis Ayam,Produk Protein,Plastik,Chiller,1,32.0,10.0,-5.0,Expired
Persik Kaleng,Produk Kaleng,Kaleng,Outside,0,93.0,0.0,93.0,Fresh
Buah Cocktail,Produk Kaleng,Kaleng,Outside,0,195.0,0.0,195.0,Fresh
Jus Apel,Produk Minuman,Karton,Chiller,0,122.0,0.0,122.0,Fresh
Susu Uht Coklat,Produk Olahan Susu,Karton,Chiller,1,54.0,2.0,-1.0,Expired
Sosis Frozen,Produk Protein,Plastik,Freezer,0,137.0,0.0,137.0,Fresh
Yogurt Plain,Produk Olahan Susu,Plastik,Chiller,1,21.0,1.0,4.0,Soon
Nugget Sapi,Produk Protein,Plastik,Freezer,0,133.0,0.0,133.0,Fresh
Susu Kedelai,Produk Olahan Susu,Karton,Chiller,0,104.0,0.0,104.0,Fresh
Keju Cream Cheese,Produk Olahan Susu,Unknown,Chiller,0,57.0,0.0,57.0,Fresh
Nugget Udang,Produk Protein,Plastik,Freezer,1,74.0,3.0,0.0,Expired
Sereal Oat,Produk Kering,Karton,Outside,0,217.0,0.0,217.0,Fresh
Nugget Sapi,Produk Protein,Plastik,Freezer,1,169.0,3.0,0.0,Expired
Susu Kental Manis Putih,Produk Olahan Susu,Kaleng,Chiller,0,292.0,0.0,250.0,Fresh
Jagung Manis Kaleng,Produk Kaleng,Kaleng,Chiller,1,437.0,3.0,0.0,Dead
Teh Botol,Produk Minuman,Botol Kaca,Outside,0,288.0,7.0,-4.0,Expired
Biskuit Digestive,Produk Kering,Plastik,Outside,1,165.0,2.0,12.0,Fresh
Teh Tarik,Produk Minuman,Karton,Chiller,1,75.0,1.0,0.0,Expired
Susu Kedelai,Produk Olahan Susu,Karton,Chiller,1,132.0,8.0,-3.0,Expired
Sereal Cornflakes,Unknown,Karton,Outside,1,75.0,12.0,6.0,Soon
Biskuit Oreo,Produk Kering,Plastik,Outside,1,139.0,9.0,-2.0,Expired
Sarden Cabai,Produk Kaleng,Kaleng,Outside,1,42.0,1.0,1.0,Soon
Nugget Tempe,Produk Protein,Plastik,Freezer,0,61.0,0.0,61.0,Fresh
Minuman Isotonik,Produk Minuman,Plastik,Outside,0,143.0,0.0,143.0,Fresh
Teh Kotak Hijau,Produk Minuman,Karton,Outside,1,116.0,4.0,-3.0,Expired
Keju Cheddar,Produk Olahan Susu,Plastik,Chiller,1,91.0,9.0,5.0,Soon
Yogurt Blueberry,Produk Olahan Susu,Plastik,Chiller,1,6.0,7.0,-4.0,Dead
Susu Kedelai,Produk Olahan Susu,Karton,Chiller,1,91.0,1.0,4.0,Soon
Jagung Manis Kaleng,Produk Kaleng,Kaleng,Chiller,1,128.0,8.0,-5.0,Expired
Jus Jeruk,Produk Minuman,Karton,Chiller,0,52.0,0.0,52.0,Fresh
Ikan Makerel,Produk Kaleng,Kaleng,Outside,1,500.0,1.0,1.0,Soon
Sosis Frozen,Produk Protein,Plastik,Freezer,0,68.0,0.0,68.0,Fresh
Sereal Granola,Produk Kering,Karton,Unknown,0,265.0,0.0,250.0,Fresh
Susu Uht Low Fat,Produk Olahan Susu,Karton,Chiller,0,64.0,0.0,64.0,Fresh
Biskuit Marie,Produk Kering,Plastik,Outside,1,86.0,11.0,-4.0,Expired
Susu Bubuk Coklat,Produk Olahan Susu,Karton,Unknown,0,500.0,0.0,250.0,Fresh
Keju Cream Cheese,Produk Olahan Susu,Kardus,Chiller,0,500.0,0.0,29.0,Fresh
Mie Instan Goreng,Produk Kering,Plastik,Outside,1,29.0,3.0,-3.0,Expired
Rambutan Kaleng,Produk Kaleng,Kaleng,Outside,1,500.0,5.0,-2.0,Expired
Sereal Muesli,Produk Kering,Karton,Outside,1,81.0,12.0,11.0,Fresh
Buah Cocktail,Unknown,Kaleng,Outside,0,251.0,0.0,250.0,Fresh
Jus Apel,Produk Minuman,Karton,Chiller,1,149.0,1.0,4.0,Soon
Minuman Isotonik,Unknown,Plastik,Outside,0,299.0,0.0,250.0,Fresh
Biskuit Oatmeal,Produk Kering,Plastik,Outside,0,105.0,0.0,105.0,Fresh
Jus Apel,Produk Minuman,Karton,Chiller,1,168.0,9.0,-4.0,Expired
Susu Evaporasi,Produk Olahan Susu,Kaleng,Chiller,0,371.0,0.0,250.0,Fresh
Susu Kental Manis Coklat,Produk Olahan Susu,Kaleng,Chiller,1,192.0,3.0,11.0,Fresh
Susu Evaporasi,Produk Olahan Susu,Kaleng,Chiller,1,500.0,4.0,3.0,Soon
Yogurt Mangga,Produk Olahan Susu,Plastik,Chiller,1,12.0,8.0,-5.0,Expired
Minuman Energi,Produk Minuman,Kaleng,Outside,1,349.0,1.0,0.0,Expired
Susu Bubuk Coklat,Produk Olahan Susu,Karton,Outside,1,149.0,9.0,21.0,Fresh
Cola Original,Produk Minuman,Unknown,Outside,1,38.0,2.0,-1.0,Expired
Keju Edam,Unknown,Plastik,Chiller,1,101.0,12.0,2.0,Soon
Sereal Muesli,Produk Kering,Karton,Outside,1,221.0,8.0,22.0,Fresh
Susu Uht Full Cream,Produk Olahan Susu,Karton,Chiller,1,175.0,5.0,2.0,Soon
Sosis Sapi,Produk Protein,Plastik,Chiller,1,42.0,9.0,-4.0,Expired
Minuman Isotonik,Produk Minuman,Plastik,Outside,1,59.0,1.0,0.0,Expired
Jus Nanas,Produk Minuman,Karton,Chiller,1,145.0,3.0,2.0,Soon
Air Soda,Produk Minuman,Plastik,Outside,1,339.0,4.0,-3.0,Expired
Rambutan Kaleng,Produk Kaleng,Kaleng,Unknown,0,500.0,0.0,250.0,Fresh
Leci Dalam Sirup,Produk Kaleng,Kaleng,Outside,1,312.0,5.0,-2.0,Expired
Rambutan Kaleng,Produk Kaleng,Kaleng,Outside,1,107.0,8.0,-5.0,Expired
Teh Botol,Produk Minuman,Botol Kaca,Outside,0,108.0,0.0,108.0,Fresh
Soda Lemon,Produk Minuman,Kaleng,Outside,1,338.0,1.0,0.0,Expired
Jus Sirsak,Produk Minuman,Unknown,Chiller,0,93.0,0.0,93.0,Fresh
Rambutan Kaleng,Kaleng,Kaleng,Outside,0,370.0,0.0,250.0,Fresh
Biskuit Mentega,Produk Kering,Kaleng,Unknown,1,68.0,9.0,5.0,Soon
Yogurt Kefir,Produk Olahan Susu,Botol Kaca,Chiller,1,6.0,8.0,-5.0,Expired
Sosis Ikan,Unknown,Plastik,Chiller,1,13.0,1.0,2.0,Soon
Sosis Ayam,Protin,Plastik,Chiller,0,12.0,0.0,12.0,Fresh
Nugget Sapi,Unknown,Plastik,Freezer,0,118.0,0.0,118.0,Fresh
Sosis Bebek,Produk Protein,Plastik,Chiller,0,41.0,0.0,41.0,Fresh
Biskuit Digestive,Produk Kering,Plastik,Outside,1,277.0,12.0,-4.0,Expired
Sereal Coklat,Produk Kering,Karton,Outside,1,249.0,12.0,5.0,Soon
Susu Kental Manis Coklat,Produk Olahan Susu,Kaleng,Chiller,1,137.0,2.0,12.0,Fresh
Biskuit Oatmeal,Produk Kering,Plastik,Unknown,1,44.0,9.0,-2.0,Expired
Ikan Tuna,Unknown,Kaleng,Outside,1,500.0,6.0,-4.0,Expired
Soda Jeruk,Prod. Minuman,Kaleng,Outside,1,141.0,3.0,-2.0,Expired
Nugget Sapi,Produk Protein,Plastik,Freezer,0,14.0,0.0,14.0,Fresh
Teh Tarik,Produk Minuman,Karton,Chiller,1,125.0,2.0,-1.0,Expired
Jus Anggur,Unknown,Botol Kaca,Chiller,1,170.0,2.0,3.0,Soon
Ikan Makerel,Produk Kaleng,Kaleng,Outside,1,290.0,7.0,-5.0,Expired
Jus Nanas,Produk Minuman,Karton,Chiller,0,21.0,0.0,21.0,Fresh
Jus Mangga,Produk Minuman,Karton,Chiller,0,113.0,0.0,113.0,Fresh
Nugget Tempe,Produk Protein,Plastik,Freezer,0,9.0,0.0,9.0,Fresh
Keju Cheddar,Produk Olahan Susu,Plastik,Chiller,0,77.0,0.0,77.0,Fresh
Biskuit Oatmeal,Produk Kering,Plastik,Outside,1,8.0,12.0,-5.0,Expired
Mie Instan Ayam,Unknown,Plastik,Outside,0,147.0,0.0,147.0,Fresh
Yogurt Plain,Produk Olahan Susu,Plastik,Chiller,0,13.0,0.0,13.0,Fresh
Sosis Frankfurter,Produk Protein,Plastik,Chiller,1,49.0,4.0,3.0,Soon
Susu Kental Manis Putih,Unknown,Kaleng,Chiller,0,500.0,0.0,250.0,Fresh
Cola Original,Produk Minuman,Kaleng,Outside,1,176.0,5.0,-4.0,Expired
Biskuit Wafer,Produk Kering,Plastik,Outside,1,150.0,8.0,-3.0,Expired
Teh Tarik,Produk Minuman,Karton,Chiller,1,228.0,6.0,-5.0,Expired
Susu Almond,Produk Olahan Susu,Karton,Chiller,1,120.0,9.0,-4.0,Expired
Mangga Kaleng,Produk Kaleng,Kaleng,Outside,1,500.0,4.0,-1.0,Expired
Yogurt Kefir,Produk Olahan Susu,Botol Kaca,Chiller,0,14.0,0.0,14.0,Fresh
Teh Kotak Jasmine,Produk Minuman,Karton,Outside,1,43.0,3.0,250.0,Expired
Mie Instan Ayam,Produk Kering,Plastik,Unknown,0,167.0,0.0,167.0,Fresh
Susu Kental Manis Coklat,Produk Olahan Susu,Kaleng,Unknown,1,373.0,12.0,-3.0,Expired
Biskuit Digestive,Produk Kering,Plastik,Outside,1,338.0,12.0,-4.0,Expired
Air Mineral,Produk Minuman,Plastik,Outside,0,107.0,0.0,107.0,Fresh
Sereal Oat,Produk Kering,Karton,Outside,0,64.0,0.0,64.0,Fresh
Teh Kotak Jasmine,Produk Minuman,Karton,Outside,0,218.0,0.0,218.0,Fresh
Yogurt Stroberi,Produk Olahan Susu,Plastik,Chiller,0,16.0,0.0,16.0,Fresh
Biskuit Wafer,Produk Kering,Plastik,Outside,0,107.0,0.0,107.0,Fresh
Nanas Kaleng,Produk Kaleng,Kaleng,Outside,1,500.0,3.0,0.0,Expired
Teh Kotak Hijau,Produk Minuman,Karton,Outside,0,250.0,0.0,250.0,Fresh
Minuman Energi,Produk Minuman,Kaleng,Outside,1,304.0,1.0,0.0,Expired
Cola Original,Produk Minuman,Kaleng,Outside,1,169.0,1.0,0.0,Expired
Rambutan Kaleng,Produk Kaleng,Kaleng,Outside,0,332.0,0.0,250.0,Fresh
Keju Cream Cheese,Produk Olahan Susu,Karton,Chiller,0,1.0,0.0,1.0,Soon
Biskuit Mentega,Produk Kering,Kaleng,Outside,1,182.0,8.0,6.0,Soon
Susu Kedelai,Produk Olahan Susu,Karton,Chiller,1,244.0,8.0,-3.0,Expired
Teh Kotak Jasmine,Produk Minuman,Unknown,Outside,0,74.0,0.0,74.0,Fresh
Susu Evaporasi,Produk Olahan Susu,Kaleng,Unknown,1,500.0,5.0,2.0,Soon
Sereal Oat,Produk Kering,Karton,Unknown,1,93.0,11.0,19.0,Fresh
Sosis Frozen,Produk Protein,Plastik,Freezer,1,102.0,4.0,-1.0,Expired
Sosis Bebek,Produk Protein,Plastik,Dingin,0,84.0,0.0,84.0,Fresh
Leci Dalam Sirup,Produk Kaleng,Kaleng,Outside,1,328.0,6.0,-3.0,Expired
Sereal Oat,Produk Kering,Karton,Outside,1,315.0,12.0,18.0,Fresh
Susu Kental Manis Coklat,Produk Olahan Susu,Kaleng,Chiller,0,301.0,0.0,250.0,Fresh
Susu Kental Manis Putih,Produk Olahan Susu,Kaleng,Chiller,0,309.0,0.0,250.0,Fresh
Susu Uht Vanila,Produk Olahan Susu,Karton,Chiller,1,24.0,1.0,0.0,Expired
Nugget Ikan,Produk Protein,Plastik,Freezer,1,35.0,8.0,-5.0,Expired
Teh Botol,Produk Minuman,Botol Kaca,Outside,0,139.0,0.0,139.0,Fresh
Buah Cocktail,Produk Kaleng,Unknown,Outside,1,281.0,1.0,2.0,Soon
Susu Evaporasi,Produk Olahan Susu,Kaleng,Chiller,0,500.0,0.0,250.0,Fresh
Susu Kedelai,Produk Olahan Susu,Karton,Chiller,1,128.0,1.0,4.0,Soon
Susu Kental Manis Putih,Produk Olahan Susu,Kaleng,Chiller,1,500.0,12.0,1.0,Soon
Susu Uht Low Fat,Unknown,Karton,Chiller,1,31.0,4.0,1.0,Soon
Biskuit Oreo,Produk Kering,Plastik,Outside,0,500.0,0.0,153.0,Fresh
Nugget Ayam,Produk Protein,Plastik,Freezer,0,102.0,0.0,102.0,Fresh
Teh Kotak Jasmine,Produk Minuman,Karton,Outside,0,311.0,0.0,250.0,Fresh
Keju Cheddar,Produk Olahan Susu,Plastik,Chiller,1,169.0,12.0,-2.0,Expired
Teh Kotak Jasmine,Produk Minuman,Karton,Outside,1,34.0,3.0,-2.0,Expired
Yogurt Blueberry,Produk Olahan Susu,Plastik,Chiller,1,6.0,3.0,0.0,Expired
Sereal Muesli,Produk Kering,Karton,Outside,0,79.0,0.0,79.0,Fresh
Jus Jeruk,Produk Minuman,Karton,Chiller,0,1.0,0.0,1.0,Segera
Jus Jambu,Produk Minuman,Karton,Chiller,1,22.0,5.0,-2.0,Expired
Sereal Coklat,Produk Kering,Karton,Outside,0,104.0,0.0,104.0,Fresh
Minuman Energi,Produk Minuman,Kaleng,Outside,1,40.0,2.0,-1.0,Expired
Susu Kedelai,Produk Olahan Susu,Unknown,Chiller,0,52.0,0.0,52.0,Fresh
Sosis Bebek,Produk Protein,Plastik,Unknown,1,88.0,8.0,-1.0,Expired
Jus Jeruk,Produk Minuman,Karton,Chiller,1,54.0,2.0,3.0,Soon
Biskuit Oatmeal,Produk Kering,Plastik,Outside,0,153.0,0.0,153.0,Fresh
Susu Evaporasi,Produk Olahan Susu,Kaleng,Chiller,1,354.0,7.0,0.0,Expired
Leci Dalam Sirup,Produk Kaleng,Kaleng,Outside,1,24.0,6.0,-3.0,Expired
Mie Instan Soto,Produk Kering,Plastik,Outside,0,203.0,0.0,203.0,Fresh
Sosis Bebek,Unknown,Plastik,Chiller,1,44.0,9.0,-2.0,Expired
Keju Edam,Produk Olahan Susu,Plastik,Chiller,0,93.0,0.0,93.0,Fresh
Susu Uht Full Cream,Produk Olahan Susu,Karton,Chiller,1,47.0,1.0,6.0,Soon
Sereal Granola,Produk Kering,Karton,Outside,0,15.0,0.0,15.0,Fresh
Yogurt Blueberry,Produk Olahan Susu,Plastik,Chiller,0,18.0,0.0,18.0,Fresh
Jus Anggur,Produk Minuman,Botol Kaca,Chiller,1,75.0,1.0,4.0,Soon
Yogurt Blueberry,Produk Olahan Susu,Plastik,Chiller,1,3.0,1.0,2.0,Soon
Teh Tarik,Produk Minuman,Karton,Chiller,0,113.0,0.0,113.0,Fresh
Mie Instan Goreng,Produk Kering,Plastik,Unknown,1,206.0,1.0,-1.0,Expired
Susu Bubuk Skim,Produk Olahan Susu,Karton,Outside,1,310.0,12.0,17.0,Fresh
Teh Kotak Hijau,Produk Minuman,Karton,Outside,0,11.0,0.0,11.0,Fresh
Yogurt Stroberi,Produk Olahan Susu,Plastik,Chiller,0,8.0,0.0,8.0,Fresh
Jus Mangga,Produk Minuman,Karton,Chiller,0,5.0,0.0,5.0,Soon
Minuman Energi,Produk Minuman,Kaleng,Outside,0,76.0,0.0,76.0,Fresh
Sereal Oat,Produk Kering,Karton,Outside,1,167.0,9.0,21.0,Fresh
Jus Jeruk,Produk Minuman,Karton,Chiller,1,154.0,7.0,-2.0,Expired
Minuman Isotonik,Produk Minuman,Plastik,Outside,0,295.0,0.0,250.0,Fresh
Rambutan Kaleng,Produk Kaleng,Kaleng,Outside,0,252.0,0.0,250.0,Fresh
Keju Edam,Produk Olahan Susu,Plastik,Dingin,1,80.0,11.0,10.0,Fresh
Mie Instan Soto,Produk Kering,Plastik,Outside,1,193.0,5.0,-5.0,Expired
Yogurt Minum Probiotik,Produk Olahan Susu,Botol Kaca,Chiller,1,2.0,2.0,1.0,Soon
Yogurt Mangga,Produk Olahan Susu,Plastik,Chiller,0,16.0,0.0,16.0,Fresh
Biskuit Sandwich,Produk Kering,Plastik,Outside,1,23.0,1.0,4.0,Soon
Keju Cream Cheese,Produk Olahan Susu,Karton,Chiller,0,9.0,0.0,9.0,Fresh
Sosis Sapi,Unknown,Plastik,Chiller,1,52.0,6.0,-50.0,Expired
Keju Cream Cheese,Produk Olahan Susu,Karton,Chiller,0,3.0,0.0,3.0,Soon
Persik Kaleng,Produk Kaleng,Kaleng,Outside,0,364.0,0.0,250.0,Fresh
Soda Jeruk,Produk Minuman,Kaleng,Outside,0,216.0,1.0,0.0,Expired
Ikan Salmon,Produk Kaleng,Kaleng,Outside,1,75.0,5.0,-3.0,Expired
Sosis Ikan,Produk Protein,Plastik,Chiller,1,11.0,6.0,-3.0,Expired
Biskuit Oatmeal,Produk Kering,Plastik,Outside,1,500.0,2.0,5.0,Soon
Soda Jeruk,Produk Minuman,Kaleng,Outside,0,350.0,4.0,-3.0,Expired
Susu Uht Coklat,Unknown,Karton,Chiller,0,115.0,0.0,115.0,Fresh
Susu Almond,Produk Olahan Susu,Karton,Chiller,1,500.0,8.0,-3.0,Expired
Nugget Ikan,Produk Protein,Plastik,Freezer,1,139.0,3.0,0.0,Expired
Susu Bubuk Skim,Produk Olahan Susu,Karton,Outside,1,500.0,9.0,21.0,Fresh
Soda Lemon,Produk Minuman,Kaleng,Outside,1,99.0,5.0,-4.0,Expired
Sosis Frankfurter,Produk Protein,Plastik,Chiller,0,51.0,0.0,51.0,Fresh
Air Soda,Produk Minuman,Plastik,Outside,0,338.0,0.0,250.0,Fresh
Susu Bubuk Full Cream,Produk Olahan Susu,Karton,Outside,1,500.0,9.0,21.0,Fresh
Sereal Granola,Produk Kering,Karton,Outside,1,73.0,12.0,13.0,Fresh
Biskuit Wafer,Produk Kering,Plastik,Outside,0,76.0,0.0,76.0,Fresh
Yogurt Minum Probiotik,Produk Olahan Susu,Botol Kaca,Chiller,1,13.0,8.0,-5.0,Expired
Biskuit Mentega,Produk Kering,Kaleng,Outside,1,294.0,11.0,3.0,Soon
Keju Mozzarella,Produk Olahan Susu,Plastik,Chiller,1,25.0,5.0,2.0,Soon
Susu Bubuk Bayi,Produk Olahan Susu,Karton,Outside,1,297.0,12.0,9.0,Fresh
Leci Dalam Sirup,Produk Kaleng,Kaleng,Outside,1,349.0,6.0,-3.0,Expired
Jus Jambu,Produk Minuman,Karton,Chiller,0,18.0,0.0,18.0,Fresh
Jus Nanas,Produk Minuman,Karton,Chiller,0,96.0,0.0,96.0,Fresh
Minuman Energi,Produk Minuman,Kaleng,Outside,1,157.0,6.0,-5.0,Expired
Susu Uht Vanila,Produk Olahan Susu,Karton,Chiller,0,268.0,0.0,250.0,Fresh
Biskuit Marie,Produk Kering,Plastik,Outside,0,132.0,0.0,132.0,Fresh
Teh Lemon,Produk Minuman,Karton,Outside,0,53.0,0.0,53.0,Fresh
Sosis Bebek,Produk Protein,Plastik,Chiller,1,72.0,10.0,-3.0,Expired
Yogurt Mangga,Produk Olahan Susu,Plastik,Chiller,0,22.0,0.0,22.0,Fresh
Sosis Sapi,Produk Protein,Plastik,Chiller,1,57.0,1.0,4.0,Soon
Susu Almond,Produk Olahan Susu,Karton,Dingin,0,219.0,0.0,219.0,Fresh
Biskuit Oatmeal,Produk Kering,Plastik,Outside,0,134.0,0.0,134.0,Fresh
Teh Botol,Produk Minuman,Botol Kaca,Outside,0,22.0,0.0,22.0,Fresh
Sereal Oat,Produk Kering,Karton,Outside,0,227.0,0.0,227.0,Fresh
Biskuit Marie,Produk Kering,Plastik,Outside,0,10.0,0.0,10.0,Fresh
Jus Anggur,Produk Minuman,Unknown,Chiller,1,359.0,4.0,1.0,Soon
Sosis Ayam,Produk Protein,Plastik,Chiller,1,17.0,9.0,-4.0,Expired
Teh Botol,Unknown,Botol Kaca,Outside,1,282.0,5.0,-2.0,Expired
Sosis Ikan,Produk Protein,Plastik,Chiller,0,9.0,0.0,-50.0,Fresh
Keju Mozzarella,Produk Olahan Susu,Plastik,Chiller,0,37.0,0.0,37.0,Fresh
Sereal Cornflakes,Produk Kering,Karton,Outside,0,308.0,0.0,250.0,Fresh
Sereal Granola,Produk Kering,Karton,Outside,1,148.0,12.0,-2.0,Expired
Jus Nanas,Produk Minuman,Karton,Chiller,0,129.0,0.0,129.0,Fresh
Yogurt Plain,Produk Olahan Susu,Plastik,Chiller,0,29.0,0.0,29.0,Fresh
Sereal Muesli,Produk Kering,Karton,Outside,1,259.0,8.0,22.0,Fresh
Sereal Coklat,Produk Kering,Karton,Outside,0,342.0,0.0,250.0,Fresh
Soda Jeruk,Produk Minuman,Kaleng,Outside,1,202.0,1.0,0.0,Expired
Keju Mozzarella,Produk Olahan Susu,Plastik,Chiller,0,46.0,0.0,46.0,Fresh
Teh Kotak Hijau,Produk Minuman,Karton,Outside,0,188.0,0.0,188.0,Fresh
Sarden Minyak Zaitun,Produk Kaleng,Kaleng,Outside,1,500.0,7.0,-5.0,Expired
Sarden Cabai,Produk Kaleng,Kaleng,Outside,0,231.0,0.0,231.0,Fresh
Jus Apel,Produk Minuman,Karton,Chiller,0,146.0,0.0,146.0,Fresh
Buah Cocktail,Produk Kaleng,Kaleng,Outside,1,363.0,6.0,-3.0,Expired
Kornet Sapi,Produk Kaleng,Kaleng,Outside,1,500.0,1.0,2.0,Soon
Susu Kental Manis Putih,Produk Olahan Susu,Kaleng,Chiller,1,358.0,1.0,13.0,Fresh
Jus Jambu,Produk Minuman,Karton,Chiller,1,76.0,4.0,-50.0,Expired
Soda Lemon,Produk Minuman,Kaleng,Outside,0,79.0,0.0,79.0,Fresh
Jus Jambu,Produk Minuman,Karton,Chiller,0,138.0,0.0,138.0,Fresh
Keju Cheddar,Produk Olahan Susu,Plastik,Dingin,1,155.0,12.0,1.0,Soon
Teh Kotak Jasmine,Produk Minuman,Karton,Outside,0,157.0,0.0,157.0,Fresh
Susu Bubuk Full Cream,Produk Olahan Susu,Karton,Outside,0,466.0,0.0,250.0,Fresh
Keju Mozzarella,Produk Olahan Susu,Plastik,Unknown,1,-5.0,2.0,5.0,Soon
Jus Jambu,Produk Minuman,Karton,Chiller,0,70.0,0.0,70.0,Fresh
Mie Instan Ayam,Produk Kering,Plastik,Outside,0,61.0,0.0,61.0,Fresh
Yogurt Plain,Produk Olahan Susu,Plastik,Chiller,0,7.0,0.0,7.0,Soon
Biskuit Digestive,Unknown,Plastik,Unknown,1,244.0,12.0,1.0,Soon
Yogurt Mangga,Produk Olahan Susu,Plastik,Chiller,0,5.0,0.0,5.0,Soon
Sosis Ikan,Produk Protein,Plastik,Chiller,0,15.0,0.0,15.0,Fresh
Sereal Coklat,Produk Kering,Karton,Outside,1,242.0,12.0,-5.0,Expired
Yogurt Stroberi,Produk Olahan Susu,Plastik,Chiller,1,6.0,6.0,-3.0,Expired
Air Mineral,Produk Minuman,Plastik,Outside,0,308.0,0.0,250.0,Fresh
Kornet Ayam,Produk Kaleng,Kaleng,Outside,1,92.0,4.0,-1.0,Expired
Biskuit Digestive,Produk Kering,Plastik,Outside,1,61.0,12.0,1.0,Soon
Yogurt Mangga,Produk Olahan Susu,Plastik,Chiller,1,7.0,7.0,-4.0,Expired
Biskuit Oreo,Produk Kering,Plastik,Outside,0,63.0,0.0,63.0,Fresh
Susu Uht Stroberi,Produk Olahan Susu,Karton,Chiller,1,245.0,1.0,0.0,Expired
Sereal Muesli,Produk Kering,Karton,Outside,0,243.0,0.0,243.0,Fresh
Nanas Kaleng,Produk Kaleng,Kaleng,Outside,0,331.0,0.0,250.0,Fresh
Yogurt Stroberi,Produk Olahan Susu,Plastik,Chiller,0,28.0,0.0,28.0,Fresh
Yogurt Stroberi,Produk Olahan Susu,Plastik,Chiller,1,15.0,1.0,2.0,Soon
Nugget Sayuran,Produk Protein,Plastik,Freezer,1,37.0,5.0,-2.0,Expired
Leci Dalam Sirup,Produk Kaleng,Kaleng,Outside,0,20.0,0.0,20.0,Fresh
Susu Kental Manis Putih,Produk Olahan Susu,Kaleng,Chiller,0,49.0,0.0,49.0,Fresh
Susu Uht Vanila,Produk Olahan Susu,Karton,Chiller,1,42.0,2.0,-1.0,Expired
Nugget Ikan,Produk Protein,Plastik,Freezer,1,52.0,5.0,-2.0,Expired
Mie Instan Soto,Produk Kering,Plastik,Outside,0,253.0,0.0,250.0,Fresh
Keju Cream Cheese,Produk Olahan Susu,Karton,Chiller,0,29.0,0.0,29.0,Fresh
Biskuit Sandwich,Produk Kering,Plastik,Unknown,0,140.0,0.0,140.0,Fresh
Susu Uht Low Fat,Produk Olahan Susu,Karton,Chiller,0,186.0,0.0,186.0,Fresh
Nugget Sayuran,Produk Protein,Plastik,Freezer,1,78.0,4.0,-1.0,Expired
Biskuit Mentega,Produk Kering,Kaleng,Outside,0,131.0,0.0,131.0,Fresh
Ikan Tuna,Produk Kaleng,Unknown,Outside,1,500.0,7.0,-5.0,Expired
Susu Pasteurisasi,Produk Olahan Susu,Plastik,Chiller,1,3.0,3.0,0.0,Expired
Sereal Granola,Produk Kering,Karton,Outside,0,329.0,0.0,250.0,Fresh
Nugget Sapi,Produk Protein,Plastik,Freezer,0,141.0,0.0,141.0,Fresh
Air Mineral,Unknown,Plastik,Outside,1,500.0,6.0,-5.0,Expired
Air Soda,Produk Minuman,Plastik,Outside,0,182.0,0.0,182.0,Fresh
Susu Pasteurisasi,Produk Olahan Susu,Plastik,Chiller,1,4.0,4.0,-1.0,Expired
Susu Evaporasi,Produk Olahan Susu,Kaleng,Chiller,1,500.0,12.0,-5.0,Expired
Biskuit Sandwich,Produk Kering,Plastik,Outside,1,96.0,8.0,-3.0,Expired
Biskuit Mentega,Produk Kering,Kaleng,Outside,0,254.0,0.0,250.0,Fresh
Susu Kental Manis Coklat,Produk Olahan Susu,Kaleng,Chiller,1,314.0,12.0,-1.0,Expired
Ikan Makerel,Produk Kaleng,Kaleng,Outside,0,272.0,0.0,250.0,Fresh
Jus Anggur,Produk Minuman,Botol Kaca,Chiller,1,120.0,10.0,-5.0,Expired
Minuman Isotonik,Produk Minuman,Plastik,Outside,0,72.0,0.0,72.0,Fresh
Nugget Ikan,Produk Protein,Plastik,Freezer,1,11.0,7.0,-4.0,Expired
Yogurt Blueberry,Produk Olahan Susu,Plastik,Chiller,0,11.0,0.0,11.0,Fresh
Keju Cream Cheese,Produk Olahan Susu,Karton,Chiller,1,51.0,11.0,3.0,Soon
Nanas Kaleng,Produk Kaleng,Kaleng,Outside,0,301.0,0.0,250.0,Fresh
Susu Kedelai,Produk Olahan Susu,Karton,Chiller,0,140.0,3.0,2.0,Soon
Sereal Muesli,Produk Kering,Karton,Outside,0,106.0,0.0,106.0,Fresh
Jus Sirsak,Produk Minuman,Kardus,Chiller,0,169.0,0.0,169.0,Fresh
Susu Almond,Produk Olahan Susu,Karton,Chiller,0,256.0,0.0,250.0,Fresh
Sarden Tomat,Produk Kaleng,Kaleng,Outside,0,17.0,0.0,17.0,Fresh
Leci Dalam Sirup,Produk Kaleng,Kaleng,Outside,1,24.0,5.0,-2.0,Expired
Susu Bubuk Coklat,Produk Olahan Susu,Unknown,Outside,0,295.0,0.0,250.0,Fresh
Mie Instan Soto,Produk Kering,Plastik,Outside,1,363.0,4.0,-4.0,Expired
Biskuit Wafer,Produk Kering,Plastik,Outside,1,71.0,1.0,4.0,Soon
Biskuit Crackers,Produk Kering,Plastik,Outside,0,113.0,0.0,113.0,Fresh
Susu Uht Coklat,Produk Olahan Susu,Karton,Chiller,1,180.0,3.0,-2.0,Expired
Sereal Coklat,Produk Kering,Karton,Unknown,0,45.0,0.0,45.0,Fresh
Sereal Granola,Produk Kering,Karton,Outside,0,26.0,0.0,26.0,Fresh
Keju Parmesan,Produk Olahan Susu,Plastik,Chiller,1,273.0,12.0,12.0,Fresh
Rambutan Kaleng,Produk Kaleng,Kaleng,Outside,0,454.0,0.0,250.0,Fresh
Susu Kental Manis Putih,Produk Olahan Susu,Unknown,Chiller,0,29.0,0.0,29.0,Fresh
Nugget Sapi,Produk Protein,Plastik,Freezer,1,90.0,7.0,-4.0,Expired
Yogurt Minum Probiotik,Unknown,Botol Kaca,Chiller,0,14.0,0.0,14.0,Fresh
Susu Uht Full Cream,Produk Olahan Susu,Karton,Chiller,1,235.0,3.0,4.0,Soon
Keju Edam,Produk Olahan Susu,Plastik,Chiller,0,75.0,0.0,75.0,Fresh
Sereal Cornflakes,Produk Kering,Karton,Unknown,1,110.0,12.0,0.0,Expired
Teh Botol,Produk Minuman,Botol Kaca,Outside,1,357.0,3.0,0.0,Expired
Ikan Makerel,Produk Kaleng,Kaleng,Outside,0,484.0,0.0,250.0,Fresh
Sosis Ayam,Produk Protein,Plastik,Chiller,0,6.0,0.0,6.0,Soon
Teh Lemon,Produk Minuman,Karton,Outside,0,252.0,0.0,250.0,Fresh
Cola Zero Sugar,Produk Minuman,Kaleng,Outside,0,308.0,0.0,250.0,Fresh
Leci Dalam Sirup,Produk Kaleng,Kaleng,Outside,1,274.0,8.0,-5.0,Expired
Teh Botol,Produk Minuman,Botol Kaca,Outside,1,95.0,5.0,-2.0,Expired
Biskuit Wafer,Produk Kering,Plastik,Outside,0,147.0,0.0,147.0,Fresh
Buah Cocktail,Produk Kaleng,Kaleng,Outside,0,334.0,0.0,250.0,Fresh
Air Mineral,Produk Minuman,Plastik,Outside,1,26.0,5.0,-4.0,Expired
Nugget Udang,Produk Protein,Plastik,frozen,0,116.0,0.0,116.0,Fresh
Jus Apel,Produk Minuman,Karton,Chiller,0,133.0,0.0,133.0,Fresh
Jus Anggur,Produk Minuman,Botol Kaca,Chiller,0,108.0,0.0,108.0,Fresh
Yogurt Minum Probiotik,Unknown,Botol Kaca,Chiller,1,17.0,4.0,-1.0,Expired
Jus Nanas,Produk Minuman,Unknown,Chiller,0,102.0,0.0,102.0,Fresh
Biskuit Oreo,Produk Kering,Plastik,Outside,0,162.0,0.0,162.0,Fresh
Teh Lemon,Produk Minuman,Karton,Outside,1,246.0,2.0,-1.0,Expired
Biskuit Oatmeal,Unknown,Plastik,Outside,0,113.0,0.0,113.0,Fresh
Susu Uht Full Cream,Produk Olahan Susu,Karton,Chiller,0,66.0,0.0,66.0,Fresh
Susu Pasteurisasi,Produk Olahan Susu,Plastik,Chiller,0,9.0,0.0,9.0,Fresh
Jus Sirsak,Produk Minuman,Karton,Chiller,1,81.0,2.0,1.0,Soon
Keju Cheddar,Produk Olahan Susu,Plastik,Chiller,1,27.0,1.0,13.0,Fresh
Nugget Sayuran,Produk Protein,Plastik,Freezer,1,25.0,8.0,-5.0,Expired
Soda Lemon,Produk Minuman,Kaleng,Outside,1,63.0,2.0,-1.0,Expired
Teh Kotak Jasmine,Produk Minuman,Kardus,Outside,1,240.0,5.0,-4.0,Expired
Sosis Ayam,Produk Protein,Plastik,Unknown,0,45.0,0.0,45.0,Fresh
Yogurt Plain,Produk Olahan Susu,Plastik,Chiller,1,15.0,6.0,-1.0,Expired
Yogurt Stroberi,Produk Olahan Susu,Plastik,Chiller,1,1.0,6.0,-3.0,Expired
Susu Uht Coklat,Produk Olahan Susu,Karton,Chiller,0,146.0,0.0,146.0,Fresh
Kornet Sapi,Produk Kaleng,Kaleng,Outside,1,500.0,8.0,-5.0,Expired
Ikan Tuna,Kaleng,Kaleng,Outside,1,247.0,5.0,-3.0,Expired
Jus Sirsak,Produk Minuman,Karton,Dingin,1,166.0,7.0,-4.0,Expired
Susu Kental Manis Putih,Produk Olahan Susu,Kaleng,Chiller,0,448.0,0.0,250.0,Fresh
Biskuit Marie,Produk Kering,Plastik,Outside,0,-10.0,0.0,146.0,Fresh
Sosis Bebek,Produk Protein,Plastik,Chiller,1,44.0,2.0,5.0,Hampir
Jus Jeruk,Produk Minuman,Karton,Chiller,0,96.0,0.0,96.0,Fresh
Susu Kedelai,Produk Olahan Susu,Karton,Chiller,0,114.0,4.0,1.0,Soon
Jus Sirsak,Produk Minuman,Karton,Chiller,0,133.0,0.0,133.0,Fresh
Nugget Tempe,Produk Protein,Plastik,Freezer,1,61.0,4.0,-1.0,Expired
Susu Bubuk Bayi,Produk Olahan Susu,Karton,Unknown,1,74.0,12.0,4.0,Soon
Nugget Sayuran,Produk Protein,Plastik,Freezer,1,81.0,1.0,2.0,Soon
Kornet Sapi,Produk Kaleng,Kaleng,Outside,1,500.0,5.0,-2.0,Expired
Sarden Tomat,Produk Kaleng,Kaleng,Outside,1,500.0,5.0,-3.0,Expired
Sereal Coklat,Produk Kering,Karton,Outside,0,14.0,0.0,14.0,Fresh
Biskuit Digestive,Produk Kering,Plastik,Outside,0,28.0,0.0,28.0,Fresh
Ikan Salmon,Produk Kaleng,Kaleng,Outside,0,500.0,7.0,-5.0,Expired
Jus Sirsak,Produk Minuman,Karton,Chiller,1,162.0,8.0,-5.0,Expired
Jus Mangga,Produk Minuman,Karton,Chiller,0,46.0,0.0,46.0,Fresh
Yogurt Greek,Produk Olahan Susu,Plastik,Chiller,0,18.0,0.0,18.0,Fresh
Susu Bubuk Full Cream,Produk Olahan Susu,Karton,Outside,1,500.0,12.0,13.0,Fresh
Sereal Muesli,Produk Kering,Karton,Outside,0,168.0,0.0,168.0,Fresh
Biskuit Oreo,Produk Kering,Plastik,Outside,0,50.0,0.0,50.0,Fresh
Biskuit Digestive,Produk Kering,Plastik,Outside,1,221.0,5.0,9.0,Fresh
Mie Instan Goreng,Produk Kering,Plastik,Outside,0,294.0,0.0,250.0,Fresh
Yogurt Plain,Produk Olahan Susu,Plastik,Chiller,1,9.0,6.0,-1.0,Expired
Rambutan Kaleng,Produk Kaleng,Kaleng,Outside,1,30.0,8.0,-5.0,Expired
Sereal Granola,Produk Kering,Karton,Outside,0,322.0,0.0,250.0,Fresh
Susu Uht Low Fat,Produk Olahan Susu,Karton,Chiller,1,238.0,8.0,-3.0,Expired
Susu Almond,Produk Olahan Susu,Karton,Chiller,0,92.0,0.0,92.0,Fresh
Persik Kaleng,Produk Kaleng,Unknown,Outside,1,190.0,5.0,-2.0,Expired
Minuman Energi,Produk Minuman,Kaleng,Outside,0,149.0,0.0,149.0,Fresh
Kornet Sapi,Produk Kaleng,Kaleng,Outside,1,257.0,7.0,-4.0,Expired
Yogurt Stroberi,Produk Olahan Susu,Unknown,Chiller,0,22.0,0.0,22.0,Fresh
Sereal Coklat,Produk Kering,Karton,Outside,0,217.0,0.0,217.0,Fresh
Yogurt Kefir,Unknown,Botol Kaca,Chiller,0,13.0,0.0,13.0,Fresh
Jus Sirsak,Produk Minuman,Karton,Chiller,0,33.0,0.0,33.0,Fresh
Soda Lemon,Produk Minuman,Kaleng,Outside,0,275.0,0.0,250.0,Fresh
Yogurt Stroberi,Produk Olahan Susu,Plastik,Chiller,0,19.0,0.0,19.0,Fresh
Mie Instan Goreng,Produk Kering,Plastik,Outside,1,101.0,2.0,-2.0,Expired
Sereal Muesli,Produk Kering,Karton,Outside,0,225.0,0.0,225.0,Fresh
Nugget Ayam,Produk Protein,Plastik,Freezer,1,49.0,3.0,0.0,Expired
Keju Cream Cheese,Produk Olahan Susu,Karton,Chiller,0,59.0,0.0,59.0,Fresh
Nugget Udang,Produk Protein,Plastik,frozen,0,14.0,0.0,14.0,Fresh
Teh Botol,Produk Minuman,Botol Kaca,Outside,1,324.0,6.0,-3.0,Expired
Susu Uht Full Cream,Produk Olahan Susu,Karton,Chiller,0,195.0,0.0,195.0,Fresh
Mie Instan Ayam,Produk Kering,Plastik,Outside,1,2.0,1.0,-1.0,Expired
Keju Edam,Produk Olahan Susu,Plastik,Chiller,0,107.0,0.0,107.0,Fresh
Rambutan Kaleng,Produk Kaleng,Kaleng,Outside,0,149.0,0.0,149.0,Fresh
Susu Bubuk Full Cream,Produk Olahan Susu,Karton,Outside,1,332.0,8.0,22.0,Fresh
Yogurt Kefir,Produk Olahan Susu,Botol Kaca,Chiller,1,7.0,6.0,-3.0,Expired
Sereal Oat,Produk Kering,Karton,Outside,1,48.0,12.0,16.0,Fresh
Ikan Makerel,Produk Kaleng,Kaleng,Outside,1,110.0,4.0,-2.0,Expired
Minuman Energi,Produk Minuman,Kaleng,Outside,1,340.0,4.0,-3.0,Expired
Minuman Isotonik,Produk Minuman,Plastik,Outside,1,35.0,2.0,-1.0,Expired
Biskuit Mentega,Produk Kering,Kaleng,Outside,0,126.0,0.0,126.0,Fresh
Sereal Granola,Unknown,Karton,Outside,1,77.0,6.0,24.0,Fresh
Susu Bubuk Bayi,Produk Olahan Susu,Karton,Outside,0,210.0,0.0,210.0,Fresh
Keju Mozzarella,Olahan Susu,Plastik,Chiller,0,41.0,0.0,250.0,Fresh
Sarden Tomat,Produk Kaleng,Kaleng,Outside,0,432.0,0.0,250.0,Fresh
Cola Original,Unknown,Kaleng,Unknown,1,222.0,2.0,-1.0,Expired
Mie Instan Goreng,Produk Kering,Plastik,Outside,0,304.0,0.0,250.0,Fresh
Susu Kental Manis Putih,Produk Olahan Susu,Kaleng,Chiller,0,500.0,0.0,-50.0,Fresh
Nugget Ikan,Produk Protein,Unknown,Unknown,1,64.0,7.0,-4.0,Expired
Keju Cheddar,Produk Olahan Susu,Plastik,Chiller,0,46.0,0.0,46.0,Fresh
Biskuit Mentega,Produk Kering,Kaleng,Outside,1,500.0,10.0,4.0,Soon
Keju Parmesan,Produk Olahan Susu,Plastik,Chiller,0,347.0,0.0,250.0,Fresh
Soda Lemon,Produk Minuman,Kaleng,Outside,1,-5.0,6.0,250.0,Expired
Biskuit Sandwich,Produk Kering,Plastik,Outside,1,75.0,9.0,-4.0,Expired
Nugget Ayam,Unknown,Plastik,Freezer,1,84.0,1.0,2.0,Soon
Nugget Sayuran,Produk Protein,Plastik,frzer,0,45.0,0.0,45.0,Fresh
Biskuit Wafer,Produk Kering,Plastik,Outside,0,19.0,0.0,19.0,Fresh
Susu Almond,Produk Olahan Susu,Kardus,Chiller,1,269.0,6.0,-1.0,Expired
Teh Kotak Hijau,Produk Minuman,Karton,Outside,1,17.0,2.0,-1.0,Expired
Jus Jeruk,Produk Minuman,Karton,Chiller,1,12.0,1.0,4.0,Soon
Mie Instan Ayam,Produk Kering,Plastik,Outside,0,293.0,0.0,250.0,Fresh
Nugget Ikan,Produk Protein,Plastik,Freezer,0,18.0,0.0,-50.0,Fresh
Yogurt Minum Probiotik,Produk Olahan Susu,Botol Kaca,Unknown,0,16.0,0.0,16.0,Fresh
Biskuit Sandwich,Produk Kering,Unknown,Outside,1,135.0,6.0,-1.0,Expired
Biskuit Sandwich,Produk Kering,Plastik,Outside,0,58.0,1.0,4.0,hampir
Yogurt Blueberry,Produk Olahan Susu,Plastik,Chiller,0,4.0,0.0,4.0,Soon
Teh Tarik,Produk Minuman,Karton,Chiller,1,500.0,3.0,-2.0,Expired
Susu Almond,Produk Olahan Susu,Karton,Chiller,0,131.0,0.0,131.0,Fresh
Teh Tarik,Produk Minuman,Karton,Chiller,1,95.0,6.0,-5.0,Expired
Jus Sirsak,Produk Minuman,Karton,Chiller,1,9.0,2.0,1.0,Soon
Biskuit Mentega,Produk Kering,Kaleng,Outside,0,296.0,0.0,250.0,Fresh
Yogurt Minum Probiotik,Produk Olahan Susu,Botol Kaca,Chiller,1,13.0,4.0,-1.0,Expired
Minuman Energi,Produk Minuman,Kaleng,Outside,0,256.0,0.0,250.0,Fresh
Cola Original,Produk Minuman,Kaleng,Outside,0,119.0,0.0,119.0,Fresh
Yogurt Blueberry,Produk Olahan Susu,Plastik,Chiller,1,28.0,6.0,-3.0,Expired
Mangga Kaleng,Produk Kaleng,Kaleng,Outside,0,311.0,0.0,250.0,Fresh
Nugget Sapi,Produk Protein,Plastik,Freezer,1,93.0,8.0,-5.0,Expired
Susu Uht Low Fat,Produk Olahan Susu,Karton,Chiller,0,159.0,0.0,159.0,Fresh
Nugget Udang,Produk Protein,Plastik,Freezer,0,48.0,0.0,48.0,Fresh
Susu Bubuk Full Cream,Produk Olahan Susu,Karton,Outside,1,285.0,12.0,18.0,Fresh
Biskuit Digestive,Produk Kering,Plastik,Outside,0,173.0,0.0,173.0,Fresh
Leci Dalam Sirup,Unknown,Kaleng,Outside,0,142.0,0.0,142.0,Fresh
Jagung Manis Kaleng,Kaleng,Kaleng,Chiller,0,375.0,0.0,250.0,Fresh
Soda Lemon,Produk Minuman,Kaleng,Outside,0,327.0,0.0,250.0,Fresh
Jus Apel,Produk Minuman,Karton,Chiller,0,36.0,0.0,36.0,Fresh
Sereal Coklat,Produk Kering,Karton,Outside,1,60.0,12.0,5.0,Soon
Keju Parmesan,Produk Olahan Susu,Plastik,Chiller,1,278.0,3.0,27.0,Fresh
Yogurt Stroberi,Produk Olahan Susu,Plastik,Chiller,0,3.0,0.0,3.0,Soon
Susu Evaporasi,Produk Olahan Susu,Kaleng,Chiller,0,500.0,0.0,-50.0,Fresh
Susu Uht Coklat,Produk Olahan Susu,Karton,Unknown,1,210.0,3.0,-2.0,Expired
Persik Kaleng,Produk Kaleng,Kaleng,Outside,0,179.0,0.0,179.0,Fresh
Biskuit Sandwich,Produk Kering,Plastik,Outside,1,90.0,5.0,0.0,Expired
Teh Botol,Produk Minuman,Botol Kaca,Outside,0,94.0,0.0,94.0,Fresh
Nugget Sayuran,Produk Protein,Plastik,Freezer,1,124.0,5.0,-2.0,Expired
Sarden Tomat,Produk Kaleng,Kaleng,Unknown,1,289.0,1.0,1.0,Hampir
Nugget Tempe,Unknown,Plastik,Freezer,1,9.0,6.0,-3.0,Expired
Yogurt Minum Probiotik,Produk Olahan Susu,Botol Kaca,Chiller,1,11.0,6.0,-3.0,Expired
Mie Instan Ayam,Produk Kering,Plastik,Outside,0,76.0,0.0,76.0,Fresh
Jus Mangga,Produk Minuman,Karton,Chiller,1,500.0,2.0,-1.0,Expired
Susu Bubuk Bayi,Produk Olahan Susu,Karton,Outside,0,321.0,0.0,250.0,Fresh
Nanas Kaleng,Produk Kaleng,Kaleng,Outside,1,152.0,1.0,2.0,Soon
Yogurt Mangga,Produk Olahan Susu,Plastik,Chiller,1,9.0,5.0,-2.0,Expired
Susu Bubuk Bayi,Produk Olahan Susu,Karton,Outside,1,294.0,5.0,25.0,Fresh
Mie Instan Soto,Produk Kering,Plastik,Outside,0,72.0,0.0,72.0,Fresh
Susu Uht Vanila,Produk Olahan Susu,Karton,Chiller,0,111.0,0.0,111.0,Fresh
Nugget Tempe,Produk Protein,Plastik,Freezer,0,27.0,0.0,27.0,Fresh
Ikan Makerel,Produk Kaleng,Kaleng,Outside,1,365.0,3.0,-1.0,Expired
Jus Anggur,Produk Minuman,Botol Kaca,Chiller,1,113.0,8.0,-3.0,Expired
Sosis Frozen,Produk Protein,Plastik,Freezer,0,88.0,0.0,88.0,Fresh
Susu Kedelai,Produk Olahan Susu,Karton,Chiller,1,60.0,4.0,1.0,Soon
Susu Uht Low Fat,Produk Olahan Susu,Karton,Chiller,0,221.0,0.0,221.0,Fresh
Biskuit Digestive,Produk Kering,Plastik,Outside,0,92.0,0.0,92.0,Fresh
Biskuit Oreo,Produk Kering,Plastik,Outside,0,117.0,0.0,117.0,Fresh
Yogurt Mangga,Produk Olahan Susu,Plastik,Chiller,0,9.0,0.0,9.0,Fresh
Sereal Cornflakes,Produk Kering,Karton,Outside,1,217.0,3.0,27.0,Fresh
Teh Lemon,Produk Minuman,Karton,Outside,0,92.0,0.0,92.0,Fresh
Rambutan Kaleng,Produk Kaleng,Kaleng,Outside,1,314.0,2.0,1.0,Soon
Soda Lemon,Produk Minuman,Kaleng,Outside,0,266.0,0.0,250.0,Fresh
Nugget Udang,Produk Protein,Plastik,Freezer,1,134.0,8.0,-5.0,Expired
Nugget Sayuran,Produk Protein,Plastik,Freezer,0,177.0,0.0,177.0,Fresh
Kornet Sapi,Produk Kaleng,Kaleng,Outside,1,-10.0,1.0,2.0,Soon
Biskuit Marie,Produk Kering,Plastik,Outside,0,98.0,0.0,98.0,Fresh
Yogurt Stroberi,Produk Olahan Susu,Plastik,Chiller,1,10.0,6.0,-3.0,Expired
Nugget Tempe,Produk Protein,Plastik,Unknown,0,42.0,0.0,42.0,Fresh
Yogurt Kefir,Produk Olahan Susu,Botol Kaca,Chiller,1,8.0,3.0,0.0,Expired
Teh Lemon,Produk Minuman,Karton,Unknown,1,183.0,1.0,0.0,Expired
Sarden Tomat,Unknown,Kaleng,Outside,1,500.0,3.0,-1.0,Expired
Nanas Kaleng,Produk Kaleng,Kaleng,Outside,1,180.0,8.0,-5.0,Expired
Susu Uht Coklat,Olahan Susu,Karton,Chiller,0,221.0,0.0,221.0,Fresh
Sosis Ikan,Produk Protein,Plastik,Chiller,0,37.0,0.0,37.0,Fresh
Cola Zero Sugar,Produk Minuman,Unknown,Outside,1,135.0,5.0,-4.0,Expired
Sereal Coklat,Produk Kering,Karton,Outside,1,99.0,12.0,5.0,Soon
Susu Uht Coklat,Produk Olahan Susu,Karton,Chiller,1,20.0,4.0,-3.0,Expired
Air Mineral,Produk Minuman,Plastik,Outside,0,175.0,0.0,175.0,Fresh
Leci Dalam Sirup,Produk Kaleng,Unknown,Outside,0,19.0,0.0,19.0,Fresh
Susu Uht Full Cream,Produk Olahan Susu,Karton,Unknown,0,166.0,0.0,166.0,Fresh
Susu Uht Stroberi,Produk Olahan Susu,Karton,Chiller,1,26.0,5.0,-4.0,Expired
Teh Botol,Produk Minuman,Botol Kaca,Outside,0,329.0,0.0,250.0,Fresh
Cola Original,Produk Minuman,Kaleng,Outside,0,256.0,0.0,250.0,Fresh
Nugget Udang,Produk Protein,Plastik,Freezer,0,161.0,2.0,1.0,Soon
Teh Kotak Hijau,Produk Minuman,Karton,Outside,1,102.0,4.0,-3.0,Expired
Teh Kotak Jasmine,Produk Minuman,Karton,Outside,0,246.0,0.0,246.0,Fresh
Yogurt Mangga,Produk Olahan Susu,Plastik,Chiller,0,30.0,0.0,30.0,Fresh
Jus Anggur,Unknown,Botol Kaca,Chiller,0,267.0,0.0,250.0,Fresh
Sereal Muesli,Produk Kering,Karton,Unknown,0,362.0,0.0,250.0,Fresh
Teh Lemon,Produk Minuman,Karton,Outside,0,254.0,0.0,250.0,Fresh
Nugget Udang,Produk Protein,Unknown,Unknown,0,74.0,8.0,-5.0,Expired
Nugget Sayuran,Produk Protein,Plastik,Freezer,0,37.0,2.0,1.0,Soon
Ikan Makerel,Kaleng,Kaleng,Outside,0,500.0,0.0,250.0,Fresh
Biskuit Wafer,Produk Kering,Plastik,Outside,0,178.0,0.0,178.0,Fresh
Keju Mozzarella,Produk Olahan Susu,Plastik,Chiller,1,7.0,1.0,6.0,Soon
Soda Jeruk,Unknown,Kaleng,Outside,1,353.0,6.0,-5.0,Expired
Sosis Frozen,Produk Protein,Plastik,Freezer,1,80.0,4.0,-1.0,Expired
Mie Instan Ayam,Produk Kering,Unknown,Outside,0,94.0,0.0,94.0,Fresh
Yogurt Mangga,Produk Olahan Susu,Plastik,Chiller,1,1.0,6.0,-3.0,Expired
Teh Kotak Hijau,Produk Minuman,Unknown,Outside,1,83.0,2.0,-1.0,Expired
Jus Jambu,Produk Minuman,Karton,Chiller,1,18.0,4.0,-1.0,Expired
Yogurt Stroberi,Produk Olahan Susu,Plastik,Chiller,1,19.0,3.0,0.0,Expired
Sereal Granola,Produk Kering,Karton,Outside,1,155.0,12.0,4.0,hampir
Yogurt Greek,Olahan Susu,Plastik,Chiller,1,11.0,3.0,2.0,Soon
Susu Uht Stroberi,Produk Olahan Susu,Karton,Chiller,0,123.0,0.0,123.0,Fresh
Minuman Energi,Unknown,Kaleng,Outside,0,268.0,0.0,250.0,Fresh
Yogurt Stroberi,Produk Olahan Susu,Plastik,Chiller,0,11.0,0.0,11.0,Fresh
Yogurt Greek,Produk Olahan Susu,Plastik,Chiller,0,8.0,0.0,8.0,Fresh
Nugget Ikan,Produk Protein,Plastik,Freezer,0,8.0,0.0,8.0,Fresh
Biskuit Digestive,Produk Kering,Plastik,Outside,0,332.0,0.0,250.0,Fresh
Ikan Tuna,Produk Kaleng,Unknown,Outside,0,500.0,0.0,250.0,Fresh
Sereal Granola,Produk Kering,Karton,Outside,1,121.0,12.0,-1.0,Expired
Soda Jeruk,Unknown,Kaleng,Outside,1,164.0,5.0,-4.0,Expired
Susu Kental Manis Coklat,Produk Olahan Susu,Kaleng,Chiller,1,280.0,4.0,10.0,Fresh
Sereal Granola,Produk Kering,Karton,Outside,1,94.0,12.0,4.0,Soon
Minuman Energi,Produk Minuman,Kaleng,Outside,1,180.0,5.0,-4.0,Expired
Sereal Granola,Produk Kering,Karton,Outside,1,233.0,12.0,-2.0,Expired
Susu Bubuk Bayi,Produk Olahan Susu,Karton,Outside,1,106.0,12.0,8.0,Fresh
Minuman Energi,Produk Minuman,Kaleng,Outside,1,314.0,1.0,0.0,Expired
Jus Jeruk,Produk Minuman,Karton,Chiller,0,103.0,0.0,103.0,Fresh
Kornet Ayam,Produk Kaleng,Kaleng,Outside,0,167.0,0.0,167.0,Fresh
Susu Kental Manis Putih,Produk Olahan Susu,Kaleng,Chiller,0,80.0,0.0,80.0,Fresh
Teh Tarik,Produk Minuman,Karton,Chiller,1,133.0,5.0,-4.0,Expired
Keju Cream Cheese,Produk Olahan Susu,Karton,Chiller,1,32.0,11.0,3.0,Hampir
Susu Uht Low Fat,Unknown,Karton,Unknown,1,56.0,1.0,4.0,Soon
Biskuit Digestive,Produk Kering,Plastik,Unknown,0,148.0,0.0,148.0,Fresh
Teh Kotak Hijau,Produk Minuman,Karton,Outside,0,97.0,0.0,97.0,Fresh
Sosis Bebek,Produk Protein,Plastik,Chiller,1,24.0,12.0,-5.0,Expired
Kornet Sapi,Produk Kaleng,Kaleng,Outside,0,54.0,0.0,54.0,Fresh
Susu Bubuk Skim,Produk Olahan Susu,Karton,Outside,1,23.0,12.0,4.0,Soon
Jus Jeruk,Produk Minuman,Karton,Chiller,1,170.0,10.0,-5.0,Expired
Soda Lemon,Produk Minuman,Kaleng,Outside,0,-5.0,0.0,108.0,Fresh
Susu Bubuk Coklat,Produk Olahan Susu,Karton,Outside,1,321.0,12.0,13.0,Fresh
Sosis Frankfurter,Produk Protein,Plastik,Chiller,0,59.0,0.0,59.0,Fresh
Nugget Ayam,Produk Protein,Plastik,Freezer,1,180.0,7.0,-4.0,Expired
Nugget Sayuran,Produk Protein,Plastik,Freezer,0,72.0,0.0,72.0,Fresh
Sosis Ayam,Produk Protein,Plastik,Chiller,0,27.0,0.0,27.0,Fresh
Biskuit Marie,Produk Kering,Plastik,Outside,0,152.0,0.0,152.0,Fresh
Air Soda,Produk Minuman,Plastik,Outside,0,187.0,0.0,187.0,Fresh
Teh Tarik,Produk Minuman,Karton,Chiller,1,65.0,6.0,-5.0,Expired
Susu Uht Stroberi,Produk Olahan Susu,Karton,Chiller,0,233.0,0.0,233.0,Fresh
Minuman Energi,Produk Minuman,Kaleng,Outside,1,364.0,3.0,-2.0,Expired
Jagung Manis Kaleng,Produk Kaleng,Kaleng,Chiller,0,395.0,0.0,250.0,Fresh
Sosis Sapi,Produk Protein,Plastik,Unknown,0,12.0,0.0,12.0,Fresh
Yogurt Minum Probiotik,Produk Olahan Susu,Botol Kaca,Chiller,0,6.0,0.0,6.0,Soon
Sarden Tomat,Produk Kaleng,Kaleng,Outside,1,362.0,5.0,-3.0,Expired
Biskuit Crackers,Produk Kering,Plastik,Outside,0,123.0,0.0,123.0,Fresh
Jus Sirsak,Produk Minuman,Karton,Chiller,0,141.0,0.0,141.0,Fresh
Sereal Cornflakes,Produk Kering,Karton,Outside,0,274.0,0.0,250.0,Fresh
Soda Jeruk,Produk Minuman,Kaleng,Outside,1,301.0,4.0,-3.0,Expired
Teh Lemon,Produk Minuman,Karton,Outside,1,76.0,3.0,-2.0,Expired
Susu Uht Vanila,Produk Olahan Susu,Karton,Chiller,0,214.0,0.0,214.0,Fresh
Susu Almond,Produk Olahan Susu,Karton,Chiller,0,12.0,0.0,12.0,Fresh
Susu Bubuk Skim,Produk Olahan Susu,Karton,Outside,1,500.0,12.0,18.0,Fresh
Teh Tarik,Produk Minuman,Karton,Chiller,1,76.0,4.0,-3.0,Expired
Nugget Tempe,Produk Protein,Plastik,Freezer,0,80.0,0.0,80.0,Fresh
Sosis Frankfurter,Unknown,Plastik,Chiller,0,62.0,0.0,62.0,Fresh
Biskuit Sandwich,Produk Kering,Plastik,Outside,1,50.0,8.0,-3.0,Expired
Yogurt Blueberry,Produk Olahan Susu,Plastik,Chiller,1,26.0,7.0,-4.0,Expired
Sereal Oat,Produk Kering,Karton,Outside,1,238.0,12.0,15.0,Fresh
Jus Sirsak,Prod. Minuman,Karton,Chiller,0,138.0,0.0,138.0,Fresh
Ikan Makerel,Produk Kaleng,Kaleng,Outside,1,-10.0,2.0,0.0,Expired
Biskuit Marie,Produk Kering,Plastik,Outside,0,71.0,0.0,71.0,Fresh
Yogurt Blueberry,Produk Olahan Susu,Plastik,Chiller,0,27.0,0.0,27.0,Fresh
Susu Kedelai,Produk Olahan Susu,Karton,Chiller,1,2.0,4.0,1.0,Soon
Yogurt Plain,Produk Olahan Susu,Plastik,Chiller,1,3.0,10.0,-5.0,Expired
Yogurt Kefir,Produk Olahan Susu,Botol Kaca,Chiller,0,1.0,0.0,1.0,Soon
Cola Original,Produk Minuman,Unknown,Outside,0,349.0,0.0,250.0,Fresh
Keju Cream Cheese,Produk Olahan Susu,Karton,Unknown,0,6.0,0.0,6.0,hampir
Minuman Isotonik,Produk Minuman,Plastik,Outside,1,142.0,1.0,0.0,Expired
Keju Edam,Produk Olahan Susu,Unknown,Chiller,1,51.0,12.0,-3.0,Expired
Leci Dalam Sirup,Produk Kaleng,Kaleng,Outside,1,488.0,1.0,250.0,Soon
Keju Cream Cheese,Produk Olahan Susu,Karton,Chiller,0,31.0,0.0,31.0,Fresh
Yogurt Stroberi,Produk Olahan Susu,Plastik,Chiller,1,26.0,2.0,1.0,Soon
Susu Evaporasi,Produk Olahan Susu,Kaleng,Chiller,0,461.0,0.0,250.0,Fresh
Soda Lemon,Prod. Minuman,Kaleng,Outside,0,250.0,0.0,250.0,Fresh
Susu Bubuk Coklat,Produk Olahan Susu,Karton,Outside,0,286.0,0.0,250.0,Fresh
Mangga Kaleng,Produk Kaleng,Kaleng,Outside,1,500.0,6.0,-3.0,Expired
Sosis Frankfurter,Produk Protein,Plastik,Chiller,1,78.0,11.0,-4.0,Expired
Susu Kental Manis Putih,Produk Olahan Susu,Unknown,Chiller,1,500.0,5.0,9.0,Fresh
Biskuit Sandwich,Produk Kering,Plastik,Outside,1,177.0,4.0,1.0,Soon
Yogurt Stroberi,Produk Olahan Susu,Plastik,Chiller,1,5.0,6.0,-3.0,Expired
Keju Mozzarella,Produk Olahan Susu,Unknown,Chiller,1,39.0,12.0,-5.0,Expired
Sosis Sapi,Produk Protein,Plastik,Chiller,1,13.0,2.0,3.0,Soon
Sarden Cabai,Produk Kaleng,Kaleng,Outside,1,174.0,1.0,1.0,Soon
Sereal Coklat,Produk Kering,Karton,Outside,0,41.0,0.0,41.0,Fresh
Teh Botol,Unknown,Botol Kaca,Outside,1,108.0,7.0,-4.0,Expired
Sosis Bebek,Produk Protein,Plastik,Chiller,0,19.0,0.0,19.0,Fresh
Sereal Coklat,Produk Kering,Karton,Outside,0,336.0,0.0,250.0,Fresh
Susu Kedelai,Produk Olahan Susu,Karton,Chiller,0,71.0,0.0,71.0,Fresh
Soda Lemon,Produk Minuman,Kaleng,Outside,1,66.0,6.0,-5.0,Expired
Susu Evaporasi,Unknown,Kaleng,Chiller,1,500.0,2.0,5.0,Soon
Teh Kotak Hijau,Produk Minuman,Karton,Outside,0,264.0,0.0,250.0,Fresh
Mie Instan Goreng,Produk Kering,Plastik,Outside,1,129.0,2.0,-2.0,Expired
Biskuit Oreo,Produk Kering,Plastik,Outside,0,128.0,0.0,128.0,Fresh
Buah Cocktail,Produk Kaleng,Kaleng,Outside,1,176.0,3.0,0.0,Expired
Susu Uht Coklat,Produk Olahan Susu,Karton,Chiller,0,224.0,0.0,224.0,Fresh
Yogurt Greek,Produk Olahan Susu,Plastik,Chiller,0,6.0,0.0,6.0,Soon
Sarden Cabai,Produk Kaleng,Kaleng,Outside,0,138.0,4.0,-2.0,Expired
Sosis Sapi,Produk Protein,Plastik,Chiller,0,43.0,0.0,43.0,Fresh
Yogurt Kefir,Produk Olahan Susu,Botol Kaca,Chiller,1,14.0,8.0,-5.0,Expired
Biskuit Sandwich,Produk Kering,Unknown,Outside,1,67.0,8.0,-3.0,Expired
Biskuit Mentega,Produk Kering,Kaleng,Outside,1,244.0,10.0,4.0,Soon
Susu Uht Full Cream,Produk Olahan Susu,Karton,Chiller,0,162.0,0.0,162.0,Fresh
Minuman Isotonik,Produk Minuman,Plastik,Unknown,0,90.0,0.0,90.0,Fresh
Jus Nanas,Produk Minuman,Karton,Chiller,0,125.0,0.0,125.0,Fresh
Yogurt Blueberry,Unknown,Plastik,Chiller,0,19.0,0.0,19.0,Fresh
Nugget Sapi,Produk Protein,Plastik,Freezer,1,83.0,2.0,1.0,Soon
Jus Nanas,Produk Minuman,Karton,Chiller,0,71.0,0.0,71.0,Fresh
Nanas Kaleng,Produk Kaleng,Kaleng,Outside,1,128.0,2.0,1.0,Soon
Teh Botol,Produk Minuman,Botol Kaca,Outside,1,113.0,5.0,-2.0,Expired
Susu Uht Stroberi,Produk Olahan Susu,Karton,Chiller,0,53.0,0.0,53.0,Fresh
Biskuit Mentega,Produk Kering,Kaleng,Outside,1,211.0,12.0,-4.0,Expired
Sosis Ikan,Produk Protein,Unknown,Chiller,1,35.0,7.0,-4.0,Expired
Susu Uht Vanila,Produk Olahan Susu,Karton,Chiller,1,175.0,2.0,-1.0,Expired
Susu Pasteurisasi,Produk Olahan Susu,Plastik,Chiller,0,3.0,0.0,3.0,Soon
Biskuit Oatmeal,Produk Kering,Plastik,Outside,0,79.0,0.0,79.0,Fresh
Yogurt Stroberi,Produk Olahan Susu,Plastik,Chiller,0,22.0,0.0,22.0,Fresh
Teh Botol,Produk Minuman,Botol Kaca,Outside,1,311.0,5.0,-2.0,Expired
Teh Kotak Hijau,Produk Minuman,Karton,Outside,1,195.0,2.0,-1.0,Expired
Sereal Granola,Produk Kering,Karton,Outside,0,352.0,0.0,250.0,Fresh
Yogurt Plain,Produk Olahan Susu,Plastik,Chiller,1,6.0,6.0,-1.0,Expired
Soda Jeruk,Unknown,Kaleng,Outside,0,296.0,0.0,250.0,Fresh
Sarden Cabai,Produk Kaleng,Kaleng,Outside,0,42.0,0.0,42.0,Fresh
Mie Instan Ayam,Produk Kering,Plastik,Outside,1,326.0,4.0,-4.0,Expired
Nugget Sayuran,Produk Protein,Plastik,Freezer,1,40.0,8.0,-5.0,Expired
Keju Cream Cheese,Produk Olahan Susu,Karton,Chiller,1,47.0,7.0,7.0,Soon
Sereal Cornflakes,Produk Kering,Karton,Outside,0,29.0,0.0,29.0,Fresh
Sarden Tomat,Produk Kaleng,Kaleng,Outside,1,276.0,6.0,-4.0,Expired
Sereal Coklat,Produk Kering,Karton,Outside,1,68.0,10.0,11.0,Fresh
Air Mineral,Produk Minuman,Plastik,Outside,0,125.0,0.0,125.0,Fresh
Susu Uht Stroberi,Produk Olahan Susu,Karton,Chiller,0,243.0,0.0,243.0,Fresh
Susu Evaporasi,Produk Olahan Susu,Kaleng,Chiller,0,370.0,0.0,250.0,Fresh
Nugget Sapi,Produk Protein,Unknown,Freezer,0,163.0,0.0,163.0,Fresh
Sereal Coklat,Produk Kering,Karton,Outside,0,109.0,0.0,109.0,Fresh
Nugget Sapi,Produk Protein,Plastik,frzer,1,91.0,6.0,-3.0,Expired
Mie Instan Goreng,Produk Kering,Plastik,Outside,1,349.0,5.0,-5.0,Expired
Leci Dalam Sirup,Produk Kaleng,Kaleng,Outside,0,392.0,0.0,250.0,Fresh
Sosis Ayam,Produk Protein,Plastik,Chiller,0,8.0,0.0,8.0,Fresh
Mie Instan Soto,Produk Kering,Plastik,Outside,1,345.0,1.0,-1.0,Expired
Susu Bubuk Coklat,Produk Olahan Susu,Karton,Outside,0,386.0,0.0,250.0,Fresh
Jagung Manis Kaleng,Unknown,Kaleng,Chiller,0,500.0,0.0,250.0,Fresh
Teh Tarik,Produk Minuman,Karton,Chiller,1,84.0,5.0,-4.0,Expired
Keju Cream Cheese,Produk Olahan Susu,Karton,Chiller,0,37.0,0.0,37.0,Fresh
Nugget Ikan,Produk Protein,Plastik,Freezer,0,178.0,0.0,178.0,Fresh
Ikan Tuna,Produk Kaleng,Kaleng,Outside,0,6.0,0.0,6.0,Soon
Sereal Granola,Produk Kering,Karton,Outside,1,52.0,11.0,19.0,Fresh
Jus Apel,Produk Minuman,Karton,Chiller,1,82.0,5.0,0.0,Expired
Nugget Ayam,Produk Protein,Plastik,Freezer,0,56.0,0.0,56.0,Fresh
Yogurt Stroberi,Produk Olahan Susu,Plastik,Chiller,0,-5.0,0.0,23.0,Fresh
Susu Uht Stroberi,Produk Olahan Susu,Karton,Chiller,0,14.0,0.0,14.0,Fresh
Susu Uht Coklat,Produk Olahan Susu,Karton,Chiller,0,56.0,0.0,56.0,Fresh
Yogurt Stroberi,Produk Olahan Susu,Plastik,Chiller,0,4.0,0.0,4.0,Soon
Jus Jambu,Unknown,Karton,Chiller,0,156.0,0.0,156.0,Fresh
Yogurt Mangga,Produk Olahan Susu,Plastik,Chiller,0,24.0,0.0,24.0,Fresh
Teh Botol,Produk Minuman,Botol Kaca,Outside,0,1.0,0.0,1.0,Soon
Susu Evaporasi,Produk Olahan Susu,Kaleng,Chiller,1,500.0,11.0,-4.0,Expired
Yogurt Minum Probiotik,Produk Olahan Susu,Botol Kaca,Chiller,0,11.0,0.0,11.0,Fresh
Sereal Oat,Produk Kering,Karton,Outside,1,351.0,9.0,21.0,Fresh
Nugget Sapi,Produk Protein,Plastik,Freezer,1,121.0,1.0,2.0,Soon
Jus Nanas,Produk Minuman,Karton,Chiller,1,102.0,6.0,-1.0,Expired
Nugget Sayuran,Produk Protein,Plastik,Freezer,0,-10.0,0.0,87.0,Fresh
Jus Apel,Produk Minuman,Karton,Unknown,1,84.0,10.0,-5.0,Expired
Nugget Tempe,Produk Protein,Plastik,Freezer,0,79.0,0.0,79.0,Fresh
Susu Bubuk Skim,Produk Olahan Susu,Karton,Outside,0,294.0,12.0,15.0,Fresh
Ikan Makerel,Produk Kaleng,Kaleng,Outside,1,70.0,3.0,-1.0,Expired
Rambutan Kaleng,Produk Kaleng,Kaleng,Outside,0,331.0,0.0,250.0,Fresh
Jus Mangga,Produk Minuman,Karton,Chiller,1,144.0,6.0,-5.0,Expired
Kornet Ayam,Produk Kaleng,Kaleng,Outside,1,176.0,4.0,-1.0,Expired
Biskuit Mentega,Produk Kering,Kaleng,Outside,1,350.0,12.0,1.0,Soon
Jus Jeruk,Produk Minuman,Karton,Chiller,0,2.0,0.0,2.0,Soon
Teh Kotak Hijau,Produk Minuman,Unknown,Outside,0,80.0,0.0,80.0,Fresh
Sereal Oat,Produk Kering,Karton,Outside,0,214.0,0.0,214.0,Fresh
Nugget Tempe,Produk Protein,Plastik,Freezer,0,25.0,0.0,25.0,Fresh
Biskuit Oatmeal,Produk Kering,Plastik,Outside,0,127.0,0.0,127.0,Fresh
Keju Parmesan,Produk Olahan Susu,Plastik,Chiller,1,17.0,12.0,12.0,Fresh
Jus Jeruk,Produk Minuman,Karton,Chiller,1,8.0,9.0,-4.0,Expired
Susu Kedelai,Produk Olahan Susu,Karton,Chiller,0,32.0,0.0,32.0,Fresh
Susu Kedelai,Produk Olahan Susu,Karton,Chiller,1,194.0,7.0,-2.0,Expired
Soda Lemon,Produk Minuman,Kaleng,Outside,0,138.0,0.0,138.0,Fresh
Mie Instan Soto,Produk Kering,Plastik,Outside,1,57.0,3.0,-3.0,Expired
Teh Kotak Hijau,Produk Minuman,Karton,Outside,1,216.0,6.0,-5.0,Expired
Susu Kedelai,Produk Olahan Susu,Karton,Chiller,1,170.0,8.0,-3.0,Expired
Soda Jeruk,Produk Minuman,Kaleng,Outside,1,120.0,5.0,-4.0,Expired
Nanas Kaleng,Produk Kaleng,Unknown,Outside,0,32.0,0.0,32.0,Fresh
Biskuit Wafer,Produk Kering,Plastik,Outside,1,172.0,5.0,0.0,Expired
Yogurt Mangga,Produk Olahan Susu,Plastik,Chiller,1,10.0,5.0,-2.0,Expired
Jagung Manis Kaleng,Produk Kaleng,Unknown,Chiller,1,248.0,8.0,-5.0,Dead
Susu Uht Vanila,Produk Olahan Susu,Karton,Chiller,0,89.0,0.0,89.0,Fresh
Mangga Kaleng,Unknown,Kaleng,Outside,1,500.0,4.0,-1.0,Expired
Keju Edam,Produk Olahan Susu,Plastik,Chiller,0,120.0,0.0,120.0,Fresh
Biskuit Sandwich,Produk Kering,Plastik,Outside,1,20.0,2.0,3.0,Soon
Sarden Cabai,Produk Kaleng,Kaleng,Outside,1,500.0,2.0,0.0,Expired
Yogurt Minum Probiotik,Produk Olahan Susu,Botol Kaca,Chiller,0,13.0,0.0,13.0,Fresh
Biskuit Mentega,Produk Kering,Kaleng,Outside,0,338.0,0.0,250.0,Fresh
Sosis Ayam,Produk Protein,Plastik,Chiller,0,11.0,0.0,11.0,Fresh
Susu Bubuk Full Cream,Produk Olahan Susu,Karton,Outside,0,458.0,0.0,250.0,Fresh
Jus Apel,Produk Minuman,Karton,Chiller,0,92.0,0.0,92.0,Fresh
Jus Jeruk,Produk Minuman,Karton,Chiller,1,45.0,4.0,1.0,Soon
Susu Bubuk Full Cream,Produk Olahan Susu,Karton,Outside,0,337.0,0.0,250.0,Fresh
Teh Kotak Jasmine,Prod. Minuman,Karton,Outside,0,351.0,0.0,250.0,Fresh
Nugget Sayuran,Produk Protein,Plastik,Freezer,1,30.0,1.0,2.0,Soon
Biskuit Oatmeal,Produk Kering,Plastik,Outside,1,113.0,9.0,-2.0,Expired
Sereal Cornflakes,Produk Kering,Karton,Outside,1,35.0,12.0,-4.0,Expired
Sereal Oat,Produk Kering,Karton,Outside,0,169.0,0.0,169.0,Fresh
Soda Jeruk,Produk Minuman,Kaleng,Outside,1,49.0,4.0,-3.0,Expired
Nanas Kaleng,Produk Kaleng,Kaleng,Outside,0,208.0,0.0,208.0,Fresh
Sereal Cornflakes,Unknown,Karton,Outside,1,155.0,6.0,24.0,Fresh
Persik Kaleng,Produk Kaleng,Kaleng,Outside,0,500.0,0.0,250.0,Fresh
Yogurt Blueberry,Produk Olahan Susu,Plastik,Chiller,1,19.0,8.0,-5.0,Expired
Mie Instan Goreng,Produk Kering,Plastik,Outside,0,260.0,0.0,250.0,Fresh
Jagung Manis Kaleng,Produk Kaleng,Unknown,Chiller,0,61.0,0.0,61.0,Fresh
Susu Uht Low Fat,Produk Olahan Susu,Karton,Chiller,0,192.0,0.0,192.0,Fresh
Cola Zero Sugar,Produk Minuman,Kaleng,Outside,1,76.0,4.0,-3.0,Expired
Sosis Ayam,Produk Protein,Plastik,Chiller,1,49.0,8.0,-3.0,Expired
Jus Jeruk,Produk Minuman,Karton,Chiller,0,22.0,0.0,22.0,Fresh
Susu Pasteurisasi,Produk Olahan Susu,Plastik,Chiller,1,1.0,2.0,1.0,Soon
Susu Bubuk Bayi,Produk Olahan Susu,Karton,Outside,0,106.0,0.0,106.0,Fresh
Susu Uht Stroberi,Produk Olahan Susu,Karton,Chiller,0,178.0,0.0,178.0,Fresh
Mie Instan Goreng,Produk Kering,Plastik,Outside,0,44.0,0.0,44.0,Fresh
Sosis Bebek,Protin,Plastik,Chiller,1,52.0,10.0,-3.0,Dead
Susu Almond,Produk Olahan Susu,Karton,Chiller,1,66.0,4.0,1.0,Soon
Keju Parmesan,Produk Olahan Susu,Plastik,Chiller,1,86.0,6.0,24.0,Fresh
Jus Sirsak,Produk Minuman,Karton,Chiller,1,156.0,4.0,-1.0,Expired
Jus Sirsak,Produk Minuman,Karton,Chiller,1,17.0,2.0,1.0,Soon
Susu Uht Coklat,Produk Olahan Susu,Unknown,Chiller,0,131.0,0.0,131.0,Fresh
Jus Sirsak,Produk Minuman,Karton,Chiller,0,170.0,0.0,170.0,Fresh
Cola Original,Produk Minuman,Kaleng,Outside,0,78.0,0.0,78.0,Fresh
Air Soda,Produk Minuman,Plastik,Outside,1,97.0,4.0,-3.0,Expired
Rambutan Kaleng,Produk Kaleng,Kaleng,Outside,1,500.0,4.0,-1.0,Expired
Air Mineral,Produk Minuman,Plastik,Outside,1,500.0,2.0,-1.0,Dead
Yogurt Minum Probiotik,Produk Olahan Susu,Botol Kaca,Chiller,1,7.0,8.0,-5.0,Expired
Kornet Ayam,Produk Kaleng,Kaleng,Outside,1,249.0,1.0,2.0,Soon
Susu Bubuk Bayi,Produk Olahan Susu,Karton,Outside,0,54.0,0.0,54.0,Fresh
Cola Original,Produk Minuman,Kaleng,Unknown,1,87.0,3.0,-2.0,Expired
Biskuit Digestive,Produk Kering,Plastik,Outside,0,303.0,0.0,250.0,Fresh
Teh Botol,Produk Minuman,Botol Kaca,Outside,0,150.0,0.0,150.0,Fresh
Rambutan Kaleng,Produk Kaleng,Kaleng,Outside,1,500.0,1.0,2.0,Soon
Susu Kental Manis Coklat,Produk Olahan Susu,Kaleng,Chiller,0,269.0,0.0,250.0,Fresh
Teh Botol,Produk Minuman,Botol Kaca,Outside,0,23.0,0.0,23.0,Fresh
Yogurt Greek,Produk Olahan Susu,Plastik,Chiller,0,14.0,0.0,14.0,Fresh
Susu Bubuk Full Cream,Produk Olahan Susu,Unknown,Outside,1,500.0,1.0,29.0,Fresh
Biskuit Digestive,Produk Kering,Plastik,Outside,0,157.0,0.0,157.0,Fresh
Keju Edam,Produk Olahan Susu,Plastik,Chiller,0,46.0,0.0,46.0,Fresh
Yogurt Mangga,Produk Olahan Susu,Plastik,Chiller,1,20.0,5.0,-2.0,Expired
Nugget Sapi,Produk Protein,Plastik,Freezer,1,6.0,5.0,-2.0,Expired
Susu Bubuk Full Cream,Produk Olahan Susu,Karton,Unknown,1,171.0,12.0,10.0,Fresh
Susu Evaporasi,Produk Olahan Susu,Kaleng,Chiller,0,125.0,0.0,125.0,Fresh
Teh Tarik,Produk Minuman,Karton,Chiller,0,61.0,0.0,61.0,Fresh
Susu Almond,Produk Olahan Susu,Karton,Chiller,1,80.0,5.0,0.0,Expired
Sarden Tomat,Produk Kaleng,Kaleng,Outside,0,342.0,0.0,250.0,Fresh
Keju Parmesan,Produk Olahan Susu,Plastik,Chiller,0,302.0,0.0,250.0,Fresh
Keju Mozzarella,Produk Olahan Susu,Plastik,Chiller,0,19.0,0.0,19.0,Fresh
Sosis Frozen,Produk Protein,Plastik,Freezer,1,162.0,7.0,-4.0,Expired
Biskuit Oatmeal,Produk Kering,Plastik,Outside,0,4.0,0.0,4.0,Soon
Yogurt Greek,Produk Olahan Susu,Plastik,Chiller,1,8.0,5.0,0.0,Expired
Ikan Makerel,Unknown,Kaleng,Outside,0,500.0,0.0,250.0,Fresh
Keju Cheddar,Produk Olahan Susu,Plastik,Chiller,1,115.0,12.0,-4.0,Expired
Jus Mangga,Produk Minuman,Karton,Chiller,0,130.0,0.0,130.0,Fresh
Mie Instan Goreng,Produk Kering,Unknown,Outside,0,349.0,0.0,250.0,Fresh
Teh Tarik,Produk Minuman,Karton,Chiller,1,241.0,4.0,-3.0,Expired
Jus Mangga,Produk Minuman,Unknown,Chiller,0,173.0,0.0,173.0,Fresh
Keju Parmesan,Produk Olahan Susu,Plastik,Chiller,1,364.0,12.0,1.0,Soon
Susu Bubuk Full Cream,Produk Olahan Susu,Karton,Outside,1,240.0,12.0,3.0,Soon
Leci Dalam Sirup,Produk Kaleng,Kaleng,Outside,1,-5.0,7.0,-4.0,Expired
Nugget Tempe,Produk Protein,Unknown,Freezer,1,111.0,8.0,-5.0,Expired
Biskuit Oreo,Produk Kering,Plastik,Outside,0,161.0,0.0,161.0,Fresh
Teh Kotak Jasmine,Produk Minuman,Karton,Outside,1,93.0,3.0,-2.0,Expired
Biskuit Oatmeal,Produk Kering,Plastik,Outside,0,177.0,0.0,177.0,Fresh
Nugget Ayam,Produk Protein,Plastik,Freezer,1,161.0,1.0,2.0,Soon
Sosis Frankfurter,Unknown,Plastik,Chiller,0,2.0,0.0,2.0,Soon
Yogurt Blueberry,Produk Olahan Susu,Plastik,Chiller,0,13.0,0.0,13.0,Fresh
Minuman Energi,Produk Minuman,Kaleng,Outside,1,185.0,2.0,-1.0,Expired
Minuman Energi,Produk Minuman,Kaleng,Outside,1,113.0,6.0,-5.0,Expired
Jus Anggur,Produk Minuman,Botol Kaca,Chiller,1,150.0,7.0,-2.0,Expired
Soda Jeruk,Produk Minuman,Kaleng,Outside,1,256.0,1.0,0.0,Expired
Keju Edam,Produk Olahan Susu,Unknown,Chiller,0,103.0,0.0,103.0,Fresh
Jagung Manis Kaleng,Produk Kaleng,Kaleng,Chiller,0,97.0,0.0,97.0,Fresh
Susu Uht Vanila,Unknown,Karton,Chiller,0,500.0,0.0,162.0,Fresh
Susu Kedelai,Produk Olahan Susu,Karton,Unknown,1,61.0,5.0,0.0,Expired
Sosis Frozen,Produk Protein,Unknown,Freezer,1,121.0,1.0,2.0,Soon
Biskuit Oreo,Produk Kering,Plastik,Outside,1,12.0,2.0,5.0,Soon
Kornet Sapi,Produk Kaleng,Kaleng,Outside,0,252.0,0.0,250.0,Fresh
Nugget Ikan,Prod. Protein,Plastik,Freezer,0,149.0,0.0,149.0,Fresh
Buah Cocktail,Produk Kaleng,Unknown,Outside,0,500.0,0.0,250.0,Fresh
Nugget Ikan,Produk Protein,Plastik,Freezer,1,167.0,7.0,-4.0,Expired
Persik Kaleng,Produk Kaleng,Kaleng,Outside,0,167.0,0.0,167.0,Fresh
Susu Uht Stroberi,Produk Olahan Susu,Karton,Chiller,0,27.0,0.0,27.0,Fresh
Sosis Sapi,Produk Protein,Plastik,Chiller,0,48.0,0.0,48.0,Fresh
Biskuit Crackers,Produk Kering,Plastik,Outside,1,106.0,10.0,-3.0,Expired
Biskuit Digestive,Produk Kering,Plastik,Outside,0,127.0,0.0,127.0,Fresh
Susu Bubuk Bayi,Produk Olahan Susu,Karton,Outside,0,162.0,0.0,162.0,Fresh
Biskuit Mentega,Produk Kering,Unknown,Outside,1,233.0,12.0,-3.0,Expired
Sosis Sapi,Produk Protein,Plastik,Chiller,0,53.0,0.0,53.0,Fresh
Teh Lemon,Produk Minuman,Karton,Unknown,0,57.0,0.0,57.0,Fresh
Nugget Sapi,Produk Protein,Plastik,Freezer,1,14.0,5.0,-2.0,Expired
Sosis Ikan,Produk Protein,Plastik,Chiller,0,31.0,0.0,31.0,Fresh
Nugget Sayuran,Produk Protein,Plastik,Unknown,1,141.0,6.0,-3.0,Expired
Mie Instan Goreng,Produk Kering,Plastik,Outside,1,160.0,5.0,-5.0,Expired
Susu Almond,Produk Olahan Susu,Karton,Chiller,0,124.0,0.0,124.0,Fresh
Nugget Sayuran,Produk Protein,Plastik,Freezer,0,134.0,0.0,134.0,Fresh
Yogurt Stroberi,Unknown,Plastik,Chiller,0,21.0,0.0,21.0,Fresh
Yogurt Greek,Produk Olahan Susu,Plastik,Chiller,1,10.0,3.0,2.0,Soon
Cola Zero Sugar,Produk Minuman,Kaleng,Unknown,0,166.0,0.0,166.0,Fresh
Jus Anggur,Produk Minuman,Botol Kaca,Chiller,1,164.0,6.0,-50.0,Expired
Susu Bubuk Coklat,Produk Olahan Susu,Karton,Unknown,1,360.0,1.0,29.0,Fresh
Susu Uht Full Cream,Produk Olahan Susu,Karton,Chiller,0,120.0,0.0,120.0,Fresh
Susu Kental Manis Putih,Produk Olahan Susu,Kaleng,Chiller,0,373.0,0.0,250.0,Fresh
Yogurt Mangga,Produk Olahan Susu,Plastik,Chiller,1,28.0,2.0,1.0,Soon
Yogurt Greek,Produk Olahan Susu,Plastik,Chiller,1,6.0,9.0,-4.0,Expired
Minuman Energi,Produk Minuman,Kaleng,Outside,0,254.0,2.0,-1.0,Expired
Keju Cheddar,Produk Olahan Susu,Plastik,Chiller,0,20.0,0.0,20.0,Fresh
Susu Almond,Produk Olahan Susu,Karton,Chiller,0,215.0,0.0,215.0,Fresh
Biskuit Oreo,Produk Kering,Plastik,Outside,0,12.0,0.0,12.0,Fresh
Minuman Isotonik,Produk Minuman,Plastik,Outside,1,311.0,6.0,-5.0,Expired
Jus Sirsak,Produk Minuman,Karton,Chiller,1,77.0,3.0,0.0,Expired
Leci Dalam Sirup,Produk Kaleng,Unknown,Outside,1,500.0,7.0,-4.0,Expired
Nugget Tempe,Unknown,Plastik,Freezer,1,92.0,7.0,-4.0,Expired
Soda Jeruk,Produk Minuman,Kaleng,Outside,0,198.0,0.0,198.0,Fresh
Nugget Tempe,Produk Protein,Plastik,Freezer,0,105.0,0.0,105.0,Fresh
Teh Tarik,Unknown,Karton,Chiller,0,17.0,0.0,17.0,Fresh
Susu Bubuk Bayi,Unknown,Karton,Outside,1,500.0,12.0,10.0,Fresh
Yogurt Greek,Produk Olahan Susu,Plastik,Chiller,0,12.0,0.0,12.0,Fresh
Biskuit Sandwich,Produk Kering,Plastik,Outside,0,37.0,0.0,37.0,Fresh
Sosis Frankfurter,Produk Protein,Plastik,Chiller,1,10.0,2.0,5.0,Soon
Susu Uht Stroberi,Produk Olahan Susu,Karton,Chiller,0,127.0,0.0,127.0,Fresh
Sarden Minyak Zaitun,Produk Kaleng,Kaleng,Outside,1,500.0,4.0,-2.0,Expired
Teh Tarik,Produk Minuman,Karton,Chiller,1,81.0,1.0,0.0,Expired
Keju Parmesan,Produk Olahan Susu,Plastik,Unknown,0,113.0,0.0,113.0,Fresh
Jus Anggur,Produk Minuman,Botol Kaca,Chiller,1,205.0,10.0,-5.0,Expired
Nugget Sapi,Produk Protein,Unknown,Freezer,1,109.0,6.0,-3.0,Expired
Biskuit Sandwich,Produk Kering,Plastik,Outside,0,37.0,1.0,4.0,Soon
Yogurt Plain,Produk Olahan Susu,Plastik,Chiller,1,28.0,2.0,3.0,Soon
Mie Instan Ayam,Produk Kering,Plastik,Outside,1,35.0,1.0,-1.0,Expired
Biskuit Wafer,Produk Kering,Plastik,Outside,1,52.0,7.0,-2.0,Expired
Minuman Isotonik,Produk Minuman,Plastik,Outside,0,179.0,0.0,179.0,Fresh
Yogurt Plain,Produk Olahan Susu,Plastik,Unknown,0,3.0,0.0,3.0,Soon
Teh Botol,Produk Minuman,Botol Kaca,Outside,0,328.0,0.0,250.0,Fresh
Sereal Coklat,Produk Kering,Karton,Outside,1,19.0,12.0,5.0,Soon
Keju Cream Cheese,Produk Olahan Susu,Unknown,Chiller,0,41.0,12.0,0.0,Expired
Yogurt Blueberry,Produk Olahan Susu,Plastik,Chiller,0,7.0,0.0,7.0,Soon
Ikan Salmon,Produk Kaleng,Kaleng,Outside,0,500.0,1.0,1.0,Soon
Susu Uht Full Cream,Unknown,Karton,Chiller,1,136.0,1.0,6.0,hampir
Cola Original,Produk Minuman,Kaleng,Outside,1,192.0,1.0,0.0,Expired
Sereal Oat,Produk Kering,Karton,Outside,0,94.0,0.0,94.0,Fresh
Susu Uht Coklat,Produk Olahan Susu,Karton,Chiller,1,38.0,4.0,-3.0,Expired
Jus Nanas,Produk Minuman,Karton,Chiller,1,22.0,7.0,-2.0,Expired
Yogurt Greek,Produk Olahan Susu,Plastik,Chiller,1,4.0,9.0,-4.0,Expired
Jus Nanas,Produk Minuman,Karton,Chiller,0,123.0,0.0,123.0,Fresh
Air Mineral,Produk Minuman,Plastik,Outside,0,144.0,0.0,144.0,Fresh
Susu Kedelai,Produk Olahan Susu,Kardus,Chiller,1,152.0,10.0,-5.0,Expired
Sereal Cornflakes,Produk Kering,Karton,Outside,1,300.0,12.0,5.0,Soon
Leci Dalam Sirup,Unknown,Kaleng,Outside,1,183.0,3.0,0.0,Expired
Keju Edam,Produk Olahan Susu,Plastik,Chiller,1,161.0,12.0,-2.0,Expired
Sosis Ayam,Produk Protein,Plastik,Chiller,0,36.0,0.0,36.0,Fresh
Soda Lemon,Produk Minuman,Kaleng,Outside,0,153.0,0.0,153.0,Fresh
Nugget Sapi,Protin,Plastik,Freezer,0,15.0,0.0,15.0,Fresh
Jus Nanas,Produk Minuman,Karton,Chiller,1,126.0,7.0,-2.0,Expired
Jus Sirsak,Produk Minuman,Unknown,Chiller,0,2.0,0.0,2.0,Soon
Jus Mangga,Produk Minuman,Unknown,Chiller,1,42.0,2.0,-1.0,Expired
Sereal Oat,Produk Kering,Karton,Outside,1,46.0,2.0,28.0,Fresh
Persik Kaleng,Produk Kaleng,Kaleng,Outside,0,182.0,0.0,182.0,Fresh
Jus Anggur,Produk Minuman,Botol Kaca,Chiller,0,295.0,0.0,250.0,Fresh
Mie Instan Soto,Produk Kering,Plastik,Outside,1,253.0,5.0,-5.0,Expired
Jus Mangga,Produk Minuman,Karton,Chiller,1,8.0,1.0,0.0,Expired
Sereal Coklat,Produk Kering,Karton,Outside,0,70.0,0.0,70.0,Fresh
Jus Jeruk,Unknown,Karton,Chiller,1,122.0,5.0,0.0,Expired
Biskuit Sandwich,Produk Kering,Plastik,Outside,1,42.0,1.0,4.0,Soon
Keju Cheddar,Produk Olahan Susu,Plastik,Chiller,1,142.0,12.0,1.0,Soon
Nugget Udang,Unknown,Plastik,Freezer,1,159.0,4.0,-1.0,Expired
Jus Jambu,Produk Minuman,Kardus,Chiller,1,21.0,6.0,-3.0,Expired
Nugget Sayuran,Produk Protein,Plastik,Freezer,1,161.0,3.0,0.0,Expired
Minuman Energi,Produk Minuman,Kaleng,Outside,0,100.0,0.0,100.0,Fresh
Keju Parmesan,Produk Olahan Susu,Plastik,Chiller,0,328.0,0.0,250.0,Fresh
Sereal Coklat,Produk Kering,Karton,Outside,0,360.0,0.0,250.0,Fresh
Susu Uht Full Cream,Produk Olahan Susu,Karton,Chiller,0,79.0,0.0,79.0,Fresh
Susu Bubuk Bayi,Produk Olahan Susu,Karton,Outside,1,22.0,12.0,9.0,Fresh
Susu Bubuk Coklat,Produk Olahan Susu,Karton,Outside,1,234.0,12.0,3.0,Soon
Sosis Sapi,Produk Protein,Plastik,Unknown,0,48.0,0.0,48.0,Fresh
Sereal Cornflakes,Produk Kering,Karton,Outside,1,5.0,12.0,4.0,Soon
Susu Bubuk Full Cream,Produk Olahan Susu,Karton,Unknown,1,425.0,12.0,8.0,Fresh
Biskuit Oatmeal,Produk Kering,Plastik,Outside,0,50.0,0.0,50.0,Fresh
Air Soda,Produk Minuman,Plastik,Outside,1,62.0,2.0,-1.0,Expired
Sarden Minyak Zaitun,Produk Kaleng,Unknown,Outside,0,321.0,1.0,1.0,Soon
Biskuit Wafer,Produk Kering,Plastik,Unknown,0,110.0,0.0,110.0,Fresh
Sosis Sapi,Produk Protein,Plastik,Chiller,0,20.0,0.0,20.0,Fresh
Susu Bubuk Coklat,Produk Olahan Susu,Karton,Outside,1,371.0,12.0,-3.0,Expired
Keju Parmesan,Produk Olahan Susu,Plastik,Dingin,0,170.0,0.0,170.0,Fresh
Soda Jeruk,Produk Minuman,Kaleng,Outside,1,204.0,1.0,0.0,Expired
Buah Cocktail,Produk Kaleng,Kaleng,Outside,0,202.0,0.0,202.0,Fresh
Sosis Sapi,Produk Protein,Plastik,Chiller,1,16.0,4.0,1.0,Soon
Susu Uht Coklat,Produk Olahan Susu,Karton,Chiller,0,126.0,0.0,126.0,Fresh
Susu Evaporasi,Produk Olahan Susu,Kaleng,Chiller,0,133.0,0.0,133.0,Fresh
Nugget Tempe,Produk Protein,Plastik,Freezer,0,102.0,0.0,102.0,Fresh
Sosis Ikan,Produk Protein,Plastik,Chiller,1,39.0,3.0,0.0,Expired
Teh Botol,Produk Minuman,Botol Kaca,Unknown,0,263.0,0.0,250.0,Fresh
Jus Anggur,Produk Minuman,Botol Kaca,Chiller,0,60.0,0.0,60.0,Fresh
Biskuit Mentega,Produk Kering,Kaleng,Outside,0,268.0,0.0,250.0,Fresh
Keju Edam,Produk Olahan Susu,Plastik,Chiller,0,128.0,0.0,128.0,Fresh
Susu Bubuk Coklat,Produk Olahan Susu,Karton,Outside,1,230.0,7.0,23.0,Fresh
Sosis Ayam,Produk Protein,Plastik,Chiller,1,9.0,3.0,2.0,Soon
Sosis Ayam,Produk Protein,Plastik,Chiller,1,44.0,6.0,-1.0,Expired
Susu Bubuk Coklat,Produk Olahan Susu,Unknown,Outside,1,102.0,8.0,22.0,Fresh
Teh Lemon,Produk Minuman,Karton,Outside,1,61.0,3.0,-2.0,Expired
Jus Sirsak,Produk Minuman,Karton,Chiller,1,149.0,1.0,2.0,Soon
Sereal Oat,Produk Kering,Karton,Unknown,0,28.0,0.0,28.0,Fresh
Kornet Sapi,Unknown,Kaleng,Outside,0,500.0,0.0,250.0,Fresh
Biskuit Wafer,Produk Kering,Plastik,Outside,1,110.0,5.0,0.0,Expired
Ikan Salmon,Produk Kaleng,Kaleng,Outside,0,194.0,0.0,194.0,Fresh
Sarden Minyak Zaitun,Produk Kaleng,Kaleng,Outside,0,426.0,0.0,250.0,Fresh
Susu Bubuk Bayi,Produk Olahan Susu,Karton,Outside,0,358.0,0.0,250.0,Fresh
Persik Kaleng,Produk Kaleng,Kaleng,Outside,1,132.0,6.0,-3.0,Expired
Sereal Oat,Produk Kering,Karton,Outside,0,21.0,0.0,21.0,Fresh
Susu Uht Vanila,Produk Olahan Susu,Karton,Chiller,0,65.0,0.0,65.0,Fresh
Teh Lemon,Produk Minuman,Karton,Outside,1,76.0,4.0,-3.0,Expired
Susu Uht Full Cream,Unknown,Karton,Chiller,0,102.0,0.0,102.0,Fresh
Nanas Kaleng,Produk Kaleng,Kaleng,Outside,0,152.0,0.0,152.0,Fresh
Susu Almond,Produk Olahan Susu,Karton,Chiller,1,51.0,8.0,-3.0,Expired
Sarden Cabai,Produk Kaleng,Unknown,Outside,1,500.0,5.0,-3.0,Expired
Minuman Energi,Produk Minuman,Kaleng,Outside,0,91.0,0.0,91.0,Fresh
Biskuit Oatmeal,Produk Kering,Plastik,Outside,0,54.0,0.0,54.0,Fresh
Nugget Udang,Produk Protein,Plastik,Freezer,1,110.0,6.0,-3.0,Expired
Jagung Manis Kaleng,Produk Kaleng,Kaleng,Chiller,0,146.0,0.0,146.0,Fresh
Biskuit Digestive,Produk Kering,Plastik,Outside,1,236.0,2.0,12.0,Fresh
Sereal Muesli,Produk Kering,Karton,Outside,1,267.0,12.0,14.0,Fresh
Nugget Tempe,Produk Protein,Plastik,Freezer,0,83.0,0.0,83.0,Fresh
Biskuit Sandwich,Produk Kering,Plastik,Outside,0,40.0,0.0,40.0,Fresh
Sosis Ayam,Produk Protein,Plastik,Chiller,1,27.0,7.0,-2.0,Expired
Jus Apel,Produk Minuman,Karton,Chiller,1,109.0,7.0,-2.0,Expired
Jus Jambu,Produk Minuman,Karton,Chiller,0,24.0,0.0,24.0,Fresh
Air Soda,Produk Minuman,Plastik,Outside,1,169.0,6.0,-5.0,Expired
Susu Uht Coklat,Produk Olahan Susu,Karton,Chiller,1,209.0,5.0,-4.0,Expired
Susu Uht Stroberi,Produk Olahan Susu,Karton,Chiller,1,62.0,5.0,-4.0,Expired
Biskuit Marie,Produk Kering,Plastik,Outside,0,19.0,0.0,19.0,Fresh
Biskuit Mentega,Produk Kering,Kaleng,Outside,1,354.0,3.0,11.0,Fresh
Minuman Energi,Produk Minuman,Kaleng,Outside,1,117.0,5.0,-4.0,Expired
Jus Anggur,Produk Minuman,Botol Kaca,Chiller,0,179.0,0.0,179.0,Fresh
Nugget Sapi,Produk Protein,Plastik,frzer,0,176.0,0.0,176.0,Fresh
Jagung Manis Kaleng,Produk Kaleng,Kaleng,Chiller,0,103.0,0.0,103.0,Fresh
Sosis Frankfurter,Produk Protein,Plastik,Chiller,1,63.0,5.0,2.0,Hampir
Sosis Bebek,Produk Protein,Plastik,Chiller,1,10.0,9.0,-2.0,Expired
Cola Original,Produk Minuman,Kaleng,Outside,1,109.0,6.0,-5.0,Expired
Yogurt Blueberry,Produk Olahan Susu,Plastik,Chiller,0,21.0,0.0,21.0,Fresh
Keju Cheddar,Produk Olahan Susu,Plastik,Chiller,1,98.0,12.0,1.0,Soon
Yogurt Plain,Olahan Susu,Plastik,Chiller,1,27.0,7.0,-2.0,Expired
Leci Dalam Sirup,Produk Kaleng,Kaleng,Outside,1,296.0,1.0,2.0,Soon
Susu Bubuk Coklat,Produk Olahan Susu,Karton,Outside,0,96.0,0.0,96.0,Fresh
Biskuit Marie,Produk Kering,Plastik,Outside,1,177.0,8.0,-1.0,Expired
Nugget Ayam,Produk Protein,Plastik,Freezer,0,180.0,0.0,180.0,Fresh
Susu Bubuk Coklat,Produk Olahan Susu,Karton,Outside,0,71.0,0.0,71.0,Fresh
Soda Jeruk,Produk Minuman,Kaleng,Outside,1,276.0,1.0,0.0,Expired
Sarden Cabai,Kaleng,Kaleng,Outside,1,500.0,5.0,-3.0,Expired
Air Mineral,Produk Minuman,Plastik,Outside,0,427.0,0.0,250.0,Fresh
Yogurt Stroberi,Produk Olahan Susu,Plastik,Chiller,0,30.0,0.0,30.0,Fresh
Sosis Frankfurter,Produk Protein,Plastik,Chiller,0,20.0,0.0,20.0,Fresh
Keju Mozzarella,Produk Olahan Susu,Plastik,Chiller,1,16.0,5.0,2.0,Soon
Susu Kental Manis Coklat,Produk Olahan Susu,Kaleng,Chiller,1,458.0,2.0,12.0,Fresh
Kornet Sapi,Produk Kaleng,Unknown,Outside,1,500.0,2.0,1.0,Soon
Nugget Sayuran,Produk Protein,Plastik,Freezer,1,61.0,6.0,-3.0,Expired
Jus Apel,Produk Minuman,Karton,Chiller,0,155.0,0.0,155.0,Fresh
Mie Instan Goreng,Produk Kering,Plastik,Outside,1,161.0,1.0,-1.0,Expired
Teh Kotak Hijau,Produk Minuman,Karton,Outside,0,238.0,0.0,238.0,Fresh
Nugget Udang,Produk Protein,Plastik,Freezer,1,500.0,3.0,0.0,Expired
Susu Evaporasi,Produk Olahan Susu,Kaleng,Chiller,1,305.0,8.0,-1.0,Expired
Keju Parmesan,Produk Olahan Susu,Plastik,Chiller,0,179.0,0.0,179.0,Fresh
Biskuit Marie,Unknown,Plastik,Outside,1,49.0,3.0,4.0,Soon
Yogurt Greek,Produk Olahan Susu,Plastik,Chiller,1,19.0,8.0,-3.0,Expired
Keju Parmesan,Produk Olahan Susu,Plastik,Unknown,0,135.0,0.0,135.0,Fresh
Biskuit Oreo,Produk Kering,Plastik,Outside,0,136.0,0.0,136.0,Fresh
Teh Botol,Unknown,Botol Kaca,Outside,1,109.0,5.0,-2.0,Expired
Teh Kotak Jasmine,Produk Minuman,Karton,Outside,1,500.0,4.0,-3.0,Expired
Teh Botol,Unknown,Botol Kaca,Outside,1,209.0,5.0,-2.0,Expired
Jus Sirsak,Produk Minuman,Karton,Chiller,0,23.0,0.0,23.0,Fresh
Keju Mozzarella,Unknown,Plastik,Chiller,0,30.0,0.0,30.0,Fresh
Mie Instan Goreng,Produk Kering,Plastik,Outside,0,166.0,0.0,166.0,Fresh
Ikan Makerel,Produk Kaleng,Kaleng,Outside,0,363.0,0.0,250.0,Fresh
Ikan Salmon,Produk Kaleng,Kaleng,Unknown,0,500.0,0.0,250.0,Fresh
Susu Uht Full Cream,Produk Olahan Susu,Karton,Chiller,0,261.0,0.0,250.0,Fresh
Biskuit Mentega,Produk Kering,Unknown,Outside,1,-5.0,9.0,5.0,Soon
Sereal Cornflakes,Produk Kering,Karton,Outside,0,500.0,0.0,161.0,Fresh
Ikan Makerel,Produk Kaleng,Kaleng,Outside,1,206.0,2.0,0.0,Expired
Susu Bubuk Coklat,Unknown,Karton,Outside,1,470.0,2.0,28.0,Fresh
Teh Botol,Prod. Minuman,Botol Kaca,Outside,0,82.0,0.0,82.0,Fresh
Biskuit Oatmeal,Produk Kering,Plastik,Unknown,0,136.0,0.0,136.0,Fresh
Susu Kedelai,Produk Olahan Susu,Karton,Chiller,0,24.0,0.0,24.0,Fresh
Susu Uht Stroberi,Produk Olahan Susu,Karton,Chiller,1,69.0,4.0,-3.0,Expired
Kornet Ayam,Produk Kaleng,Unknown,Outside,0,125.0,0.0,125.0,Fresh
Yogurt Minum Probiotik,Produk Olahan Susu,Botol Kaca,Chiller,0,16.0,0.0,16.0,Fresh
Mie Instan Soto,Produk Kering,Plastik,Outside,0,209.0,0.0,209.0,Fresh
Yogurt Stroberi,Produk Olahan Susu,Plastik,Chiller,1,28.0,1.0,2.0,Soon
Teh Botol,Produk Minuman,Botol Kaca,Outside,1,351.0,2.0,1.0,Soon
Teh Lemon,Produk Minuman,Karton,Outside,0,91.0,0.0,91.0,Fresh
Biskuit Digestive,Produk Kering,Plastik,Outside,1,339.0,12.0,-2.0,Expired
Sereal Cornflakes,Produk Kering,Karton,Outside,1,255.0,6.0,24.0,Fresh
Jus Jeruk,Produk Minuman,Karton,Unknown,0,117.0,0.0,117.0,Fresh
Susu Bubuk Coklat,Produk Olahan Susu,Karton,Outside,1,500.0,10.0,20.0,Fresh
Susu Uht Full Cream,Produk Olahan Susu,Karton,Chiller,0,160.0,0.0,160.0,Fresh
Susu Uht Vanila,Produk Olahan Susu,Karton,Chiller,0,155.0,0.0,155.0,Fresh
Keju Parmesan,Produk Olahan Susu,Plastik,Chiller,0,125.0,0.0,125.0,Fresh
Minuman Isotonik,Produk Minuman,Plastik,Outside,0,184.0,0.0,184.0,Fresh
Yogurt Stroberi,Produk Olahan Susu,Plastik,Chiller,0,13.0,0.0,250.0,Fresh
Susu Evaporasi,Produk Olahan Susu,Kaleng,Chiller,1,255.0,3.0,4.0,Soon
Biskuit Wafer,Produk Kering,Plastik,Outside,0,144.0,0.0,144.0,Fresh
Nugget Ayam,Produk Protein,Plastik,Freezer,0,29.0,0.0,29.0,Fresh
Kornet Sapi,Produk Kaleng,Kaleng,Outside,1,452.0,8.0,-5.0,Expired
Jus Anggur,Produk Minuman,Botol Kaca,Chiller,1,9.0,6.0,-1.0,Expired
Yogurt Plain,Produk Olahan Susu,Plastik,Chiller,1,26.0,3.0,2.0,Soon
Biskuit Wafer,Produk Kering,Plastik,Outside,0,167.0,0.0,167.0,Fresh
Susu Bubuk Coklat,Produk Olahan Susu,Karton,Outside,1,465.0,12.0,-3.0,Expired
Susu Almond,Produk Olahan Susu,Karton,Chiller,0,75.0,0.0,75.0,Fresh
Leci Dalam Sirup,Unknown,Kaleng,Unknown,1,500.0,1.0,2.0,Soon
Air Soda,Produk Minuman,Plastik,Outside,1,296.0,6.0,-5.0,Expired
Teh Tarik,Unknown,Karton,Chiller,0,194.0,0.0,194.0,Fresh
Jus Nanas,Produk Minuman,Karton,Chiller,1,64.0,10.0,-5.0,Expired
Jus Mangga,Prod. Minuman,Karton,Chiller,1,30.0,6.0,-5.0,Expired
Teh Botol,Produk Minuman,Unknown,Outside,1,186.0,6.0,-3.0,Expired
Yogurt Mangga,Produk Olahan Susu,Plastik,Chiller,0,13.0,0.0,13.0,Fresh
Rambutan Kaleng,Unknown,Kaleng,Outside,1,49.0,6.0,-3.0,Expired
Yogurt Plain,Produk Olahan Susu,Plastik,Chiller,1,10.0,8.0,-3.0,Expired
Keju Cheddar,Produk Olahan Susu,Plastik,Chiller,1,4.0,1.0,4.0,Soon
Yogurt Kefir,Produk Olahan Susu,Botol Kaca,Chiller,1,4.0,1.0,2.0,Soon
Jus Mangga,Produk Minuman,Karton,Chiller,0,135.0,0.0,135.0,Fresh
Nugget Sayuran,Produk Protein,Plastik,Freezer,1,134.0,2.0,1.0,Soon
Keju Cream Cheese,Produk Olahan Susu,Karton,Chiller,1,1.0,12.0,0.0,Expired
Yogurt Mangga,Produk Olahan Susu,Plastik,Chiller,0,7.0,0.0,7.0,Soon
Mangga Kaleng,Produk Kaleng,Kaleng,Outside,1,155.0,5.0,-2.0,Expired
Rambutan Kaleng,Produk Kaleng,Kaleng,Outside,0,121.0,0.0,121.0,Fresh
Kornet Sapi,Produk Kaleng,Kaleng,Outside,1,251.0,2.0,1.0,Soon
Mie Instan Ayam,Produk Kering,Plastik,Unknown,1,209.0,2.0,-2.0,Expired
Biskuit Oatmeal,Produk Kering,Plastik,Outside,0,5.0,0.0,5.0,Soon
Susu Uht Low Fat,Produk Olahan Susu,Karton,Chiller,0,15.0,0.0,15.0,Fresh
Minuman Isotonik,Produk Minuman,Plastik,Outside,0,240.0,0.0,240.0,Fresh
Jus Jeruk,Produk Minuman,Karton,Chiller,0,12.0,0.0,12.0,Fresh
Nugget Ikan,Produk Protein,Plastik,Freezer,1,4.0,5.0,-2.0,Expired
Sarden Minyak Zaitun,Produk Kaleng,Kaleng,Outside,1,241.0,4.0,-2.0,Expired
Sereal Muesli,Produk Kering,Karton,Outside,1,146.0,9.0,21.0,Fresh
Sereal Granola,Produk Kering,Karton,Outside,0,500.0,0.0,161.0,Fresh
Susu Almond,Produk Olahan Susu,Karton,Chiller,0,61.0,0.0,61.0,Fresh
Rambutan Kaleng,Produk Kaleng,Kaleng,Outside,1,432.0,1.0,2.0,Soon
Susu Uht Low Fat,Produk Olahan Susu,Karton,Chiller,0,43.0,0.0,43.0,Fresh
Soda Lemon,Produk Minuman,Kaleng,Outside,1,83.0,2.0,-1.0,Expired
Cola Original,Produk Minuman,Kaleng,Outside,1,263.0,5.0,-4.0,Expired
Biskuit Oreo,Produk Kering,Plastik,Outside,0,-10.0,0.0,167.0,Fresh
Soda Jeruk,Produk Minuman,Kaleng,Outside,0,54.0,0.0,54.0,Fresh
Sosis Frozen,Produk Protein,Plastik,frozen,0,122.0,0.0,122.0,Fresh
Sosis Bebek,Produk Protein,Plastik,Chiller,0,78.0,0.0,78.0,Fresh
Ikan Tuna,Produk Kaleng,Kaleng,Outside,0,402.0,0.0,250.0,Fresh
Mie Instan Goreng,Produk Kering,Plastik,Outside,0,305.0,0.0,250.0,Fresh
Mie Instan Soto,Produk Kering,Plastik,Outside,0,500.0,0.0,14.0,Fresh
Nugget Sayuran,Produk Protein,Plastik,Freezer,0,28.0,0.0,28.0,Fresh
Keju Mozzarella,Produk Olahan Susu,Plastik,Chiller,1,51.0,2.0,5.0,Soon
Sosis Ayam,Produk Protein,Plastik,Chiller,1,33.0,9.0,-4.0,Expired
Biskuit Oreo,Unknown,Plastik,Outside,0,138.0,0.0,138.0,Fresh
Jus Jambu,Produk Minuman,Karton,Chiller,1,167.0,6.0,-3.0,Expired
Sosis Frankfurter,Produk Protein,Plastik,Chiller,1,58.0,3.0,4.0,Soon
Mie Instan Goreng,Produk Kering,Plastik,Outside,1,159.0,5.0,-5.0,Expired
Mangga Kaleng,Unknown,Kaleng,Outside,1,438.0,7.0,-4.0,Expired
Teh Botol,Produk Minuman,Botol Kaca,Outside,1,144.0,2.0,1.0,Soon
Sarden Minyak Zaitun,Produk Kaleng,Kaleng,Outside,1,295.0,7.0,-5.0,Expired
Keju Edam,Produk Olahan Susu,Plastik,Chiller,0,131.0,0.0,131.0,Fresh
Susu Uht Vanila,Produk Olahan Susu,Karton,Chiller,0,51.0,0.0,51.0,Fresh
Jus Nanas,Produk Minuman,Karton,Unknown,0,40.0,0.0,40.0,Fresh
Jus Apel,Produk Minuman,Karton,Unknown,1,65.0,5.0,0.0,Expired
Susu Pasteurisasi,Produk Olahan Susu,Plastik,Chiller,1,9.0,8.0,-5.0,Expired
Jus Jeruk,Produk Minuman,Karton,Chiller,1,45.0,6.0,-1.0,Expired
Cola Original,Produk Minuman,Kaleng,Outside,1,21.0,6.0,-5.0,Expired
Sereal Granola,Produk Kering,Karton,Outside,1,128.0,12.0,6.0,Soon
Mie Instan Ayam,Produk Kering,Plastik,Outside,0,59.0,0.0,59.0,Fresh
Soda Jeruk,Produk Minuman,Kaleng,Outside,1,222.0,4.0,-3.0,Expired
Keju Cream Cheese,Produk Olahan Susu,Karton,Chiller,1,32.0,5.0,9.0,Fresh
Minuman Energi,Produk Minuman,Kaleng,Outside,1,187.0,4.0,-3.0,Expired
Sereal Muesli,Produk Kering,Karton,Outside,0,185.0,0.0,185.0,Fresh
Sosis Bebek,Unknown,Plastik,Chiller,0,61.0,0.0,61.0,Fresh
Nugget Tempe,Produk Protein,Plastik,Freezer,1,59.0,8.0,-5.0,Expired
Keju Parmesan,Produk Olahan Susu,Plastik,Chiller,1,215.0,9.0,21.0,Fresh
Susu Pasteurisasi,Produk Olahan Susu,Plastik,Chiller,1,-10.0,8.0,-5.0,Expired
Yogurt Plain,Olahan Susu,Plastik,Chiller,1,2.0,2.0,2.0,Soon
Nugget Sapi,Produk Protein,Plastik,Freezer,1,160.0,3.0,0.0,Expired
Susu Kental Manis Putih,Produk Olahan Susu,Kaleng,Chiller,0,500.0,12.0,-3.0,Expired
Teh Lemon,Produk Minuman,Karton,Outside,0,36.0,0.0,36.0,Fresh
Keju Cream Cheese,Produk Olahan Susu,Karton,Chiller,0,16.0,0.0,16.0,Fresh
Nugget Sapi,Produk Protein,Plastik,Freezer,1,144.0,4.0,-1.0,Expired
Mie Instan Soto,Produk Kering,Plastik,Outside,0,127.0,0.0,127.0,Fresh
Sosis Frozen,Produk Protein,Plastik,Freezer,1,139.0,5.0,-2.0,Expired
Minuman Isotonik,Produk Minuman,Plastik,Outside,1,218.0,2.0,-1.0,Expired
Susu Uht Vanila,Produk Olahan Susu,Karton,Chiller,0,210.0,0.0,210.0,Fresh
Jus Mangga,Produk Minuman,Karton,Chiller,1,142.0,1.0,0.0,Expired
Air Soda,Produk Minuman,Plastik,Outside,1,258.0,4.0,-3.0,Expired
Sosis Frozen,Unknown,Plastik,Freezer,1,29.0,8.0,-5.0,Expired
Biskuit Crackers,Produk Kering,Plastik,Outside,1,173.0,12.0,-5.0,Expired
Nugget Ikan,Produk Protein,Plastik,Freezer,1,155.0,6.0,-3.0,Expired
Teh Tarik,Produk Minuman,Karton,Chiller,1,181.0,3.0,-2.0,Expired
Jus Jeruk,Produk Minuman,Karton,Chiller,1,97.0,10.0,-5.0,Expired
Sosis Ayam,Produk Protein,Plastik,Chiller,1,14.0,10.0,-5.0,Expired
Nugget Ayam,Produk Protein,Plastik,Freezer,0,26.0,0.0,26.0,Fresh
Jagung Manis Kaleng,Produk Kaleng,Kaleng,Chiller,1,12.0,2.0,1.0,Soon
Susu Almond,Produk Olahan Susu,Karton,Chiller,0,195.0,0.0,195.0,Fresh
Biskuit Oreo,Produk Kering,Plastik,Outside,0,28.0,0.0,28.0,Fresh
Nugget Ayam,Unknown,Plastik,Freezer,0,125.0,0.0,125.0,Fresh
Teh Lemon,Produk Minuman,Kardus,Outside,1,73.0,1.0,0.0,Expired
Yogurt Mangga,Produk Olahan Susu,Plastik,Chiller,1,30.0,5.0,-2.0,Expired
Rambutan Kaleng,Produk Kaleng,Unknown,Outside,1,86.0,1.0,2.0,Soon
Minuman Energi,Produk Minuman,Kaleng,Outside,0,183.0,0.0,183.0,Fresh
Jus Mangga,Produk Minuman,Karton,Chiller,1,180.0,6.0,-5.0,Expired
Keju Cheddar,Produk Olahan Susu,Plastik,Chiller,1,138.0,10.0,4.0,Soon
Biskuit Crackers,Produk Kering,Plastik,Outside,1,129.0,9.0,-2.0,Expired
Sosis Frozen,Produk Protein,Plastik,Freeze,0,50.0,0.0,50.0,Fresh
Susu Uht Low Fat,Produk Olahan Susu,Karton,Chiller,0,98.0,0.0,98.0,Fresh
Mangga Kaleng,Produk Kaleng,Kaleng,Outside,0,284.0,8.0,-5.0,Expired
Sosis Ikan,Produk Protein,Plastik,Chiller,1,38.0,2.0,1.0,Soon
Persik Kaleng,Produk Kaleng,Kaleng,Unknown,1,500.0,2.0,1.0,Segera
Sereal Oat,Unknown,Karton,Outside,1,229.0,12.0,5.0,Soon
Mie Instan Soto,Produk Kering,Plastik,Outside,1,5.0,2.0,-2.0,Expired
Mie Instan Soto,Produk Kering,Plastik,Outside,0,312.0,0.0,250.0,Fresh
Yogurt Plain,Produk Olahan Susu,Plastik,Chiller,0,21.0,0.0,21.0,Fresh
Keju Mozzarella,Produk Olahan Susu,Plastik,Chiller,1,-5.0,7.0,0.0,Expired
Biskuit Sandwich,Produk Kering,Plastik,Outside,0,149.0,0.0,149.0,Fresh
Ikan Makerel,Produk Kaleng,Unknown,Outside,0,500.0,0.0,250.0,Fresh
Teh Botol,Produk Minuman,Botol Kaca,Outside,0,114.0,0.0,114.0,Fresh
Susu Bubuk Bayi,Produk Olahan Susu,Karton,Outside,0,448.0,0.0,250.0,Fresh
Rambutan Kaleng,Produk Kaleng,Kaleng,Outside,0,93.0,0.0,93.0,Fresh
Nugget Ayam,Produk Protein,Unknown,Freezer,1,60.0,6.0,-3.0,Expired
Cola Original,Produk Minuman,Kaleng,Outside,1,204.0,5.0,-4.0,Expired
Mie Instan Ayam,Produk Kering,Plastik,Outside,0,268.0,0.0,250.0,Fresh
Cola Original,Produk Minuman,Kaleng,Outside,1,44.0,5.0,-4.0,Expired
Jus Sirsak,Produk Minuman,Karton,Chiller,1,25.0,3.0,0.0,Expired
Mie Instan Goreng,Unknown,Plastik,Unknown,0,30.0,0.0,30.0,Fresh
Biskuit Crackers,Produk Kering,Plastik,Outside,0,121.0,0.0,121.0,Fresh
Sosis Ayam,Produk Protein,Plastik,Chiller,0,10.0,0.0,10.0,Fresh
Jus Apel,Produk Minuman,Karton,Chiller,0,138.0,0.0,138.0,Fresh
Sosis Frankfurter,Produk Protein,Plastik,Chiller,0,27.0,0.0,27.0,Fresh
Susu Kental Manis Putih,Produk Olahan Susu,Kaleng,Chiller,1,242.0,12.0,1.0,Soon
Leci Dalam Sirup,Produk Kaleng,Kaleng,Outside,1,161.0,3.0,0.0,Expired
Nugget Sapi,Produk Protein,Plastik,Freezer,1,115.0,2.0,1.0,hampir
Susu Kental Manis Putih,Produk Olahan Susu,Kaleng,Chiller,0,317.0,0.0,250.0,Fresh
Air Mineral,Produk Minuman,Plastik,Outside,0,485.0,0.0,250.0,Fresh
Mie Instan Goreng,Produk Kering,Plastik,Outside,0,293.0,0.0,250.0,Fresh
Sereal Cornflakes,Produk Kering,Karton,Outside,0,351.0,0.0,250.0,Fresh
Mie Instan Soto,Produk Kering,Plastik,Outside,0,276.0,0.0,250.0,Fresh
Biskuit Mentega,Produk Kering,Kaleng,Outside,0,27.0,0.0,27.0,Fresh
Buah Cocktail,Produk Kaleng,Kaleng,Outside,1,115.0,8.0,-5.0,Expired
Mie Instan Ayam,Produk Kering,Plastik,Outside,1,247.0,5.0,-5.0,Expired
Minuman Isotonik,Produk Minuman,Plastik,Outside,0,350.0,0.0,250.0,Fresh
Cola Zero Sugar,Produk Minuman,Kaleng,Outside,1,269.0,2.0,-1.0,Expired
Jus Anggur,Produk Minuman,Botol Kaca,Chiller,1,5.0,9.0,-4.0,Expired
Susu Bubuk Full Cream,Produk Olahan Susu,Karton,Unknown,1,419.0,12.0,8.0,Fresh
Sosis Frozen,Produk Protein,Plastik,Freezer,0,83.0,0.0,83.0,Fresh
Sosis Ayam,Produk Protein,Plastik,Chiller,1,6.0,6.0,-1.0,Expired
Persik Kaleng,Produk Kaleng,Kaleng,Outside,1,483.0,1.0,2.0,Soon
Susu Uht Coklat,Produk Olahan Susu,Karton,Chiller,0,500.0,3.0,-2.0,Expired
Nugget Ayam,Produk Protein,Plastik,frzer,1,29.0,2.0,1.0,Soon
Soda Jeruk,Produk Minuman,Kaleng,Outside,1,63.0,1.0,0.0,Expired
Susu Almond,Produk Olahan Susu,Karton,Chiller,0,258.0,0.0,250.0,Fresh
Biskuit Marie,Produk Kering,Plastik,Outside,0,149.0,0.0,149.0,Fresh
Teh Kotak Hijau,Produk Minuman,Karton,Outside,0,277.0,0.0,250.0,Fresh
Keju Mozzarella,Produk Olahan Susu,Plastik,Chiller,1,56.0,7.0,0.0,Expired
Susu Kental Manis Coklat,Produk Olahan Susu,Kaleng,Chiller,0,441.0,0.0,250.0,Fresh
Mie Instan Ayam,Produk Kering,Plastik,Outside,1,231.0,4.0,-4.0,Expired
Yogurt Blueberry,Produk Olahan Susu,Plastik,Chiller,1,4.0,2.0,1.0,Soon
Susu Kedelai,Produk Olahan Susu,Karton,Chiller,0,95.0,0.0,95.0,Fresh
Sarden Minyak Zaitun,Produk Kaleng,Kaleng,Outside,0,196.0,0.0,-50.0,Fresh
Yogurt Mangga,Produk Olahan Susu,Plastik,Chiller,1,24.0,8.0,-5.0,Expired
Minuman Energi,Unknown,Kaleng,Outside,1,258.0,6.0,-5.0,Expired
Sosis Frozen,Produk Protein,Plastik,Freezer,0,69.0,0.0,69.0,Fresh
Susu Uht Stroberi,Produk Olahan Susu,Karton,Chiller,0,11.0,0.0,11.0,Fresh
Jus Sirsak,Produk Minuman,Karton,Chiller,0,56.0,0.0,56.0,Fresh
Soda Jeruk,Produk Minuman,Kaleng,Outside,0,294.0,0.0,250.0,Fresh
Teh Kotak Hijau,Produk Minuman,Karton,Outside,0,149.0,0.0,149.0,Fresh
Biskuit Oreo,Produk Kering,Plastik,Outside,0,179.0,0.0,179.0,Fresh
Soda Jeruk,Produk Minuman,Kaleng,Outside,1,310.0,6.0,-5.0,Expired
Rambutan Kaleng,Produk Kaleng,Kaleng,Outside,1,500.0,8.0,-5.0,Expired
Yogurt Mangga,Produk Olahan Susu,Plastik,Chiller,0,6.0,0.0,6.0,Soon
Biskuit Marie,Produk Kering,Plastik,Outside,1,166.0,4.0,3.0,Soon
Sereal Granola,Produk Kering,Karton,Outside,1,329.0,9.0,21.0,Fresh
Sosis Frankfurter,Produk Protein,Plastik,Chiller,1,51.0,11.0,-4.0,Expired
Sosis Ikan,Produk Protein,Plastik,Chiller,0,34.0,0.0,34.0,Fresh
Susu Pasteurisasi,Produk Olahan Susu,Plastik,Chiller,1,13.0,5.0,-2.0,Dead
Biskuit Mentega,Produk Kering,Kaleng,Outside,0,269.0,0.0,250.0,Fresh
Jus Anggur,Produk Minuman,Botol Kaca,Chiller,0,2.0,0.0,2.0,Soon
Susu Uht Stroberi,Unknown,Karton,Chiller,1,11.0,5.0,-4.0,Expired
Kornet Sapi,Produk Kaleng,Kaleng,Outside,1,378.0,7.0,-4.0,Expired
Sarden Minyak Zaitun,Produk Kaleng,Kaleng,Outside,1,500.0,5.0,-3.0,Expired
Persik Kaleng,Produk Kaleng,Kaleng,Unknown,1,500.0,8.0,-5.0,Expired
Sarden Cabai,Produk Kaleng,Kaleng,Outside,0,7.0,0.0,7.0,Soon
Sosis Ayam,Produk Protein,Plastik,Chiller,1,36.0,2.0,3.0,Soon
Teh Tarik,Produk Minuman,Karton,Chiller,0,6.0,0.0,6.0,Soon
Nugget Udang,Produk Protein,Plastik,Freezer,1,21.0,1.0,2.0,Soon
Sosis Frozen,Produk Protein,Plastik,Freezer,0,8.0,0.0,8.0,Fresh
Keju Mozzarella,Unknown,Plastik,Chiller,1,22.0,8.0,-1.0,Expired
Persik Kaleng,Produk Kaleng,Kaleng,Outside,1,384.0,3.0,0.0,Expired
Air Soda,Produk Minuman,Plastik,Outside,1,272.0,5.0,-4.0,Expired
Jagung Manis Kaleng,Produk Kaleng,Kaleng,Chiller,1,299.0,4.0,-1.0,Expired
Susu Uht Coklat,Produk Olahan Susu,Kardus,Chiller,1,27.0,1.0,0.0,Expired
Jus Mangga,Produk Minuman,Karton,Chiller,0,103.0,0.0,103.0,Fresh
Teh Kotak Jasmine,Produk Minuman,Karton,Outside,1,363.0,2.0,-1.0,Expired
Buah Cocktail,Produk Kaleng,Kaleng,Outside,0,214.0,0.0,214.0,Fresh
Jus Mangga,Produk Minuman,Karton,Chiller,0,84.0,0.0,84.0,Fresh
Susu Bubuk Skim,Produk Olahan Susu,Karton,Outside,0,251.0,0.0,250.0,Fresh
Sereal Cornflakes,Produk Kering,Karton,Outside,0,187.0,0.0,187.0,Fresh
Sereal Granola,Produk Kering,Karton,Outside,1,69.0,12.0,13.0,Fresh
Cola Zero Sugar,Produk Minuman,Kaleng,Outside,1,211.0,3.0,-2.0,Expired
Jus Jambu,Produk Minuman,Karton,Chiller,1,88.0,4.0,-1.0,Expired
Susu Uht Stroberi,Produk Olahan Susu,Karton,Chiller,1,164.0,5.0,-4.0,Expired
Teh Tarik,Produk Minuman,Karton,Chiller,1,195.0,2.0,-1.0,Expired
Air Soda,Produk Minuman,Plastik,Outside,0,318.0,0.0,250.0,Fresh
Susu Kental Manis Coklat,Produk Olahan Susu,Kaleng,Chiller,1,500.0,12.0,1.0,Soon
Sereal Muesli,Produk Kering,Karton,Outside,1,117.0,9.0,21.0,Fresh
Susu Bubuk Coklat,Produk Olahan Susu,Karton,Outside,1,500.0,8.0,22.0,Fresh
Jus Sirsak,Produk Minuman,Kardus,Chiller,0,97.0,0.0,97.0,Fresh
Nugget Sapi,Produk Protein,Plastik,Freezer,0,84.0,0.0,84.0,Fresh
Yogurt Plain,Produk Olahan Susu,Plastik,Chiller,0,6.0,0.0,6.0,Soon
Mie Instan Ayam,Produk Kering,Plastik,Outside,0,292.0,0.0,250.0,Fresh
Yogurt Stroberi,Produk Olahan Susu,Plastik,Chiller,1,2.0,1.0,2.0,Soon
Sosis Frankfurter,Produk Protein,Plastik,Chiller,1,79.0,5.0,2.0,Soon
Yogurt Minum Probiotik,Produk Olahan Susu,Botol Kaca,Chiller,0,5.0,0.0,5.0,Soon
Susu Kental Manis Coklat,Produk Olahan Susu,Kaleng,Chiller,1,38.0,7.0,7.0,Soon
Susu Uht Stroberi,Produk Olahan Susu,Karton,Chiller,1,190.0,1.0,0.0,Expired
Yogurt Plain,Produk Olahan Susu,Plastik,Chiller,0,14.0,0.0,14.0,Fresh
Sosis Frankfurter,Unknown,Plastik,Chiller,0,74.0,0.0,74.0,Fresh
Jus Nanas,Produk Minuman,Unknown,Chiller,1,135.0,7.0,-2.0,Expired
Persik Kaleng,Produk Kaleng,Kaleng,Outside,0,468.0,0.0,250.0,Fresh
Minuman Isotonik,Produk Minuman,Plastik,Outside,1,263.0,1.0,0.0,Expired
Susu Kedelai,Produk Olahan Susu,Karton,Chiller,1,219.0,9.0,-4.0,Expired
Sereal Oat,Produk Kering,Karton,Outside,1,185.0,12.0,2.0,Soon
Biskuit Digestive,Produk Kering,Plastik,Outside,1,254.0,12.0,-5.0,Expired
Ikan Makerel,Produk Kaleng,Kaleng,Outside,1,463.0,7.0,-5.0,Expired
Susu Uht Coklat,Unknown,Karton,Chiller,0,143.0,0.0,143.0,Fresh
Teh Botol,Produk Minuman,Botol Kaca,Outside,1,127.0,6.0,-3.0,Expired
Biskuit Mentega,Produk Kering,Kaleng,Outside,1,289.0,9.0,5.0,Soon
Jus Anggur,Produk Minuman,Botol Kaca,Chiller,0,247.0,0.0,247.0,Fresh
Kornet Ayam,Produk Kaleng,Kaleng,Outside,1,500.0,1.0,2.0,Soon
Buah Cocktail,Produk Kaleng,Kaleng,Outside,1,115.0,3.0,0.0,Expired
Nugget Sapi,Produk Protein,Plastik,Freezer,1,102.0,1.0,2.0,Soon
Teh Tarik,Produk Minuman,Karton,Chiller,0,219.0,0.0,219.0,Fresh
Teh Kotak Hijau,Produk Minuman,Karton,Outside,1,169.0,3.0,-2.0,Dead
Keju Mozzarella,Produk Olahan Susu,Plastik,Chiller,1,52.0,6.0,1.0,Soon
Keju Cheddar,Produk Olahan Susu,Plastik,Chiller,0,145.0,0.0,145.0,Fresh
Keju Cheddar,Produk Olahan Susu,Plastik,Chiller,0,168.0,0.0,168.0,Fresh
Nugget Ayam,Produk Protein,Plastik,Unknown,1,142.0,3.0,0.0,Expired
Susu Bubuk Skim,Unknown,Karton,Outside,0,76.0,0.0,76.0,Fresh
Susu Bubuk Full Cream,Produk Olahan Susu,Karton,Outside,1,325.0,12.0,-2.0,Expired
Keju Cheddar,Produk Olahan Susu,Plastik,Chiller,1,46.0,4.0,10.0,Fresh
Biskuit Oreo,Produk Kering,Plastik,Outside,0,114.0,0.0,114.0,Fresh
Jus Mangga,Produk Minuman,Karton,Chiller,1,40.0,4.0,-3.0,Expired
Sereal Muesli,Produk Kering,Unknown,Outside,1,102.0,12.0,10.0,Fresh
Minuman Isotonik,Produk Minuman,Plastik,Outside,0,266.0,0.0,250.0,Fresh
Keju Cream Cheese,Produk Olahan Susu,Karton,Chiller,1,21.0,10.0,4.0,Soon
Susu Kental Manis Coklat,Produk Olahan Susu,Kaleng,Chiller,1,500.0,2.0,12.0,Fresh
Sosis Ayam,Produk Protein,Unknown,Chiller,1,32.0,1.0,4.0,Soon
Leci Dalam Sirup,Produk Kaleng,Unknown,Outside,0,388.0,0.0,250.0,Fresh
Sosis Frankfurter,Produk Protein,Plastik,Chiller,1,74.0,5.0,2.0,Soon
Jus Jambu,Produk Minuman,Karton,Chiller,1,134.0,6.0,-3.0,Expired
Teh Kotak Hijau,Produk Minuman,Karton,Unknown,1,55.0,1.0,0.0,Expired
Teh Kotak Jasmine,Produk Minuman,Karton,Outside,0,163.0,0.0,163.0,Fresh
Sereal Oat,Produk Kering,Unknown,Outside,1,152.0,4.0,26.0,Fresh
Susu Almond,Produk Olahan Susu,Karton,Chiller,0,18.0,0.0,18.0,Fresh
Sosis Sapi,Produk Protein,Plastik,Chiller,0,17.0,0.0,17.0,Fresh
Jagung Manis Kaleng,Produk Kaleng,Kaleng,Chiller,1,346.0,3.0,0.0,Expired
Keju Mozzarella,Produk Olahan Susu,Plastik,Chiller,1,17.0,4.0,3.0,Soon
Keju Edam,Produk Olahan Susu,Unknown,Chiller,1,43.0,12.0,9.0,Fresh
Yogurt Blueberry,Produk Olahan Susu,Unknown,Chiller,0,22.0,0.0,22.0,Fresh
Susu Bubuk Coklat,Produk Olahan Susu,Karton,Outside,1,99.0,12.0,6.0,Segera
Sosis Sapi,Produk Protein,Plastik,Chiller,0,47.0,0.0,47.0,Fresh
Sereal Cornflakes,Produk Kering,Karton,Outside,0,331.0,0.0,250.0,Fresh
Biskuit Marie,Produk Kering,Plastik,Outside,1,125.0,2.0,5.0,Soon
Yogurt Minum Probiotik,Produk Olahan Susu,Botol Kaca,Chiller,1,4.0,2.0,1.0,Soon
Keju Cheddar,Produk Olahan Susu,Plastik,Chiller,0,14.0,4.0,10.0,Fresh
Keju Mozzarella,Produk Olahan Susu,Plastik,Chiller,1,51.0,7.0,0.0,Expired
Mie Instan Goreng,Produk Kering,Plastik,Outside,1,49.0,4.0,-4.0,Expired
Biskuit Sandwich,Produk Kering,Plastik,Outside,0,152.0,0.0,152.0,Fresh
Sereal Granola,Produk Kering,Karton,Outside,1,135.0,12.0,14.0,Fresh
Susu Almond,Produk Olahan Susu,Karton,Chiller,0,236.0,0.0,236.0,Fresh
Teh Lemon,Produk Minuman,Karton,Outside,1,352.0,6.0,-5.0,Expired
Cola Zero Sugar,Unknown,Kaleng,Outside,0,36.0,0.0,36.0,Fresh
Biskuit Crackers,Produk Kering,Plastik,Outside,1,89.0,3.0,4.0,Soon
Susu Uht Coklat,Produk Olahan Susu,Karton,Chiller,1,13.0,2.0,-1.0,Expired
Biskuit Digestive,Unknown,Plastik,Outside,1,187.0,12.0,0.0,Expired
Nugget Ikan,Produk Protein,Plastik,Freezer,0,129.0,0.0,129.0,Fresh
Teh Lemon,Produk Minuman,Karton,Outside,0,227.0,0.0,227.0,Fresh
Persik Kaleng,Produk Kaleng,Kaleng,Outside,1,426.0,4.0,-1.0,Expired
Biskuit Marie,Produk Kering,Plastik,Outside,1,21.0,8.0,-50.0,Expired
Susu Uht Full Cream,Unknown,Unknown,Chiller,0,260.0,0.0,250.0,Fresh
Nugget Tempe,Produk Protein,Plastik,Freezer,1,80.0,3.0,0.0,Expired
Biskuit Sandwich,Produk Kering,Unknown,Outside,1,36.0,10.0,-5.0,Expired
Air Mineral,Produk Minuman,Plastik,Outside,1,433.0,4.0,-3.0,Expired
Susu Evaporasi,Unknown,Unknown,Chiller,0,76.0,0.0,76.0,Fresh
Cola Zero Sugar,Produk Minuman,Kaleng,Outside,0,46.0,0.0,46.0,Fresh
Ikan Salmon,Produk Kaleng,Kaleng,Outside,1,264.0,5.0,-3.0,Expired
Biskuit Digestive,Produk Kering,Plastik,Outside,0,66.0,0.0,66.0,Fresh
Susu Uht Full Cream,Produk Olahan Susu,Karton,Chiller,1,158.0,4.0,3.0,Soon
Biskuit Sandwich,Produk Kering,Plastik,Outside,1,77.0,8.0,-3.0,Expired
Sereal Oat,Unknown,Karton,Outside,0,84.0,0.0,84.0,Fresh
Susu Kental Manis Putih,Produk Olahan Susu,Unknown,Chiller,1,55.0,12.0,1.0,Soon
Biskuit Digestive,Produk Kering,Plastik,Outside,1,304.0,3.0,11.0,Fresh
Susu Bubuk Full Cream,Produk Olahan Susu,Karton,Outside,0,323.0,0.0,250.0,Fresh
Yogurt Blueberry,Produk Olahan Susu,Plastik,Chiller,1,11.0,2.0,1.0,Soon
Sereal Coklat,Produk Kering,Karton,Outside,0,319.0,0.0,250.0,Fresh
Ikan Makerel,Produk Kaleng,Kaleng,Outside,1,500.0,7.0,-5.0,Expired
Jus Anggur,Produk Minuman,Botol Kaca,Chiller,0,171.0,0.0,171.0,Fresh
Sosis Ikan,Produk Protein,Plastik,Chiller,1,39.0,2.0,1.0,Soon
Biskuit Crackers,Produk Kering,Plastik,Outside,0,103.0,0.0,103.0,Fresh
Soda Jeruk,Produk Minuman,Kaleng,Outside,0,57.0,0.0,57.0,Fresh
Air Soda,Produk Minuman,Plastik,Outside,0,296.0,0.0,250.0,Fresh
Susu Pasteurisasi,Produk Olahan Susu,Plastik,Chiller,1,8.0,8.0,-5.0,Expired
Nugget Sapi,Produk Protein,Plastik,Freezer,1,12.0,4.0,-1.0,Expired
Persik Kaleng,Unknown,Kaleng,Outside,0,167.0,0.0,167.0,Fresh
Biskuit Oatmeal,Produk Kering,Plastik,Outside,0,57.0,0.0,57.0,Fresh
Kornet Sapi,Produk Kaleng,Kaleng,Unknown,0,123.0,0.0,123.0,Fresh
Sarden Cabai,Produk Kaleng,Kaleng,Outside,0,500.0,0.0,196.0,Fresh
Susu Uht Stroberi,Produk Olahan Susu,Karton,Chiller,0,45.0,0.0,45.0,Fresh
Teh Tarik,Produk Minuman,Karton,Chiller,0,41.0,0.0,41.0,Fresh
Ikan Makerel,Produk Kaleng,Kaleng,Outside,0,347.0,0.0,250.0,Fresh
Kornet Ayam,Produk Kaleng,Kaleng,Unknown,0,308.0,0.0,250.0,Fresh
Keju Cream Cheese,Unknown,Karton,Chiller,1,57.0,10.0,4.0,Soon
Biskuit Digestive,Produk Kering,Plastik,Unknown,0,16.0,0.0,16.0,Fresh
Cola Zero Sugar,Produk Minuman,Kaleng,Outside,1,54.0,4.0,-3.0,Expired
Biskuit Wafer,Produk Kering,Plastik,Outside,0,23.0,0.0,23.0,Fresh
Jus Mangga,Produk Minuman,Karton,Chiller,1,46.0,2.0,-1.0,Expired
Keju Edam,Produk Olahan Susu,Plastik,Chiller,1,109.0,12.0,-2.0,Expired
Jus Nanas,Produk Minuman,Karton,Chiller,0,112.0,0.0,112.0,Fresh
Yogurt Plain,Produk Olahan Susu,Plastik,Chiller,1,1.0,7.0,-2.0,Expired
Susu Uht Vanila,Produk Olahan Susu,Karton,Chiller,1,231.0,4.0,-3.0,Expired
Nanas Kaleng,Produk Kaleng,Kaleng,Outside,1,423.0,6.0,-3.0,Expired
Mie Instan Soto,Produk Kering,Plastik,Outside,1,190.0,2.0,-2.0,Expired
Yogurt Stroberi,Produk Olahan Susu,Plastik,Chiller,1,18.0,5.0,-2.0,Expired
Jus Apel,Produk Minuman,Karton,Chiller,1,87.0,4.0,1.0,Soon
Soda Jeruk,Produk Minuman,Kaleng,Outside,1,303.0,4.0,-3.0,Expired
Mie Instan Goreng,Produk Kering,Plastik,Outside,0,287.0,0.0,250.0,Fresh
Sosis Sapi,Produk Protein,Plastik,Chiller,0,43.0,0.0,250.0,Fresh
Keju Cheddar,Olahan Susu,Plastik,Chiller,0,100.0,0.0,100.0,Fresh
Minuman Energi,Produk Minuman,Kaleng,Outside,1,74.0,6.0,-5.0,Expired
Jagung Manis Kaleng,Produk Kaleng,Kaleng,Chiller,0,244.0,0.0,244.0,Fresh
Kornet Ayam,Produk Kaleng,Kaleng,Unknown,1,237.0,4.0,-1.0,Expired
Kornet Ayam,Kaleng,Kaleng,Outside,1,294.0,1.0,2.0,Soon
Teh Tarik,Produk Minuman,Karton,Chiller,0,80.0,0.0,80.0,Fresh
Sereal Granola,Produk Kering,Karton,Outside,1,364.0,12.0,-4.0,Expired
Susu Pasteurisasi,Produk Olahan Susu,Plastik,Chiller,1,14.0,1.0,2.0,Soon
Yogurt Blueberry,Produk Olahan Susu,Unknown,Chiller,1,3.0,7.0,-4.0,Expired
Sereal Oat,Produk Kering,Karton,Outside,1,79.0,2.0,28.0,Fresh
Teh Lemon,Produk Minuman,Karton,Outside,0,278.0,0.0,250.0,Fresh
Minuman Energi,Unknown,Kaleng,Outside,1,201.0,5.0,-4.0,Expired
Susu Evaporasi,Produk Olahan Susu,Kaleng,Chiller,0,52.0,0.0,52.0,Fresh
Ikan Tuna,Produk Kaleng,Kaleng,Outside,0,170.0,0.0,170.0,Fresh
Nugget Udang,Produk Protein,Plastik,Freezer,1,83.0,8.0,-5.0,Expired
Mie Instan Soto,Produk Kering,Plastik,Outside,1,9.0,2.0,-2.0,Expired
Biskuit Mentega,Produk Kering,Kaleng,Unknown,1,314.0,2.0,12.0,Fresh
Keju Edam,Produk Olahan Susu,Plastik,Chiller,0,121.0,0.0,121.0,Fresh
Susu Uht Full Cream,Produk Olahan Susu,Karton,Chiller,0,167.0,0.0,167.0,Fresh
Susu Uht Stroberi,Produk Olahan Susu,Karton,Chiller,0,71.0,0.0,71.0,Fresh
Keju Cheddar,Produk Olahan Susu,Plastik,Chiller,1,8.0,9.0,5.0,hampir
Minuman Energi,Produk Minuman,Kaleng,Outside,1,327.0,3.0,-2.0,Expired
Teh Kotak Jasmine,Produk Minuman,Karton,Outside,0,356.0,2.0,-1.0,Expired
Jus Apel,Produk Minuman,Kardus,Chiller,1,106.0,7.0,-2.0,Expired
Teh Kotak Hijau,Produk Minuman,Karton,Outside,0,223.0,0.0,-50.0,Fresh
Cola Original,Produk Minuman,Kaleng,Outside,1,260.0,4.0,-3.0,Expired
Nanas Kaleng,Produk Kaleng,Kaleng,Outside,1,394.0,5.0,-2.0,Expired
Keju Cream Cheese,Unknown,Karton,Chiller,0,40.0,0.0,40.0,Fresh
Susu Uht Full Cream,Produk Olahan Susu,Karton,Chiller,1,37.0,10.0,-3.0,Expired
Teh Kotak Hijau,Produk Minuman,Karton,Outside,0,271.0,0.0,250.0,Fresh
Sosis Ikan,Produk Protein,Plastik,Chiller,0,11.0,0.0,11.0,Fresh
Yogurt Kefir,Produk Olahan Susu,Botol Kaca,Chiller,0,3.0,0.0,3.0,Soon
Air Soda,Produk Minuman,Plastik,Outside,1,327.0,4.0,-3.0,Expired
Jus Mangga,Unknown,Karton,Chiller,1,146.0,4.0,-3.0,Expired
Susu Bubuk Bayi,Produk Olahan Susu,Karton,Outside,1,474.0,3.0,27.0,Fresh
Rambutan Kaleng,Produk Kaleng,Kaleng,Outside,0,392.0,0.0,250.0,Fresh
Sosis Frozen,Produk Protein,Plastik,Unknown,1,119.0,1.0,2.0,Soon
Ikan Tuna,Produk Kaleng,Kaleng,Outside,0,439.0,0.0,250.0,Fresh
Nugget Sayuran,Produk Protein,Plastik,Freezer,1,173.0,8.0,-5.0,Expired
Mie Instan Soto,Produk Kering,Unknown,Outside,1,318.0,3.0,-3.0,Expired
Mangga Kaleng,Produk Kaleng,Kaleng,Outside,1,156.0,6.0,-3.0,Expired
Persik Kaleng,Produk Kaleng,Kaleng,Outside,1,381.0,7.0,-4.0,Expired
Sosis Frozen,Produk Protein,Plastik,Freeze,1,70.0,8.0,-5.0,Expired
Mie Instan Soto,Unknown,Plastik,Outside,1,133.0,4.0,-4.0,Expired
Soda Lemon,Produk Minuman,Kaleng,Outside,0,212.0,0.0,212.0,Fresh
Yogurt Mangga,Produk Olahan Susu,Plastik,Chiller,1,22.0,2.0,1.0,Soon
Susu Kedelai,Produk Olahan Susu,Karton,Chiller,0,237.0,0.0,237.0,Fresh
Mie Instan Ayam,Produk Kering,Plastik,Outside,1,111.0,2.0,-2.0,Expired
Soda Jeruk,Produk Minuman,Unknown,Outside,1,220.0,2.0,-1.0,Expired
Mie Instan Ayam,Produk Kering,Plastik,Outside,0,278.0,0.0,250.0,Fresh
Nugget Ayam,Produk Protein,Plastik,Freezer,1,49.0,4.0,-1.0,Expired
Minuman Isotonik,Produk Minuman,Plastik,Outside,1,219.0,6.0,-5.0,Expired
Mie Instan Ayam,Produk Kering,Plastik,Outside,0,249.0,0.0,249.0,Fresh
Teh Botol,Produk Minuman,Botol Kaca,Outside,1,283.0,2.0,1.0,Soon
Mie Instan Goreng,Produk Kering,Plastik,Outside,0,268.0,0.0,250.0,Fresh
Mie Instan Soto,Unknown,Plastik,Outside,1,108.0,4.0,-4.0,Expired
Cola Original,Produk Minuman,Kaleng,Outside,1,149.0,3.0,-2.0,Expired
Yogurt Greek,Produk Olahan Susu,Plastik,Chiller,0,17.0,0.0,17.0,Fresh
Sereal Muesli,Produk Kering,Karton,Outside,0,19.0,0.0,19.0,Fresh
Teh Botol,Produk Minuman,Botol Kaca,Outside,0,333.0,0.0,250.0,Fresh
Sosis Ikan,Produk Protein,Plastik,Chiller,1,9.0,2.0,1.0,Soon
Minuman Energi,Produk Minuman,Kaleng,Outside,1,16.0,2.0,-1.0,Expired
Minuman Isotonik,Produk Minuman,Plastik,Outside,1,56.0,6.0,-5.0,Expired
Mie Instan Ayam,Produk Kering,Plastik,Outside,1,93.0,4.0,-4.0,Expired
Jus Apel,Produk Minuman,Karton,Chiller,0,26.0,0.0,26.0,Fresh
Nugget Udang,Produk Protein,Plastik,Freezer,1,61.0,4.0,-1.0,Expired
Susu Uht Stroberi,Produk Olahan Susu,Karton,Chiller,1,138.0,3.0,-2.0,Expired
Nugget Udang,Produk Protein,Plastik,Freezer,1,22.0,7.0,-4.0,Expired
Teh Tarik,Produk Minuman,Karton,Chiller,0,76.0,0.0,76.0,Fresh
Rambutan Kaleng,Produk Kaleng,Kaleng,Outside,1,137.0,7.0,-4.0,Expired
Cola Zero Sugar,Produk Minuman,Kaleng,Outside,1,196.0,3.0,-2.0,Expired
Soda Jeruk,Produk Minuman,Kaleng,Outside,1,353.0,1.0,0.0,Expired
Nugget Sayuran,Produk Protein,Plastik,Freezer,0,44.0,0.0,44.0,Fresh
Mie Instan Goreng,Produk Kering,Plastik,Outside,1,160.0,1.0,-1.0,Expired
Susu Uht Vanila,Produk Olahan Susu,Karton,Chiller,1,59.0,1.0,0.0,Dead
Susu Kedelai,Produk Olahan Susu,Karton,Chiller,0,245.0,0.0,245.0,Fresh
Jus Sirsak,Produk Minuman,Karton,Chiller,0,25.0,0.0,25.0,Fresh
Susu Uht Vanila,Produk Olahan Susu,Karton,Unknown,1,145.0,6.0,-5.0,Expired
Persik Kaleng,Produk Kaleng,Kaleng,Unknown,1,229.0,2.0,-50.0,Soon
Yogurt Blueberry,Produk Olahan Susu,Plastik,Chiller,1,10.0,2.0,1.0,Soon
Susu Almond,Produk Olahan Susu,Karton,Chiller,1,158.0,5.0,0.0,Expired
Cola Zero Sugar,Produk Minuman,Kaleng,Outside,1,333.0,4.0,-3.0,Expired
Jus Sirsak,Produk Minuman,Kardus,Chiller,1,118.0,3.0,0.0,Expired
Persik Kaleng,Produk Kaleng,Kaleng,Outside,0,16.0,0.0,16.0,Fresh
Jus Apel,Produk Minuman,Karton,Chiller,0,37.0,0.0,37.0,Fresh
Keju Mozzarella,Olahan Susu,Plastik,Chiller,1,10.0,2.0,5.0,Soon
Biskuit Digestive,Produk Kering,Plastik,Outside,0,260.0,0.0,250.0,Fresh
Jus Jambu,Produk Minuman,Karton,Chiller,0,59.0,0.0,59.0,Fresh
Sosis Bebek,Produk Protein,Plastik,Chiller,0,34.0,0.0,34.0,Fresh
Susu Kedelai,Produk Olahan Susu,Karton,Chiller,0,170.0,0.0,170.0,Fresh
Jus Sirsak,Produk Minuman,Karton,Chiller,0,167.0,0.0,167.0,Fresh
Mie Instan Ayam,Produk Kering,Plastik,Outside,0,99.0,0.0,99.0,Fresh
Biskuit Digestive,Produk Kering,Plastik,Outside,0,275.0,0.0,250.0,Fresh
Susu Uht Low Fat,Produk Olahan Susu,Karton,Chiller,0,172.0,0.0,172.0,Fresh
Jus Anggur,Produk Minuman,Botol Kaca,Chiller,1,197.0,5.0,0.0,Expired
Teh Lemon,Produk Minuman,Karton,Outside,1,335.0,3.0,-2.0,Expired
Nugget Tempe,Produk Protein,Unknown,Freezer,0,12.0,0.0,12.0,Fresh
Minuman Energi,Produk Minuman,Kaleng,Outside,0,181.0,0.0,181.0,Fresh
Susu Kental Manis Putih,Produk Olahan Susu,Kaleng,Chiller,1,347.0,2.0,12.0,Fresh
Nugget Sayuran,Produk Protein,Plastik,Freezer,0,24.0,0.0,24.0,Fresh
Keju Parmesan,Produk Olahan Susu,Plastik,Chiller,0,294.0,0.0,250.0,Fresh
Susu Bubuk Coklat,Produk Olahan Susu,Karton,Outside,1,465.0,12.0,4.0,Soon
Persik Kaleng,Produk Kaleng,Kaleng,Outside,1,476.0,7.0,-4.0,Expired
Sosis Ikan,Produk Protein,Plastik,Chiller,1,39.0,8.0,-5.0,Expired
Cola Zero Sugar,Produk Minuman,Kaleng,Outside,0,109.0,0.0,109.0,Fresh
Mie Instan Ayam,Produk Kering,Plastik,Outside,0,-10.0,0.0,250.0,Fresh
Yogurt Greek,Produk Olahan Susu,Plastik,Chiller,0,1.0,0.0,1.0,Soon
Susu Almond,Produk Olahan Susu,Karton,Chiller,1,238.0,9.0,-4.0,Expired
Sosis Ayam,Produk Protein,Plastik,Chiller,0,4.0,0.0,4.0,Soon
Jus Mangga,Produk Minuman,Karton,Chiller,1,98.0,3.0,-2.0,Expired
Susu Uht Stroberi,Produk Olahan Susu,Karton,Chiller,1,7.0,4.0,-3.0,Expired
Sereal Cornflakes,Produk Kering,Karton,Outside,0,130.0,0.0,130.0,Fresh
Keju Parmesan,Produk Olahan Susu,Plastik,Chiller,1,282.0,12.0,-3.0,Expired
Susu Bubuk Skim,Produk Olahan Susu,Karton,Outside,0,241.0,0.0,241.0,Fresh
Sosis Bebek,Produk Protein,Plastik,Chiller,0,79.0,0.0,79.0,Fresh
Jus Mangga,Produk Minuman,Karton,Chiller,0,22.0,0.0,22.0,Fresh
Biskuit Oreo,Produk Kering,Plastik,Outside,0,31.0,0.0,31.0,Fresh
Biskuit Wafer,Produk Kering,Plastik,Outside,1,69.0,9.0,-4.0,Expired
Nugget Ayam,Produk Protein,Plastik,Freezer,0,92.0,0.0,92.0,Fresh
Biskuit Digestive,Produk Kering,Plastik,Outside,0,17.0,0.0,17.0,Fresh
Susu Bubuk Bayi,Produk Olahan Susu,Karton,Outside,1,473.0,12.0,1.0,Soon
Susu Evaporasi,Produk Olahan Susu,Kaleng,Chiller,0,162.0,0.0,162.0,Fresh
Nugget Tempe,Produk Protein,Plastik,Freezer,1,24.0,6.0,-3.0,Expired
Minuman Energi,Produk Minuman,Kaleng,Outside,1,8.0,4.0,-3.0,Expired
Minuman Energi,Produk Minuman,Kaleng,Outside,1,500.0,5.0,-4.0,Expired
Jus Nanas,Produk Minuman,Karton,Unknown,0,88.0,0.0,250.0,Fresh
Keju Mozzarella,Produk Olahan Susu,Plastik,Chiller,0,9.0,0.0,9.0,Fresh
Teh Kotak Jasmine,Produk Minuman,Karton,Outside,0,271.0,0.0,250.0,Fresh
Jus Apel,Unknown,Kardus,Chiller,1,143.0,1.0,4.0,Soon
Keju Edam,Produk Olahan Susu,Plastik,Chiller,0,127.0,0.0,127.0,Fresh
Nugget Ayam,Produk Protein,Plastik,Freezer,0,52.0,0.0,52.0,Fresh
Susu Uht Vanila,Unknown,Kardus,Chiller,1,117.0,3.0,-2.0,Expired
Mie Instan Soto,Produk Kering,Plastik,Outside,0,64.0,0.0,64.0,Fresh
Biskuit Oatmeal,Produk Kering,Plastik,Outside,1,80.0,12.0,-5.0,Expired
Sarden Cabai,Produk Kaleng,Kaleng,Outside,0,28.0,0.0,28.0,Fresh
Susu Uht Vanila,Produk Olahan Susu,Karton,Chiller,1,167.0,2.0,-1.0,Expired
Sosis Bebek,Produk Protein,Plastik,Chiller,1,77.0,1.0,6.0,Soon
Sosis Frankfurter,Produk Protein,Plastik,Unknown,1,54.0,11.0,-4.0,Expired
Sosis Frankfurter,Produk Protein,Plastik,Chiller,1,500.0,5.0,2.0,Soon
Teh Kotak Hijau,Produk Minuman,Karton,Outside,1,223.0,1.0,0.0,Expired
Biskuit Marie,Produk Kering,Plastik,Outside,0,154.0,0.0,154.0,Fresh
Nanas Kaleng,Produk Kaleng,Kaleng,Outside,1,62.0,5.0,-2.0,Expired
Air Soda,Produk Minuman,Plastik,Outside,0,268.0,0.0,250.0,Fresh
Sereal Cornflakes,Produk Kering,Karton,Outside,1,344.0,6.0,24.0,Fresh
Sarden Cabai,Produk Kaleng,Unknown,Outside,0,500.0,0.0,250.0,Fresh
Teh Lemon,Produk Minuman,Karton,Outside,0,132.0,0.0,132.0,Fresh
Susu Bubuk Full Cream,Produk Olahan Susu,Karton,Outside,0,468.0,0.0,250.0,Fresh
Susu Bubuk Coklat,Produk Olahan Susu,Karton,Outside,1,54.0,9.0,21.0,Fresh
Susu Kental Manis Coklat,Produk Olahan Susu,Kaleng,Chiller,0,469.0,0.0,250.0,Fresh
Teh Lemon,Produk Minuman,Karton,Outside,1,11.0,3.0,-2.0,Expired
Sosis Ayam,Produk Protein,Plastik,Chiller,1,1.0,6.0,-1.0,Expired
Nugget Sapi,Produk Protein,Plastik,Freeze,0,35.0,0.0,35.0,Fresh
Sosis Frankfurter,Produk Protein,Plastik,Chiller,0,90.0,0.0,90.0,Fresh
Sarden Minyak Zaitun,Produk Kaleng,Kaleng,Outside,1,500.0,2.0,0.0,Expired
Kornet Sapi,Produk Kaleng,Kaleng,Outside,1,234.0,1.0,2.0,Soon
Biskuit Marie,Produk Kering,Plastik,Outside,1,123.0,7.0,0.0,Expired
Susu Almond,Produk Olahan Susu,Karton,Chiller,1,48.0,9.0,-4.0,Expired
Susu Uht Vanila,Produk Olahan Susu,Karton,Chiller,0,78.0,0.0,78.0,Fresh
Susu Kental Manis Putih,Produk Olahan Susu,Kaleng,Chiller,1,199.0,12.0,2.0,Soon
Susu Kental Manis Putih,Produk Olahan Susu,Kaleng,Chiller,1,500.0,11.0,3.0,Soon
Cola Original,Produk Minuman,Kaleng,Outside,1,296.0,3.0,-2.0,Expired
Yogurt Greek,Produk Olahan Susu,Plastik,Unknown,1,12.0,9.0,-4.0,Expired
Biskuit Oreo,Produk Kering,Plastik,Outside,0,46.0,0.0,46.0,Fresh
Yogurt Mangga,Produk Olahan Susu,Plastik,Chiller,1,22.0,6.0,-3.0,Expired
Yogurt Blueberry,Produk Olahan Susu,Plastik,Chiller,0,24.0,0.0,24.0,Fresh
Yogurt Kefir,Produk Olahan Susu,Botol Kaca,Chiller,0,7.0,0.0,7.0,Soon
Nugget Ikan,Produk Protein,Plastik,Freezer,0,82.0,0.0,82.0,Fresh
Susu Almond,Produk Olahan Susu,Karton,Chiller,1,25.0,4.0,1.0,Soon
Susu Evaporasi,Produk Olahan Susu,Kaleng,Chiller,0,166.0,0.0,166.0,Fresh
Soda Lemon,Produk Minuman,Kaleng,Outside,0,113.0,0.0,113.0,Fresh
Jagung Manis Kaleng,Produk Kaleng,Kaleng,Chiller,0,500.0,0.0,250.0,Fresh
Minuman Energi,Produk Minuman,Unknown,Outside,1,320.0,5.0,-4.0,Expired
Ikan Salmon,Produk Kaleng,Kaleng,Outside,1,500.0,5.0,-3.0,Expired
Teh Kotak Hijau,Produk Minuman,Karton,Outside,1,248.0,3.0,-2.0,Expired
Mie Instan Goreng,Unknown,Plastik,Outside,1,120.0,5.0,-5.0,Expired
Susu Evaporasi,Produk Olahan Susu,Kaleng,Chiller,1,500.0,6.0,1.0,Soon
Sosis Ikan,Produk Protein,Plastik,Chiller,1,40.0,5.0,-2.0,Expired
Teh Kotak Hijau,Produk Minuman,Karton,Outside,1,58.0,3.0,-2.0,Expired
Sarden Cabai,Kaleng,Kaleng,Outside,1,500.0,1.0,1.0,Soon
Susu Kental Manis Putih,Produk Olahan Susu,Kaleng,Chiller,1,450.0,12.0,-3.0,Expired
Nugget Ayam,Unknown,Plastik,Freezer,0,168.0,0.0,168.0,Fresh
Susu Kental Manis Putih,Produk Olahan Susu,Kaleng,Chiller,0,294.0,0.0,250.0,Fresh
Buah Cocktail,Produk Kaleng,Kaleng,Outside,1,392.0,6.0,-3.0,Expired
Susu Bubuk Coklat,Produk Olahan Susu,Karton,Outside,1,250.0,9.0,21.0,Fresh
Air Mineral,Produk Minuman,Plastik,Outside,1,56.0,1.0,0.0,Expired
Rambutan Kaleng,Produk Kaleng,Kaleng,Outside,1,270.0,3.0,0.0,Expired
Persik Kaleng,Produk Kaleng,Kaleng,Outside,1,138.0,1.0,2.0,Soon
Nugget Udang,Produk Protein,Plastik,Freezer,1,11.0,7.0,-4.0,Expired
Yogurt Kefir,Produk Olahan Susu,Botol Kaca,Chiller,0,2.0,0.0,2.0,Hampir
Teh Kotak Hijau,Produk Minuman,Karton,Outside,0,167.0,0.0,167.0,Fresh
Nugget Udang,Produk Protein,Plastik,Freezer,0,109.0,0.0,109.0,Fresh
Kornet Sapi,Produk Kaleng,Kaleng,Outside,1,38.0,8.0,-5.0,Expired
Jus Mangga,Produk Minuman,Karton,Unknown,0,119.0,0.0,119.0,Fresh
Susu Uht Stroberi,Produk Olahan Susu,Karton,Chiller,1,231.0,3.0,-2.0,Expired
Yogurt Plain,Produk Olahan Susu,Plastik,Chiller,0,1.0,0.0,1.0,Soon
Teh Kotak Hijau,Produk Minuman,Karton,Outside,1,61.0,4.0,-3.0,Expired
Jus Apel,Produk Minuman,Karton,Chiller,1,73.0,4.0,1.0,Soon
Susu Almond,Produk Olahan Susu,Karton,Chiller,0,112.0,0.0,112.0,Fresh
Sereal Oat,Unknown,Karton,Outside,1,154.0,10.0,20.0,Fresh
Yogurt Kefir,Produk Olahan Susu,Unknown,Chiller,1,11.0,5.0,-2.0,Expired
Susu Bubuk Full Cream,Produk Olahan Susu,Karton,Outside,1,16.0,10.0,16.0,Fresh
Susu Bubuk Full Cream,Produk Olahan Susu,Karton,Outside,1,53.0,12.0,16.0,Fresh
Nugget Udang,Produk Protein,Plastik,Freezer,1,85.0,7.0,-4.0,Expired
Susu Uht Vanila,Produk Olahan Susu,Karton,Chiller,0,37.0,0.0,37.0,Fresh
Keju Cheddar,Produk Olahan Susu,Plastik,Chiller,0,500.0,0.0,178.0,Fresh
Jus Jambu,Produk Minuman,Karton,Chiller,1,97.0,3.0,0.0,Expired
Biskuit Oreo,Produk Kering,Plastik,Outside,1,142.0,3.0,4.0,Soon
Rambutan Kaleng,Produk Kaleng,Kaleng,Outside,0,498.0,0.0,250.0,Fresh
Sarden Cabai,Produk Kaleng,Kaleng,Outside,1,500.0,6.0,-4.0,Expired
Yogurt Mangga,Produk Olahan Susu,Plastik,Chiller,0,15.0,0.0,15.0,Fresh
Air Soda,Produk Minuman,Plastik,Outside,1,55.0,6.0,-5.0,Expired
Susu Bubuk Bayi,Produk Olahan Susu,Karton,Outside,1,500.0,12.0,10.0,Fresh
Yogurt Stroberi,Produk Olahan Susu,Plastik,Unknown,1,12.0,3.0,0.0,Expired
Ikan Makerel,Produk Kaleng,Kaleng,Outside,1,319.0,5.0,-3.0,Expired
Sereal Muesli,Produk Kering,Karton,Outside,0,202.0,0.0,202.0,Fresh
Susu Kental Manis Coklat,Produk Olahan Susu,Kaleng,Chiller,1,500.0,12.0,-2.0,Expired
Jus Nanas,Produk Minuman,Karton,Chiller,1,111.0,3.0,2.0,Soon
Keju Parmesan,Produk Olahan Susu,Plastik,Chiller,0,276.0,0.0,250.0,Fresh
Sosis Bebek,Produk Protein,Plastik,Chiller,1,69.0,10.0,-3.0,Expired
Keju Mozzarella,Produk Olahan Susu,Plastik,Chiller,1,59.0,2.0,5.0,Soon
Susu Bubuk Bayi,Produk Olahan Susu,Karton,Outside,0,481.0,0.0,250.0,Fresh
Nugget Sayuran,Produk Protein,Plastik,Freezer,0,118.0,0.0,118.0,Fresh
Soda Jeruk,Unknown,Kaleng,Outside,1,317.0,1.0,0.0,Expired
Susu Uht Low Fat,Produk Olahan Susu,Unknown,Chiller,0,72.0,0.0,72.0,Fresh
Sereal Cornflakes,Produk Kering,Karton,Outside,0,217.0,0.0,217.0,Fresh
Cola Original,Produk Minuman,Kaleng,Outside,1,240.0,6.0,-5.0,Expired
Minuman Isotonik,Produk Minuman,Plastik,Outside,1,202.0,1.0,0.0,Expired
Biskuit Mentega,Produk Kering,Kaleng,Outside,1,222.0,9.0,5.0,Soon
Nugget Tempe,Produk Protein,Plastik,Freezer,0,1.0,0.0,1.0,Soon
Susu Bubuk Skim,Produk Olahan Susu,Karton,Outside,0,477.0,0.0,250.0,Fresh
Susu Kental Manis Coklat,Produk Olahan Susu,Kaleng,Unknown,0,32.0,0.0,32.0,Fresh
Yogurt Blueberry,Produk Olahan Susu,Plastik,Chiller,0,27.0,7.0,-4.0,Expired
Susu Uht Full Cream,Produk Olahan Susu,Karton,Chiller,1,233.0,11.0,-4.0,Expired
Teh Kotak Jasmine,Produk Minuman,Karton,Outside,0,205.0,0.0,205.0,Fresh
Minuman Isotonik,Produk Minuman,Plastik,Outside,0,185.0,0.0,185.0,Fresh
Jus Anggur,Produk Minuman,Botol Kaca,Chiller,1,296.0,1.0,4.0,Soon
Minuman Isotonik,Produk Minuman,Plastik,Outside,1,6.0,5.0,-4.0,Expired
Keju Parmesan,Produk Olahan Susu,Plastik,Chiller,0,123.0,0.0,123.0,Fresh
Keju Edam,Produk Olahan Susu,Plastik,Chiller,0,40.0,0.0,40.0,Fresh
Teh Lemon,Produk Minuman,Karton,Outside,1,52.0,6.0,-5.0,Expired
Nanas Kaleng,Produk Kaleng,Kaleng,Outside,1,500.0,6.0,-3.0,Expired
Jus Mangga,Produk Minuman,Karton,Chiller,0,156.0,0.0,156.0,Fresh
Susu Uht Full Cream,Produk Olahan Susu,Karton,Chiller,1,220.0,10.0,-3.0,Expired
Teh Lemon,Produk Minuman,Karton,Outside,0,223.0,0.0,223.0,Fresh
Yogurt Kefir,Produk Olahan Susu,Botol Kaca,Chiller,1,4.0,8.0,-5.0,Expired
Teh Kotak Hijau,Produk Minuman,Karton,Outside,1,43.0,4.0,-3.0,Expired
Soda Jeruk,Produk Minuman,Kaleng,Outside,0,102.0,0.0,102.0,Fresh
Minuman Energi,Produk Minuman,Kaleng,Outside,0,96.0,0.0,96.0,Fresh
Susu Kedelai,Produk Olahan Susu,Karton,Chiller,1,6.0,5.0,0.0,Expired
Sosis Ayam,Produk Protein,Plastik,Chiller,1,5.0,6.0,-1.0,Expired
Keju Cheddar,Produk Olahan Susu,Plastik,Chiller,0,159.0,0.0,159.0,Fresh
Air Soda,Produk Minuman,Plastik,Outside,1,123.0,1.0,0.0,Expired
Susu Uht Coklat,Produk Olahan Susu,Karton,Chiller,1,110.0,5.0,-4.0,Expired
Sereal Oat,Produk Kering,Karton,Outside,0,149.0,0.0,149.0,Fresh
Jus Apel,Produk Minuman,Karton,Chiller,1,60.0,5.0,0.0,Expired
Sosis Sapi,Unknown,Plastik,Chiller,1,26.0,4.0,1.0,Soon
Ikan Makerel,Produk Kaleng,Unknown,Outside,1,500.0,4.0,-2.0,Expired
Leci Dalam Sirup,Produk Kaleng,Kaleng,Outside,0,346.0,0.0,250.0,Fresh
Biskuit Wafer,Unknown,Plastik,Outside,1,62.0,9.0,-4.0,Expired
Jus Nanas,Produk Minuman,Karton,Chiller,0,2.0,0.0,2.0,Soon
Sosis Ikan,Produk Protein,Plastik,Dingin,1,11.0,4.0,-1.0,Expired
Teh Tarik,Produk Minuman,Karton,Chiller,0,29.0,0.0,29.0,Fresh
Biskuit Sandwich,Produk Kering,Plastik,Outside,1,176.0,6.0,-1.0,Expired
Biskuit Sandwich,Produk Kering,Plastik,Outside,1,4.0,5.0,0.0,Expired
Sosis Bebek,Produk Protein,Plastik,Chiller,1,74.0,1.0,6.0,Soon
Nugget Udang,Produk Protein,Plastik,Freezer,1,79.0,5.0,-2.0,Expired
Jus Apel,Unknown,Karton,Chiller,0,85.0,0.0,85.0,Fresh
Susu Uht Low Fat,Produk Olahan Susu,Karton,Chiller,0,222.0,0.0,-50.0,Fresh
Mangga Kaleng,Produk Kaleng,Kaleng,Outside,1,127.0,7.0,-4.0,Expired
Teh Tarik,Unknown,Karton,Chiller,1,69.0,1.0,0.0,Expired
Keju Cream Cheese,Produk Olahan Susu,Karton,Chiller,0,51.0,0.0,51.0,Fresh
Biskuit Marie,Produk Kering,Plastik,Outside,1,18.0,9.0,-2.0,Expired
Teh Lemon,Produk Minuman,Karton,Outside,1,363.0,1.0,0.0,Expired
Air Soda,Produk Minuman,Plastik,Outside,0,236.0,0.0,236.0,Fresh
Jagung Manis Kaleng,Unknown,Kaleng,Chiller,0,308.0,0.0,250.0,Fresh
Susu Almond,Produk Olahan Susu,Karton,Chiller,1,152.0,3.0,2.0,Soon
Keju Cream Cheese,Produk Olahan Susu,Karton,Chiller,1,45.0,5.0,9.0,Fresh
Teh Kotak Hijau,Produk Minuman,Karton,Outside,1,282.0,4.0,-3.0,Expired
Sosis Ayam,Produk Protein,Plastik,Chiller,0,57.0,0.0,57.0,Fresh
Ikan Tuna,Produk Kaleng,Kaleng,Outside,0,301.0,0.0,250.0,Fresh
Nugget Ikan,Produk Protein,Plastik,Freezer,1,177.0,3.0,0.0,Expired
Yogurt Blueberry,Produk Olahan Susu,Plastik,Chiller,0,21.0,3.0,0.0,Expired
Susu Bubuk Full Cream,Produk Olahan Susu,Unknown,Outside,1,103.0,12.0,1.0,Soon
Susu Uht Vanila,Produk Olahan Susu,Unknown,Chiller,0,137.0,0.0,137.0,Fresh
Susu Bubuk Skim,Produk Olahan Susu,Karton,Unknown,0,455.0,0.0,250.0,Fresh
Susu Evaporasi,Produk Olahan Susu,Kaleng,Chiller,1,308.0,3.0,4.0,Soon
Mie Instan Soto,Produk Kering,Plastik,Outside,1,222.0,2.0,-2.0,Expired
Susu Uht Stroberi,Unknown,Karton,Chiller,1,500.0,4.0,-3.0,Expired
Jus Apel,Produk Minuman,Karton,Chiller,0,79.0,0.0,79.0,Fresh
Susu Uht Stroberi,Produk Olahan Susu,Kardus,Chiller,1,229.0,2.0,-1.0,Expired
Mangga Kaleng,Produk Kaleng,Kaleng,Outside,1,283.0,6.0,-3.0,Expired
Minuman Isotonik,Produk Minuman,Plastik,Outside,0,105.0,0.0,105.0,Fresh
Buah Cocktail,Produk Kaleng,Kaleng,Outside,1,428.0,1.0,2.0,Soon
Nugget Ikan,Produk Protein,Plastik,Freezer,1,176.0,6.0,-3.0,Expired
Susu Uht Vanila,Produk Olahan Susu,Karton,Chiller,0,81.0,0.0,81.0,Fresh
Kornet Ayam,Produk Kaleng,Kaleng,Outside,0,53.0,0.0,53.0,Fresh
Teh Kotak Hijau,Unknown,Karton,Outside,1,149.0,3.0,-2.0,Expired
Jus Anggur,Produk Minuman,Botol Kaca,Chiller,1,162.0,3.0,2.0,Soon
Nugget Sapi,Produk Protein,Plastik,Freezer,1,31.0,4.0,-1.0,Expired
Susu Pasteurisasi,Produk Olahan Susu,Plastik,Unknown,0,5.0,0.0,-50.0,Soon
Susu Uht Stroberi,Produk Olahan Susu,Karton,Chiller,1,173.0,6.0,-5.0,Expired
Jus Nanas,Produk Minuman,Karton,Chiller,0,48.0,0.0,48.0,Fresh
Jagung Manis Kaleng,Produk Kaleng,Kaleng,Chiller,1,12.0,8.0,-5.0,Expired
Keju Cheddar,Produk Olahan Susu,Plastik,Chiller,0,48.0,12.0,-4.0,Expired
Sarden Minyak Zaitun,Kaleng,Kaleng,Outside,0,216.0,0.0,216.0,Fresh
Mie Instan Ayam,Produk Kering,Plastik,Outside,1,206.0,5.0,-5.0,Expired
Yogurt Greek,Produk Olahan Susu,Plastik,Dingin,1,1.0,1.0,1.0,Soon
Sosis Sapi,Produk Protein,Plastik,Chiller,1,11.0,1.0,4.0,Soon
Susu Bubuk Bayi,Produk Olahan Susu,Karton,Outside,0,8.0,0.0,8.0,Fresh
Mie Instan Ayam,Produk Kering,Plastik,Outside,1,57.0,1.0,-1.0,Expired
Susu Bubuk Skim,Produk Olahan Susu,Unknown,Outside,1,169.0,12.0,13.0,Fresh
Susu Bubuk Coklat,Produk Olahan Susu,Karton,Outside,0,463.0,0.0,250.0,Fresh
Jus Nanas,Produk Minuman,Karton,Chiller,1,500.0,2.0,3.0,Soon
Susu Uht Low Fat,Produk Olahan Susu,Karton,Dingin,0,49.0,0.0,49.0,Fresh
Sereal Oat,Produk Kering,Karton,Outside,1,131.0,6.0,24.0,Fresh
Susu Kedelai,Produk Olahan Susu,Karton,Chiller,0,235.0,0.0,235.0,Fresh
Yogurt Plain,Produk Olahan Susu,Plastik,Chiller,1,4.0,4.0,1.0,Soon
Mie Instan Soto,Produk Kering,Unknown,Outside,0,1.0,0.0,1.0,Soon
Ikan Makerel,Produk Kaleng,Kaleng,Outside,0,353.0,0.0,250.0,Fresh
Biskuit Digestive,Produk Kering,Plastik,Outside,1,180.0,2.0,12.0,Fresh
Susu Uht Stroberi,Unknown,Karton,Chiller,0,216.0,0.0,216.0,Fresh
Jus Anggur,Produk Minuman,Botol Kaca,Chiller,1,72.0,1.0,4.0,Soon
Buah Cocktail,Produk Kaleng,Kaleng,Outside,0,330.0,0.0,250.0,Fresh
Nugget Ayam,Produk Protein,Plastik,Freezer,1,17.0,7.0,-4.0,Expired
Yogurt Mangga,Produk Olahan Susu,Plastik,Chiller,0,1.0,0.0,1.0,Soon
Susu Pasteurisasi,Unknown,Plastik,Chiller,1,5.0,4.0,-1.0,Expired
Jus Jambu,Produk Minuman,Karton,Chiller,0,165.0,0.0,165.0,Fresh
Mie Instan Soto,Produk Kering,Plastik,Outside,1,350.0,3.0,-3.0,Expired
Ikan Salmon,Produk Kaleng,Unknown,Outside,0,500.0,0.0,250.0,Fresh
Susu Evaporasi,Produk Olahan Susu,Kaleng,Chiller,1,132.0,9.0,-2.0,Expired
Jus Anggur,Produk Minuman,Botol Kaca,Chiller,0,500.0,0.0,250.0,Fresh
Mie Instan Soto,Produk Kering,Plastik,Outside,1,229.0,1.0,-1.0,Expired
Kornet Ayam,Produk Kaleng,Kaleng,Outside,0,434.0,0.0,250.0,Fresh
Air Mineral,Produk Minuman,Plastik,Outside,1,255.0,6.0,-5.0,Expired
Biskuit Oreo,Produk Kering,Plastik,Outside,0,126.0,0.0,126.0,Fresh
Sereal Granola,Produk Kering,Karton,Outside,0,305.0,0.0,250.0,Fresh
Rambutan Kaleng,Produk Kaleng,Kaleng,Outside,0,342.0,0.0,250.0,Fresh
Rambutan Kaleng,Produk Kaleng,Kaleng,Outside,1,-10.0,6.0,-3.0,Expired
Cola Original,Produk Minuman,Kaleng,Outside,0,83.0,0.0,83.0,Fresh
Biskuit Crackers,Produk Kering,Plastik,Outside,0,72.0,0.0,72.0,Fresh
Teh Kotak Hijau,Produk Minuman,Karton,Outside,1,192.0,3.0,-2.0,Expired
Biskuit Crackers,Produk Kering,Unknown,Outside,1,47.0,3.0,4.0,Soon
Susu Bubuk Skim,Produk Olahan Susu,Karton,Outside,0,301.0,0.0,250.0,Fresh
Teh Lemon,Produk Minuman,Karton,Unknown,1,93.0,6.0,-5.0,Expired
Soda Jeruk,Produk Minuman,Kaleng,Outside,1,85.0,2.0,-1.0,Expired
Keju Cream Cheese,Produk Olahan Susu,Karton,Chiller,1,54.0,8.0,6.0,Hampir
Yogurt Greek,Produk Olahan Susu,Plastik,Chiller,1,21.0,5.0,0.0,Expired
Teh Kotak Hijau,Produk Minuman,Karton,Outside,0,346.0,0.0,250.0,Fresh
Sosis Bebek,Produk Protein,Plastik,Unknown,1,33.0,5.0,2.0,Soon
Sosis Ikan,Produk Protein,Plastik,Chiller,1,27.0,6.0,-3.0,Expired
Yogurt Mangga,Produk Olahan Susu,Plastik,Chiller,1,25.0,6.0,-3.0,Expired
Sereal Oat,Produk Kering,Karton,Outside,1,347.0,7.0,23.0,Fresh
Cola Zero Sugar,Produk Minuman,Kaleng,Outside,0,342.0,0.0,250.0,Fresh
Jus Jeruk,Produk Minuman,Karton,Chiller,0,171.0,0.0,171.0,Fresh
Soda Jeruk,Produk Minuman,Kaleng,Outside,1,192.0,6.0,-5.0,Expired
Keju Parmesan,Produk Olahan Susu,Plastik,Chiller,1,210.0,12.0,-2.0,Expired
Sereal Oat,Produk Kering,Karton,Outside,1,138.0,12.0,2.0,Soon
Sosis Sapi,Unknown,Plastik,Chiller,1,40.0,2.0,3.0,Soon
Kornet Ayam,Produk Kaleng,Kaleng,Outside,0,418.0,0.0,250.0,Fresh
Teh Botol,Produk Minuman,Botol Kaca,Outside,0,307.0,0.0,250.0,Fresh
Jus Apel,Produk Minuman,Karton,Chiller,0,81.0,0.0,81.0,Fresh
Nanas Kaleng,Produk Kaleng,Kaleng,Outside,0,458.0,0.0,250.0,Fresh
Nugget Sayuran,Produk Protein,Plastik,Freezer,1,66.0,2.0,1.0,Soon
Nugget Sapi,Unknown,Plastik,Freezer,1,177.0,2.0,1.0,Soon
Susu Almond,Unknown,Karton,Chiller,1,74.0,8.0,-3.0,Expired
Susu Kental Manis Coklat,Produk Olahan Susu,Kaleng,Chiller,1,448.0,12.0,1.0,Soon
Susu Uht Vanila,Produk Olahan Susu,Karton,Chiller,1,220.0,3.0,-2.0,Expired
Leci Dalam Sirup,Produk Kaleng,Kaleng,Outside,0,213.0,0.0,213.0,Fresh
Sereal Granola,Produk Kering,Karton,Unknown,0,145.0,0.0,145.0,Fresh
Biskuit Wafer,Produk Kering,Plastik,Outside,1,15.0,9.0,-4.0,Expired
Minuman Energi,Produk Minuman,Kaleng,Outside,0,242.0,0.0,242.0,Fresh
Nugget Ikan,Produk Protein,Plastik,Freezer,1,114.0,5.0,-2.0,Expired
Keju Mozzarella,Produk Olahan Susu,Plastik,Chiller,0,38.0,0.0,38.0,Fresh
Biskuit Sandwich,Produk Kering,Plastik,Outside,1,88.0,3.0,2.0,Soon
Susu Kedelai,Produk Olahan Susu,Karton,Chiller,0,123.0,0.0,123.0,Fresh
Biskuit Sandwich,Produk Kering,Plastik,Outside,1,102.0,3.0,2.0,Soon
Air Mineral,Produk Minuman,Plastik,Outside,0,257.0,0.0,250.0,Fresh
Yogurt Blueberry,Olahan Susu,Plastik,Chiller,0,14.0,0.0,14.0,Fresh
Biskuit Wafer,Produk Kering,Plastik,Outside,0,64.0,0.0,64.0,Fresh
Yogurt Mangga,Produk Olahan Susu,Plastik,Chiller,1,6.0,5.0,-2.0,Expired
Sarden Minyak Zaitun,Produk Kaleng,Kaleng,Outside,1,385.0,2.0,0.0,Expired
Cola Zero Sugar,Produk Minuman,Kaleng,Outside,1,111.0,3.0,-2.0,Expired
Leci Dalam Sirup,Produk Kaleng,Kaleng,Outside,1,186.0,5.0,-2.0,Expired
Sosis Bebek,Produk Protein,Plastik,Chiller,0,47.0,0.0,47.0,Fresh
Biskuit Wafer,Produk Kering,Plastik,Outside,0,88.0,0.0,88.0,Fresh
Biskuit Oatmeal,Produk Kering,Plastik,Outside,1,32.0,4.0,3.0,Soon
Nugget Sapi,Produk Protein,Plastik,Freezer,1,40.0,2.0,1.0,Soon
Sereal Granola,Produk Kering,Karton,Outside,1,44.0,1.0,29.0,Fresh
Air Mineral,Produk Minuman,Plastik,Outside,0,432.0,0.0,250.0,Fresh
Sereal Oat,Unknown,Karton,Outside,0,236.0,0.0,236.0,Fresh
Keju Cream Cheese,Produk Olahan Susu,Karton,Chiller,0,5.0,0.0,5.0,Soon
Susu Almond,Produk Olahan Susu,Karton,Chiller,1,141.0,1.0,4.0,Soon
Susu Uht Coklat,Produk Olahan Susu,Karton,Chiller,0,22.0,0.0,22.0,Fresh
Teh Lemon,Produk Minuman,Karton,Outside,0,362.0,0.0,250.0,Fresh
Kornet Sapi,Produk Kaleng,Kaleng,Outside,0,214.0,0.0,214.0,Fresh
Sereal Muesli,Produk Kering,Karton,Outside,0,227.0,0.0,227.0,Fresh
Nugget Sayuran,Produk Protein,Plastik,Freezer,0,30.0,0.0,30.0,Fresh
Susu Kental Manis Coklat,Produk Olahan Susu,Unknown,Chiller,1,500.0,12.0,-1.0,Expired
Nanas Kaleng,Produk Kaleng,Kaleng,Outside,1,24.0,7.0,-4.0,Expired
Mie Instan Goreng,Produk Kering,Plastik,Outside,1,182.0,4.0,-4.0,Expired
Keju Cream Cheese,Produk Olahan Susu,Karton,Chiller,1,45.0,12.0,2.0,Segera
Yogurt Blueberry,Produk Olahan Susu,Plastik,Chiller,1,23.0,1.0,2.0,Soon
Susu Bubuk Skim,Produk Olahan Susu,Karton,Outside,1,500.0,7.0,23.0,Fresh
Sosis Ikan,Produk Protein,Plastik,Chiller,0,40.0,0.0,40.0,Fresh
Mie Instan Ayam,Produk Kering,Plastik,Outside,0,244.0,0.0,244.0,Fresh
Yogurt Greek,Produk Olahan Susu,Plastik,Chiller,1,16.0,6.0,-1.0,Expired
Jus Jeruk,Produk Minuman,Karton,Chiller,0,6.0,0.0,6.0,Soon
Yogurt Blueberry,Unknown,Plastik,Chiller,1,9.0,7.0,-4.0,Expired
Teh Tarik,Produk Minuman,Karton,Chiller,1,74.0,5.0,-4.0,Expired
Jus Nanas,Produk Minuman,Karton,Chiller,0,25.0,0.0,25.0,Fresh
Keju Parmesan,Unknown,Plastik,Chiller,1,53.0,12.0,14.0,Fresh
Susu Uht Vanila,Produk Olahan Susu,Karton,Chiller,1,6.0,5.0,-4.0,Expired
Mie Instan Ayam,Produk Kering,Plastik,Outside,0,356.0,0.0,250.0,Fresh
Jus Nanas,Produk Minuman,Karton,Chiller,1,102.0,10.0,-5.0,Expired
Sosis Ayam,Unknown,Plastik,Chiller,1,25.0,2.0,3.0,Soon
Keju Parmesan,Produk Olahan Susu,Plastik,Chiller,0,31.0,0.0,31.0,Fresh
Biskuit Oatmeal,Produk Kering,Plastik,Outside,1,91.0,3.0,4.0,Soon
Yogurt Blueberry,Produk Olahan Susu,Plastik,Chiller,1,16.0,8.0,-5.0,Expired
Yogurt Greek,Unknown,Plastik,Chiller,0,15.0,0.0,15.0,Fresh
Sereal Cornflakes,Produk Kering,Karton,Outside,1,210.0,12.0,13.0,Fresh
Ikan Salmon,Produk Kaleng,Kaleng,Outside,1,191.0,3.0,-1.0,Expired
Susu Uht Stroberi,Produk Olahan Susu,Karton,Chiller,0,160.0,0.0,160.0,Fresh
Jus Mangga,Produk Minuman,Karton,Dingin,1,50.0,4.0,-3.0,Expired
Cola Zero Sugar,Produk Minuman,Kaleng,Outside,0,280.0,0.0,250.0,Fresh
Biskuit Wafer,Produk Kering,Plastik,Outside,0,5.0,0.0,5.0,Soon
Yogurt Mangga,Produk Olahan Susu,Plastik,Chiller,1,23.0,7.0,-4.0,Expired
Susu Kental Manis Coklat,Produk Olahan Susu,Unknown,Chiller,1,70.0,12.0,-3.0,Expired
Teh Kotak Jasmine,Produk Minuman,Karton,Outside,1,140.0,2.0,-1.0,Expired
Cola Original,Produk Minuman,Kaleng,Outside,0,56.0,0.0,56.0,Fresh
Teh Kotak Jasmine,Produk Minuman,Karton,Outside,1,39.0,5.0,-4.0,Expired
Jus Anggur,Produk Minuman,Botol Kaca,Chiller,1,341.0,7.0,-2.0,Expired
Jus Apel,Produk Minuman,Karton,Chiller,0,102.0,0.0,102.0,Fresh
Minuman Isotonik,Produk Minuman,Plastik,Outside,0,238.0,0.0,238.0,Fresh
Teh Botol,Produk Minuman,Botol Kaca,Outside,1,269.0,1.0,2.0,Soon
Nugget Ayam,Unknown,Plastik,Freezer,1,1.0,7.0,-4.0,Expired
Jus Anggur,Produk Minuman,Botol Kaca,Chiller,1,313.0,1.0,4.0,Soon
Teh Kotak Hijau,Unknown,Karton,Outside,0,98.0,0.0,98.0,Fresh
Biskuit Marie,Produk Kering,Plastik,Outside,0,77.0,0.0,77.0,Fresh
Yogurt Greek,Produk Olahan Susu,Plastik,Chiller,1,16.0,3.0,2.0,hampir
Susu Evaporasi,Produk Olahan Susu,Kaleng,Chiller,0,312.0,0.0,250.0,Fresh
Jus Nanas,Produk Minuman,Karton,Chiller,1,37.0,5.0,0.0,Expired
Teh Kotak Hijau,Produk Minuman,Karton,Outside,0,128.0,0.0,128.0,Fresh
Susu Bubuk Skim,Produk Olahan Susu,Karton,Outside,0,271.0,0.0,250.0,Fresh
Susu Kental Manis Putih,Produk Olahan Susu,Kaleng,Chiller,0,257.0,0.0,250.0,Fresh
Minuman Isotonik,Produk Minuman,Plastik,Outside,1,257.0,3.0,-2.0,Expired
Jus Sirsak,Produk Minuman,Karton,Chiller,1,126.0,5.0,-2.0,Expired
Cola Zero Sugar,Produk Minuman,Kaleng,Outside,0,164.0,0.0,164.0,Fresh
Soda Lemon,Produk Minuman,Kaleng,Outside,1,224.0,5.0,-4.0,Expired
Susu Uht Low Fat,Produk Olahan Susu,Karton,Chiller,1,207.0,9.0,-4.0,Expired
Susu Kental Manis Putih,Produk Olahan Susu,Kaleng,Chiller,0,421.0,0.0,250.0,Fresh
Jus Apel,Produk Minuman,Karton,Chiller,0,71.0,0.0,71.0,Fresh
Susu Pasteurisasi,Produk Olahan Susu,Plastik,Chiller,1,9.0,1.0,2.0,Soon
Cola Original,Produk Minuman,Kaleng,Outside,0,149.0,0.0,149.0,Fresh
Mie Instan Goreng,Produk Kering,Plastik,Outside,0,172.0,0.0,172.0,Fresh
Ikan Tuna,Produk Kaleng,Kaleng,Outside,1,367.0,6.0,-4.0,Expired
Biskuit Marie,Produk Kering,Plastik,Outside,1,174.0,9.0,-2.0,Expired
Biskuit Oatmeal,Produk Kering,Plastik,Outside,0,121.0,0.0,121.0,Fresh
Jus Nanas,Produk Minuman,Karton,Chiller,1,163.0,6.0,-1.0,Expired
Jus Mangga,Unknown,Karton,Chiller,1,125.0,4.0,-3.0,Expired
Susu Uht Low Fat,Produk Olahan Susu,Karton,Chiller,1,-10.0,6.0,-1.0,Expired
Biskuit Crackers,Produk Kering,Plastik,Outside,0,122.0,0.0,122.0,Fresh
Ikan Tuna,Produk Kaleng,Kaleng,Outside,1,1.0,3.0,-1.0,Expired
Biskuit Crackers,Produk Kering,Plastik,Outside,1,108.0,8.0,-1.0,Expired
Nugget Ayam,Produk Protein,Plastik,Freezer,0,141.0,0.0,141.0,Fresh
Cola Zero Sugar,Produk Minuman,Kaleng,Outside,1,357.0,5.0,-4.0,Expired
Soda Jeruk,Produk Minuman,Kaleng,Outside,1,-10.0,6.0,-5.0,Expired
Biskuit Mentega,Produk Kering,Kaleng,Outside,1,197.0,8.0,6.0,Soon
Sosis Sapi,Produk Protein,Plastik,Chiller,0,12.0,0.0,12.0,Fresh
Jus Anggur,Produk Minuman,Botol Kaca,Chiller,1,32.0,10.0,-5.0,Expired
Ikan Salmon,Produk Kaleng,Kaleng,Outside,1,436.0,4.0,-2.0,Expired
Teh Botol,Unknown,glass,Outside,0,115.0,0.0,115.0,Fresh
Susu Kedelai,Produk Olahan Susu,Karton,Chiller,1,112.0,4.0,1.0,Soon
Sereal Oat,Produk Kering,Karton,Outside,1,339.0,12.0,13.0,Fresh
Yogurt Plain,Produk Olahan Susu,Plastik,Chiller,1,5.0,2.0,3.0,Soon
Nugget Udang,Produk Protein,Plastik,Freezer,1,85.0,2.0,1.0,Soon
Minuman Isotonik,Produk Minuman,Plastik,Outside,0,336.0,0.0,250.0,Fresh
Keju Mozzarella,Produk Olahan Susu,Plastik,Chiller,1,1.0,7.0,-50.0,Expired
Keju Cheddar,Produk Olahan Susu,Plastik,Chiller,1,114.0,12.0,2.0,Soon
Sereal Oat,Produk Kering,Karton,Outside,0,202.0,0.0,202.0,Fresh
Sosis Frozen,Produk Protein,Plastik,Freezer,0,39.0,0.0,39.0,Fresh
Cola Zero Sugar,Produk Minuman,Kaleng,Outside,1,139.0,3.0,-2.0,Expired
Nugget Ikan,Produk Protein,Plastik,Freezer,1,170.0,5.0,-2.0,Expired
Sosis Frankfurter,Produk Protein,Plastik,Chiller,1,81.0,3.0,4.0,Soon
Susu Bubuk Coklat,Produk Olahan Susu,Karton,Outside,0,488.0,0.0,250.0,Fresh
Keju Cream Cheese,Produk Olahan Susu,Karton,Chiller,0,42.0,0.0,42.0,Fresh
Biskuit Oreo,Produk Kering,Plastik,Outside,0,152.0,0.0,152.0,Fresh
Persik Kaleng,Produk Kaleng,Kaleng,Outside,0,162.0,0.0,162.0,Fresh
Susu Uht Full Cream,Produk Olahan Susu,Karton,Chiller,0,112.0,0.0,112.0,Fresh
Sosis Frankfurter,Produk Protein,Plastik,Chiller,1,79.0,6.0,1.0,Soon
Sosis Frozen,Produk Protein,Plastik,Freezer,0,7.0,0.0,7.0,Soon
Sosis Sapi,Produk Protein,Plastik,Chiller,0,54.0,0.0,54.0,Fresh
Teh Kotak Hijau,Produk Minuman,Karton,Outside,1,220.0,5.0,-4.0,Expired
Yogurt Plain,Produk Olahan Susu,Plastik,Chiller,1,4.0,9.0,-4.0,Expired
Susu Bubuk Skim,Produk Olahan Susu,Karton,Outside,1,500.0,12.0,11.0,Fresh
Ikan Tuna,Produk Kaleng,Kaleng,Outside,1,355.0,6.0,-4.0,Expired
Susu Bubuk Bayi,Produk Olahan Susu,Karton,Outside,1,500.0,5.0,25.0,Fresh
Susu Uht Vanila,Produk Olahan Susu,Karton,Unknown,0,222.0,0.0,222.0,Fresh
Sosis Frankfurter,Produk Protein,Plastik,Chiller,0,65.0,0.0,65.0,Fresh
Teh Lemon,Produk Minuman,Karton,Outside,0,292.0,0.0,250.0,Fresh
Sosis Ayam,Unknown,Plastik,Chiller,1,33.0,2.0,3.0,Soon
Susu Kedelai,Produk Olahan Susu,Karton,Chiller,1,82.0,7.0,-2.0,Expired
Yogurt Minum Probiotik,Produk Olahan Susu,Botol Kaca,Chiller,1,8.0,6.0,-3.0,Expired
Biskuit Digestive,Produk Kering,Plastik,Outside,0,11.0,0.0,11.0,Fresh
Jus Nanas,Produk Minuman,Karton,Chiller,1,1.0,2.0,1.0,Soon
Yogurt Greek,Produk Olahan Susu,Plastik,Chiller,1,20.0,10.0,-5.0,Expired
Susu Uht Vanila,Produk Olahan Susu,Karton,Chiller,1,119.0,1.0,0.0,Expired
Sereal Muesli,Produk Kering,Karton,Outside,0,295.0,0.0,-50.0,Fresh
Teh Tarik,Produk Minuman,Karton,Chiller,0,140.0,0.0,140.0,Fresh
Minuman Energi,Produk Minuman,Kaleng,Outside,1,220.0,3.0,-50.0,Expired
Teh Tarik,Produk Minuman,Karton,Chiller,1,28.0,6.0,-5.0,Expired
Nugget Tempe,Produk Protein,Plastik,Freezer,1,101.0,7.0,-4.0,Expired
Jus Anggur,Produk Minuman,Unknown,Chiller,0,199.0,0.0,199.0,Fresh
Yogurt Minum Probiotik,Produk Olahan Susu,Botol Kaca,Chiller,0,12.0,0.0,12.0,Fresh
Susu Kedelai,Produk Olahan Susu,Karton,Chiller,0,168.0,0.0,168.0,Fresh
Yogurt Mangga,Produk Olahan Susu,Plastik,Chiller,1,13.0,7.0,-4.0,Expired
Buah Cocktail,Produk Kaleng,Kaleng,Outside,0,136.0,0.0,136.0,Fresh
Minuman Isotonik,Produk Minuman,Plastik,Outside,1,236.0,6.0,-5.0,Expired
Biskuit Mentega,Produk Kering,Kaleng,Outside,0,270.0,0.0,250.0,Fresh
Jus Jambu,Produk Minuman,Kardus,Chiller,0,163.0,0.0,163.0,Fresh
Teh Kotak Jasmine,Produk Minuman,Karton,Outside,0,44.0,0.0,44.0,Fresh
Cola Original,Produk Minuman,Kaleng,Outside,0,183.0,0.0,183.0,Fresh
Keju Parmesan,Produk Olahan Susu,Plastik,Chiller,1,61.0,12.0,14.0,Fresh
Cola Original,Produk Minuman,Kaleng,Outside,0,170.0,0.0,170.0,Fresh
Biskuit Oatmeal,Produk Kering,Plastik,Outside,0,130.0,0.0,130.0,Fresh
Biskuit Wafer,Produk Kering,Plastik,Outside,1,70.0,4.0,1.0,Soon
Mie Instan Ayam,Produk Kering,Plastik,Outside,0,500.0,0.0,10.0,Fresh
Susu Uht Low Fat,Produk Olahan Susu,Karton,Chiller,0,130.0,0.0,130.0,Fresh
Sereal Muesli,Produk Kering,Karton,Outside,1,213.0,1.0,29.0,Fresh
Biskuit Crackers,Produk Kering,Plastik,Outside,0,30.0,0.0,30.0,Fresh
Jus Mangga,Produk Minuman,Karton,Chiller,1,171.0,1.0,0.0,Expired
Susu Uht Stroberi,Produk Olahan Susu,Karton,Chiller,1,249.0,1.0,0.0,Expired
Biskuit Oreo,Produk Kering,Plastik,Outside,1,59.0,2.0,5.0,Soon
Jus Apel,Produk Minuman,Karton,Chiller,1,36.0,10.0,-5.0,Expired
Biskuit Sandwich,Produk Kering,Plastik,Unknown,0,171.0,0.0,171.0,Fresh
Nugget Sayuran,Produk Protein,Plastik,Unknown,1,106.0,2.0,1.0,Soon
Nugget Ikan,Produk Protein,Plastik,Freezer,0,34.0,0.0,34.0,Fresh
Nugget Ayam,Produk Protein,Plastik,Freezer,1,23.0,4.0,-1.0,Expired
Susu Uht Vanila,Produk Olahan Susu,Karton,Chiller,0,136.0,0.0,136.0,Fresh
Jus Mangga,Produk Minuman,Karton,Chiller,0,43.0,0.0,43.0,Fresh
Susu Bubuk Coklat,Produk Olahan Susu,Karton,Outside,1,500.0,12.0,1.0,Soon
Sereal Coklat,Produk Kering,Karton,Outside,1,354.0,12.0,-1.0,Expired
Teh Kotak Hijau,Produk Minuman,Karton,Outside,0,246.0,0.0,246.0,Fresh
Nanas Kaleng,Produk Kaleng,Kaleng,Outside,0,174.0,0.0,174.0,Fresh
Sereal Oat,Produk Kering,Karton,Outside,0,241.0,0.0,241.0,Fresh
Persik Kaleng,Produk Kaleng,Kaleng,Outside,0,180.0,0.0,180.0,Fresh
Teh Tarik,Produk Minuman,Karton,Chiller,1,255.0,5.0,-4.0,Expired
Teh Lemon,Produk Minuman,Karton,Outside,1,352.0,5.0,-4.0,Expired
Cola Zero Sugar,Unknown,Kaleng,Outside,0,278.0,0.0,250.0,Fresh
Biskuit Digestive,Produk Kering,Plastik,Outside,1,302.0,1.0,13.0,Fresh
Leci Dalam Sirup,Produk Kaleng,Kaleng,Outside,1,227.0,2.0,1.0,Soon
Air Mineral,Produk Minuman,Plastik,Outside,0,309.0,0.0,250.0,Fresh
Susu Uht Coklat,Produk Olahan Susu,Karton,Chiller,1,92.0,5.0,-4.0,Expired
Jus Nanas,Produk Minuman,Karton,Chiller,0,97.0,0.0,97.0,Fresh
Sosis Frankfurter,Produk Protein,Unknown,Chiller,1,24.0,9.0,-2.0,Expired
Nugget Sayuran,Produk Protein,Plastik,Freezer,0,120.0,0.0,120.0,Fresh
Nugget Sayuran,Produk Protein,Plastik,Freezer,1,10.0,4.0,-1.0,Expired
Sereal Oat,Produk Kering,Karton,Outside,1,28.0,12.0,17.0,Fresh
Jagung Manis Kaleng,Produk Kaleng,Kaleng,Chiller,0,411.0,0.0,250.0,Fresh
Mie Instan Ayam,Produk Kering,Plastik,Unknown,1,211.0,1.0,-1.0,Expired
Teh Lemon,Produk Minuman,Karton,Outside,1,322.0,5.0,-4.0,Expired
Teh Kotak Jasmine,Produk Minuman,Karton,Outside,0,208.0,0.0,208.0,Fresh
Teh Lemon,Produk Minuman,Karton,Outside,0,5.0,0.0,5.0,Soon
Soda Lemon,Produk Minuman,Kaleng,Outside,0,168.0,0.0,168.0,Fresh
Jus Anggur,Produk Minuman,Botol Kaca,Chiller,1,162.0,4.0,1.0,Soon
Sosis Frankfurter,Produk Protein,Plastik,Chiller,0,7.0,0.0,7.0,Soon
Air Mineral,Produk Minuman,Plastik,Outside,1,401.0,4.0,-3.0,Expired
Sereal Muesli,Produk Kering,Karton,Outside,0,223.0,0.0,223.0,Fresh
Susu Kental Manis Coklat,Produk Olahan Susu,Kaleng,Dingin,1,396.0,11.0,3.0,Soon
Susu Kedelai,Produk Olahan Susu,Karton,Chiller,0,36.0,0.0,-50.0,Fresh
Jus Jambu,Produk Minuman,Karton,Chiller,0,96.0,0.0,96.0,Fresh
Biskuit Oatmeal,Produk Kering,Plastik,Outside,0,74.0,9.0,-2.0,Expired
Jus Anggur,Produk Minuman,Botol Kaca,Chiller,1,-10.0,10.0,-5.0,Dead
Biskuit Oatmeal,Produk Kering,Plastik,Outside,0,22.0,0.0,22.0,Fresh
Susu Uht Vanila,Produk Olahan Susu,Karton,Chiller,1,65.0,6.0,-5.0,Expired
Biskuit Digestive,Produk Kering,Plastik,Outside,1,116.0,3.0,11.0,Fresh
Susu Bubuk Full Cream,Produk Olahan Susu,Karton,Outside,1,449.0,12.0,-2.0,Expired
Susu Bubuk Full Cream,Produk Olahan Susu,Karton,Outside,1,495.0,12.0,-1.0,Expired
Kornet Sapi,Produk Kaleng,Kaleng,Outside,0,422.0,0.0,250.0,Fresh
Susu Kedelai,Produk Olahan Susu,Karton,Chiller,1,192.0,7.0,-2.0,Expired
Air Mineral,Produk Minuman,Plastik,Outside,0,413.0,0.0,250.0,Fresh
Teh Kotak Jasmine,Produk Minuman,Karton,Unknown,1,360.0,5.0,-4.0,Expired
Mie Instan Goreng,Unknown,Plastik,Outside,1,318.0,4.0,-4.0,Expired
Keju Parmesan,Produk Olahan Susu,Plastik,Chiller,1,315.0,6.0,24.0,Fresh
Yogurt Stroberi,Produk Olahan Susu,Plastik,Chiller,1,3.0,6.0,-3.0,Expired
Biskuit Wafer,Produk Kering,Plastik,Outside,1,127.0,4.0,1.0,Soon
Sosis Frozen,Produk Protein,Plastik,Freezer,1,33.0,8.0,-5.0,Expired
Buah Cocktail,Produk Kaleng,Kaleng,Outside,1,500.0,7.0,-4.0,Expired
Biskuit Wafer,Produk Kering,Plastik,Outside,1,119.0,5.0,0.0,Expired
Soda Lemon,Produk Minuman,Kaleng,Outside,1,27.0,5.0,-4.0,Expired
Sosis Frozen,Produk Protein,Plastik,Freezer,0,60.0,0.0,60.0,Fresh
Jus Jambu,Produk Minuman,Karton,Chiller,0,114.0,0.0,114.0,Fresh
Susu Bubuk Full Cream,Produk Olahan Susu,Karton,Outside,0,94.0,0.0,94.0,Fresh
Susu Uht Full Cream,Produk Olahan Susu,Karton,Chiller,1,36.0,9.0,-2.0,Expired
Teh Lemon,Produk Minuman,Karton,Outside,0,167.0,0.0,167.0,Fresh
Biskuit Crackers,Produk Kering,Plastik,Outside,0,79.0,0.0,79.0,Fresh
Yogurt Stroberi,Produk Olahan Susu,Plastik,Unknown,0,5.0,7.0,-4.0,Expired
Jus Anggur,Produk Minuman,Botol Kaca,Chiller,1,324.0,4.0,1.0,Soon
Nugget Ayam,Produk Protein,Plastik,Freezer,1,68.0,6.0,-3.0,Expired
Sereal Muesli,Produk Kering,Karton,Outside,1,212.0,12.0,3.0,Soon
Sereal Granola,Produk Kering,Karton,Outside,1,311.0,3.0,27.0,Fresh
Sereal Muesli,Produk Kering,Unknown,Outside,1,64.0,4.0,26.0,Fresh
Keju Cream Cheese,Produk Olahan Susu,Karton,Chiller,0,45.0,0.0,45.0,Fresh
Sarden Minyak Zaitun,Produk Kaleng,Kaleng,Outside,0,121.0,0.0,121.0,Fresh
Minuman Isotonik,Produk Minuman,Plastik,Outside,1,67.0,6.0,-5.0,Expired
Nugget Sapi,Produk Protein,Plastik,Freezer,0,82.0,0.0,82.0,Fresh
Sosis Frankfurter,Produk Protein,Plastik,Chiller,1,-10.0,9.0,-2.0,Expired
Buah Cocktail,Produk Kaleng,Kaleng,Outside,1,500.0,4.0,-1.0,Expired
Cola Zero Sugar,Produk Minuman,Kaleng,Outside,1,258.0,1.0,0.0,Expired
Susu Almond,Produk Olahan Susu,Karton,Chiller,0,29.0,0.0,29.0,Fresh
Susu Bubuk Bayi,Produk Olahan Susu,Karton,Outside,0,406.0,0.0,250.0,Fresh
Nugget Udang,Produk Protein,Plastik,Freezer,0,179.0,0.0,179.0,Fresh
Jagung Manis Kaleng,Produk Kaleng,Kaleng,Chiller,0,91.0,0.0,91.0,Fresh
Biskuit Oatmeal,Produk Kering,Plastik,Outside,0,28.0,0.0,28.0,Fresh
Minuman Isotonik,Produk Minuman,Plastik,Outside,0,45.0,0.0,45.0,Fresh
Yogurt Blueberry,Produk Olahan Susu,Plastik,Chiller,0,12.0,0.0,12.0,Fresh
Yogurt Plain,Produk Olahan Susu,Plastik,Chiller,1,1.0,4.0,1.0,Soon
Biskuit Sandwich,Produk Kering,Plastik,Outside,0,109.0,0.0,109.0,Fresh
Sereal Granola,Produk Kering,Karton,Outside,1,293.0,12.0,15.0,Fresh
Biskuit Sandwich,Produk Kering,Plastik,Outside,0,133.0,0.0,133.0,Fresh
Susu Almond,Produk Olahan Susu,Karton,Chiller,0,206.0,0.0,206.0,Fresh
Soda Lemon,Produk Minuman,Kaleng,Outside,1,6.0,6.0,-5.0,Expired
Sereal Granola,Produk Kering,Karton,Outside,0,130.0,0.0,130.0,Fresh
Jus Jeruk,Produk Minuman,Karton,Chiller,1,59.0,10.0,-5.0,Expired
Cola Zero Sugar,Produk Minuman,Kaleng,Outside,1,258.0,5.0,-4.0,Expired
Susu Bubuk Bayi,Produk Olahan Susu,Karton,Outside,0,-10.0,0.0,250.0,Fresh
Biskuit Crackers,Produk Kering,Unknown,Outside,1,89.0,8.0,-1.0,Expired
Biskuit Oreo,Produk Kering,Plastik,Outside,0,4.0,0.0,4.0,Soon
Nanas Kaleng,Produk Kaleng,Kaleng,Outside,1,303.0,8.0,-5.0,Expired
Sosis Frankfurter,Produk Protein,Plastik,Chiller,1,62.0,9.0,-2.0,Expired
Susu Bubuk Skim,Produk Olahan Susu,Karton,Unknown,0,466.0,0.0,250.0,Fresh
Biskuit Oreo,Produk Kering,Plastik,Unknown,1,108.0,4.0,3.0,Soon
Teh Tarik,Produk Minuman,Karton,Unknown,1,66.0,2.0,-1.0,Expired
Mie Instan Soto,Produk Kering,Plastik,Outside,1,24.0,2.0,-2.0,Expired
Air Mineral,Produk Minuman,Plastik,Outside,1,-10.0,4.0,-3.0,Expired
Susu Uht Low Fat,Produk Olahan Susu,Karton,Chiller,1,125.0,8.0,-3.0,Expired
Susu Pasteurisasi,Produk Olahan Susu,Plastik,Chiller,1,3.0,7.0,-4.0,Expired
Sereal Muesli,Produk Kering,Karton,Outside,1,162.0,12.0,4.0,Soon
Teh Kotak Hijau,Produk Minuman,Unknown,Outside,1,364.0,2.0,-1.0,Expired
Susu Uht Stroberi,Produk Olahan Susu,Karton,Chiller,1,113.0,4.0,-3.0,Expired
Jus Mangga,Produk Minuman,Karton,Chiller,0,114.0,0.0,114.0,Fresh
Susu Uht Low Fat,Produk Olahan Susu,Karton,Chiller,1,34.0,5.0,0.0,Expired
Sosis Ayam,Produk Protein,Plastik,Chiller,0,35.0,0.0,35.0,Fresh
Susu Bubuk Coklat,Produk Olahan Susu,Karton,Outside,0,83.0,0.0,83.0,Fresh
Biskuit Digestive,Produk Kering,Plastik,Outside,1,194.0,12.0,-5.0,Expired
Rambutan Kaleng,Produk Kaleng,Kaleng,Outside,0,252.0,0.0,-50.0,Fresh
Sereal Granola,Produk Kering,Karton,Outside,0,216.0,12.0,9.0,Fresh
Susu Uht Vanila,Unknown,Karton,Chiller,1,207.0,3.0,-2.0,Expired
Nanas Kaleng,Produk Kaleng,Kaleng,Outside,0,285.0,0.0,250.0,Fresh
Mie Instan Goreng,Produk Kering,Plastik,Outside,0,143.0,0.0,143.0,Fresh
Susu Bubuk Skim,Produk Olahan Susu,Karton,Outside,1,500.0,8.0,22.0,Fresh
Teh Lemon,Produk Minuman,Karton,Outside,1,126.0,4.0,-3.0,Expired
Jus Jambu,Produk Minuman,Karton,Chiller,0,16.0,0.0,16.0,Fresh
Nugget Tempe,Unknown,Plastik,Freezer,0,19.0,0.0,19.0,Fresh
Yogurt Blueberry,Produk Olahan Susu,Unknown,Chiller,0,3.0,0.0,3.0,Soon
Nugget Sapi,Produk Protein,Plastik,Freezer,0,20.0,0.0,20.0,Fresh
Jus Nanas,Produk Minuman,Karton,Chiller,0,167.0,0.0,167.0,Fresh
Mie Instan Soto,Produk Kering,Unknown,Outside,0,34.0,0.0,34.0,Fresh
Jus Anggur,Produk Minuman,Botol Kaca,Chiller,1,173.0,6.0,-1.0,Expired
Sereal Coklat,Produk Kering,Karton,Outside,0,10.0,0.0,10.0,Fresh
Biskuit Crackers,Produk Kering,Plastik,Outside,0,115.0,0.0,115.0,Fresh
Yogurt Minum Probiotik,Produk Olahan Susu,Botol Kaca,Chiller,0,4.0,0.0,4.0,Soon
Yogurt Stroberi,Produk Olahan Susu,Plastik,Chiller,1,26.0,8.0,-5.0,Expired
Sereal Muesli,Produk Kering,Karton,Outside,0,500.0,0.0,250.0,Fresh
Soda Lemon,Produk Minuman,Kaleng,Unknown,0,3.0,0.0,3.0,Soon
Yogurt Plain,Produk Olahan Susu,Plastik,Chiller,1,25.0,4.0,1.0,Soon
Sosis Ayam,Produk Protein,Plastik,Chiller,1,44.0,2.0,3.0,Soon
Susu Uht Low Fat,Unknown,Karton,Chiller,0,18.0,0.0,18.0,Fresh
Keju Edam,Produk Olahan Susu,Plastik,Chiller,1,89.0,12.0,4.0,Soon
Jus Sirsak,Produk Minuman,Karton,Chiller,0,174.0,0.0,174.0,Fresh
Mangga Kaleng,Produk Kaleng,Kaleng,Outside,1,50.0,1.0,2.0,Soon
Susu Bubuk Bayi,Produk Olahan Susu,Karton,Outside,1,114.0,12.0,11.0,Fresh
Biskuit Oreo,Produk Kering,Plastik,Outside,0,110.0,0.0,110.0,Fresh
Yogurt Minum Probiotik,Produk Olahan Susu,Botol Kaca,Chiller,0,3.0,0.0,3.0,Soon
Sereal Oat,Produk Kering,Karton,Outside,0,62.0,0.0,62.0,Fresh
Nugget Ikan,Produk Protein,Plastik,Freezer,1,144.0,1.0,2.0,Soon
Mie Instan Ayam,Produk Kering,Plastik,Outside,1,61.0,5.0,-5.0,Expired
Sereal Oat,Produk Kering,Karton,Outside,1,253.0,8.0,22.0,Fresh
Ikan Makerel,Produk Kaleng,Kaleng,Outside,0,303.0,0.0,250.0,Fresh
Keju Mozzarella,Produk Olahan Susu,Plastik,Chiller,0,7.0,0.0,7.0,Soon
Soda Jeruk,Produk Minuman,Kaleng,Outside,0,129.0,0.0,129.0,Fresh
Sereal Cornflakes,Produk Kering,Karton,Outside,1,290.0,4.0,250.0,Fresh
Minuman Energi,Produk Minuman,Kaleng,Outside,1,142.0,3.0,-2.0,Expired
Air Soda,Produk Minuman,Plastik,Outside,1,152.0,6.0,-5.0,Expired
Biskuit Wafer,Produk Kering,Plastik,Outside,0,94.0,0.0,94.0,Fresh
Persik Kaleng,Produk Kaleng,Kaleng,Outside,0,232.0,0.0,232.0,Fresh
Minuman Energi,Produk Minuman,Kaleng,Outside,0,222.0,0.0,222.0,Fresh
Susu Uht Full Cream,Olahan Susu,Karton,Chiller,0,85.0,5.0,2.0,Soon
Mie Instan Goreng,Produk Kering,Plastik,Outside,0,171.0,0.0,171.0,Fresh
Soda Lemon,Produk Minuman,Kaleng,Outside,1,96.0,2.0,-1.0,Expired
Sereal Cornflakes,Produk Kering,Karton,Outside,1,500.0,12.0,14.0,Fresh
Minuman Energi,Produk Minuman,Kaleng,Outside,0,52.0,0.0,52.0,Fresh
Ikan Tuna,Produk Kaleng,Kaleng,Outside,1,500.0,3.0,-1.0,Expired
Nugget Udang,Produk Protein,Plastik,Freezer,1,10.0,3.0,0.0,Expired
Yogurt Mangga,Produk Olahan Susu,Plastik,Chiller,0,10.0,0.0,10.0,Fresh
Yogurt Minum Probiotik,Produk Olahan Susu,Botol Kaca,Chiller,1,21.0,3.0,0.0,Expired
Susu Bubuk Skim,Produk Olahan Susu,Karton,Outside,0,145.0,0.0,145.0,Fresh
Nanas Kaleng,Produk Kaleng,Kaleng,Outside,0,29.0,0.0,29.0,Fresh
Mangga Kaleng,Produk Kaleng,Kaleng,Outside,0,336.0,0.0,250.0,Fresh
Air Soda,Produk Minuman,Plastik,Outside,0,67.0,0.0,67.0,Fresh
Mie Instan Goreng,Produk Kering,Plastik,Unknown,0,243.0,0.0,243.0,Fresh
Sereal Muesli,Produk Kering,Karton,Unknown,0,286.0,0.0,250.0,Fresh
Nugget Ikan,Produk Protein,Plastik,Freezer,1,38.0,3.0,0.0,Expired
Biskuit Digestive,Produk Kering,Plastik,Outside,1,291.0,12.0,-3.0,Expired
Mie Instan Goreng,Produk Kering,Plastik,Outside,0,36.0,0.0,36.0,Fresh
Yogurt Mangga,Produk Olahan Susu,Plastik,Chiller,1,9.0,7.0,-4.0,Expired
Sosis Frozen,Produk Protein,Plastik,Freezer,1,35.0,3.0,0.0,Expired
Jus Sirsak,Produk Minuman,Karton,Chiller,0,101.0,0.0,101.0,Fresh
Susu Almond,Produk Olahan Susu,Karton,Chiller,1,132.0,8.0,-3.0,Expired
Biskuit Wafer,Produk Kering,Plastik,Outside,0,117.0,0.0,117.0,Fresh
Minuman Isotonik,Produk Minuman,Plastik,Unknown,1,194.0,2.0,-1.0,Expired
Susu Uht Low Fat,Olahan Susu,Karton,Chiller,0,17.0,0.0,17.0,Fresh
Mangga Kaleng,Produk Kaleng,Kaleng,Outside,1,292.0,2.0,1.0,Soon
Susu Uht Low Fat,Produk Olahan Susu,Karton,Chiller,1,63.0,8.0,-3.0,Expired
Biskuit Crackers,Produk Kering,Plastik,Unknown,0,145.0,0.0,145.0,Fresh
Rambutan Kaleng,Produk Kaleng,Kaleng,Outside,1,321.0,8.0,-5.0,Expired
Biskuit Sandwich,Produk Kering,Plastik,Outside,1,146.0,3.0,2.0,Soon
Yogurt Stroberi,Produk Olahan Susu,Plastik,Chiller,0,23.0,0.0,23.0,Fresh
Teh Kotak Hijau,Unknown,Karton,Unknown,0,500.0,0.0,211.0,Fresh
Mie Instan Soto,Produk Kering,Plastik,Outside,1,99.0,1.0,-1.0,Expired
Persik Kaleng,Produk Kaleng,Kaleng,Outside,0,374.0,0.0,250.0,Fresh
Mie Instan Soto,Produk Kering,Plastik,Outside,0,156.0,0.0,156.0,Fresh
Sereal Granola,Produk Kering,Unknown,Outside,1,352.0,12.0,16.0,Fresh
Cola Zero Sugar,Produk Minuman,Kaleng,Outside,1,278.0,4.0,-3.0,Expired
Susu Uht Stroberi,Unknown,Karton,Chiller,1,254.0,4.0,-3.0,Expired
Sereal Coklat,Produk Kering,Karton,Outside,0,344.0,12.0,6.0,Soon
Jus Nanas,Produk Minuman,Karton,Chiller,0,133.0,0.0,133.0,Fresh
Jus Mangga,Produk Minuman,Karton,Chiller,1,105.0,4.0,-3.0,Expired
Keju Mozzarella,Produk Olahan Susu,Plastik,Chiller,1,45.0,9.0,-2.0,Expired
Cola Original,Produk Minuman,Kaleng,Outside,1,24.0,1.0,0.0,Expired
Yogurt Greek,Unknown,Plastik,Chiller,0,8.0,0.0,8.0,Fresh
Susu Uht Low Fat,Produk Olahan Susu,Unknown,Chiller,1,109.0,9.0,-4.0,Expired
Teh Lemon,Produk Minuman,Karton,Outside,0,43.0,0.0,43.0,Fresh
Susu Uht Low Fat,Unknown,Karton,Chiller,0,59.0,0.0,59.0,Fresh
Biskuit Mentega,Produk Kering,Kaleng,Outside,1,86.0,2.0,12.0,Fresh
Sosis Sapi,Produk Protein,Plastik,Chiller,0,21.0,0.0,21.0,Fresh
Nugget Sapi,Produk Protein,Plastik,Unknown,0,63.0,0.0,63.0,Fresh
Sosis Ayam,Produk Protein,Plastik,Chiller,0,9.0,0.0,9.0,Fresh
Yogurt Greek,Olahan Susu,Plastik,Chiller,0,21.0,0.0,21.0,Fresh
Jus Mangga,Produk Minuman,Karton,Chiller,0,92.0,0.0,92.0,Fresh
Air Soda,Produk Minuman,Plastik,Outside,0,137.0,0.0,137.0,Fresh
Sosis Frozen,Produk Protein,Unknown,Freezer,1,41.0,1.0,2.0,Segera
Keju Parmesan,Produk Olahan Susu,Plastik,Chiller,0,316.0,0.0,250.0,Fresh
Biskuit Sandwich,Unknown,Plastik,Outside,1,13.0,5.0,0.0,Expired
Soda Lemon,Produk Minuman,Kaleng,Outside,1,158.0,4.0,-3.0,Expired
Sosis Frozen,Produk Protein,Plastik,Freezer,1,97.0,4.0,-1.0,Expired
Yogurt Mangga,Produk Olahan Susu,Plastik,Chiller,0,28.0,0.0,28.0,Fresh
Keju Edam,Produk Olahan Susu,Plastik,Chiller,1,58.0,11.0,10.0,Fresh
Sosis Ikan,Produk Protein,Plastik,Chiller,1,10.0,2.0,1.0,Soon
Sereal Granola,Produk Kering,Karton,Outside,1,363.0,12.0,2.0,Soon
Teh Botol,Produk Minuman,Botol Kaca,Outside,0,170.0,0.0,170.0,Fresh
Susu Kental Manis Putih,Produk Olahan Susu,Kaleng,Chiller,0,228.0,0.0,228.0,Fresh
Mie Instan Ayam,Produk Kering,Plastik,Outside,0,229.0,0.0,229.0,Fresh
Sereal Muesli,Produk Kering,Karton,Outside,1,191.0,12.0,3.0,Soon
Susu Pasteurisasi,Produk Olahan Susu,Plastik,Chiller,1,8.0,5.0,-2.0,Expired
Jus Sirsak,Produk Minuman,Karton,Chiller,0,62.0,0.0,62.0,Fresh
Keju Parmesan,Produk Olahan Susu,Plastik,Chiller,0,188.0,0.0,188.0,Fresh
Susu Uht Coklat,Produk Olahan Susu,Karton,Chiller,1,142.0,1.0,0.0,Expired
Sereal Cornflakes,Produk Kering,Karton,Outside,0,74.0,0.0,74.0,Fresh
Cola Zero Sugar,Produk Minuman,Kaleng,Outside,0,190.0,0.0,190.0,Fresh
Minuman Energi,Produk Minuman,Unknown,Outside,1,243.0,5.0,-4.0,Expired
Sereal Granola,Produk Kering,Karton,Outside,1,68.0,3.0,27.0,Fresh
Biskuit Crackers,Produk Kering,Plastik,Outside,1,115.0,9.0,-2.0,Expired
Keju Edam,Produk Olahan Susu,Plastik,Chiller,1,30.0,12.0,6.0,Soon
Air Soda,Produk Minuman,Plastik,Outside,0,76.0,0.0,76.0,Fresh
Jus Apel,Produk Minuman,Karton,Chiller,0,173.0,0.0,173.0,Fresh
Yogurt Kefir,Produk Olahan Susu,Botol Kaca,Chiller,1,11.0,5.0,-2.0,Expired
Susu Uht Full Cream,Produk Olahan Susu,Karton,Chiller,0,53.0,0.0,53.0,Fresh
Sarden Minyak Zaitun,Produk Kaleng,Kaleng,Outside,1,476.0,4.0,-2.0,Expired
Yogurt Greek,Olahan Susu,Plastik,Chiller,0,10.0,0.0,10.0,Fresh
Jus Jeruk,Produk Minuman,Karton,Chiller,0,79.0,0.0,79.0,Fresh
Keju Parmesan,Produk Olahan Susu,Plastik,Chiller,1,87.0,12.0,0.0,Expired
Soda Jeruk,Produk Minuman,Kaleng,Outside,0,311.0,0.0,250.0,Fresh
Keju Cream Cheese,Produk Olahan Susu,Karton,Chiller,1,59.0,2.0,12.0,Fresh
Mie Instan Goreng,Produk Kering,Plastik,Outside,1,301.0,2.0,-2.0,Expired
Minuman Energi,Produk Minuman,Kaleng,Outside,1,172.0,4.0,-3.0,Expired
Sereal Granola,Produk Kering,Karton,Outside,0,215.0,0.0,215.0,Fresh
Susu Evaporasi,Produk Olahan Susu,Kaleng,Chiller,0,176.0,0.0,176.0,Fresh
Mangga Kaleng,Produk Kaleng,Kaleng,Outside,0,390.0,0.0,-50.0,Fresh
Nugget Tempe,Produk Protein,Plastik,Unknown,1,49.0,7.0,-4.0,Expired
Keju Edam,Produk Olahan Susu,Plastik,Unknown,0,36.0,0.0,36.0,Fresh
Jus Jambu,Produk Minuman,Karton,Chiller,0,154.0,0.0,154.0,Fresh
Ikan Tuna,Produk Kaleng,Kaleng,Outside,0,354.0,0.0,250.0,Fresh
Jus Jambu,Produk Minuman,Karton,Unknown,1,40.0,8.0,-5.0,Expired
Teh Kotak Jasmine,Produk Minuman,Karton,Outside,1,28.0,6.0,-5.0,Expired
Teh Kotak Hijau,Produk Minuman,Karton,Outside,0,317.0,0.0,250.0,Fresh
Jus Anggur,Produk Minuman,Botol Kaca,Chiller,0,66.0,0.0,66.0,Fresh
Sosis Sapi,Produk Protein,Plastik,Chiller,1,57.0,8.0,-3.0,Expired
Susu Uht Low Fat,Produk Olahan Susu,Karton,Chiller,0,16.0,0.0,16.0,Fresh
Jus Jambu,Produk Minuman,Karton,Chiller,1,82.0,1.0,2.0,Soon
Biskuit Mentega,Produk Kering,Kaleng,Outside,0,281.0,1.0,13.0,Fresh
Sereal Coklat,Produk Kering,Karton,Outside,1,337.0,12.0,-3.0,Expired
Sosis Frozen,Produk Protein,Plastik,Freezer,0,141.0,0.0,141.0,Fresh
Teh Kotak Jasmine,Produk Minuman,Karton,Outside,0,270.0,0.0,250.0,Fresh
Keju Cheddar,Produk Olahan Susu,Plastik,Chiller,0,129.0,0.0,129.0,Fresh
Susu Uht Coklat,Produk Olahan Susu,Karton,Chiller,0,91.0,0.0,91.0,Fresh
Sosis Ikan,Produk Protein,Plastik,Chiller,1,3.0,7.0,-4.0,Expired
Leci Dalam Sirup,Produk Kaleng,Kaleng,Outside,1,476.0,3.0,0.0,Expired
Yogurt Blueberry,Produk Olahan Susu,Plastik,Chiller,1,4.0,7.0,-4.0,Expired
Teh Kotak Jasmine,Produk Minuman,Karton,Outside,1,114.0,4.0,-3.0,Expired
Sereal Granola,Produk Kering,Karton,Outside,1,88.0,8.0,22.0,Fresh
Biskuit Sandwich,Produk Kering,Plastik,Unknown,0,129.0,0.0,129.0,Fresh
Nugget Tempe,Produk Protein,Plastik,Freezer,0,75.0,0.0,75.0,Fresh
Sereal Coklat,Unknown,Karton,Outside,1,236.0,12.0,-2.0,Expired
Biskuit Marie,Produk Kering,Plastik,Outside,1,101.0,10.0,-3.0,Expired
Sosis Bebek,Produk Protein,Plastik,Chiller,0,52.0,0.0,52.0,Fresh
Teh Botol,Unknown,Botol Kaca,Outside,1,24.0,1.0,2.0,Soon
Keju Parmesan,Produk Olahan Susu,Plastik,Chiller,1,326.0,12.0,-5.0,Expired
Air Soda,Produk Minuman,Plastik,Outside,1,181.0,3.0,-2.0,Expired
Keju Parmesan,Produk Olahan Susu,Plastik,Unknown,0,166.0,0.0,166.0,Fresh
Mie Instan Goreng,Unknown,Plastik,Outside,1,254.0,3.0,-3.0,Expired
Biskuit Marie,Produk Kering,Plastik,Outside,0,120.0,11.0,-4.0,Expired
Keju Edam,Produk Olahan Susu,Plastik,Chiller,0,66.0,0.0,66.0,Fresh
Susu Uht Low Fat,Produk Olahan Susu,Karton,Chiller,0,72.0,0.0,72.0,Fresh
Nugget Sapi,Produk Protein,Plastik,Freezer,1,49.0,6.0,-3.0,Expired
Kornet Sapi,Produk Kaleng,Kaleng,Outside,0,117.0,0.0,117.0,Fresh
Sarden Minyak Zaitun,Produk Kaleng,Unknown,Outside,1,500.0,5.0,-3.0,Expired
Keju Cream Cheese,Produk Olahan Susu,Karton,Chiller,1,11.0,9.0,5.0,Soon
Keju Parmesan,Produk Olahan Susu,Plastik,Chiller,1,17.0,12.0,1.0,Soon
Sosis Frozen,Produk Protein,Plastik,Freezer,1,135.0,2.0,1.0,Soon
Jus Jambu,Produk Minuman,Kardus,Chiller,0,142.0,0.0,142.0,Fresh
Sarden Tomat,Produk Kaleng,Kaleng,Outside,1,225.0,6.0,-4.0,Expired
Jus Sirsak,Produk Minuman,Karton,Chiller,1,500.0,8.0,-5.0,Dead
Teh Lemon,Produk Minuman,Karton,Outside,0,236.0,0.0,236.0,Fresh
Biskuit Mentega,Produk Kering,Kaleng,Outside,0,218.0,0.0,218.0,Fresh
Keju Edam,Produk Olahan Susu,Plastik,Chiller,0,5.0,0.0,5.0,Soon
Nugget Sayuran,Produk Protein,Plastik,Freezer,0,176.0,0.0,176.0,Fresh
Biskuit Crackers,Produk Kering,Plastik,Outside,0,67.0,0.0,67.0,Fresh
Teh Tarik,Produk Minuman,Karton,Chiller,1,161.0,6.0,-5.0,Expired
Sosis Frozen,Produk Protein,Plastik,Freeze,1,114.0,4.0,-1.0,Expired
Nugget Ayam,Produk Protein,Plastik,Freezer,0,33.0,0.0,33.0,Fresh
Biskuit Mentega,Produk Kering,Kaleng,Outside,0,75.0,0.0,75.0,Fresh
Buah Cocktail,Produk Kaleng,Kaleng,Outside,1,188.0,4.0,-1.0,Expired
Susu Uht Coklat,Produk Olahan Susu,Karton,Chiller,1,152.0,5.0,-4.0,Expired
Kornet Ayam,Produk Kaleng,Kaleng,Outside,0,224.0,0.0,224.0,Fresh
Sosis Ikan,Produk Protein,Plastik,Chiller,1,14.0,7.0,-4.0,Expired
Nugget Tempe,Produk Protein,Plastik,Freezer,0,97.0,0.0,97.0,Fresh
Keju Cheddar,Unknown,Plastik,Chiller,1,96.0,2.0,12.0,Fresh
Soda Jeruk,Produk Minuman,Kaleng,Outside,1,329.0,1.0,0.0,Expired
Kornet Sapi,Produk Kaleng,Kaleng,Unknown,0,189.0,0.0,189.0,Fresh
Sereal Cornflakes,Produk Kering,Karton,Outside,0,354.0,0.0,250.0,Fresh
Yogurt Greek,Produk Olahan Susu,Plastik,Chiller,1,21.0,7.0,-2.0,Expired
Sosis Frankfurter,Produk Protein,Plastik,Chiller,0,33.0,0.0,33.0,Fresh
Cola Zero Sugar,Produk Minuman,Kaleng,Outside,1,59.0,2.0,-1.0,Expired
Sereal Coklat,Produk Kering,Karton,Outside,0,171.0,0.0,171.0,Fresh
Keju Mozzarella,Produk Olahan Susu,Plastik,Chiller,1,11.0,11.0,-4.0,Expired
Susu Uht Full Cream,Produk Olahan Susu,Karton,Chiller,0,256.0,0.0,250.0,Fresh
Sosis Ikan,Produk Protein,Plastik,Chiller,0,29.0,0.0,29.0,Fresh
Nanas Kaleng,Produk Kaleng,Kaleng,Outside,0,249.0,0.0,249.0,Fresh
Nugget Ayam,Produk Protein,Plastik,Freezer,1,154.0,3.0,0.0,Expired
Minuman Energi,Produk Minuman,Kaleng,Outside,0,291.0,0.0,250.0,Fresh
Sarden Minyak Zaitun,Produk Kaleng,Kaleng,Outside,0,337.0,0.0,250.0,Fresh
Teh Kotak Jasmine,Produk Minuman,Karton,Outside,0,352.0,0.0,250.0,Fresh
Sosis Sapi,Produk Protein,Plastik,Chiller,0,36.0,0.0,36.0,Fresh
Jus Jambu,Produk Minuman,Karton,Chiller,0,159.0,0.0,159.0,Fresh
Keju Parmesan,Produk Olahan Susu,Plastik,Chiller,1,231.0,4.0,26.0,Fresh
Biskuit Wafer,Produk Kering,Plastik,Outside,0,159.0,0.0,159.0,Fresh
Minuman Energi,Produk Minuman,Kaleng,Outside,1,2.0,1.0,0.0,Expired
Susu Almond,Olahan Susu,Karton,Unknown,0,179.0,0.0,179.0,Fresh
Biskuit Wafer,Unknown,Plastik,Outside,1,112.0,10.0,-5.0,Expired
Yogurt Kefir,Produk Olahan Susu,Botol Kaca,Chiller,0,4.0,0.0,4.0,hampir
Susu Bubuk Full Cream,Produk Olahan Susu,Unknown,Outside,0,319.0,0.0,250.0,Fresh
Jagung Manis Kaleng,Produk Kaleng,Kaleng,Chiller,1,238.0,8.0,-5.0,Expired
Biskuit Wafer,Produk Kering,Plastik,Outside,1,33.0,1.0,4.0,Soon
Leci Dalam Sirup,Produk Kaleng,Kaleng,Outside,0,171.0,0.0,171.0,Fresh
Susu Uht Low Fat,Produk Olahan Susu,Karton,Unknown,0,15.0,1.0,4.0,Soon
Sereal Cornflakes,Produk Kering,Karton,Outside,1,189.0,12.0,10.0,Fresh
Teh Lemon,Produk Minuman,Karton,Outside,0,91.0,0.0,250.0,Fresh
Sosis Bebek,Produk Protein,Plastik,Chiller,0,85.0,0.0,85.0,Fresh
Yogurt Blueberry,Produk Olahan Susu,Plastik,Chiller,1,4.0,8.0,-5.0,Expired
Sosis Sapi,Produk Protein,Plastik,Chiller,1,42.0,3.0,2.0,Soon
Teh Lemon,Produk Minuman,Karton,Outside,0,13.0,0.0,13.0,Fresh
Jus Nanas,Produk Minuman,Unknown,Unknown,0,121.0,0.0,121.0,Fresh
Keju Cream Cheese,Produk Olahan Susu,Karton,Chiller,0,21.0,0.0,21.0,Fresh
Susu Kedelai,Produk Olahan Susu,Karton,Chiller,1,69.0,9.0,-4.0,Expired
Ikan Salmon,Produk Kaleng,Kaleng,Outside,0,197.0,0.0,197.0,Fresh
Mie Instan Soto,Produk Kering,Plastik,Outside,0,248.0,0.0,248.0,Fresh
Susu Evaporasi,Produk Olahan Susu,Kaleng,Chiller,1,394.0,10.0,-3.0,Expired
Yogurt Plain,Produk Olahan Susu,Plastik,Chiller,1,15.0,5.0,0.0,Expired
Susu Uht Coklat,Produk Olahan Susu,Karton,Chiller,0,13.0,0.0,13.0,Fresh
Susu Bubuk Full Cream,Produk Olahan Susu,Karton,Outside,0,500.0,12.0,12.0,Fresh
Biskuit Marie,Produk Kering,Plastik,Outside,1,69.0,3.0,4.0,Soon
Yogurt Minum Probiotik,Produk Olahan Susu,Botol Kaca,Chiller,1,16.0,3.0,0.0,Expired
Air Mineral,Produk Minuman,Plastik,Outside,1,297.0,3.0,-2.0,Expired
Jus Nanas,Produk Minuman,Karton,Chiller,0,24.0,0.0,24.0,Fresh
Keju Cheddar,Produk Olahan Susu,Plastik,Chiller,0,19.0,0.0,19.0,Fresh
Susu Bubuk Bayi,Produk Olahan Susu,Karton,Outside,1,476.0,12.0,1.0,Soon
Susu Uht Low Fat,Produk Olahan Susu,Karton,Chiller,0,19.0,0.0,19.0,Fresh
Minuman Isotonik,Produk Minuman,Plastik,Outside,1,119.0,1.0,0.0,Expired
Sarden Minyak Zaitun,Produk Kaleng,Kaleng,Unknown,1,159.0,4.0,-2.0,Expired
Jus Jeruk,Produk Minuman,Karton,Chiller,1,135.0,8.0,-3.0,Expired
Keju Cream Cheese,Olahan Susu,Karton,Chiller,1,36.0,12.0,-5.0,Expired
Jus Jeruk,Produk Minuman,Karton,Chiller,1,62.0,6.0,-1.0,Expired
Susu Bubuk Full Cream,Produk Olahan Susu,Karton,Outside,1,233.0,6.0,24.0,Fresh
Sosis Frozen,Produk Protein,Plastik,Freezer,0,111.0,0.0,111.0,Fresh
Mie Instan Soto,Unknown,Plastik,Outside,0,212.0,0.0,212.0,Fresh
Sereal Granola,Produk Kering,Karton,Outside,0,210.0,0.0,210.0,Fresh
Biskuit Sandwich,Unknown,Plastik,Outside,1,114.0,5.0,0.0,Expired
Susu Bubuk Bayi,Produk Olahan Susu,Karton,Outside,0,354.0,0.0,250.0,Fresh
Susu Bubuk Coklat,Produk Olahan Susu,Karton,Outside,1,30.0,12.0,18.0,Fresh
Susu Uht Vanila,Produk Olahan Susu,Karton,Chiller,0,500.0,0.0,95.0,Fresh
Susu Kental Manis Putih,Produk Olahan Susu,Kaleng,Chiller,1,166.0,7.0,7.0,Soon
Minuman Energi,Produk Minuman,Kaleng,Outside,0,305.0,0.0,250.0,Fresh
Teh Kotak Hijau,Produk Minuman,Karton,Outside,0,47.0,0.0,47.0,Fresh
Mie Instan Goreng,Produk Kering,Plastik,Outside,1,99.0,1.0,-1.0,Expired
Mie Instan Ayam,Produk Kering,Plastik,Outside,1,199.0,2.0,-2.0,Expired
Nugget Udang,Protin,Plastik,Freezer,0,7.0,0.0,7.0,Soon
Susu Bubuk Skim,Produk Olahan Susu,Karton,Outside,1,380.0,12.0,-5.0,Expired
Nugget Ikan,Produk Protein,Plastik,Unknown,1,153.0,2.0,1.0,Soon
Yogurt Plain,Produk Olahan Susu,Plastik,Chiller,1,15.0,3.0,2.0,Soon
Susu Uht Vanila,Produk Olahan Susu,Karton,Chiller,0,156.0,0.0,156.0,Fresh
Soda Lemon,Produk Minuman,Kaleng,Outside,1,138.0,6.0,-5.0,Expired
Biskuit Oatmeal,Produk Kering,Plastik,Outside,0,17.0,0.0,17.0,Fresh
Sereal Muesli,Unknown,Karton,Outside,1,78.0,12.0,-3.0,Expired
Minuman Isotonik,Produk Minuman,Plastik,Outside,1,37.0,5.0,-4.0,Expired
Susu Kental Manis Coklat,Produk Olahan Susu,Kaleng,Chiller,1,408.0,11.0,3.0,Soon
Biskuit Digestive,Produk Kering,Plastik,Outside,1,137.0,1.0,13.0,Fresh
Jus Sirsak,Produk Minuman,Karton,Unknown,0,114.0,0.0,114.0,Fresh
Yogurt Minum Probiotik,Produk Olahan Susu,Kaca,Chiller,0,17.0,0.0,17.0,Fresh
Biskuit Sandwich,Produk Kering,Plastik,Outside,0,48.0,0.0,48.0,Fresh
Yogurt Blueberry,Produk Olahan Susu,Plastik,Chiller,0,26.0,0.0,26.0,Fresh
Leci Dalam Sirup,Produk Kaleng,Kaleng,Outside,1,463.0,8.0,-5.0,Expired
Keju Edam,Produk Olahan Susu,Plastik,Chiller,1,3.0,12.0,3.0,Soon
Biskuit Sandwich,Produk Kering,Plastik,Outside,0,137.0,0.0,137.0,Fresh
Sosis Ayam,Produk Protein,Plastik,Chiller,1,41.0,7.0,-2.0,Expired
Biskuit Crackers,Produk Kering,Plastik,Outside,0,71.0,0.0,71.0,Fresh
Biskuit Wafer,Produk Kering,Plastik,Outside,1,130.0,1.0,4.0,hampir
Keju Cheddar,Produk Olahan Susu,Plastik,Chiller,0,2.0,0.0,2.0,Soon
Ikan Makerel,Unknown,Kaleng,Outside,1,500.0,1.0,1.0,Soon
Susu Kental Manis Putih,Produk Olahan Susu,Kaleng,Chiller,1,221.0,5.0,9.0,Fresh
Susu Bubuk Coklat,Produk Olahan Susu,Karton,Unknown,0,130.0,0.0,130.0,Fresh
Susu Bubuk Bayi,Produk Olahan Susu,Karton,Outside,1,500.0,12.0,17.0,Fresh
Teh Tarik,Produk Minuman,Karton,Chiller,1,171.0,2.0,-1.0,Expired
Jus Jambu,Produk Minuman,Karton,Chiller,1,162.0,7.0,-4.0,Expired
Susu Uht Low Fat,Produk Olahan Susu,Karton,Chiller,0,-10.0,0.0,104.0,Fresh
Air Mineral,Produk Minuman,Plastik,Outside,0,190.0,0.0,190.0,Fresh
Keju Edam,Produk Olahan Susu,Plastik,Chiller,0,69.0,0.0,69.0,Fresh
Mie Instan Ayam,Produk Kering,Plastik,Outside,0,62.0,0.0,62.0,Fresh
Susu Uht Coklat,Unknown,Karton,Unknown,1,108.0,6.0,-5.0,Expired
Nugget Sayuran,Produk Protein,Plastik,Freezer,1,139.0,8.0,-5.0,Expired
Keju Cheddar,Produk Olahan Susu,Plastik,Chiller,0,176.0,0.0,176.0,Fresh
Biskuit Mentega,Produk Kering,Kaleng,Outside,0,337.0,0.0,250.0,Fresh
Jus Mangga,Produk Minuman,Karton,Chiller,0,174.0,0.0,174.0,Fresh
Ikan Salmon,Produk Kaleng,Kaleng,Outside,1,369.0,4.0,-2.0,Expired
Mie Instan Soto,Produk Kering,Plastik,Outside,0,27.0,0.0,27.0,Fresh
Jus Jambu,Produk Minuman,Karton,Chiller,0,-5.0,0.0,97.0,Fresh
Biskuit Sandwich,Produk Kering,Plastik,Outside,1,119.0,3.0,2.0,Soon
Teh Lemon,Unknown,Karton,Outside,1,80.0,4.0,-3.0,Expired
Ikan Tuna,Kaleng,Kaleng,Outside,0,107.0,0.0,107.0,Fresh
Jus Apel,Produk Minuman,Karton,Chiller,1,7.0,3.0,2.0,Segera
Yogurt Kefir,Produk Olahan Susu,Botol Kaca,Chiller,1,11.0,6.0,-3.0,Expired
Nugget Ayam,Unknown,Plastik,Freezer,0,135.0,0.0,135.0,Fresh
Biskuit Oreo,Produk Kering,Plastik,Outside,1,178.0,3.0,4.0,Soon
Nugget Sayuran,Produk Protein,Plastik,Freezer,0,121.0,0.0,121.0,Fresh
Nugget Ikan,Produk Protein,Unknown,Freezer,0,51.0,0.0,51.0,Fresh
Jus Mangga,Produk Minuman,Karton,Chiller,0,71.0,0.0,71.0,Fresh
Yogurt Blueberry,Produk Olahan Susu,Plastik,Chiller,1,10.0,4.0,-1.0,Expired
Mie Instan Soto,Produk Kering,Unknown,Outside,0,73.0,0.0,73.0,Fresh
Sosis Ayam,Unknown,Plastik,Chiller,0,42.0,0.0,42.0,Fresh
Keju Cheddar,Produk Olahan Susu,Plastik,Chiller,1,174.0,12.0,-4.0,Expired
Keju Mozzarella,Produk Olahan Susu,Unknown,Chiller,1,20.0,5.0,2.0,Soon
Biskuit Oreo,Produk Kering,Plastik,Outside,1,134.0,8.0,-1.0,Expired
Susu Uht Vanila,Produk Olahan Susu,Karton,Chiller,1,175.0,3.0,-2.0,Expired
Nugget Ayam,Produk Protein,Plastik,Freezer,0,163.0,0.0,163.0,Fresh
Cola Original,Produk Minuman,Unknown,Outside,1,50.0,1.0,0.0,Expired
Mie Instan Soto,Produk Kering,Plastik,Outside,1,285.0,4.0,-4.0,Expired
Susu Kedelai,Olahan Susu,Karton,Chiller,1,45.0,7.0,-2.0,Expired
Sosis Frozen,Produk Protein,Plastik,Freezer,1,-5.0,3.0,0.0,Expired
Sereal Oat,Produk Kering,Karton,Outside,1,263.0,12.0,17.0,Fresh
Biskuit Digestive,Produk Kering,Plastik,Outside,1,244.0,12.0,-4.0,Expired
Biskuit Wafer,Produk Kering,Plastik,Outside,1,76.0,4.0,1.0,Soon
Susu Bubuk Bayi,Produk Olahan Susu,Karton,Outside,1,500.0,12.0,1.0,Soon
Minuman Isotonik,Produk Minuman,Plastik,Outside,0,66.0,0.0,-50.0,Fresh
Minuman Isotonik,Produk Minuman,Plastik,Outside,0,197.0,0.0,197.0,Fresh
Nugget Sapi,Produk Protein,Plastik,Freezer,0,73.0,0.0,73.0,Fresh
Nugget Tempe,Prod. Protein,Plastik,Freezer,1,60.0,3.0,0.0,Expired
Cola Zero Sugar,Produk Minuman,Kaleng,Outside,0,97.0,0.0,97.0,Fresh
Susu Bubuk Skim,Produk Olahan Susu,Karton,Outside,1,335.0,12.0,3.0,Soon
Yogurt Greek,Produk Olahan Susu,Plastik,Chiller,1,14.0,1.0,4.0,Soon
Nugget Ayam,Protin,Plastik,Freezer,0,147.0,0.0,147.0,Fresh
Jus Jambu,Produk Minuman,Karton,Unknown,1,113.0,7.0,-4.0,Expired
Biskuit Marie,Produk Kering,Plastik,Outside,0,1.0,0.0,1.0,Soon
Kornet Ayam,Produk Kaleng,Kaleng,Unknown,0,500.0,0.0,250.0,Fresh
Sosis Frankfurter,Produk Protein,Plastik,Chiller,1,45.0,1.0,6.0,Soon
Persik Kaleng,Produk Kaleng,Kaleng,Outside,1,500.0,5.0,-2.0,Expired
Susu Uht Stroberi,Produk Olahan Susu,Karton,Chiller,0,223.0,0.0,223.0,Fresh
Yogurt Kefir,Produk Olahan Susu,Botol Kaca,Chiller,0,12.0,8.0,-5.0,Expired
Susu Uht Stroberi,Olahan Susu,Karton,Chiller,1,70.0,4.0,-3.0,Expired
Mangga Kaleng,Produk Kaleng,Unknown,Outside,0,412.0,0.0,250.0,Fresh
Susu Kedelai,Produk Olahan Susu,Karton,Chiller,1,197.0,4.0,1.0,Soon
Soda Jeruk,Produk Minuman,Kaleng,Outside,1,126.0,1.0,0.0,Expired
Teh Lemon,Produk Minuman,Karton,Outside,0,68.0,0.0,68.0,Fresh
Persik Kaleng,Produk Kaleng,Kaleng,Outside,0,124.0,0.0,124.0,Fresh
Susu Bubuk Skim,Produk Olahan Susu,Karton,Outside,0,398.0,0.0,250.0,Fresh
Teh Botol,Produk Minuman,Botol Kaca,Unknown,1,188.0,8.0,-5.0,Expired
Sosis Frankfurter,Produk Protein,Plastik,Chiller,1,27.0,7.0,0.0,Expired
Teh Tarik,Produk Minuman,Karton,Chiller,0,191.0,0.0,191.0,Fresh
Nugget Udang,Produk Protein,Plastik,Freezer,0,97.0,0.0,97.0,Fresh
Nanas Kaleng,Produk Kaleng,Kaleng,Outside,0,338.0,0.0,250.0,Fresh
Sarden Minyak Zaitun,Produk Kaleng,Kaleng,Outside,1,368.0,2.0,0.0,Expired
Susu Pasteurisasi,Produk Olahan Susu,Plastik,Chiller,0,1.0,0.0,1.0,Soon
Susu Bubuk Skim,Produk Olahan Susu,Karton,Outside,0,180.0,0.0,180.0,Fresh
Sereal Granola,Produk Kering,Karton,Outside,1,174.0,12.0,0.0,Expired
Yogurt Blueberry,Produk Olahan Susu,Plastik,Chiller,1,3.0,8.0,-5.0,Expired
Susu Bubuk Bayi,Produk Olahan Susu,Karton,Outside,1,217.0,9.0,21.0,Fresh
Rambutan Kaleng,Produk Kaleng,Kaleng,Outside,0,287.0,0.0,250.0,Fresh
Susu Kental Manis Putih,Produk Olahan Susu,Kaleng,Chiller,1,158.0,6.0,8.0,Fresh
Leci Dalam Sirup,Produk Kaleng,Kaleng,Outside,0,189.0,0.0,189.0,Fresh
Nugget Tempe,Produk Protein,Unknown,Freezer,1,39.0,5.0,-2.0,Expired
Jus Mangga,Produk Minuman,Karton,Chiller,1,50.0,6.0,-5.0,Expired
Sereal Coklat,Produk Kering,Karton,Outside,0,98.0,0.0,98.0,Fresh
Sereal Oat,Produk Kering,Karton,Outside,1,92.0,12.0,14.0,Fresh
Susu Bubuk Coklat,Produk Olahan Susu,Karton,Outside,0,491.0,0.0,250.0,Fresh
Keju Mozzarella,Produk Olahan Susu,Plastik,Chiller,1,39.0,10.0,-3.0,Expired
Yogurt Blueberry,Produk Olahan Susu,Plastik,Chiller,1,-5.0,4.0,-1.0,Expired
Teh Kotak Jasmine,Produk Minuman,Karton,Outside,0,186.0,0.0,186.0,Fresh
Minuman Isotonik,Produk Minuman,Unknown,Outside,1,39.0,5.0,-4.0,Expired
Cola Original,Produk Minuman,Kaleng,Outside,0,226.0,0.0,226.0,Fresh
Keju Edam,Produk Olahan Susu,Plastik,Chiller,0,10.0,0.0,10.0,Fresh
Yogurt Plain,Produk Olahan Susu,Plastik,Chiller,1,500.0,10.0,-5.0,Expired
Sereal Muesli,Produk Kering,Karton,Outside,0,44.0,0.0,44.0,Fresh
Susu Almond,Produk Olahan Susu,Karton,Chiller,0,165.0,0.0,165.0,Fresh
Cola Original,Produk Minuman,Kaleng,Outside,0,35.0,0.0,35.0,Fresh
Jagung Manis Kaleng,Produk Kaleng,Kaleng,Chiller,1,130.0,6.0,-3.0,Expired
Biskuit Crackers,Produk Kering,Plastik,Outside,1,175.0,9.0,-2.0,Expired
Mie Instan Ayam,Produk Kering,Plastik,Outside,1,25.0,3.0,-3.0,Expired
Jus Anggur,Produk Minuman,Kaca,Chiller,1,60.0,5.0,0.0,Expired
Nugget Sayuran,Produk Protein,Plastik,Freezer,0,49.0,0.0,49.0,Fresh
Jus Nanas,Produk Minuman,Karton,Chiller,1,126.0,5.0,0.0,Expired
Sarden Tomat,Produk Kaleng,Unknown,Outside,1,390.0,7.0,-5.0,Expired
Teh Lemon,Unknown,Karton,Outside,1,167.0,1.0,0.0,Expired
Ikan Tuna,Produk Kaleng,Kaleng,Outside,1,245.0,1.0,1.0,Soon
Susu Uht Full Cream,Produk Olahan Susu,Karton,Chiller,0,16.0,0.0,16.0,Fresh
Biskuit Marie,Produk Kering,Plastik,Outside,1,66.0,3.0,4.0,Soon
Nugget Ayam,Produk Protein,Plastik,Freezer,0,500.0,0.0,46.0,Fresh
Cola Original,Produk Minuman,Kaleng,Outside,1,133.0,4.0,-3.0,Expired
Sosis Bebek,Produk Protein,Plastik,Chiller,0,65.0,0.0,65.0,Fresh
Jus Jambu,Produk Minuman,Unknown,Chiller,0,86.0,0.0,86.0,Fresh
Keju Cream Cheese,Produk Olahan Susu,Karton,Chiller,0,26.0,0.0,26.0,Fresh
Susu Bubuk Skim,Produk Olahan Susu,Karton,Outside,0,93.0,0.0,93.0,Fresh
Air Mineral,Unknown,Plastik,Outside,1,131.0,5.0,-4.0,Expired
Susu Kental Manis Coklat,Produk Olahan Susu,Kaleng,Chiller,1,500.0,12.0,-4.0,Expired
Cola Original,Produk Minuman,Kaleng,Outside,1,237.0,6.0,-5.0,Expired
Susu Kedelai,Produk Olahan Susu,Karton,Chiller,1,177.0,2.0,3.0,Soon
Susu Pasteurisasi,Produk Olahan Susu,Plastik,Unknown,0,10.0,0.0,10.0,Fresh
Keju Mozzarella,Produk Olahan Susu,Plastik,Chiller,1,27.0,5.0,2.0,Soon
Minuman Isotonik,Produk Minuman,Plastik,Outside,1,33.0,1.0,0.0,Expired
Sosis Sapi,Produk Protein,Plastik,Chiller,1,15.0,2.0,3.0,Soon
Jus Nanas,Produk Minuman,Karton,Chiller,1,175.0,3.0,2.0,Soon
Jus Jambu,Produk Minuman,Karton,Chiller,0,139.0,0.0,139.0,Fresh
Air Soda,Produk Minuman,Plastik,Outside,0,305.0,0.0,250.0,Fresh
Biskuit Digestive,Produk Kering,Plastik,Outside,0,201.0,0.0,201.0,Fresh
Sarden Tomat,Produk Kaleng,Kaleng,Outside,0,312.0,0.0,250.0,Fresh
Susu Uht Vanila,Produk Olahan Susu,Karton,Chiller,1,125.0,4.0,-3.0,Expired
Susu Uht Full Cream,Produk Olahan Susu,Karton,Chiller,1,240.0,9.0,-2.0,Expired
Susu Uht Stroberi,Produk Olahan Susu,Karton,Chiller,1,40.0,6.0,-5.0,Expired
Biskuit Oreo,Produk Kering,Plastik,Outside,0,79.0,0.0,79.0,Fresh
Keju Cream Cheese,Produk Olahan Susu,Karton,Chiller,0,32.0,0.0,32.0,Fresh
Biskuit Crackers,Produk Kering,Plastik,Outside,0,179.0,0.0,179.0,Fresh
Sosis Ayam,Produk Protein,Plastik,Chiller,0,56.0,0.0,56.0,Fresh
Mie Instan Ayam,Produk Kering,Plastik,Outside,0,344.0,0.0,250.0,Fresh
Keju Cream Cheese,Produk Olahan Susu,Karton,Chiller,0,56.0,0.0,56.0,Fresh
Air Soda,Produk Minuman,Plastik,Outside,0,19.0,0.0,19.0,Fresh
Sereal Oat,Produk Kering,Karton,Outside,1,252.0,10.0,20.0,Fresh
Biskuit Digestive,Produk Kering,Plastik,Outside,0,256.0,0.0,250.0,Fresh
Nugget Sayuran,Produk Protein,Plastik,Freezer,0,54.0,0.0,54.0,Fresh
Keju Cream Cheese,Produk Olahan Susu,Karton,Chiller,0,34.0,0.0,34.0,Fresh
Biskuit Mentega,Unknown,Kaleng,Outside,0,323.0,0.0,250.0,Fresh
Keju Cheddar,Produk Olahan Susu,Plastik,Chiller,1,60.0,3.0,11.0,Fresh
Susu Uht Vanila,Produk Olahan Susu,Karton,Chiller,1,148.0,4.0,-3.0,Expired
Nugget Sapi,Produk Protein,Plastik,Freezer,0,97.0,0.0,97.0,Fresh
Sereal Granola,Produk Kering,Karton,Outside,1,260.0,5.0,25.0,Fresh
Ikan Salmon,Unknown,Kaleng,Outside,0,229.0,0.0,229.0,Fresh
Sosis Bebek,Produk Protein,Plastik,Chiller,0,62.0,0.0,62.0,Fresh
Sereal Cornflakes,Produk Kering,Karton,Outside,0,296.0,0.0,250.0,Fresh
Susu Almond,Produk Olahan Susu,Karton,Unknown,1,8.0,4.0,1.0,Soon
Soda Lemon,Produk Minuman,Kaleng,Outside,0,194.0,0.0,194.0,Fresh
Sosis Bebek,Produk Protein,Plastik,Chiller,0,87.0,0.0,250.0,Fresh
Sereal Cornflakes,Produk Kering,Karton,Outside,1,327.0,12.0,-5.0,Expired
Air Mineral,Produk Minuman,Plastik,Outside,1,377.0,6.0,-5.0,Expired
Cola Original,Produk Minuman,Kaleng,Outside,0,179.0,0.0,179.0,Fresh
Sarden Tomat,Produk Kaleng,Kaleng,Outside,0,475.0,0.0,250.0,Fresh
Mie Instan Ayam,Produk Kering,Plastik,Outside,1,106.0,2.0,-2.0,Expired
Biskuit Digestive,Produk Kering,Plastik,Outside,1,310.0,11.0,3.0,Soon
Susu Kental Manis Coklat,Produk Olahan Susu,Kaleng,Chiller,0,500.0,11.0,3.0,Soon
Yogurt Blueberry,Produk Olahan Susu,Plastik,Chiller,1,15.0,5.0,-2.0,Expired
Keju Edam,Produk Olahan Susu,Plastik,Chiller,1,160.0,8.0,13.0,Fresh
Susu Bubuk Bayi,Produk Olahan Susu,Karton,Outside,0,64.0,0.0,64.0,Fresh
Yogurt Blueberry,Produk Olahan Susu,Plastik,Chiller,1,19.0,1.0,250.0,Soon
Nugget Udang,Prod. Protein,Plastik,Freezer,1,46.0,3.0,0.0,Expired
Susu Almond,Produk Olahan Susu,Kardus,Chiller,1,212.0,1.0,4.0,Soon
Biskuit Sandwich,Produk Kering,Plastik,Outside,1,164.0,5.0,0.0,Expired
Susu Bubuk Skim,Produk Olahan Susu,Karton,Outside,1,500.0,12.0,14.0,Fresh
Biskuit Digestive,Produk Kering,Plastik,Outside,1,195.0,4.0,10.0,Fresh
Susu Kental Manis Coklat,Produk Olahan Susu,Kaleng,Chiller,1,79.0,12.0,-5.0,Expired
Yogurt Mangga,Produk Olahan Susu,Plastik,Chiller,1,15.0,5.0,-2.0,Expired
Teh Botol,Produk Minuman,Botol Kaca,Outside,0,350.0,0.0,250.0,Fresh
Mangga Kaleng,Produk Kaleng,Kaleng,Outside,1,371.0,6.0,-3.0,Expired
Nugget Sapi,Produk Protein,Plastik,Freezer,0,88.0,0.0,88.0,Fresh
Susu Uht Low Fat,Produk Olahan Susu,Karton,Chiller,1,232.0,1.0,4.0,Soon
Sosis Frozen,Produk Protein,Plastik,Unknown,1,89.0,8.0,-5.0,Expired
Cola Original,Produk Minuman,Kaleng,Outside,1,46.0,1.0,0.0,Expired
Nugget Ayam,Produk Protein,Plastik,Freezer,0,5.0,0.0,5.0,Segera
Susu Bubuk Skim,Produk Olahan Susu,Karton,Outside,0,480.0,0.0,250.0,Fresh
Yogurt Stroberi,Produk Olahan Susu,Plastik,Chiller,1,25.0,4.0,-1.0,Expired
Jagung Manis Kaleng,Produk Kaleng,Kaleng,Chiller,0,359.0,0.0,250.0,Fresh
Biskuit Crackers,Produk Kering,Plastik,Outside,1,23.0,2.0,5.0,Soon
Ikan Tuna,Produk Kaleng,Unknown,Outside,0,79.0,0.0,79.0,Fresh
Nugget Udang,Produk Protein,Plastik,Freezer,1,152.0,4.0,-1.0,Expired
Mie Instan Ayam,Produk Kering,Plastik,Outside,1,151.0,4.0,-4.0,Expired
Sarden Cabai,Produk Kaleng,Kaleng,Outside,0,70.0,0.0,70.0,Fresh
Jus Sirsak,Produk Minuman,Karton,Chiller,1,178.0,2.0,1.0,Soon
Ikan Salmon,Produk Kaleng,Kaleng,Outside,0,405.0,5.0,-3.0,Expired
Jus Apel,Produk Minuman,Karton,Chiller,1,49.0,10.0,-5.0,Expired
Teh Kotak Jasmine,Produk Minuman,Karton,Outside,0,316.0,0.0,250.0,Fresh
Cola Original,Produk Minuman,Kaleng,Outside,0,289.0,0.0,250.0,Fresh
Soda Lemon,Produk Minuman,Kaleng,Outside,1,119.0,1.0,0.0,Expired
Rambutan Kaleng,Produk Kaleng,Kaleng,Outside,0,423.0,0.0,250.0,Fresh
Buah Cocktail,Produk Kaleng,Unknown,Outside,1,282.0,5.0,-2.0,Expired
Nugget Ikan,Produk Protein,Plastik,Freezer,1,48.0,7.0,-4.0,Expired
Mie Instan Soto,Produk Kering,Plastik,Unknown,0,212.0,0.0,212.0,Fresh
Sarden Tomat,Produk Kaleng,Kaleng,Outside,1,311.0,4.0,-2.0,Expired
Buah Cocktail,Produk Kaleng,Kaleng,Outside,0,249.0,0.0,249.0,Fresh
Sosis Sapi,Produk Protein,Plastik,Chiller,0,19.0,0.0,19.0,Fresh
Teh Tarik,Produk Minuman,Karton,Chiller,0,94.0,0.0,94.0,Fresh
Nanas Kaleng,Produk Kaleng,Kaleng,Outside,0,450.0,0.0,250.0,Fresh
Buah Cocktail,Produk Kaleng,Kaleng,Outside,1,311.0,6.0,-3.0,Expired
Susu Uht Full Cream,Produk Olahan Susu,Karton,Chiller,0,217.0,0.0,217.0,Fresh
Susu Kental Manis Putih,Produk Olahan Susu,Kaleng,Chiller,1,500.0,10.0,4.0,Hampir
Kornet Ayam,Produk Kaleng,Kaleng,Outside,0,472.0,8.0,-5.0,Expired
Susu Uht Low Fat,Produk Olahan Susu,Karton,Chiller,0,173.0,0.0,173.0,Fresh
Mie Instan Goreng,Produk Kering,Plastik,Outside,0,23.0,0.0,23.0,Fresh
Biskuit Digestive,Unknown,Plastik,Outside,0,91.0,0.0,91.0,Fresh
Biskuit Marie,Produk Kering,Plastik,Outside,1,56.0,10.0,-3.0,Expired
Yogurt Mangga,Produk Olahan Susu,Plastik,Chiller,1,21.0,6.0,-3.0,Expired
Kornet Ayam,Produk Kaleng,Kaleng,Outside,0,163.0,0.0,163.0,Fresh
Keju Edam,Produk Olahan Susu,Plastik,Chiller,1,110.0,9.0,12.0,Fresh
Susu Kental Manis Putih,Produk Olahan Susu,Kaleng,Chiller,1,291.0,9.0,5.0,Soon
Sereal Granola,Produk Kering,Karton,Outside,0,141.0,0.0,141.0,Fresh
Susu Pasteurisasi,Produk Olahan Susu,Plastik,Chiller,1,12.0,5.0,-2.0,Expired
Mangga Kaleng,Kaleng,Kaleng,Outside,1,71.0,6.0,-3.0,Expired
Nanas Kaleng,Produk Kaleng,Unknown,Outside,1,500.0,1.0,2.0,Soon
Sereal Granola,Produk Kering,Karton,Outside,1,102.0,12.0,13.0,Fresh
Ikan Salmon,Produk Kaleng,Kaleng,Outside,1,500.0,2.0,0.0,Expired
Biskuit Mentega,Produk Kering,Kaleng,Outside,0,310.0,0.0,250.0,Fresh
Sosis Sapi,Produk Protein,Plastik,Chiller,0,18.0,6.0,-1.0,Expired
Keju Cream Cheese,Produk Olahan Susu,Karton,Chiller,1,42.0,3.0,11.0,Fresh
Sosis Ikan,Produk Protein,Plastik,Chiller,1,39.0,1.0,2.0,Soon
Kornet Sapi,Produk Kaleng,Kaleng,Outside,1,397.0,6.0,-3.0,Expired
Yogurt Minum Probiotik,Produk Olahan Susu,Botol Kaca,Chiller,0,500.0,0.0,9.0,Fresh
Leci Dalam Sirup,Produk Kaleng,Kaleng,Outside,1,500.0,2.0,1.0,Soon
Minuman Isotonik,Produk Minuman,Plastik,Outside,0,101.0,0.0,101.0,Fresh
Susu Kedelai,Produk Olahan Susu,Karton,Chiller,0,148.0,0.0,148.0,Fresh
Susu Uht Low Fat,Produk Olahan Susu,Karton,Chiller,1,-5.0,6.0,-1.0,Expired
Yogurt Mangga,Produk Olahan Susu,Plastik,Dingin,1,14.0,7.0,-4.0,Expired
Mie Instan Goreng,Produk Kering,Plastik,Outside,0,34.0,0.0,34.0,Fresh
Jus Nanas,Produk Minuman,Karton,Chiller,0,32.0,0.0,32.0,Fresh
Jus Apel,Produk Minuman,Karton,Chiller,1,98.0,4.0,1.0,Soon
Keju Parmesan,Produk Olahan Susu,Plastik,Chiller,1,323.0,12.0,18.0,Fresh
Biskuit Crackers,Produk Kering,Plastik,Outside,1,500.0,6.0,1.0,Soon
Jagung Manis Kaleng,Produk Kaleng,Kaleng,Unknown,1,463.0,4.0,-1.0,Expired
Ikan Salmon,Produk Kaleng,Kaleng,Outside,0,330.0,0.0,250.0,Fresh
Air Soda,Produk Minuman,Plastik,Outside,0,349.0,0.0,250.0,Fresh
Nugget Udang,Produk Protein,Plastik,Freezer,0,157.0,0.0,157.0,Fresh
Minuman Energi,Unknown,Kaleng,Outside,0,22.0,0.0,22.0,Fresh
Susu Uht Low Fat,Produk Olahan Susu,Karton,Chiller,0,2.0,0.0,2.0,Soon
Soda Jeruk,Produk Minuman,Kaleng,Unknown,1,110.0,4.0,-3.0,Expired
Susu Uht Coklat,Produk Olahan Susu,Karton,Chiller,1,187.0,1.0,0.0,Expired
Jus Anggur,Produk Minuman,Botol,Chiller,0,141.0,0.0,141.0,Fresh
Yogurt Plain,Produk Olahan Susu,Plastik,Dingin,0,27.0,0.0,27.0,Fresh
Sosis Sapi,Produk Protein,Plastik,Chiller,1,29.0,6.0,-1.0,Expired
Keju Cream Cheese,Produk Olahan Susu,Karton,Chiller,1,14.0,12.0,0.0,Expired
Mangga Kaleng,Produk Kaleng,Unknown,Outside,1,480.0,4.0,-1.0,Expired
Jus Apel,Produk Minuman,Karton,Chiller,1,54.0,8.0,-3.0,Expired
Sosis Frozen,Produk Protein,Plastik,Freezer,0,170.0,0.0,170.0,Fresh
Jus Nanas,Produk Minuman,Karton,Chiller,0,110.0,0.0,110.0,Fresh
Nugget Ikan,Unknown,Plastik,Freezer,0,110.0,0.0,110.0,Fresh
Jus Anggur,Unknown,Botol Kaca,Chiller,0,234.0,0.0,234.0,Fresh
Teh Tarik,Unknown,Karton,Chiller,0,197.0,0.0,197.0,Fresh
Keju Edam,Produk Olahan Susu,Plastik,Chiller,0,72.0,0.0,72.0,Fresh
Jus Sirsak,Produk Minuman,Karton,Chiller,0,61.0,0.0,61.0,Fresh
Jus Apel,Produk Minuman,Karton,Chiller,0,105.0,6.0,-1.0,Expired
Jagung Manis Kaleng,Produk Kaleng,Kaleng,Chiller,0,469.0,0.0,250.0,Fresh
Cola Zero Sugar,Produk Minuman,Kaleng,Outside,0,241.0,0.0,241.0,Fresh
Jus Jambu,Produk Minuman,Karton,Chiller,0,171.0,0.0,171.0,Fresh
Susu Uht Low Fat,Produk Olahan Susu,Karton,Chiller,0,232.0,0.0,232.0,Fresh
Cola Original,Produk Minuman,Kaleng,Outside,0,13.0,0.0,13.0,Fresh
Sosis Frankfurter,Unknown,Plastik,Chiller,1,64.0,3.0,4.0,Soon
Jagung Manis Kaleng,Produk Kaleng,Kaleng,Unknown,0,211.0,0.0,211.0,Fresh
Teh Kotak Hijau,Produk Minuman,Karton,Outside,0,27.0,0.0,27.0,Fresh
Buah Cocktail,Produk Kaleng,Kaleng,Outside,0,314.0,0.0,250.0,Fresh
Sosis Bebek,Produk Protein,Plastik,Chiller,0,23.0,7.0,0.0,Expired
Teh Lemon,Produk Minuman,Karton,Outside,0,11.0,0.0,11.0,Fresh
Nugget Tempe,Produk Protein,Plastik,Freezer,1,15.0,6.0,-3.0,Expired
Soda Lemon,Produk Minuman,Kaleng,Outside,0,48.0,0.0,48.0,Fresh
Jus Mangga,Produk Minuman,Karton,Chiller,0,62.0,0.0,62.0,Fresh
Sarden Cabai,Produk Kaleng,Kaleng,Outside,1,238.0,2.0,0.0,Expired
Jus Apel,Unknown,Karton,Chiller,0,140.0,0.0,140.0,Fresh
Sereal Cornflakes,Produk Kering,Karton,Outside,0,322.0,0.0,250.0,Fresh
Jagung Manis Kaleng,Produk Kaleng,Kaleng,Chiller,1,350.0,8.0,-5.0,Expired
Nugget Ikan,Produk Protein,Plastik,Freezer,1,141.0,8.0,-5.0,Expired
Susu Uht Full Cream,Unknown,Karton,Chiller,1,113.0,8.0,-1.0,Expired
Nugget Ikan,Produk Protein,Plastik,Freezer,1,28.0,1.0,2.0,Soon
Minuman Isotonik,Produk Minuman,Plastik,Outside,1,166.0,2.0,-1.0,Expired
Nugget Ayam,Produk Protein,Plastik,Freezer,1,92.0,3.0,0.0,Expired
Keju Edam,Produk Olahan Susu,Plastik,Chiller,1,29.0,8.0,13.0,Fresh
Ikan Salmon,Produk Kaleng,Kaleng,Outside,1,368.0,2.0,0.0,Expired
Jus Jeruk,Produk Minuman,Karton,Chiller,1,33.0,9.0,-4.0,Expired
Susu Uht Stroberi,Produk Olahan Susu,Karton,Chiller,1,248.0,4.0,-3.0,Expired
Sosis Frankfurter,Produk Protein,Plastik,Chiller,0,74.0,0.0,74.0,Fresh
Nanas Kaleng,Unknown,Kaleng,Outside,1,231.0,5.0,-2.0,Expired
Susu Uht Low Fat,Produk Olahan Susu,Karton,Chiller,1,41.0,8.0,-3.0,Expired
Cola Original,Produk Minuman,Kaleng,Outside,0,364.0,0.0,250.0,Fresh
Sereal Coklat,Produk Kering,Unknown,Outside,0,156.0,12.0,1.0,Soon
Mangga Kaleng,Produk Kaleng,Kaleng,Outside,1,500.0,8.0,-5.0,Expired
Jagung Manis Kaleng,Produk Kaleng,Kaleng,Chiller,0,124.0,0.0,124.0,Fresh
Biskuit Marie,Produk Kering,Plastik,Outside,1,27.0,1.0,6.0,Soon
Nugget Ikan,Produk Protein,Plastik,Freezer,0,113.0,0.0,113.0,Fresh
Teh Tarik,Produk Minuman,Karton,Chiller,1,217.0,6.0,-5.0,Expired
Sosis Sapi,Unknown,Plastik,Chiller,1,55.0,3.0,2.0,Soon
Sarden Tomat,Produk Kaleng,Kaleng,Outside,1,239.0,3.0,-1.0,Expired
Nugget Ayam,Produk Protein,Plastik,Freezer,1,11.0,8.0,-5.0,Expired
Biskuit Crackers,Produk Kering,Plastik,Outside,1,117.0,3.0,4.0,Soon
Jus Jambu,Produk Minuman,Karton,Chiller,0,65.0,0.0,65.0,Fresh
Jus Jambu,Produk Minuman,Karton,Chiller,1,46.0,4.0,-1.0,Expired
Susu Uht Coklat,Produk Olahan Susu,Karton,Chiller,1,261.0,4.0,-3.0,Expired
Sarden Minyak Zaitun,Produk Kaleng,Kaleng,Unknown,1,500.0,1.0,1.0,Soon
Susu Uht Coklat,Produk Olahan Susu,Karton,Chiller,0,135.0,0.0,135.0,Fresh
Jus Jambu,Produk Minuman,Karton,Chiller,1,85.0,3.0,0.0,Expired
Mie Instan Soto,Produk Kering,Plastik,Outside,0,154.0,0.0,154.0,Fresh
Keju Edam,Produk Olahan Susu,Plastik,Chiller,0,12.0,0.0,12.0,Fresh
Jus Jambu,Produk Minuman,Karton,Chiller,0,86.0,0.0,86.0,Fresh
Susu Bubuk Coklat,Produk Olahan Susu,Karton,Outside,0,367.0,0.0,250.0,Fresh
Keju Cheddar,Produk Olahan Susu,Plastik,Chiller,0,62.0,0.0,62.0,Fresh
Nugget Sapi,Produk Protein,Unknown,Freezer,0,55.0,0.0,55.0,Fresh
Susu Almond,Produk Olahan Susu,Karton,Chiller,0,134.0,0.0,134.0,Fresh
Minuman Energi,Produk Minuman,Kaleng,Outside,0,112.0,0.0,112.0,Fresh
Biskuit Oreo,Produk Kering,Plastik,Outside,1,21.0,1.0,6.0,Soon
Sosis Ikan,Produk Protein,Plastik,Chiller,0,27.0,0.0,27.0,Fresh
Susu Evaporasi,Produk Olahan Susu,Unknown,Chiller,1,209.0,6.0,1.0,Soon
Nugget Sapi,Produk Protein,Plastik,Freeze,0,25.0,0.0,25.0,Fresh
Nugget Ikan,Produk Protein,Plastik,Freezer,1,18.0,2.0,1.0,Soon
Sosis Ikan,Produk Protein,Plastik,Chiller,1,6.0,4.0,-1.0,Expired
Sosis Ayam,Produk Protein,Plastik,Chiller,0,43.0,0.0,43.0,Fresh
Keju Mozzarella,Produk Olahan Susu,Plastik,Chiller,1,54.0,10.0,-3.0,Expired
Sosis Frankfurter,Unknown,Plastik,Chiller,0,89.0,0.0,89.0,Fresh
Cola Original,Produk Minuman,Kaleng,Outside,0,162.0,0.0,162.0,Fresh
Jus Jambu,Produk Minuman,Karton,Chiller,1,154.0,8.0,-5.0,Expired
Keju Edam,Produk Olahan Susu,Plastik,Chiller,0,133.0,0.0,133.0,Fresh
Biskuit Marie,Produk Kering,Plastik,Outside,1,128.0,9.0,-2.0,Expired
Ikan Salmon,Produk Kaleng,Kaleng,Outside,0,472.0,0.0,250.0,Fresh
Jus Sirsak,Produk Minuman,Karton,Chiller,0,99.0,0.0,99.0,Fresh
Jus Jeruk,Produk Minuman,Karton,Chiller,0,46.0,0.0,46.0,Fresh
Teh Kotak Jasmine,Produk Minuman,Karton,Outside,0,51.0,0.0,51.0,Fresh
Biskuit Digestive,Produk Kering,Plastik,Outside,1,316.0,12.0,2.0,Soon
Minuman Isotonik,Produk Minuman,Plastik,Outside,1,193.0,4.0,-3.0,Expired
Sereal Coklat,Produk Kering,Karton,Outside,1,361.0,10.0,11.0,Fresh
Sereal Granola,Produk Kering,Karton,Outside,0,323.0,0.0,250.0,Fresh
Susu Bubuk Skim,Produk Olahan Susu,Karton,Outside,0,39.0,0.0,39.0,Fresh
Nugget Tempe,Produk Protein,Plastik,Freezer,0,62.0,0.0,62.0,Fresh
Biskuit Crackers,Produk Kering,Plastik,Outside,1,168.0,11.0,-4.0,Expired
Susu Almond,Produk Olahan Susu,Karton,Chiller,0,170.0,0.0,170.0,Fresh
Ikan Salmon,Produk Kaleng,Kaleng,Outside,1,500.0,7.0,-5.0,Expired
Jus Jambu,Produk Minuman,Karton,Chiller,0,66.0,0.0,66.0,Fresh
Teh Tarik,Produk Minuman,Unknown,Chiller,0,218.0,0.0,218.0,Fresh
Jus Sirsak,Produk Minuman,Karton,Chiller,0,168.0,0.0,168.0,Fresh
Sarden Minyak Zaitun,Produk Kaleng,Kaleng,Outside,1,21.0,3.0,-1.0,Expired
Jus Anggur,Produk Minuman,Botol Kaca,Unknown,1,120.0,4.0,1.0,Soon
Jus Sirsak,Produk Minuman,Karton,Chiller,1,122.0,3.0,0.0,Expired
Biskuit Mentega,Produk Kering,Kaleng,Outside,0,50.0,0.0,50.0,Fresh
Sereal Cornflakes,Produk Kering,Karton,Outside,0,126.0,0.0,126.0,Fresh
Nugget Ayam,Unknown,Plastik,Freezer,1,500.0,3.0,0.0,Expired
Keju Edam,Produk Olahan Susu,Plastik,Chiller,1,34.0,12.0,8.0,Fresh
Sereal Granola,Produk Kering,Karton,Outside,0,308.0,0.0,250.0,Fresh
Mangga Kaleng,Produk Kaleng,Kaleng,Outside,0,152.0,0.0,152.0,Fresh
Susu Kedelai,Produk Olahan Susu,Unknown,Chiller,1,234.0,10.0,-5.0,Expired
Kornet Sapi,Produk Kaleng,Kaleng,Unknown,0,44.0,0.0,44.0,Fresh
Minuman Isotonik,Produk Minuman,Unknown,Outside,0,35.0,0.0,35.0,Fresh
Keju Cream Cheese,Produk Olahan Susu,Karton,Chiller,1,40.0,12.0,-1.0,Expired
Susu Uht Coklat,Produk Olahan Susu,Karton,Chiller,0,198.0,0.0,198.0,Fresh
Nanas Kaleng,Produk Kaleng,Kaleng,Outside,0,230.0,0.0,230.0,Fresh
Susu Uht Stroberi,Produk Olahan Susu,Karton,Chiller,0,76.0,0.0,250.0,Fresh
Biskuit Wafer,Produk Kering,Plastik,Outside,0,176.0,0.0,176.0,Fresh
Nugget Ikan,Produk Protein,Plastik,Freezer,1,11.0,4.0,-1.0,Expired
Susu Kedelai,Produk Olahan Susu,Karton,Chiller,0,254.0,3.0,2.0,Hampir
Susu Kedelai,Produk Olahan Susu,Karton,Chiller,1,93.0,3.0,2.0,Soon
Biskuit Mentega,Produk Kering,Kaleng,Outside,1,320.0,1.0,13.0,Fresh
Sarden Cabai,Produk Kaleng,Kaleng,Outside,1,263.0,7.0,-5.0,Expired
Sereal Granola,Produk Kering,Karton,Outside,0,12.0,0.0,12.0,Fresh
Susu Bubuk Full Cream,Produk Olahan Susu,Karton,Outside,0,482.0,0.0,250.0,Fresh
Susu Bubuk Coklat,Produk Olahan Susu,Kardus,Outside,1,361.0,7.0,23.0,Fresh
Sosis Sapi,Produk Protein,Plastik,Chiller,0,15.0,0.0,15.0,Fresh
Keju Cheddar,Produk Olahan Susu,Plastik,Chiller,0,39.0,0.0,39.0,Fresh
Minuman Isotonik,Produk Minuman,Unknown,Outside,0,146.0,0.0,146.0,Fresh
Leci Dalam Sirup,Produk Kaleng,Kaleng,Outside,1,433.0,7.0,-4.0,Expired
Sereal Cornflakes,Produk Kering,Karton,Outside,1,33.0,12.0,3.0,Soon
Mie Instan Soto,Produk Kering,Plastik,Outside,1,202.0,5.0,-5.0,Expired
Leci Dalam Sirup,Produk Kaleng,Kaleng,Outside,1,311.0,4.0,-1.0,Expired
Yogurt Minum Probiotik,Produk Olahan Susu,Botol Kaca,Unknown,1,12.0,1.0,2.0,Soon
Nugget Udang,Produk Protein,Plastik,Freezer,0,24.0,0.0,24.0,Fresh
Buah Cocktail,Produk Kaleng,Kaleng,Outside,1,120.0,8.0,-5.0,Expired
Sereal Muesli,Produk Kering,Karton,Outside,0,324.0,0.0,250.0,Fresh
Cola Zero Sugar,Produk Minuman,Kaleng,Outside,1,216.0,2.0,-1.0,Expired
Biskuit Wafer,Produk Kering,Plastik,Outside,0,11.0,0.0,11.0,Fresh
Jus Nanas,Produk Minuman,Karton,Unknown,1,90.0,9.0,-4.0,Expired
Mie Instan Soto,Produk Kering,Plastik,Outside,0,327.0,0.0,250.0,Fresh
Rambutan Kaleng,Produk Kaleng,Kaleng,Outside,0,304.0,0.0,250.0,Fresh
Keju Parmesan,Produk Olahan Susu,Plastik,Chiller,1,101.0,12.0,0.0,Expired
Biskuit Crackers,Produk Kering,Plastik,Outside,0,156.0,0.0,156.0,Fresh
Jus Jeruk,Produk Minuman,Karton,Chiller,1,166.0,9.0,-4.0,Expired
Mangga Kaleng,Produk Kaleng,Kaleng,Outside,0,189.0,0.0,189.0,Fresh
Biskuit Sandwich,Produk Kering,Plastik,Outside,1,127.0,2.0,3.0,Soon
Yogurt Minum Probiotik,Produk Olahan Susu,Botol Kaca,Chiller,1,4.0,7.0,-4.0,Expired
Soda Jeruk,Produk Minuman,Kaleng,Outside,1,309.0,2.0,-1.0,Expired
Leci Dalam Sirup,Produk Kaleng,Kaleng,Outside,1,224.0,4.0,-1.0,Dead
Susu Bubuk Full Cream,Produk Olahan Susu,Karton,Outside,0,48.0,0.0,48.0,Fresh
Teh Kotak Jasmine,Produk Minuman,Karton,Outside,0,191.0,0.0,191.0,Fresh
Nugget Sapi,Produk Protein,Plastik,Freezer,1,44.0,6.0,-3.0,Expired
Yogurt Minum Probiotik,Unknown,glass,Chiller,1,5.0,2.0,1.0,Soon
Jus Jambu,Produk Minuman,Karton,Chiller,1,168.0,6.0,-3.0,Expired
Susu Uht Stroberi,Produk Olahan Susu,Karton,Chiller,1,123.0,3.0,-2.0,Expired
Teh Botol,Produk Minuman,Botol Kaca,Outside,1,155.0,8.0,-5.0,Expired
Teh Botol,Produk Minuman,Botol,Outside,1,51.0,2.0,1.0,Soon
Biskuit Oreo,Produk Kering,Plastik,Outside,1,174.0,7.0,0.0,Expired
Yogurt Kefir,Produk Olahan Susu,glass,Chiller,0,1.0,0.0,1.0,Soon
Sereal Oat,Produk Kering,Karton,Outside,0,270.0,0.0,250.0,Fresh
Susu Kental Manis Putih,Produk Olahan Susu,Kaleng,Chiller,0,372.0,0.0,250.0,Fresh
Susu Uht Full Cream,Produk Olahan Susu,Karton,Chiller,1,10.0,2.0,5.0,Soon
Persik Kaleng,Produk Kaleng,Kaleng,Outside,0,500.0,0.0,98.0,Fresh
Yogurt Stroberi,Unknown,Plastik,Chiller,0,13.0,0.0,13.0,Fresh
Leci Dalam Sirup,Produk Kaleng,Kaleng,Outside,1,500.0,6.0,-3.0,Expired
Rambutan Kaleng,Produk Kaleng,Kaleng,Outside,1,27.0,8.0,-5.0,Expired
Sosis Bebek,Produk Protein,Plastik,Chiller,0,82.0,0.0,82.0,Fresh
Teh Kotak Jasmine,Produk Minuman,Karton,Outside,0,295.0,0.0,250.0,Fresh
Kornet Ayam,Produk Kaleng,Kaleng,Outside,0,301.0,0.0,250.0,Fresh
Jus Nanas,Produk Minuman,Karton,Chiller,0,16.0,0.0,16.0,Fresh
Sosis Frankfurter,Produk Protein,Plastik,Unknown,1,79.0,5.0,2.0,Soon
Biskuit Mentega,Produk Kering,Kaleng,Outside,1,139.0,9.0,-50.0,Soon
Keju Parmesan,Produk Olahan Susu,Plastik,Chiller,0,161.0,0.0,161.0,Fresh
Susu Almond,Produk Olahan Susu,Karton,Chiller,1,125.0,10.0,-5.0,Expired
Teh Tarik,Produk Minuman,Karton,Chiller,1,117.0,4.0,-3.0,Expired
Yogurt Kefir,Produk Olahan Susu,Botol Kaca,Chiller,0,4.0,0.0,4.0,Soon
Nugget Ikan,Produk Protein,Plastik,Freezer,1,16.0,5.0,-2.0,Expired
Teh Lemon,Produk Minuman,Karton,Outside,0,219.0,0.0,219.0,Fresh
Susu Uht Vanila,Produk Olahan Susu,Karton,Chiller,0,209.0,0.0,209.0,Fresh
Yogurt Stroberi,Unknown,Plastik,Chiller,1,15.0,7.0,-4.0,Expired
Soda Lemon,Produk Minuman,Kaleng,Outside,1,17.0,1.0,0.0,Expired
Jus Jambu,Produk Minuman,Karton,Chiller,0,158.0,0.0,158.0,Fresh
Sosis Sapi,Produk Protein,Plastik,Chiller,0,26.0,0.0,26.0,Fresh
Susu Pasteurisasi,Produk Olahan Susu,Plastik,Chiller,0,6.0,0.0,6.0,Soon
Air Soda,Produk Minuman,Plastik,Outside,0,244.0,0.0,244.0,Fresh
Mie Instan Goreng,Produk Kering,Plastik,Outside,0,133.0,0.0,133.0,Fresh
Jus Nanas,Produk Minuman,Karton,Chiller,1,2.0,3.0,2.0,Soon
Sosis Ayam,Produk Protein,Plastik,Chiller,1,39.0,1.0,4.0,Soon
Rambutan Kaleng,Produk Kaleng,Kaleng,Outside,0,25.0,0.0,25.0,Fresh
Biskuit Wafer,Produk Kering,Plastik,Outside,1,35.0,8.0,-3.0,Expired
Susu Pasteurisasi,Olahan Susu,Plastik,Chiller,1,6.0,8.0,-5.0,Expired
Susu Bubuk Coklat,Produk Olahan Susu,Karton,Outside,1,152.0,1.0,-50.0,Fresh
Sereal Coklat,Produk Kering,Karton,Unknown,1,284.0,3.0,18.0,Fresh
Jus Jambu,Produk Minuman,Karton,Chiller,0,118.0,0.0,118.0,Fresh
Cola Zero Sugar,Produk Minuman,Kaleng,Outside,0,351.0,0.0,250.0,Fresh
Susu Bubuk Full Cream,Produk Olahan Susu,Karton,Outside,0,500.0,7.0,23.0,Fresh
Keju Mozzarella,Produk Olahan Susu,Plastik,Chiller,0,21.0,2.0,5.0,Soon
Susu Uht Full Cream,Produk Olahan Susu,Karton,Chiller,1,6.0,11.0,-4.0,Expired
Biskuit Oatmeal,Produk Kering,Plastik,Outside,0,65.0,0.0,65.0,Fresh
Minuman Energi,Produk Minuman,Kaleng,Outside,1,348.0,3.0,-2.0,Expired
Sereal Cornflakes,Produk Kering,Karton,Outside,0,83.0,0.0,83.0,Fresh
Susu Uht Full Cream,Produk Olahan Susu,Karton,Chiller,0,151.0,0.0,151.0,Fresh
Jus Sirsak,Produk Minuman,Karton,Chiller,0,130.0,0.0,130.0,Fresh
Susu Uht Low Fat,Produk Olahan Susu,Karton,Chiller,1,157.0,9.0,-4.0,Expired
Sosis Ikan,Produk Protein,Plastik,Chiller,1,2.0,4.0,-1.0,Expired
Yogurt Greek,Produk Olahan Susu,Plastik,Chiller,0,2.0,0.0,2.0,Soon
Keju Cream Cheese,Produk Olahan Susu,Karton,Chiller,0,-10.0,0.0,16.0,Fresh
Sereal Cornflakes,Produk Kering,Karton,Outside,1,33.0,12.0,16.0,Fresh
Biskuit Digestive,Produk Kering,Plastik,Outside,0,233.0,0.0,233.0,Fresh
Susu Almond,Produk Olahan Susu,Karton,Chiller,1,210.0,3.0,2.0,Soon
Susu Uht Low Fat,Produk Olahan Susu,Karton,Chiller,0,149.0,0.0,149.0,Fresh
Keju Cheddar,Produk Olahan Susu,Plastik,Chiller,1,70.0,2.0,12.0,Fresh
Air Soda,Produk Minuman,Plastik,Outside,0,500.0,0.0,39.0,Fresh
Jus Mangga,Produk Minuman,Karton,Chiller,0,100.0,0.0,100.0,Fresh
Jus Nanas,Produk Minuman,Karton,Chiller,0,93.0,0.0,93.0,Fresh
Biskuit Marie,Produk Kering,Plastik,Outside,0,50.0,0.0,50.0,Fresh
Yogurt Mangga,Produk Olahan Susu,Plastik,Chiller,0,27.0,0.0,27.0,Fresh
Susu Bubuk Full Cream,Produk Olahan Susu,Karton,Outside,0,326.0,0.0,250.0,Fresh
Jus Jeruk,Produk Minuman,Karton,Chiller,1,178.0,6.0,-1.0,Expired
Mie Instan Goreng,Produk Kering,Plastik,Outside,0,76.0,0.0,76.0,Fresh
Leci Dalam Sirup,Produk Kaleng,Kaleng,Outside,1,6.0,7.0,-4.0,Expired
Soda Lemon,Produk Minuman,Kaleng,Outside,1,186.0,2.0,-1.0,Expired
Ikan Makerel,Produk Kaleng,Kaleng,Outside,0,177.0,0.0,177.0,Fresh
Cola Zero Sugar,Produk Minuman,Kaleng,Outside,0,284.0,0.0,250.0,Fresh
Keju Edam,Produk Olahan Susu,Plastik,Chiller,1,31.0,12.0,4.0,Soon
Sosis Sapi,Produk Protein,Plastik,Chiller,1,50.0,10.0,-5.0,Expired
Ikan Tuna,Produk Kaleng,Kaleng,Outside,0,444.0,0.0,250.0,Fresh
Jus Anggur,Produk Minuman,Botol Kaca,Chiller,1,264.0,7.0,-2.0,Expired
Keju Edam,Unknown,Plastik,Chiller,1,70.0,3.0,18.0,Fresh
Yogurt Blueberry,Produk Olahan Susu,Plastik,Chiller,1,1.0,6.0,-3.0,Expired
Teh Tarik,Produk Minuman,Karton,Chiller,0,188.0,0.0,188.0,Fresh
Jus Apel,Produk Minuman,Karton,Chiller,0,117.0,0.0,117.0,Fresh
Jus Nanas,Produk Minuman,Karton,Chiller,0,4.0,0.0,4.0,Soon
Nugget Ikan,Produk Protein,Plastik,Freezer,1,122.0,3.0,0.0,Expired
Sereal Coklat,Produk Kering,Karton,Outside,1,67.0,6.0,15.0,Fresh
Nugget Ayam,Produk Protein,Plastik,Freezer,1,13.0,6.0,-3.0,Expired
Teh Kotak Jasmine,Produk Minuman,Kardus,Outside,0,215.0,0.0,215.0,Fresh
Susu Uht Full Cream,Produk Olahan Susu,Karton,Chiller,0,135.0,0.0,135.0,Fresh
Sereal Cornflakes,Produk Kering,Karton,Outside,1,280.0,12.0,2.0,Soon
Jus Mangga,Produk Minuman,Karton,Chiller,0,139.0,0.0,139.0,Fresh
Keju Parmesan,Produk Olahan Susu,Plastik,Unknown,0,285.0,0.0,250.0,Fresh
Yogurt Plain,Produk Olahan Susu,Plastik,Chiller,0,3.0,0.0,3.0,Soon
Biskuit Wafer,Produk Kering,Plastik,Outside,0,83.0,0.0,83.0,Fresh
Mangga Kaleng,Produk Kaleng,Kaleng,Outside,1,500.0,7.0,-4.0,Expired
Susu Evaporasi,Produk Olahan Susu,Kaleng,Chiller,0,274.0,0.0,250.0,Fresh
Susu Uht Coklat,Produk Olahan Susu,Karton,Chiller,1,87.0,6.0,-5.0,Expired
Biskuit Oreo,Produk Kering,Plastik,Outside,1,107.0,12.0,-5.0,Expired
Yogurt Plain,Produk Olahan Susu,Plastik,Chiller,0,30.0,0.0,30.0,Fresh
Sosis Frankfurter,Produk Protein,Plastik,Chiller,1,80.0,6.0,1.0,Soon
Sereal Muesli,Produk Kering,Karton,Outside,0,144.0,0.0,144.0,Fresh
Keju Cheddar,Produk Olahan Susu,Plastik,Chiller,1,48.0,12.0,-5.0,Expired
Susu Bubuk Bayi,Produk Olahan Susu,Kardus,Outside,0,41.0,0.0,41.0,Fresh
Yogurt Stroberi,Produk Olahan Susu,Plastik,Chiller,1,24.0,5.0,-2.0,Expired
Biskuit Crackers,Produk Kering,Plastik,Outside,0,17.0,0.0,17.0,Fresh
Susu Bubuk Bayi,Produk Olahan Susu,Karton,Outside,0,471.0,0.0,250.0,Fresh
Susu Kedelai,Produk Olahan Susu,Karton,Chiller,1,29.0,8.0,-3.0,Expired
Susu Kental Manis Coklat,Produk Olahan Susu,Kaleng,Chiller,0,114.0,0.0,114.0,Fresh
Biskuit Oatmeal,Produk Kering,Plastik,Outside,1,94.0,12.0,-5.0,Expired
Sereal Coklat,Produk Kering,Karton,Outside,0,231.0,0.0,231.0,Fresh
Air Mineral,Produk Minuman,Plastik,Outside,1,480.0,3.0,-2.0,Expired
Yogurt Mangga,Produk Olahan Susu,Plastik,Unknown,1,16.0,8.0,-5.0,Expired
Jus Sirsak,Produk Minuman,Karton,Chiller,1,75.0,3.0,0.0,Expired
Nugget Ikan,Unknown,Plastik,Freezer,1,156.0,4.0,-1.0,Expired
Teh Kotak Hijau,Produk Minuman,Karton,Outside,1,10.0,5.0,-4.0,Expired
Nugget Udang,Produk Protein,Plastik,frozen,1,157.0,3.0,0.0,Expired
Biskuit Oreo,Produk Kering,Plastik,Outside,1,37.0,7.0,0.0,Expired
Keju Cheddar,Produk Olahan Susu,Plastik,Chiller,0,136.0,0.0,136.0,Fresh
Air Soda,Produk Minuman,Plastik,Outside,0,124.0,0.0,124.0,Fresh
Teh Kotak Jasmine,Produk Minuman,Karton,Outside,1,161.0,1.0,0.0,Expired
Biskuit Mentega,Produk Kering,Kaleng,Outside,1,132.0,1.0,13.0,Fresh
Persik Kaleng,Produk Kaleng,Unknown,Outside,1,490.0,5.0,-2.0,Expired
Buah Cocktail,Produk Kaleng,Kaleng,Outside,1,7.0,6.0,-3.0,Expired
Biskuit Marie,Produk Kering,Plastik,Outside,0,55.0,0.0,55.0,Fresh
Mie Instan Soto,Produk Kering,Plastik,Outside,0,163.0,0.0,163.0,Fresh
Sosis Sapi,Produk Protein,Plastik,Chiller,0,59.0,0.0,59.0,Fresh
Teh Tarik,Produk Minuman,Karton,Chiller,1,15.0,2.0,-1.0,Expired
Persik Kaleng,Produk Kaleng,Kaleng,Outside,0,145.0,0.0,145.0,Fresh
Cola Zero Sugar,Produk Minuman,Kaleng,Outside,1,247.0,4.0,-3.0,Expired
Jus Sirsak,Produk Minuman,Karton,Chiller,1,87.0,7.0,-4.0,Expired
Biskuit Oatmeal,Unknown,Plastik,Outside,0,48.0,0.0,48.0,Fresh
Sereal Oat,Produk Kering,Karton,Outside,1,252.0,12.0,2.0,Soon
Susu Bubuk Coklat,Produk Olahan Susu,Karton,Outside,0,440.0,0.0,250.0,Fresh
Rambutan Kaleng,Produk Kaleng,Kaleng,Outside,1,360.0,6.0,-3.0,Expired
Jagung Manis Kaleng,Produk Kaleng,Kaleng,Chiller,0,384.0,0.0,250.0,Fresh
Sereal Muesli,Produk Kering,Karton,Outside,1,200.0,9.0,21.0,Fresh
Minuman Isotonik,Produk Minuman,Plastik,Outside,1,35.0,1.0,0.0,Expired
Susu Uht Full Cream,Produk Olahan Susu,Karton,Chiller,1,53.0,2.0,5.0,hampir
Biskuit Wafer,Produk Kering,Plastik,Unknown,0,148.0,0.0,148.0,Fresh
Jus Sirsak,Produk Minuman,Karton,Chiller,0,49.0,0.0,49.0,Fresh
Jagung Manis Kaleng,Produk Kaleng,Kaleng,Chiller,0,203.0,0.0,203.0,Fresh
Air Mineral,Produk Minuman,Plastik,Outside,0,342.0,0.0,250.0,Fresh
Sarden Tomat,Produk Kaleng,Kaleng,Unknown,0,57.0,0.0,57.0,Fresh
Susu Kental Manis Putih,Produk Olahan Susu,Kaleng,Chiller,0,449.0,0.0,250.0,Fresh
Biskuit Digestive,Produk Kering,Unknown,Outside,0,255.0,0.0,250.0,Fresh
Yogurt Greek,Produk Olahan Susu,Plastik,Chiller,1,13.0,2.0,3.0,Soon
Biskuit Mentega,Produk Kering,Kaleng,Outside,0,303.0,0.0,250.0,Fresh
Teh Kotak Jasmine,Produk Minuman,Karton,Outside,1,142.0,4.0,-3.0,Expired
Mie Instan Soto,Unknown,Plastik,Outside,1,3.0,1.0,-1.0,Expired
Sarden Tomat,Produk Kaleng,Kaleng,Outside,0,456.0,0.0,250.0,Fresh
Mie Instan Ayam,Produk Kering,Plastik,Outside,1,136.0,5.0,-5.0,Expired
Mie Instan Ayam,Produk Kering,Plastik,Outside,1,196.0,3.0,-3.0,Expired
Sereal Granola,Unknown,Karton,Outside,1,67.0,12.0,2.0,Soon
Biskuit Digestive,Produk Kering,Plastik,Unknown,1,177.0,12.0,2.0,Soon
Biskuit Crackers,Produk Kering,Plastik,Outside,1,95.0,3.0,4.0,Soon
Susu Pasteurisasi,Produk Olahan Susu,Plastik,Chiller,0,4.0,0.0,4.0,Soon
Sereal Granola,Produk Kering,Karton,Outside,1,145.0,12.0,17.0,Fresh
Biskuit Sandwich,Produk Kering,Plastik,Outside,0,96.0,0.0,96.0,Fresh
Keju Mozzarella,Produk Olahan Susu,Plastik,Chiller,0,17.0,0.0,17.0,Fresh
Ikan Makerel,Produk Kaleng,Kaleng,Outside,1,382.0,7.0,-5.0,Expired
Nugget Sayuran,Produk Protein,Plastik,Freezer,0,119.0,7.0,-4.0,Expired
Susu Pasteurisasi,Produk Olahan Susu,Plastik,Chiller,0,10.0,0.0,10.0,Fresh
Sarden Tomat,Produk Kaleng,Kaleng,Outside,1,451.0,6.0,-4.0,Expired
Keju Mozzarella,Produk Olahan Susu,Plastik,Chiller,0,43.0,0.0,43.0,Fresh
Nugget Ikan,Produk Protein,Plastik,Freezer,1,8.0,5.0,-2.0,Expired
Biskuit Marie,Produk Kering,Plastik,Outside,1,65.0,4.0,3.0,Soon
Biskuit Digestive,Produk Kering,Plastik,Outside,0,156.0,0.0,156.0,Fresh
Nugget Ikan,Produk Protein,Plastik,Freezer,0,147.0,0.0,147.0,Fresh
Susu Kedelai,Produk Olahan Susu,Karton,Chiller,1,233.0,9.0,-50.0,Expired
Biskuit Mentega,Produk Kering,Kaleng,Outside,1,190.0,6.0,8.0,Fresh
Susu Kental Manis Coklat,Produk Olahan Susu,Kaleng,Unknown,0,500.0,0.0,250.0,Fresh
Nanas Kaleng,Produk Kaleng,Kaleng,Outside,1,373.0,7.0,-4.0,Expired
Biskuit Sandwich,Produk Kering,Plastik,Outside,1,93.0,7.0,-2.0,Expired
Teh Lemon,Produk Minuman,Karton,Outside,1,77.0,6.0,-5.0,Expired
Nugget Tempe,Produk Protein,Plastik,Freezer,0,50.0,8.0,-5.0,Expired
Sereal Coklat,Produk Kering,Karton,Outside,0,175.0,12.0,-5.0,Expired
Nugget Ikan,Produk Protein,Plastik,Freezer,1,177.0,6.0,-3.0,Expired
Sosis Frankfurter,Produk Protein,Plastik,Chiller,1,53.0,3.0,4.0,Soon
Jus Jambu,Produk Minuman,Karton,Chiller,1,80.0,3.0,0.0,Expired
Soda Lemon,Produk Minuman,Kaleng,Outside,1,247.0,2.0,-1.0,Expired
Mangga Kaleng,Produk Kaleng,Kaleng,Outside,1,7.0,7.0,-4.0,Expired
Nanas Kaleng,Produk Kaleng,Kaleng,Outside,1,159.0,3.0,0.0,Expired
Mie Instan Soto,Produk Kering,Plastik,Outside,0,144.0,0.0,144.0,Fresh
Susu Pasteurisasi,Produk Olahan Susu,Plastik,Chiller,1,11.0,5.0,-2.0,Expired
Yogurt Kefir,Olahan Susu,Unknown,Chiller,0,1.0,0.0,1.0,Soon
Nugget Tempe,Produk Protein,Unknown,Freezer,1,76.0,7.0,250.0,Expired
Susu Kedelai,Produk Olahan Susu,Karton,Chiller,0,119.0,0.0,-50.0,Fresh
Minuman Energi,Produk Minuman,Kaleng,Outside,1,234.0,2.0,-1.0,Expired
Biskuit Crackers,Produk Kering,Plastik,Outside,1,122.0,5.0,2.0,Soon
Nugget Sapi,Produk Protein,Plastik,Freezer,0,87.0,0.0,87.0,Fresh
Nugget Ayam,Produk Protein,Plastik,Freezer,1,113.0,4.0,-1.0,Expired
Buah Cocktail,Produk Kaleng,Kaleng,Outside,0,454.0,0.0,250.0,Fresh
Sereal Muesli,Produk Kering,Karton,Outside,1,161.0,12.0,7.0,Soon
Mie Instan Goreng,Produk Kering,Plastik,Outside,1,209.0,3.0,-3.0,Expired
Jus Sirsak,Produk Minuman,Karton,Dingin,0,168.0,0.0,168.0,Fresh
Sosis Bebek,Produk Protein,Plastik,Chiller,1,77.0,7.0,0.0,Expired
Sosis Ayam,Produk Protein,Plastik,Chiller,0,41.0,0.0,41.0,Fresh
Sereal Coklat,Produk Kering,Unknown,Outside,0,43.0,0.0,43.0,Fresh
Minuman Energi,Produk Minuman,Kaleng,Outside,0,88.0,0.0,88.0,Fresh
Rambutan Kaleng,Produk Kaleng,Kaleng,Outside,0,215.0,0.0,215.0,Fresh
Ikan Makerel,Produk Kaleng,Kaleng,Outside,0,326.0,0.0,250.0,Fresh
Leci Dalam Sirup,Produk Kaleng,Kaleng,Outside,1,456.0,3.0,0.0,Expired
Susu Kental Manis Putih,Produk Olahan Susu,Kaleng,Chiller,0,384.0,0.0,250.0,Fresh
Susu Evaporasi,Produk Olahan Susu,Unknown,Chiller,1,500.0,1.0,6.0,Soon
Keju Cream Cheese,Produk Olahan Susu,Karton,Chiller,1,17.0,3.0,11.0,Fresh
Susu Bubuk Coklat,Produk Olahan Susu,Karton,Outside,1,17.0,12.0,17.0,Fresh
Yogurt Stroberi,Produk Olahan Susu,Plastik,Chiller,0,27.0,0.0,27.0,Fresh
Biskuit Wafer,Produk Kering,Plastik,Outside,0,143.0,0.0,143.0,Fresh
Teh Lemon,Produk Minuman,Unknown,Outside,0,72.0,0.0,72.0,Fresh
Susu Uht Full Cream,Produk Olahan Susu,Karton,Chiller,0,24.0,0.0,24.0,Fresh
Jus Mangga,Produk Minuman,Karton,Chiller,1,62.0,2.0,-1.0,Expired
Teh Lemon,Produk Minuman,Karton,Outside,0,37.0,0.0,37.0,Fresh
Jus Nanas,Produk Minuman,Karton,Chiller,1,2.0,10.0,-5.0,Expired
Persik Kaleng,Produk Kaleng,Kaleng,Outside,0,430.0,0.0,250.0,Fresh
Nugget Ayam,Produk Protein,Plastik,Freezer,0,177.0,0.0,177.0,Fresh
Yogurt Kefir,Olahan Susu,Botol Kaca,Chiller,0,9.0,0.0,9.0,Fresh
Nugget Tempe,Produk Protein,Plastik,Freezer,1,92.0,6.0,-3.0,Expired
Mie Instan Ayam,Produk Kering,Unknown,Outside,1,17.0,2.0,-2.0,Expired
Persik Kaleng,Produk Kaleng,Kaleng,Outside,0,314.0,0.0,250.0,Fresh
Rambutan Kaleng,Unknown,Kaleng,Outside,0,272.0,0.0,250.0,Fresh
Sereal Cornflakes,Produk Kering,Karton,Outside,0,132.0,0.0,132.0,Fresh
Nugget Tempe,Produk Protein,Plastik,Freezer,1,70.0,4.0,-1.0,Expired
Nugget Udang,Produk Protein,Plastik,Freezer,0,49.0,0.0,49.0,Fresh
Air Soda,Unknown,Plastik,Outside,1,-10.0,4.0,-3.0,Expired
Sosis Bebek,Produk Protein,Unknown,Chiller,0,25.0,1.0,6.0,Soon
Sosis Ikan,Produk Protein,Plastik,Chiller,1,38.0,3.0,0.0,Expired
Susu Almond,Produk Olahan Susu,Unknown,Chiller,1,263.0,8.0,-3.0,Expired
Nugget Sayuran,Produk Protein,Plastik,Freezer,1,77.0,6.0,-3.0,Expired
Susu Bubuk Coklat,Produk Olahan Susu,Unknown,Outside,1,500.0,8.0,22.0,Fresh
Nugget Ayam,Produk Protein,Plastik,Freezer,0,3.0,0.0,3.0,Soon
Air Soda,Produk Minuman,Unknown,Outside,1,165.0,6.0,-5.0,Expired
Keju Edam,Produk Olahan Susu,Plastik,Chiller,0,147.0,0.0,147.0,Fresh
Persik Kaleng,Produk Kaleng,Unknown,Outside,1,431.0,7.0,-4.0,Expired
Sosis Ayam,Produk Protein,Plastik,Chiller,1,2.0,9.0,-4.0,Expired
Rambutan Kaleng,Produk Kaleng,Kaleng,Outside,0,451.0,0.0,250.0,Fresh
Biskuit Sandwich,Unknown,Plastik,Outside,1,144.0,2.0,3.0,Soon
Keju Mozzarella,Produk Olahan Susu,Plastik,Chiller,0,28.0,0.0,28.0,Fresh
Keju Cream Cheese,Produk Olahan Susu,Karton,Chiller,1,23.0,12.0,0.0,Expired
Persik Kaleng,Produk Kaleng,Kaleng,Outside,1,135.0,6.0,-3.0,Dead
Sarden Cabai,Produk Kaleng,Kaleng,Outside,0,322.0,0.0,250.0,Fresh
Nugget Sayuran,Produk Protein,Plastik,Freezer,1,12.0,2.0,-50.0,Soon
Teh Tarik,Produk Minuman,Karton,Chiller,0,147.0,0.0,250.0,Fresh
Nugget Tempe,Produk Protein,Plastik,Freezer,1,99.0,6.0,-3.0,Expired
Air Mineral,Produk Minuman,Plastik,Outside,1,401.0,1.0,0.0,Expired
Jus Apel,Produk Minuman,Karton,Chiller,1,49.0,8.0,-3.0,Expired
Susu Bubuk Full Cream,Produk Olahan Susu,Karton,Outside,1,101.0,7.0,23.0,Fresh
Keju Mozzarella,Unknown,Plastik,Chiller,1,44.0,8.0,-1.0,Expired
Susu Almond,Produk Olahan Susu,Karton,Chiller,1,120.0,10.0,-5.0,Expired
Sarden Minyak Zaitun,Produk Kaleng,Kaleng,Outside,0,51.0,0.0,51.0,Fresh
Sosis Ikan,Produk Protein,Plastik,Chiller,1,31.0,1.0,2.0,Hampir
Biskuit Wafer,Produk Kering,Plastik,Unknown,0,56.0,0.0,56.0,Fresh
Susu Bubuk Skim,Produk Olahan Susu,Karton,Outside,1,500.0,12.0,-3.0,Expired
Yogurt Plain,Produk Olahan Susu,Plastik,Unknown,1,9.0,3.0,2.0,Soon
Nugget Udang,Protin,Plastik,Freezer,1,35.0,2.0,1.0,Soon
Cola Original,Produk Minuman,Kaleng,Outside,1,350.0,1.0,0.0,Expired
Teh Tarik,Produk Minuman,Karton,Chiller,1,147.0,3.0,-50.0,Expired
Jus Jeruk,Produk Minuman,Karton,Chiller,1,17.0,2.0,3.0,Soon
Susu Kental Manis Coklat,Produk Olahan Susu,Kaleng,Unknown,1,366.0,2.0,12.0,Fresh
Sosis Sapi,Produk Protein,Plastik,Chiller,0,7.0,0.0,7.0,Soon
Yogurt Kefir,Produk Olahan Susu,Botol Kaca,Chiller,1,3.0,2.0,1.0,Soon
Mie Instan Soto,Produk Kering,Plastik,Outside,1,284.0,5.0,-5.0,Expired
Susu Uht Stroberi,Produk Olahan Susu,Karton,Chiller,1,115.0,6.0,-5.0,Expired
Sosis Ikan,Protin,Plastik,Chiller,0,33.0,0.0,33.0,Fresh
Jus Jambu,Produk Minuman,Karton,Chiller,0,176.0,0.0,176.0,Fresh
Kornet Sapi,Unknown,Kaleng,Outside,1,242.0,6.0,-3.0,Expired
Keju Cheddar,Produk Olahan Susu,Plastik,Chiller,0,98.0,0.0,98.0,Fresh
Jus Sirsak,Unknown,Karton,Chiller,1,63.0,1.0,2.0,Segera
Sosis Bebek,Produk Protein,Plastik,Chiller,1,82.0,1.0,6.0,Soon
Susu Bubuk Full Cream,Produk Olahan Susu,Karton,Outside,1,467.0,12.0,9.0,Fresh
Nugget Ayam,Produk Protein,Plastik,Freezer,0,171.0,0.0,171.0,Fresh
Susu Kedelai,Produk Olahan Susu,Karton,Chiller,0,270.0,0.0,250.0,Fresh
Nanas Kaleng,Produk Kaleng,Kaleng,Outside,1,378.0,4.0,-50.0,Expired
Biskuit Oreo,Produk Kering,Plastik,Outside,0,125.0,0.0,125.0,Fresh
Teh Kotak Jasmine,Produk Minuman,Karton,Outside,1,195.0,1.0,0.0,Expired
Sereal Coklat,Produk Kering,Karton,Outside,0,108.0,0.0,108.0,Fresh
Susu Uht Full Cream,Produk Olahan Susu,Karton,Chiller,1,109.0,9.0,-2.0,Expired
Yogurt Kefir,Produk Olahan Susu,Botol Kaca,Chiller,0,11.0,0.0,11.0,Fresh
Biskuit Oatmeal,Produk Kering,Plastik,Outside,0,32.0,0.0,32.0,Fresh
Yogurt Greek,Produk Olahan Susu,Plastik,Chiller,1,19.0,5.0,0.0,Expired
Mangga Kaleng,Produk Kaleng,Kaleng,Outside,0,144.0,0.0,144.0,Fresh
Teh Lemon,Produk Minuman,Karton,Outside,1,272.0,3.0,-2.0,Expired
Sarden Cabai,Produk Kaleng,Kaleng,Outside,0,481.0,1.0,1.0,Soon
Sereal Cornflakes,Unknown,Karton,Outside,1,70.0,2.0,28.0,Fresh
Sereal Oat,Produk Kering,Karton,Outside,0,351.0,0.0,250.0,Fresh
Susu Pasteurisasi,Produk Olahan Susu,Plastik,Chiller,1,1.0,7.0,-4.0,Expired
Teh Botol,Produk Minuman,Botol Kaca,Outside,1,187.0,6.0,-3.0,Expired
Susu Uht Coklat,Produk Olahan Susu,Karton,Chiller,0,53.0,0.0,53.0,Fresh
Susu Evaporasi,Produk Olahan Susu,Kaleng,Chiller,1,90.0,11.0,-4.0,Expired
Susu Almond,Produk Olahan Susu,Karton,Chiller,1,194.0,10.0,-5.0,Expired
Jus Jeruk,Produk Minuman,Karton,Chiller,0,34.0,0.0,34.0,Fresh
Keju Cream Cheese,Produk Olahan Susu,Karton,Chiller,1,14.0,12.0,-3.0,Expired
Jus Nanas,Produk Minuman,Karton,Chiller,1,79.0,8.0,-3.0,Expired
Keju Edam,Produk Olahan Susu,Plastik,Chiller,1,131.0,12.0,9.0,Fresh
Air Mineral,Unknown,Plastik,Outside,0,298.0,0.0,250.0,Fresh
Keju Mozzarella,Produk Olahan Susu,Plastik,Chiller,1,24.0,2.0,5.0,Soon
Kornet Ayam,Produk Kaleng,Kaleng,Outside,1,224.0,2.0,1.0,hampir
Keju Mozzarella,Produk Olahan Susu,Plastik,Chiller,1,12.0,7.0,0.0,Expired
Sosis Ikan,Produk Protein,Plastik,Chiller,1,25.0,4.0,-1.0,Expired
Nugget Sapi,Produk Protein,Plastik,Unknown,1,68.0,2.0,1.0,Soon
Biskuit Sandwich,Produk Kering,Plastik,Outside,1,95.0,7.0,-2.0,Expired
Minuman Isotonik,Produk Minuman,Plastik,Outside,1,62.0,5.0,-4.0,Expired
Sereal Oat,Produk Kering,Karton,Outside,1,224.0,11.0,19.0,Fresh
Air Soda,Produk Minuman,Plastik,Outside,0,333.0,0.0,250.0,Fresh
Jagung Manis Kaleng,Produk Kaleng,Kaleng,Chiller,1,165.0,4.0,-1.0,Expired
Susu Uht Coklat,Produk Olahan Susu,Karton,Dingin,1,15.0,1.0,0.0,Expired
Jus Jeruk,Produk Minuman,Karton,Chiller,1,85.0,3.0,2.0,Soon
Mangga Kaleng,Produk Kaleng,Kaleng,Unknown,1,500.0,4.0,-1.0,Expired
Biskuit Sandwich,Produk Kering,Plastik,Outside,0,25.0,0.0,25.0,Fresh
Minuman Energi,Produk Minuman,Kaleng,Outside,0,24.0,0.0,24.0,Fresh
Nugget Udang,Produk Protein,Plastik,Freezer,0,119.0,0.0,119.0,Fresh
Jus Apel,Produk Minuman,Unknown,Chiller,1,53.0,3.0,2.0,Soon
Sereal Muesli,Produk Kering,Karton,Outside,0,6.0,0.0,6.0,Soon
Susu Evaporasi,Produk Olahan Susu,Kaleng,Chiller,1,408.0,12.0,-5.0,Expired
Jus Mangga,Produk Minuman,Karton,Chiller,1,119.0,5.0,-4.0,Expired
Susu Kental Manis Coklat,Produk Olahan Susu,Kaleng,Chiller,1,70.0,12.0,-50.0,Soon
Kornet Sapi,Produk Kaleng,Kaleng,Outside,0,466.0,0.0,250.0,Fresh
Yogurt Greek,Produk Olahan Susu,Plastik,Chiller,1,11.0,6.0,-1.0,Expired
Susu Uht Stroberi,Olahan Susu,Karton,Unknown,0,268.0,0.0,250.0,Fresh
Biskuit Oatmeal,Produk Kering,Plastik,Outside,1,75.0,7.0,0.0,Expired
Biskuit Crackers,Produk Kering,Plastik,Outside,1,128.0,3.0,4.0,Soon
Sosis Frozen,Produk Protein,Plastik,Freezer,1,21.0,7.0,-4.0,Expired
Biskuit Sandwich,Produk Kering,Plastik,Outside,1,174.0,2.0,3.0,Soon
Susu Bubuk Bayi,Produk Olahan Susu,Karton,Outside,1,320.0,12.0,9.0,Fresh
Teh Kotak Hijau,Produk Minuman,Karton,Outside,1,5.0,1.0,0.0,Expired
Keju Parmesan,Produk Olahan Susu,Unknown,Chiller,0,283.0,0.0,250.0,Fresh
Susu Kental Manis Putih,Produk Olahan Susu,Kaleng,Chiller,1,240.0,12.0,-4.0,Expired
Sereal Oat,Produk Kering,Karton,Outside,1,224.0,6.0,24.0,Fresh
Jus Jambu,Produk Minuman,Karton,Chiller,0,156.0,0.0,156.0,Fresh
Sosis Frankfurter,Produk Protein,Plastik,Chiller,0,82.0,0.0,82.0,Fresh
Biskuit Marie,Produk Kering,Plastik,Outside,0,94.0,0.0,94.0,Fresh
Keju Parmesan,Produk Olahan Susu,Plastik,Chiller,1,60.0,12.0,18.0,Fresh
Nugget Ikan,Produk Protein,Plastik,Freezer,1,106.0,7.0,-4.0,Expired
Mie Instan Ayam,Produk Kering,Plastik,Outside,1,67.0,4.0,-50.0,Expired
Cola Zero Sugar,Produk Minuman,Unknown,Outside,1,4.0,3.0,-2.0,Expired
Nugget Ayam,Produk Protein,Plastik,Freezer,0,65.0,0.0,65.0,Fresh
Susu Uht Full Cream,Produk Olahan Susu,Karton,Chiller,1,126.0,4.0,3.0,Soon
Sereal Muesli,Unknown,Karton,Outside,1,124.0,12.0,10.0,Fresh
Jus Nanas,Produk Minuman,Karton,Dingin,0,105.0,0.0,105.0,Fresh
Keju Mozzarella,Produk Olahan Susu,Plastik,Chiller,0,31.0,0.0,31.0,Fresh
Susu Bubuk Coklat,Produk Olahan Susu,Karton,Outside,0,159.0,0.0,159.0,Fresh
Biskuit Oreo,Produk Kering,Plastik,Outside,0,121.0,0.0,121.0,Fresh
Sereal Muesli,Produk Kering,Karton,Outside,0,359.0,0.0,250.0,Fresh
Air Mineral,Produk Minuman,Plastik,Outside,0,443.0,0.0,250.0,Fresh
Sosis Ikan,Produk Protein,Plastik,Chiller,0,10.0,0.0,10.0,Fresh
Susu Bubuk Full Cream,Produk Olahan Susu,Karton,Unknown,0,500.0,0.0,250.0,Fresh
Leci Dalam Sirup,Produk Kaleng,Kaleng,Outside,0,393.0,0.0,250.0,Fresh
Nugget Udang,Produk Protein,Plastik,Unknown,1,50.0,1.0,2.0,Soon
Yogurt Stroberi,Produk Olahan Susu,Plastik,Dingin,0,30.0,0.0,30.0,Fresh
Nanas Kaleng,Produk Kaleng,Kaleng,Outside,1,73.0,7.0,-4.0,Expired
Mie Instan Soto,Produk Kering,Plastik,Outside,1,51.0,3.0,-3.0,Expired
Yogurt Stroberi,Produk Olahan Susu,Plastik,Chiller,0,9.0,0.0,-50.0,Fresh
Jus Nanas,Produk Minuman,Karton,Chiller,1,105.0,8.0,-3.0,Expired
Soda Jeruk,Produk Minuman,Kaleng,Outside,0,156.0,0.0,156.0,Fresh
Soda Lemon,Produk Minuman,Kaleng,Outside,1,89.0,4.0,-3.0,Expired
Jus Jeruk,Produk Minuman,Karton,Chiller,0,43.0,0.0,43.0,Fresh
Nugget Sapi,Produk Protein,Plastik,Freezer,0,78.0,0.0,78.0,Fresh
Nugget Ikan,Produk Protein,Plastik,Freezer,0,50.0,0.0,50.0,Fresh
Susu Uht Stroberi,Produk Olahan Susu,Karton,Chiller,1,121.0,3.0,-2.0,Expired
Ikan Tuna,Produk Kaleng,Kaleng,Unknown,0,-5.0,0.0,250.0,Fresh
Sarden Tomat,Unknown,Kaleng,Outside,1,459.0,2.0,0.0,Expired
Susu Bubuk Skim,Unknown,Karton,Outside,1,500.0,12.0,13.0,Fresh
Teh Lemon,Produk Minuman,Karton,Outside,0,7.0,0.0,7.0,Soon
Teh Lemon,Produk Minuman,Karton,Outside,0,276.0,0.0,250.0,Fresh
Mie Instan Goreng,Produk Kering,Plastik,Outside,0,500.0,0.0,53.0,Fresh
Biskuit Oatmeal,Produk Kering,Plastik,Outside,0,500.0,0.0,130.0,Fresh
Sereal Oat,Produk Kering,Karton,Outside,1,14.0,12.0,11.0,Fresh
Jagung Manis Kaleng,Produk Kaleng,Kaleng,Chiller,1,279.0,1.0,2.0,Soon
Jus Apel,Produk Minuman,Karton,Chiller,0,44.0,0.0,44.0,Fresh
Susu Uht Stroberi,Unknown,Karton,Chiller,0,63.0,0.0,250.0,Fresh
Sereal Granola,Produk Kering,Karton,Outside,1,164.0,12.0,1.0,Soon
Soda Lemon,Produk Minuman,Kaleng,Unknown,1,43.0,2.0,-1.0,Expired
Nugget Sayuran,Produk Protein,Plastik,Freezer,0,50.0,0.0,50.0,Fresh
Keju Edam,Produk Olahan Susu,Plastik,Chiller,0,4.0,0.0,4.0,Soon
Jus Nanas,Produk Minuman,Karton,Chiller,0,134.0,0.0,134.0,Fresh
Biskuit Sandwich,Produk Kering,Plastik,Outside,0,161.0,0.0,161.0,Fresh
Teh Kotak Jasmine,Produk Minuman,Karton,Outside,0,133.0,0.0,133.0,Fresh
Teh Tarik,Produk Minuman,Karton,Chiller,0,216.0,0.0,216.0,Fresh
Biskuit Sandwich,Produk Kering,Plastik,Outside,1,81.0,5.0,0.0,Expired
Yogurt Minum Probiotik,Produk Olahan Susu,Botol Kaca,Chiller,1,21.0,7.0,-4.0,Expired
Yogurt Minum Probiotik,Produk Olahan Susu,Unknown,Chiller,1,21.0,1.0,2.0,Soon
Teh Kotak Hijau,Produk Minuman,Karton,Outside,1,96.0,4.0,-3.0,Expired
Sosis Frankfurter,Produk Protein,Plastik,Chiller,0,13.0,0.0,13.0,Fresh
Biskuit Sandwich,Produk Kering,Plastik,Unknown,1,45.0,9.0,-4.0,Expired
Minuman Energi,Produk Minuman,Kaleng,Outside,0,148.0,1.0,0.0,Expired
Kornet Ayam,Produk Kaleng,Kaleng,Outside,1,-10.0,5.0,-2.0,Expired
Susu Uht Vanila,Produk Olahan Susu,Karton,Unknown,0,44.0,0.0,44.0,Fresh
Jus Apel,Produk Minuman,Karton,Chiller,0,80.0,0.0,80.0,Fresh
Biskuit Wafer,Produk Kering,Plastik,Outside,1,179.0,2.0,3.0,Soon
Nugget Tempe,Produk Protein,Plastik,Unknown,0,11.0,0.0,11.0,Fresh
Jagung Manis Kaleng,Produk Kaleng,Kaleng,Chiller,0,77.0,0.0,77.0,Fresh
Teh Tarik,Unknown,Unknown,Chiller,0,240.0,0.0,240.0,Fresh
Sosis Bebek,Produk Protein,Plastik,Chiller,0,59.0,0.0,59.0,Fresh
Air Soda,Produk Minuman,Plastik,Outside,0,57.0,0.0,57.0,Fresh
Sereal Coklat,Produk Kering,Karton,Outside,0,9.0,0.0,9.0,Fresh
Rambutan Kaleng,Produk Kaleng,Kaleng,Outside,1,450.0,7.0,-4.0,Expired
Jus Mangga,Produk Minuman,Karton,Chiller,1,110.0,1.0,0.0,Expired
Jus Anggur,Produk Minuman,Botol Kaca,Chiller,1,45.0,5.0,0.0,Expired
Jus Anggur,Produk Minuman,Botol Kaca,Chiller,1,66.0,6.0,-1.0,Expired
Nugget Tempe,Produk Protein,Plastik,Freezer,1,15.0,8.0,-5.0,Expired
Susu Uht Coklat,Produk Olahan Susu,Karton,Chiller,1,161.0,6.0,-5.0,Expired
Jus Anggur,Produk Minuman,Botol Kaca,Chiller,0,365.0,0.0,250.0,Fresh
Yogurt Plain,Produk Olahan Susu,Plastik,Chiller,1,2.0,3.0,2.0,Soon
Susu Bubuk Skim,Produk Olahan Susu,Karton,Outside,1,495.0,7.0,23.0,Fresh
Susu Kedelai,Produk Olahan Susu,Karton,Chiller,0,186.0,2.0,3.0,Soon
Nugget Ayam,Protin,Plastik,Freezer,0,78.0,0.0,78.0,Fresh
Yogurt Blueberry,Produk Olahan Susu,Plastik,Chiller,1,2.0,5.0,-2.0,Expired
Sereal Coklat,Produk Kering,Karton,Outside,1,238.0,5.0,16.0,Fresh
Biskuit Oatmeal,Produk Kering,Plastik,Outside,0,178.0,0.0,178.0,Fresh
Sereal Coklat,Produk Kering,Karton,Outside,0,301.0,12.0,-3.0,Expired
Nugget Sapi,Produk Protein,Plastik,Freezer,1,40.0,3.0,0.0,Expired
Susu Uht Coklat,Produk Olahan Susu,Karton,Chiller,0,171.0,0.0,171.0,Fresh
Sosis Frozen,Protin,Plastik,Freezer,0,127.0,0.0,127.0,Fresh
Sosis Frankfurter,Produk Protein,Plastik,Chiller,0,49.0,0.0,49.0,Fresh
Teh Lemon,Produk Minuman,Karton,Outside,0,29.0,0.0,29.0,Fresh
Sereal Cornflakes,Produk Kering,Karton,Outside,1,72.0,12.0,14.0,Fresh
Susu Uht Low Fat,Produk Olahan Susu,Karton,Chiller,0,171.0,0.0,171.0,Fresh
Jus Jeruk,Produk Minuman,Karton,Chiller,1,114.0,9.0,-4.0,Expired
Susu Uht Low Fat,Produk Olahan Susu,Karton,Chiller,0,13.0,0.0,13.0,Fresh
Biskuit Oatmeal,Produk Kering,Plastik,Outside,1,111.0,1.0,6.0,Soon
Ikan Tuna,Produk Kaleng,Kaleng,Outside,0,338.0,0.0,250.0,Fresh
Susu Uht Coklat,Unknown,Karton,Chiller,0,103.0,0.0,103.0,Fresh
Susu Uht Full Cream,Produk Olahan Susu,Karton,Chiller,1,83.0,9.0,-2.0,Expired
Soda Jeruk,Produk Minuman,Kaleng,Outside,1,116.0,2.0,-1.0,Expired
Leci Dalam Sirup,Produk Kaleng,Kaleng,Unknown,1,-10.0,7.0,-4.0,Expired
Mie Instan Goreng,Produk Kering,Plastik,Outside,0,174.0,0.0,174.0,Fresh
Jagung Manis Kaleng,Produk Kaleng,Kaleng,Chiller,1,500.0,1.0,2.0,Soon
Susu Uht Low Fat,Produk Olahan Susu,Karton,Unknown,1,36.0,7.0,-2.0,Expired
Kornet Sapi,Produk Kaleng,Kaleng,Unknown,0,417.0,0.0,250.0,Fresh
Susu Bubuk Coklat,Produk Olahan Susu,Karton,Outside,1,465.0,12.0,8.0,Fresh
Yogurt Greek,Produk Olahan Susu,Plastik,Chiller,1,1.0,4.0,1.0,Soon
Nugget Tempe,Produk Protein,Plastik,Freezer,1,90.0,7.0,-4.0,Expired
Nugget Sayuran,Unknown,Plastik,Freezer,1,71.0,6.0,-3.0,Expired
Yogurt Minum Probiotik,Produk Olahan Susu,Botol Kaca,Chiller,1,8.0,1.0,2.0,Soon
Sereal Muesli,Produk Kering,Karton,Outside,1,174.0,12.0,14.0,Fresh
Buah Cocktail,Produk Kaleng,Kaleng,Outside,0,500.0,8.0,-5.0,Expired
Buah Cocktail,Produk Kaleng,Kaleng,Outside,0,327.0,0.0,250.0,Fresh
Yogurt Greek,Produk Olahan Susu,Plastik,Chiller,1,15.0,9.0,-4.0,Expired
Susu Uht Full Cream,Produk Olahan Susu,Karton,Chiller,0,259.0,0.0,250.0,Fresh
Susu Uht Coklat,Produk Olahan Susu,Karton,Chiller,1,36.0,6.0,-5.0,Expired
Teh Tarik,Produk Minuman,Karton,Chiller,1,72.0,3.0,-2.0,Expired
Susu Uht Vanila,Produk Olahan Susu,Karton,Chiller,1,114.0,4.0,-3.0,Expired
Teh Botol,Produk Minuman,Botol,Outside,1,144.0,6.0,-3.0,Expired
Teh Lemon,Produk Minuman,Karton,Outside,1,69.0,4.0,-3.0,Expired
Jus Jeruk,Produk Minuman,Karton,Chiller,1,113.0,4.0,1.0,Soon
Sarden Minyak Zaitun,Produk Kaleng,Kaleng,Outside,0,80.0,0.0,80.0,Fresh
Biskuit Digestive,Produk Kering,Plastik,Outside,1,20.0,12.0,-1.0,Expired
Air Soda,Produk Minuman,Plastik,Outside,1,116.0,1.0,0.0,Expired
Kornet Ayam,Produk Kaleng,Unknown,Outside,0,466.0,0.0,250.0,Fresh
Jus Anggur,Produk Minuman,Botol Kaca,Chiller,0,132.0,0.0,132.0,Fresh
Minuman Energi,Produk Minuman,Kaleng,Outside,1,270.0,2.0,-1.0,Expired
Susu Uht Stroberi,Produk Olahan Susu,Karton,Chiller,1,236.0,6.0,-5.0,Expired
Biskuit Marie,Unknown,Plastik,Outside,1,15.0,6.0,1.0,Soon
Susu Uht Stroberi,Produk Olahan Susu,Karton,Chiller,0,140.0,0.0,140.0,Fresh
Teh Botol,Produk Minuman,Botol Kaca,Unknown,0,55.0,0.0,55.0,Fresh
Cola Original,Produk Minuman,Kaleng,Outside,0,64.0,0.0,64.0,Fresh
Jus Jambu,Produk Minuman,Karton,Chiller,0,60.0,0.0,60.0,Fresh
Susu Uht Vanila,Produk Olahan Susu,Unknown,Chiller,1,181.0,6.0,-5.0,Expired
Susu Bubuk Skim,Produk Olahan Susu,Unknown,Outside,1,354.0,12.0,10.0,Fresh
Ikan Tuna,Produk Kaleng,Kaleng,Outside,0,260.0,0.0,250.0,Fresh
Sereal Granola,Produk Kering,Karton,Outside,0,258.0,0.0,250.0,Fresh
Yogurt Kefir,Produk Olahan Susu,Botol Kaca,Chiller,1,4.0,5.0,-2.0,Expired
Biskuit Marie,Produk Kering,Plastik,Outside,0,114.0,0.0,114.0,Fresh
Cola Zero Sugar,Produk Minuman,Kaleng,Outside,1,325.0,3.0,-2.0,Expired
Sereal Coklat,Produk Kering,Karton,Outside,1,214.0,12.0,-1.0,Expired
Susu Uht Full Cream,Produk Olahan Susu,Karton,Chiller,1,81.0,8.0,-1.0,Expired
Buah Cocktail,Produk Kaleng,Kaleng,Outside,0,103.0,0.0,103.0,Fresh
Keju Cheddar,Produk Olahan Susu,Plastik,Chiller,0,69.0,0.0,69.0,Fresh
Sosis Frozen,Produk Protein,Plastik,Freezer,0,166.0,0.0,166.0,Fresh
Minuman Energi,Produk Minuman,Kaleng,Outside,0,129.0,0.0,129.0,Fresh
Biskuit Digestive,Produk Kering,Plastik,Outside,1,362.0,6.0,8.0,Fresh
Susu Uht Coklat,Produk Olahan Susu,Karton,Dingin,0,137.0,0.0,137.0,Fresh
Rambutan Kaleng,Produk Kaleng,Kaleng,Outside,0,408.0,0.0,250.0,Fresh
Keju Parmesan,Produk Olahan Susu,Unknown,Chiller,1,149.0,12.0,12.0,Fresh
Susu Bubuk Full Cream,Unknown,Karton,Outside,0,30.0,0.0,30.0,Fresh
Biskuit Sandwich,Produk Kering,Plastik,Outside,1,155.0,10.0,-5.0,Expired
Jagung Manis Kaleng,Produk Kaleng,Kaleng,Chiller,1,262.0,2.0,1.0,Hampir
Keju Edam,Produk Olahan Susu,Plastik,Chiller,1,166.0,2.0,19.0,Fresh
