item_name,item_type,storage_location,days_since_purchase,sisa_hari,label
Jahe,Root Vegetable,Freezer,14.0,37.0,Fresh
Jahe,Root Vegetable,Freezer,60.0,-12.0,Expired
Seledri,Root Vegetable,Outside,60.0,2.0,Soon
Pisang,Tropical Fruit,Freezer,23.0,7.0,Fresh
Cabai Merah,Chili Pepper,Freezer,1.0,4.0,Fresh
Tomat,Tropical Fruit,Chiller,4.0,10.0,Fresh
Bawang Putih,Root Vegetable,Chiller,25.0,37.0,Fresh
Sawi,Leafy Vegetable,Chiller,2.0,3.0,Soon
Stroberi,Berry,Freezer,10.0,20.0,Fresh
Melon,Tropical Fruit,Freezer,5.0,0.0,Expired
Semangka,Tropical Fruit,Chiller,13.0,-3.0,Expired
Blueberry,Berry,Chiller,9.0,-2.0,Expired
Jahe,Root Vegetable,Outside,60.0,10.0,Fresh
Singkong,Root Vegetable,Chiller,6.0,1.0,Soon
Pisang,Tropical Fruit,Chiller,6.0,-1.0,Expired
Cabai Merah,Chili Pepper,Chiller,6.0,8.0,Fresh
Bayam,Leafy Vegetable,Chiller,3.0,2.0,Soon
Pisang,Tropical Fruit,Outside,3.0,0.0,Expired
Pakcoy,Leafy Vegetable,Outside,1.0,0.0,Expired
Seledri,Leafy Vegetable,Freezer,27.0,-6.0,Expired
Bawang Putih,Root Vegetable,Outside,20.0,25.0,Fresh
Pepaya,Tropical Fruit,Outside,3.0,1.0,Soon
Nanas,Tropical Fruit,Chiller,3.0,4.0,Fresh
Jeruk Nipis,Citric Fruit,Chiller,8.0,6.0,Fresh
Ubi Jalar,Root Vegetable,Outside,6.0,8.0,Fresh
Jeruk Bali,Citric Fruit,Chiller,15.0,15.0,Fresh
Kangkung,Leafy Vegetable,Chiller,3.0,1.0,Soon
Singkong,Root Vegetable,Chiller,3.0,4.0,Fresh
Kiwi,Temperate Fruit,Chiller,14.0,0.0,Expired
Kunyit,Root Vegetable,Chiller,19.0,11.0,Fresh
Pisang,Tropical Fruit,Freezer,60.0,19.0,Fresh
Kunyit,Root Vegetable,Freezer,15.0,37.0,Fresh
Cabai Merah,Root Vegetable,Outside,4.0,1.0,Soon
Jeruk,Citric Fruit,Freezer,15.0,37.0,Fresh
Nanas,Tropical Fruit,Freezer,8.0,22.0,Fresh
Paprika,Chili Pepper,Chiller,9.0,5.0,Fresh
Selada,Leafy Vegetable,Chiller,0.0,7.0,Fresh
Pear,Temperate Fruit,Freezer,60.0,-15.0,Expired
Bawang Putih,Root Vegetable,Chiller,60.0,-1.0,Expired
Bawang Merah,Root Vegetable,Freezer,60.0,17.0,Fresh
Kentang,Root Vegetable,Outside,1.0,13.0,Fresh
Apel,Temperate Fruit,Freezer,5.0,30.0,Fresh
Raspberry,Berry,Chiller,1.0,4.0,Fresh
Wortel,Root Vegetable,Freezer,47.0,37.0,Fresh
Selada,Leafy Vegetable,Outside,0.0,2.0,Soon
Singkong,Root Vegetable,Freezer,1.0,29.0,Fresh
Lemon,Citric Fruit,Freezer,60.0,-7.0,Expired
Anggur,Temperate Fruit,Chiller,9.0,-2.0,Expired
Apel,Temperate Fruit,Freezer,15.0,6.0,Fresh
Jeruk Nipis,Citric Fruit,Chiller,12.0,2.0,Soon
Bayam,Root Vegetable,Outside,0.0,1.0,Soon
Cabai Rawit,Chili Pepper,Chiller,7.0,3.0,Soon
Tomat,Tropical Fruit,Freezer,47.0,13.0,Fresh
Pepaya,Tropical Fruit,Chiller,7.0,0.0,Expired
Lemon,Citric Fruit,Outside,2.0,5.0,Fresh
Paprika,Root Vegetable,Outside,2.0,3.0,Soon
Nanas,Tropical Fruit,Outside,3.0,37.0,Soon
Pakcoy,Leafy Vegetable,Freezer,27.0,-6.0,Expired
Tomat,Tropical Fruit,Freezer,5.0,37.0,Fresh
Bawang Putih,Root Vegetable,Outside,14.0,31.0,Fresh
Jeruk Nipis,Citric Fruit,Outside,6.0,1.0,Soon
Brokoli,Leafy Vegetable,Chiller,5.0,5.0,Fresh
Brokoli,Leafy Vegetable,Chiller,7.0,3.0,Soon
Selada,Leafy Vegetable,Outside,1.0,1.0,Soon
Mangga,Tropical Fruit,Outside,1.0,4.0,Fresh
Jeruk Bali,Citric Fruit,Outside,13.0,1.0,Soon
Blueberry,Berry,Freezer,0.0,7.0,Fresh
Stroberi,Berry,Outside,1.0,1.0,Soon
Sawi,Leafy Vegetable,Freezer,6.0,24.0,Fresh
Apel,Temperate Fruit,Chiller,4.0,17.0,Fresh
Kentang,Root Vegetable,Outside,9.0,5.0,Fresh
Brokoli,Leafy Vegetable,Outside,0.0,2.0,Soon
Anggur,Temperate Fruit,Outside,1.0,2.0,Soon
Pepaya,Tropical Fruit,Chiller,0.0,7.0,Fresh
Cabai Merah,Chili Pepper,Chiller,9.0,5.0,Fresh
Tomat,Tropical Fruit,Freezer,29.0,31.0,Fresh
Selada,Leafy Vegetable,Freezer,20.0,10.0,Fresh
Mangga,Tropical Fruit,Freezer,18.0,12.0,Fresh
Pakcoy,Leafy Vegetable,Chiller,4.0,1.0,Soon
Lemon,Citric Fruit,Chiller,14.0,7.0,Fresh
Tomat,Tropical Fruit,Freezer,1.0,13.0,Fresh
Cabai Merah,Chili Pepper,Freezer,17.0,-3.0,Expired
Lemon,Citric Fruit,Chiller,11.0,10.0,Fresh
Cabai Rawit,Chili Pepper,Chiller,9.0,1.0,Soon
Tomat,Tropical Fruit,Freezer,56.0,4.0,Fresh
Nanas,Tropical Fruit,Chiller,9.0,-2.0,Expired
Jahe,Root Vegetable,Freezer,60.0,8.0,Fresh
Mangga,Tropical Fruit,Outside,2.0,3.0,Soon
Mangga,Tropical Fruit,Chiller,5.0,2.0,Soon
Anggur,Temperate Fruit,Freezer,3.0,27.0,Fresh
Ubi Jalar,Root Vegetable,Chiller,35.0,-5.0,Expired
Anggur,Temperate Fruit,Outside,0.0,3.0,Soon
Kangkung,Leafy Vegetable,Chiller,1.0,3.0,Soon
Raspberry,Berry,Chiller,5.0,0.0,Expired
Singkong,Root Vegetable,Outside,2.0,1.0,Soon
Raspberry,Berry,Outside,2.0,0.0,Expired
Pear,Root Vegetable,Outside,0.0,5.0,Fresh
Brokoli,Leafy Vegetable,Freezer,10.0,20.0,Fresh
Kol,Leafy Vegetable,Outside,3.0,0.0,Expired
Kiwi,Temperate Fruit,Outside,5.0,0.0,Expired
Raspberry,Berry,Outside,1.0,1.0,Soon
Seledri,Leafy Vegetable,Outside,0.0,2.0,Soon
Jeruk Nipis,Citric Fruit,Outside,1.0,-20.0,Fresh
Kiwi,Temperate Fruit,Outside,4.0,1.0,Soon
Pisang,Tropical Fruit,Freezer,3.0,27.0,Fresh
Jahe,Root Vegetable,Outside,10.0,4.0,Fresh
Kiwi,Temperate Fruit,Outside,2.0,3.0,Soon
Lemon,Citric Fruit,Freezer,41.0,19.0,Fresh
Sawi,Leafy Vegetable,Outside,1.0,0.0,Expired
Bawang Putih,Root Vegetable,Outside,11.0,34.0,Fresh
Jeruk,Citric Fruit,Freezer,44.0,16.0,Fresh
Bayam,Leafy Vegetable,Chiller,1.0,4.0,Fresh
Lemon,Citric Fruit,Freezer,58.0,2.0,Soon
Tomat,Tropical Fruit,Chiller,17.0,-3.0,Expired
Kiwi,Temperate Fruit,Chiller,8.0,6.0,Fresh
Ubi Jalar,Root Vegetable,Chiller,25.0,5.0,Fresh
Bawang Putih,Root Vegetable,Outside,6.0,37.0,Fresh
Lemon,Citric Fruit,Outside,,4.0,Fresh
Tomat,Tropical Fruit,Outside,1.0,4.0,Fresh
Seledri,Leafy Vegetable,Freezer,16.0,5.0,Fresh
Alpukat,Tropical Fruit,Freezer,3.0,27.0,Fresh
Nanas,Tropical Fruit,Freezer,0.0,30.0,Fresh
Bawang Putih,Root Vegetable,Freezer,60.0,37.0,Fresh
Mangga,Tropical Fruit,Freezer,8.0,22.0,Fresh
Lemon,Citric Fruit,Freezer,0.0,7.0,Fresh
Pisang,Tropical Fruit,Outside,0.0,3.0,Soon
Kentang,Root Vegetable,Chiller,2.0,28.0,Fresh
Kangkung,Leafy Vegetable,Freezer,2.0,28.0,Fresh
Anggur,Temperate Fruit,Freezer,23.0,7.0,Fresh
Bawang Merah,Root Vegetable,Freezer,60.0,37.0,Fresh
Jeruk,Citric Fruit,Freezer,,9.0,Fresh
Singkong,Root Vegetable,Freezer,9.0,21.0,Fresh
Raspberry,Berry,Freezer,22.0,-1.0,Expired
Stroberi,Berry,Outside,2.0,0.0,Expired
Apel,Temperate Fruit,Chiller,17.0,4.0,Fresh
Singkong,Root Vegetable,Outside,1.0,2.0,Soon
Singkong,Root Vegetable,Freezer,28.0,2.0,Soon
Stroberi,Berry,Chiller,2.0,3.0,Soon
Bawang Putih,Root Vegetable,Outside,45.0,0.0,Expired
Paprika,Chili Pepper,Outside,6.0,-1.0,Expired
Bayam,Leafy Vegetable,Outside,0.0,1.0,Soon
Stroberi,Berry,Freezer,0.0,37.0,Fresh
Singkong,Root Vegetable,Chiller,8.0,-1.0,Expired
Bawang Merah,Root Vegetable,Outside,19.0,11.0,Fresh
Ubi Jalar,Root Vegetable,Freezer,5.0,37.0,Fresh
Pear,Root Vegetable,Outside,6.0,-1.0,Expired
Blueberry,Berry,Outside,1.0,1.0,Soon
Pepaya,Tropical Fruit,Chiller,2.0,5.0,Fresh
Pear,Temperate Fruit,Chiller,3.0,11.0,Fresh
Semangka,Tropical Fruit,Outside,5.0,2.0,Soon
Seledri,Leafy Vegetable,Chiller,9.0,-2.0,Expired
Apel,Temperate Fruit,Freezer,60.0,4.0,Fresh
Pepaya,Tropical Fruit,Freezer,17.0,13.0,Fresh
Cabai Merah,Root Vegetable,Chiller,0.0,14.0,Fresh
Blueberry,Berry,Chiller,5.0,2.0,Soon
Kunyit,Root Vegetable,Freezer,41.0,37.0,Fresh
Pear,Temperate Fruit,Outside,0.0,5.0,Fresh
Ubi Jalar,Root Vegetable,Outside,10.0,4.0,Fresh
Pisang,Tropical Fruit,Freezer,8.0,22.0,Fresh
Kunyit,Root Vegetable,Chiller,21.0,9.0,Fresh
Alpukat,Tropical Fruit,Chiller,6.0,1.0,Soon
Apel,Temperate Fruit,Outside,1.0,-20.0,Fresh
Bawang Merah,Root Vegetable,Chiller,2.0,37.0,Fresh
Jahe,Root Vegetable,Outside,13.0,1.0,Soon
Bawang Putih,Root Vegetable,Outside,27.0,18.0,Fresh
Melon,Tropical Fruit,Chiller,3.0,4.0,Fresh
Bayam,Leafy Vegetable,Freezer,20.0,10.0,Fresh
Semangka,Tropical Fruit,Outside,7.0,0.0,Expired
Alpukat,Tropical Fruit,Outside,2.0,1.0,Soon
Selada,Leafy Vegetable,Freezer,5.0,25.0,Fresh
Blueberry,Berry,Outside,0.0,2.0,Soon
Raspberry,Berry,Freezer,19.0,37.0,Soon
Jeruk,Citric Fruit,Freezer,9.0,-2.0,Expired
Jeruk Bali,Citric Fruit,Freezer,15.0,37.0,Fresh
Pear,Temperate Fruit,Chiller,,8.0,Fresh
Lemon,Citric Fruit,Outside,3.0,4.0,Fresh
Kiwi,Temperate Fruit,Freezer,28.0,32.0,Fresh
Selada,Leafy Vegetable,Freezer,,15.0,Fresh
Wortel,Root Vegetable,Freezer,58.0,32.0,Fresh
Jeruk Bali,Citric Fruit,Freezer,15.0,15.0,Fresh
Jeruk Bali,Citric Fruit,Freezer,60.0,-5.0,Expired
Brokoli,Leafy Vegetable,Outside,1.0,1.0,Soon
Brokoli,Leafy Vegetable,Freezer,35.0,-5.0,Expired
Kentang,Root Vegetable,Chiller,20.0,10.0,Fresh
Kol,Leafy Vegetable,Freezer,30.0,0.0,Expired
Kunyit,Root Vegetable,Chiller,38.0,-8.0,Expired
Bawang Putih,Root Vegetable,Outside,15.0,30.0,Fresh
Bawang Merah,Root Vegetable,Outside,16.0,14.0,Fresh
Pisang,Root Vegetable,Freezer,22.0,8.0,Fresh
Jeruk,Citric Fruit,Outside,7.0,0.0,Expired
Alpukat,Tropical Fruit,Chiller,4.0,3.0,Soon
Sawi,Root Vegetable,Outside,0.0,1.0,Soon
Blueberry,Berry,Outside,2.0,0.0,Expired
Jeruk Bali,Citric Fruit,Chiller,14.0,16.0,Fresh
Bawang Merah,Root Vegetable,Outside,8.0,22.0,Fresh
Alpukat,Tropical Fruit,Chiller,1.0,6.0,Fresh
Ubi Jalar,Root Vegetable,Chiller,18.0,12.0,Fresh
Ubi Jalar,Root Vegetable,Outside,0.0,14.0,Fresh
Pepaya,Tropical Fruit,Outside,3.0,-20.0,Soon
Kiwi,Root Vegetable,Outside,5.0,-20.0,Expired
Paprika,Chili Pepper,Outside,1.0,4.0,Fresh
Bawang Putih,Root Vegetable,Chiller,60.0,15.0,Fresh
Seledri,Leafy Vegetable,Freezer,26.0,-5.0,Expired
Ubi Jalar,Root Vegetable,Freezer,27.0,37.0,Fresh
Cabai Rawit,Chili Pepper,Outside,2.0,37.0,Soon
Melon,Tropical Fruit,Outside,0.0,5.0,Fresh
Raspberry,Berry,Freezer,23.0,-2.0,Expired
Cabai Merah,Chili Pepper,Outside,1.0,4.0,Fresh
Lemon,Citric Fruit,Freezer,26.0,-5.0,Expired
Seledri,Leafy Vegetable,Freezer,14.0,7.0,Fresh
Singkong,Root Vegetable,Outside,0.0,3.0,Soon
Apel,Temperate Fruit,Freezer,27.0,37.0,Fresh
Tomat,Tropical Fruit,Outside,3.0,2.0,Soon
Jahe,Root Vegetable,Outside,2.0,12.0,Fresh
Wortel,Root Vegetable,Outside,5.0,0.0,Expired
Jeruk,Citric Fruit,Outside,9.0,-2.0,Expired
Lemon,Citric Fruit,Outside,4.0,3.0,Soon
Nanas,Tropical Fruit,Chiller,2.0,5.0,Fresh
Kentang,Root Vegetable,Outside,14.0,0.0,Expired
Kangkung,Leafy Vegetable,Outside,1.0,0.0,Expired
Cabai Rawit,Chili Pepper,Outside,3.0,1.0,Soon
Pakcoy,Leafy Vegetable,Outside,0.0,1.0,Soon
Jahe,Root Vegetable,Freezer,5.0,37.0,Fresh
Cabai Rawit,Root Vegetable,Chiller,7.0,3.0,Soon
Jahe,Root Vegetable,Chiller,28.0,2.0,Soon
Pisang,Tropical Fruit,Freezer,31.0,-1.0,Expired
Kentang,Root Vegetable,Outside,17.0,-3.0,Expired
Cabai Rawit,Chili Pepper,Outside,0.0,4.0,Fresh
Anggur,Temperate Fruit,Chiller,4.0,3.0,Soon
Stroberi,Berry,Chiller,5.0,0.0,Expired
Alpukat,Tropical Fruit,Chiller,,2.0,Soon
Cabai Merah,Chili Pepper,Chiller,11.0,3.0,Soon
Tomat,Tropical Fruit,Freezer,31.0,29.0,Fresh
Kentang,Root Vegetable,Outside,2.0,12.0,Fresh
Kunyit,Root Vegetable,Outside,0.0,14.0,Fresh
Brokoli,Leafy Vegetable,Chiller,4.0,6.0,Fresh
Raspberry,Berry,Freezer,4.0,17.0,Fresh
Bayam,Leafy Vegetable,Chiller,0.0,5.0,Fresh
Pear,Temperate Fruit,Freezer,57.0,3.0,Soon
Tomat,Tropical Fruit,Chiller,16.0,-2.0,Expired
Mangga,Tropical Fruit,Outside,0.0,5.0,Fresh
Wortel,Root Vegetable,Chiller,3.0,18.0,Fresh
Bawang Merah,Root Vegetable,Chiller,60.0,-18.0,Expired
Ubi Jalar,Root Vegetable,Freezer,47.0,37.0,Fresh
Jeruk Bali,Citric Fruit,Freezer,29.0,31.0,Fresh
Selada,Leafy Vegetable,Freezer,5.0,2.0,Soon
Pisang,Tropical Fruit,Outside,1.0,2.0,Soon
Anggur,Temperate Fruit,Freezer,22.0,8.0,Fresh
Stroberi,Berry,Freezer,9.0,21.0,Fresh
Kol,Leafy Vegetable,Chiller,17.0,-3.0,Expired
Pakcoy,Leafy Vegetable,Chiller,1.0,4.0,Fresh
Brokoli,Leafy Vegetable,Chiller,6.0,4.0,Fresh
Ubi Jalar,Root Vegetable,Chiller,36.0,-6.0,Expired
Pakcoy,Leafy Vegetable,Outside,60.0,0.0,Expired
Pisang,Tropical Fruit,Outside,2.0,1.0,Soon
Mangga,Tropical Fruit,Freezer,27.0,3.0,Soon
Apel,Root Vegetable,Freezer,60.0,-20.0,Expired
Lemon,Root Vegetable,Chiller,3.0,18.0,Fresh
Kentang,Root Vegetable,Chiller,0.0,30.0,Fresh
Apel,Temperate Fruit,Freezer,51.0,37.0,Fresh
Brokoli,Leafy Vegetable,Outside,2.0,0.0,Expired
Jeruk,Citric Fruit,Chiller,12.0,9.0,Fresh
Mangga,Root Vegetable,Freezer,5.0,25.0,Fresh
Kangkung,Leafy Vegetable,Outside,0.0,1.0,Soon
Lemon,Citric Fruit,Freezer,59.0,1.0,Soon
Kangkung,Leafy Vegetable,Freezer,24.0,6.0,Fresh
Semangka,Root Vegetable,Freezer,21.0,9.0,Fresh
Nanas,Tropical Fruit,Outside,1.0,2.0,Soon
Seledri,Leafy Vegetable,Chiller,1.0,6.0,Fresh
Bawang Putih,Root Vegetable,Freezer,54.0,37.0,Fresh
Jeruk Nipis,Root Vegetable,Chiller,9.0,5.0,Fresh
Blueberry,Berry,Chiller,7.0,0.0,Expired
Apel,Temperate Fruit,Outside,6.0,1.0,Soon
Jeruk Nipis,Citric Fruit,Chiller,10.0,4.0,Fresh
Selada,Leafy Vegetable,Chiller,5.0,2.0,Soon
Nanas,Tropical Fruit,Outside,5.0,0.0,Expired
Raspberry,Berry,Freezer,1.0,1.0,Soon
Selada,Leafy Vegetable,Freezer,8.0,22.0,Fresh
Jeruk Bali,Citric Fruit,Chiller,10.0,20.0,Fresh
Singkong,Root Vegetable,Chiller,0.0,7.0,Fresh
Cabai Merah,Chili Pepper,Freezer,55.0,5.0,Fresh
Jahe,Root Vegetable,Outside,7.0,7.0,Fresh
Pisang,Tropical Fruit,Outside,,2.0,Soon
Kunyit,Root Vegetable,Chiller,15.0,15.0,Fresh
Jeruk Nipis,Citric Fruit,Freezer,21.0,37.0,Fresh
Mangga,Tropical Fruit,Freezer,9.0,21.0,Fresh
Semangka,Root Vegetable,Freezer,31.0,-1.0,Expired
Blueberry,Berry,Chiller,6.0,1.0,Soon
Semangka,Tropical Fruit,Chiller,9.0,1.0,Soon
Pear,Temperate Fruit,Chiller,9.0,5.0,Fresh
Kentang,Root Vegetable,Chiller,10.0,20.0,Fresh
Kunyit,Root Vegetable,Freezer,60.0,-3.0,Expired
Ubi Jalar,Root Vegetable,Outside,3.0,11.0,Fresh
Pear,Temperate Fruit,Freezer,34.0,26.0,Fresh
Kol,Leafy Vegetable,Outside,0.0,3.0,Soon
Nanas,Tropical Fruit,Outside,4.0,1.0,Soon
Wortel,Root Vegetable,Freezer,60.0,-11.0,Expired
Anggur,Root Vegetable,Chiller,6.0,1.0,Soon
Seledri,Leafy Vegetable,Freezer,25.0,-4.0,Expired
Alpukat,Tropical Fruit,Outside,1.0,2.0,Soon
Pepaya,Tropical Fruit,Outside,2.0,2.0,Soon
Jeruk Bali,Citric Fruit,Chiller,37.0,-7.0,Expired
Stroberi,Berry,Freezer,25.0,5.0,Fresh
Pepaya,Tropical Fruit,Freezer,2.0,5.0,Fresh
Jeruk Nipis,Citric Fruit,Chiller,6.0,8.0,Fresh
Jeruk,Citric Fruit,Chiller,25.0,-4.0,Expired
Melon,Tropical Fruit,Freezer,11.0,19.0,Fresh
Melon,Tropical Fruit,Freezer,,22.0,Fresh
Bayam,Leafy Vegetable,Chiller,2.0,3.0,Soon
Raspberry,Berry,Freezer,9.0,12.0,Fresh
Jeruk Bali,Citric Fruit,Freezer,5.0,37.0,Fresh
Tomat,Tropical Fruit,Chiller,18.0,-4.0,Expired
Blueberry,Berry,Freezer,19.0,11.0,Fresh
Jeruk Bali,Citric Fruit,Chiller,21.0,9.0,Fresh
Jeruk,Citric Fruit,Outside,5.0,2.0,Soon
Pepaya,Tropical Fruit,Chiller,5.0,2.0,Soon
Alpukat,Tropical Fruit,Chiller,,7.0,Fresh
Pakcoy,Root Vegetable,Outside,0.0,1.0,Soon
Bawang Putih,Root Vegetable,Freezer,18.0,37.0,Fresh
Cabai Rawit,Chili Pepper,Freezer,52.0,8.0,Fresh
Pepaya,Tropical Fruit,Freezer,3.0,1.0,Soon
Seledri,Leafy Vegetable,Freezer,6.0,15.0,Fresh
Pear,Temperate Fruit,Freezer,35.0,25.0,Fresh
Melon,Tropical Fruit,Freezer,30.0,0.0,Expired
Pear,Temperate Fruit,Freezer,60.0,-2.0,Expired
Pear,Temperate Fruit,Outside,6.0,-1.0,Expired
Semangka,Tropical Fruit,Freezer,34.0,-4.0,Expired
Kol,Leafy Vegetable,Freezer,27.0,3.0,Soon
Stroberi,Berry,Chiller,4.0,1.0,Soon
Kangkung,Leafy Vegetable,Chiller,,1.0,Soon
Brokoli,Leafy Vegetable,Chiller,9.0,1.0,Soon
Singkong,Root Vegetable,Freezer,15.0,15.0,Fresh
Anggur,Temperate Fruit,Freezer,5.0,25.0,Fresh
Apel,Temperate Fruit,Chiller,25.0,-20.0,Expired
Raspberry,Berry,Chiller,2.0,3.0,Soon
Cabai Merah,Chili Pepper,Chiller,3.0,11.0,Fresh
Bawang Putih,Root Vegetable,Chiller,48.0,37.0,Fresh
Kunyit,Root Vegetable,Chiller,14.0,16.0,Fresh
Jeruk,Citric Fruit,Freezer,50.0,10.0,Fresh
Bawang Merah,Root Vegetable,Chiller,,-10.0,Expired
Selada,Leafy Vegetable,Chiller,1.0,6.0,Fresh
Cabai Merah,Chili Pepper,Outside,4.0,1.0,Soon
Melon,Tropical Fruit,Outside,4.0,1.0,Soon
Pepaya,Tropical Fruit,Freezer,39.0,-9.0,Expired
Paprika,Chili Pepper,Chiller,14.0,0.0,Expired
Paprika,Chili Pepper,Chiller,,1.0,Soon
Singkong,Root Vegetable,Outside,3.0,0.0,Expired
Brokoli,Leafy Vegetable,Chiller,10.0,0.0,Expired
Jahe,Root Vegetable,Outside,3.0,11.0,Fresh
Jeruk Bali,Citric Fruit,Chiller,31.0,-1.0,Expired
Bayam,Leafy Vegetable,Freezer,,27.0,Fresh
Apel,Temperate Fruit,Freezer,43.0,37.0,Fresh
Stroberi,Berry,Chiller,3.0,2.0,Soon
Cabai Merah,Chili Pepper,Chiller,8.0,6.0,Fresh
Kol,Leafy Vegetable,Freezer,1.0,5.0,Fresh
Kunyit,Root Vegetable,Outside,5.0,9.0,Fresh
Melon,Tropical Fruit,Freezer,17.0,13.0,Fresh
Jahe,Root Vegetable,Freezer,6.0,24.0,Fresh
Jeruk,Citric Fruit,Chiller,5.0,9.0,Fresh
Lemon,Citric Fruit,Freezer,44.0,16.0,Fresh
Bawang Merah,Root Vegetable,Freezer,14.0,16.0,Fresh
Nanas,Tropical Fruit,Freezer,11.0,19.0,Fresh
Pisang,Tropical Fruit,Freezer,39.0,-9.0,Expired
Bayam,Leafy Vegetable,Chiller,6.0,-1.0,Expired
Cabai Rawit,Chili Pepper,Chiller,10.0,0.0,Expired
Brokoli,Leafy Vegetable,Chiller,12.0,-2.0,Expired
Kiwi,Temperate Fruit,Freezer,60.0,-12.0,Expired
Kunyit,Root Vegetable,Freezer,60.0,17.0,Fresh
Semangka,Tropical Fruit,Outside,9.0,-2.0,Expired
Tomat,Root Vegetable,Chiller,10.0,4.0,Fresh
Semangka,Tropical Fruit,Chiller,2.0,8.0,Fresh
Jahe,Root Vegetable,Chiller,0.0,30.0,Fresh
Paprika,Chili Pepper,Freezer,49.0,11.0,Fresh
Pear,Temperate Fruit,Chiller,1.0,13.0,Fresh
Kentang,Root Vegetable,Freezer,40.0,37.0,Fresh
Nanas,Root Vegetable,Outside,2.0,3.0,Soon
Mangga,Tropical Fruit,Freezer,23.0,7.0,Fresh
Stroberi,Root Vegetable,Outside,0.0,2.0,Soon
Anggur,Temperate Fruit,Freezer,16.0,14.0,Fresh
Kunyit,Root Vegetable,Chiller,18.0,12.0,Fresh
Stroberi,Berry,Chiller,1.0,4.0,Fresh
Pakcoy,Leafy Vegetable,Freezer,21.0,0.0,Expired
Selada,Root Vegetable,Chiller,2.0,5.0,Fresh
Jeruk Bali,Citric Fruit,Freezer,32.0,28.0,Fresh
Wortel,Root Vegetable,Chiller,12.0,9.0,Fresh
Cabai Merah,Chili Pepper,Chiller,0.0,14.0,Fresh
Sawi,Leafy Vegetable,Freezer,18.0,12.0,Fresh
Tomat,Tropical Fruit,Outside,2.0,3.0,Soon
Jahe,Root Vegetable,Outside,4.0,10.0,Fresh
Alpukat,Tropical Fruit,Outside,0.0,3.0,Soon
Mangga,Tropical Fruit,Freezer,16.0,14.0,Fresh
Kunyit,Root Vegetable,Chiller,8.0,22.0,Fresh
Jeruk Nipis,Citric Fruit,Chiller,2.0,12.0,Fresh
Nanas,Tropical Fruit,Chiller,1.0,6.0,Fresh
Cabai Rawit,Chili Pepper,Freezer,34.0,26.0,Fresh
Semangka,Tropical Fruit,Freezer,2.0,28.0,Fresh
Kiwi,Temperate Fruit,Freezer,0.0,37.0,Fresh
Sawi,Root Vegetable,Outside,1.0,0.0,Expired
Lemon,Citric Fruit,Freezer,60.0,-5.0,Expired
Bayam,Leafy Vegetable,Freezer,3.0,27.0,Fresh
Melon,Tropical Fruit,Outside,2.0,3.0,Soon
Kiwi,Temperate Fruit,Freezer,10.0,37.0,Fresh
Paprika,Chili Pepper,Outside,3.0,2.0,Soon
Pisang,Tropical Fruit,Freezer,0.0,5.0,Fresh
Semangka,Tropical Fruit,Outside,2.0,5.0,Fresh
Cabai Rawit,Chili Pepper,Outside,4.0,0.0,Expired
Mangga,Tropical Fruit,Freezer,38.0,-8.0,Expired
Pepaya,Tropical Fruit,Outside,1.0,3.0,Soon
Kol,Leafy Vegetable,Freezer,,-7.0,Expired
Pisang,Tropical Fruit,Chiller,4.0,1.0,Soon
Jeruk Nipis,Citric Fruit,Freezer,,0.0,Expired
Raspberry,Berry,Freezer,27.0,-6.0,Expired
Mangga,Tropical Fruit,Chiller,3.0,4.0,Fresh
Kol,Leafy Vegetable,Freezer,6.0,24.0,Fresh
Jeruk Bali,Citric Fruit,Outside,9.0,5.0,Fresh
Cabai Rawit,Chili Pepper,Outside,2.0,2.0,Soon
Alpukat,Tropical Fruit,Outside,3.0,-20.0,Expired
Jeruk Nipis,Citric Fruit,Freezer,29.0,31.0,Fresh
Kol,Leafy Vegetable,Outside,1.0,2.0,Soon
Brokoli,Leafy Vegetable,Outside,5.0,2.0,Soon
Kangkung,Leafy Vegetable,Chiller,5.0,-1.0,Expired
Singkong,Root Vegetable,Freezer,2.0,28.0,Fresh
Singkong,Root Vegetable,Outside,60.0,2.0,Soon
Anggur,Temperate Fruit,Freezer,27.0,3.0,Soon
Jeruk Nipis,Citric Fruit,Freezer,60.0,-2.0,Expired
Kunyit,Root Vegetable,Chiller,3.0,27.0,Fresh
Lemon,Citric Fruit,Outside,9.0,-2.0,Expired
Jeruk Nipis,Root Vegetable,Chiller,5.0,9.0,Fresh
Bawang Putih,Root Vegetable,Outside,34.0,11.0,Fresh
Sawi,Leafy Vegetable,Chiller,5.0,0.0,Expired
Paprika,Root Vegetable,Outside,4.0,37.0,Soon
Cabai Merah,Chili Pepper,Freezer,0.0,5.0,Fresh
Bayam,Leafy Vegetable,Outside,1.0,0.0,Expired
Jeruk Bali,Citric Fruit,Outside,18.0,-4.0,Expired
Melon,Tropical Fruit,Chiller,9.0,-2.0,Expired
Nanas,Tropical Fruit,Freezer,35.0,-5.0,Expired
Bawang Merah,Root Vegetable,Outside,39.0,-9.0,Expired
Stroberi,Root Vegetable,Freezer,32.0,-2.0,Expired
Pakcoy,Root Vegetable,Freezer,19.0,2.0,Soon
Alpukat,Tropical Fruit,Chiller,3.0,4.0,Fresh
Kunyit,Root Vegetable,Chiller,32.0,-2.0,Expired
Wortel,Root Vegetable,Freezer,16.0,5.0,Fresh
Ubi Jalar,Root Vegetable,Freezer,53.0,37.0,Fresh
Jeruk Bali,Citric Fruit,Chiller,24.0,6.0,Fresh
Bawang Merah,Root Vegetable,Freezer,60.0,-20.0,Expired
Sawi,Leafy Vegetable,Freezer,0.0,30.0,Fresh
Melon,Tropical Fruit,Freezer,4.0,1.0,Soon
Paprika,Chili Pepper,Chiller,8.0,6.0,Fresh
Kangkung,Leafy Vegetable,Chiller,,2.0,Soon
Semangka,Tropical Fruit,Freezer,17.0,13.0,Fresh
Bayam,Leafy Vegetable,Freezer,9.0,21.0,Fresh
Bawang Merah,Root Vegetable,Outside,33.0,-3.0,Expired
Cabai Rawit,Chili Pepper,Chiller,11.0,-1.0,Expired
Anggur,Temperate Fruit,Freezer,37.0,-7.0,Expired
Bawang Merah,Root Vegetable,Chiller,60.0,-11.0,Expired
Selada,Leafy Vegetable,Chiller,9.0,-2.0,Expired
Mangga,Tropical Fruit,Chiller,6.0,1.0,Soon
Kunyit,Root Vegetable,Outside,9.0,5.0,Fresh
Bawang Putih,Root Vegetable,Outside,30.0,15.0,Fresh
Pepaya,Tropical Fruit,Freezer,1.0,29.0,Fresh
Seledri,Leafy Vegetable,Chiller,4.0,3.0,Soon
Mangga,Tropical Fruit,Outside,5.0,0.0,Expired
Pisang,Tropical Fruit,Freezer,28.0,2.0,Soon
Cabai Rawit,Chili Pepper,Freezer,14.0,37.0,Fresh
Semangka,Tropical Fruit,Outside,8.0,-1.0,Expired
Anggur,Temperate Fruit,Freezer,10.0,20.0,Fresh
Nanas,Tropical Fruit,Chiller,4.0,3.0,Soon
Semangka,Tropical Fruit,Freezer,24.0,6.0,Fresh
Nanas,Tropical Fruit,Outside,0.0,5.0,Fresh
Jeruk,Citric Fruit,Chiller,19.0,2.0,Soon
Jahe,Root Vegetable,Freezer,35.0,37.0,Fresh
Pepaya,Tropical Fruit,Outside,5.0,-1.0,Expired
Brokoli,Root Vegetable,Outside,0.0,2.0,Soon
Ubi Jalar,Root Vegetable,Freezer,16.0,-2.0,Expired
Bawang Merah,Root Vegetable,Outside,17.0,13.0,Fresh
Apel,Temperate Fruit,Chiller,22.0,-1.0,Expired
Kiwi,Temperate Fruit,Freezer,60.0,-10.0,Expired
Bawang Putih,Root Vegetable,Freezer,60.0,-20.0,Expired
Kiwi,Temperate Fruit,Chiller,12.0,2.0,Soon
Stroberi,Berry,Freezer,38.0,-8.0,Expired
Nanas,Tropical Fruit,Freezer,37.0,-7.0,Expired
Jeruk Bali,Citric Fruit,Outside,6.0,8.0,Fresh
Jeruk Nipis,Citric Fruit,Outside,1.0,6.0,Fresh
Apel,Temperate Fruit,Freezer,60.0,9.0,Fresh
Jeruk Nipis,Citric Fruit,Chiller,4.0,10.0,Fresh
Paprika,Chili Pepper,Chiller,5.0,9.0,Fresh
Bawang Merah,Root Vegetable,Outside,12.0,18.0,Fresh
Cabai Merah,Chili Pepper,Freezer,60.0,-9.0,Expired
Kol,Leafy Vegetable,Freezer,25.0,5.0,Fresh
Wortel,Root Vegetable,Freezer,60.0,16.0,Fresh
Semangka,Tropical Fruit,Freezer,23.0,7.0,Fresh
Alpukat,Tropical Fruit,Chiller,5.0,2.0,Soon
Lemon,Root Vegetable,Freezer,38.0,22.0,Fresh
Anggur,Temperate Fruit,Chiller,2.0,5.0,Fresh
Jeruk,Citric Fruit,Chiller,17.0,4.0,Fresh
Jeruk Nipis,Citric Fruit,Outside,3.0,4.0,Fresh
Lemon,Citric Fruit,Chiller,3.0,18.0,Fresh
Kunyit,Root Vegetable,Chiller,,28.0,Fresh
Nanas,Tropical Fruit,Freezer,2.0,28.0,Fresh
Jeruk Nipis,Citric Fruit,Chiller,15.0,-1.0,Expired
Bayam,Leafy Vegetable,Freezer,19.0,11.0,Fresh
Singkong,Root Vegetable,Chiller,2.0,5.0,Fresh
Jahe,Root Vegetable,Freezer,60.0,9.0,Fresh
Wortel,Root Vegetable,Chiller,1.0,20.0,Fresh
Kunyit,Root Vegetable,Chiller,33.0,-3.0,Expired
Kangkung,Leafy Vegetable,Chiller,4.0,0.0,Expired
Nanas,Tropical Fruit,Freezer,17.0,13.0,Fresh
Bawang Putih,Root Vegetable,Chiller,60.0,-17.0,Expired
Bawang Merah,Root Vegetable,Freezer,60.0,27.0,Fresh
Pepaya,Root Vegetable,Freezer,1.0,29.0,Fresh
Raspberry,Berry,Freezer,15.0,6.0,Fresh
Kunyit,Root Vegetable,Chiller,30.0,0.0,Expired
Kunyit,Root Vegetable,Freezer,2.0,28.0,Fresh
Pakcoy,Leafy Vegetable,Chiller,0.0,5.0,Fresh
Ubi Jalar,Root Vegetable,Freezer,60.0,8.0,Fresh
Tomat,Tropical Fruit,Chiller,8.0,6.0,Fresh
Kentang,Root Vegetable,Freezer,10.0,4.0,Fresh
Bawang Merah,Root Vegetable,Chiller,11.0,37.0,Fresh
Pear,Temperate Fruit,Freezer,26.0,34.0,Fresh
Raspberry,Berry,Freezer,16.0,5.0,Fresh
Jeruk Bali,Citric Fruit,Outside,1.0,13.0,Fresh
Kentang,Root Vegetable,Freezer,60.0,-20.0,Expired
Kiwi,Temperate Fruit,Freezer,41.0,19.0,Fresh
Semangka,Tropical Fruit,Outside,1.0,6.0,Fresh
Sawi,Leafy Vegetable,Freezer,8.0,22.0,Fresh
Kiwi,Temperate Fruit,Outside,6.0,-1.0,Expired
Jeruk Nipis,Citric Fruit,Outside,8.0,-1.0,Expired
Jeruk Bali,Root Vegetable,Freezer,,27.0,Fresh
Blueberry,Berry,Freezer,5.0,25.0,Fresh
Stroberi,Berry,Freezer,7.0,23.0,Fresh
Cabai Merah,Chili Pepper,Chiller,,10.0,Fresh
Bawang Putih,Root Vegetable,Chiller,26.0,37.0,Fresh
Bawang Putih,Root Vegetable,Chiller,60.0,11.0,Fresh
Pakcoy,Leafy Vegetable,Chiller,2.0,3.0,Soon
Melon,Tropical Fruit,Chiller,7.0,0.0,Expired
Anggur,Root Vegetable,Chiller,0.0,7.0,Fresh
Raspberry,Berry,Outside,0.0,2.0,Soon
Apel,Temperate Fruit,Chiller,27.0,-6.0,Expired
Seledri,Leafy Vegetable,Freezer,7.0,14.0,Fresh
Selada,Leafy Vegetable,Chiller,4.0,3.0,Soon
Paprika,Chili Pepper,Chiller,13.0,1.0,Soon
Kiwi,Temperate Fruit,Freezer,16.0,37.0,Fresh
Ubi Jalar,Root Vegetable,Outside,5.0,9.0,Fresh
Bayam,Leafy Vegetable,Freezer,27.0,3.0,Soon
Pakcoy,Leafy Vegetable,Freezer,8.0,13.0,Fresh
Pepaya,Tropical Fruit,Freezer,12.0,18.0,Fresh
Blueberry,Berry,Freezer,34.0,-4.0,Expired
Paprika,Chili Pepper,Outside,0.0,5.0,Fresh
Pear,Temperate Fruit,Outside,4.0,1.0,Soon
Seledri,Leafy Vegetable,Chiller,6.0,1.0,Soon
Tomat,Tropical Fruit,Freezer,8.0,37.0,Fresh
Semangka,Tropical Fruit,Outside,3.0,4.0,Fresh
Jeruk Nipis,Citric Fruit,Outside,0.0,7.0,Fresh
Cabai Merah,Chili Pepper,Chiller,17.0,-3.0,Expired
Paprika,Chili Pepper,Chiller,2.0,12.0,Fresh
Ubi Jalar,Root Vegetable,Freezer,60.0,20.0,Fresh
Brokoli,Leafy Vegetable,Chiller,60.0,-1.0,Expired
Alpukat,Tropical Fruit,Freezer,1.0,12.0,Fresh
Seledri,Leafy Vegetable,Chiller,2.0,5.0,Fresh
Kangkung,Leafy Vegetable,Freezer,14.0,16.0,Fresh
Kentang,Root Vegetable,Chiller,60.0,19.0,Fresh
Selada,Leafy Vegetable,Outside,2.0,0.0,Expired
Pepaya,Tropical Fruit,Freezer,3.0,27.0,Fresh
Semangka,Tropical Fruit,Freezer,15.0,15.0,Fresh
Jeruk,Citric Fruit,Chiller,23.0,-2.0,Expired
Jeruk Nipis,Citric Fruit,Chiller,5.0,9.0,Fresh
Cabai Merah,Chili Pepper,Freezer,49.0,11.0,Fresh
Kiwi,Temperate Fruit,Chiller,5.0,9.0,Fresh
Nanas,Tropical Fruit,Freezer,36.0,-6.0,Expired
Pakcoy,Root Vegetable,Freezer,18.0,3.0,Soon
Jeruk Bali,Citric Fruit,Freezer,,26.0,Fresh
Pear,Temperate Fruit,Chiller,18.0,-4.0,Expired
Wortel,Root Vegetable,Chiller,2.0,19.0,Fresh
Jeruk,Citric Fruit,Freezer,36.0,24.0,Fresh
Apel,Temperate Fruit,Outside,0.0,7.0,Fresh
Kunyit,Root Vegetable,Chiller,0.0,30.0,Fresh
Pepaya,Tropical Fruit,Freezer,36.0,-6.0,Expired
Kol,Leafy Vegetable,Chiller,14.0,0.0,Expired
Semangka,Tropical Fruit,Freezer,14.0,16.0,Fresh
Jeruk,Citric Fruit,Outside,6.0,1.0,Soon
Alpukat,Tropical Fruit,Freezer,6.0,1.0,Soon
Cabai Merah,Root Vegetable,Outside,0.0,5.0,Fresh
Kentang,Root Vegetable,Freezer,28.0,2.0,Soon
Lemon,Citric Fruit,Chiller,9.0,12.0,Fresh
Lemon,Root Vegetable,Outside,4.0,3.0,Soon
Paprika,Chili Pepper,Chiller,10.0,4.0,Fresh
Blueberry,Berry,Chiller,3.0,4.0,Fresh
Raspberry,Berry,Chiller,3.0,2.0,Soon
Jeruk,Citric Fruit,Freezer,41.0,19.0,Fresh
Nanas,Tropical Fruit,Outside,3.0,-20.0,Soon
Ubi Jalar,Root Vegetable,Chiller,15.0,15.0,Fresh
Bawang Merah,Root Vegetable,Chiller,15.0,37.0,Fresh
Kentang,Root Vegetable,Outside,7.0,7.0,Fresh
Cabai Merah,Chili Pepper,Freezer,60.0,0.0,Expired
Tomat,Tropical Fruit,Chiller,3.0,11.0,Fresh
Cabai Rawit,Chili Pepper,Freezer,57.0,3.0,Soon
Jeruk Nipis,Citric Fruit,Freezer,7.0,0.0,Expired
Kunyit,Root Vegetable,Freezer,60.0,3.0,Soon
Wortel,Root Vegetable,Freezer,9.0,12.0,Fresh
Pakcoy,Leafy Vegetable,Freezer,25.0,-4.0,Expired
Nanas,Tropical Fruit,Chiller,8.0,-1.0,Expired
Stroberi,Berry,Outside,,1.0,Soon
Paprika,Chili Pepper,Chiller,7.0,7.0,Fresh
Jeruk Nipis,Citric Fruit,Outside,5.0,2.0,Soon
Jeruk Bali,Citric Fruit,Outside,8.0,6.0,Fresh
Anggur,Temperate Fruit,Outside,3.0,0.0,Expired
Jeruk,Citric Fruit,Chiller,11.0,10.0,Fresh
Kiwi,Temperate Fruit,Chiller,13.0,1.0,Soon
Jahe,Root Vegetable,Chiller,19.0,11.0,Fresh
Wortel,Root Vegetable,Freezer,60.0,20.0,Fresh
Pear,Temperate Fruit,Outside,3.0,2.0,Soon
Ubi Jalar,Root Vegetable,Freezer,,33.0,Fresh
Nanas,Tropical Fruit,Freezer,28.0,2.0,Soon
Nanas,Tropical Fruit,Freezer,,21.0,Fresh
Jeruk,Citric Fruit,Freezer,17.0,37.0,Fresh
Melon,Tropical Fruit,Freezer,3.0,27.0,Fresh
Mangga,Tropical Fruit,Chiller,9.0,-2.0,Expired
Kol,Leafy Vegetable,Freezer,16.0,14.0,Fresh
Kunyit,Root Vegetable,Freezer,36.0,37.0,Fresh
Bayam,Leafy Vegetable,Freezer,37.0,-7.0,Expired
Paprika,Chili Pepper,Outside,2.0,3.0,Soon
Brokoli,Leafy Vegetable,Chiller,2.0,8.0,Fresh
Kiwi,Temperate Fruit,Chiller,3.0,11.0,Fresh
Blueberry,Berry,Freezer,0.0,30.0,Fresh
Bawang Merah,Root Vegetable,Outside,36.0,-6.0,Expired
Brokoli,Root Vegetable,Chiller,1.0,9.0,Fresh
Sawi,Leafy Vegetable,Chiller,1.0,4.0,Fresh
Cabai Merah,Chili Pepper,Freezer,60.0,-6.0,Expired
Sawi,Leafy Vegetable,Freezer,5.0,0.0,Expired
Kunyit,Root Vegetable,Freezer,13.0,37.0,Fresh
Brokoli,Leafy Vegetable,Chiller,0.0,10.0,Fresh
Pisang,Tropical Fruit,Freezer,16.0,14.0,Fresh
Apel,Temperate Fruit,Chiller,6.0,15.0,Fresh
Apel,Temperate Fruit,Outside,2.0,5.0,Fresh
Apel,Temperate Fruit,Freezer,23.0,37.0,Fresh
Singkong,Root Vegetable,Freezer,24.0,6.0,Fresh
Mangga,Tropical Fruit,Freezer,13.0,17.0,Fresh
Alpukat,Tropical Fruit,Freezer,2.0,28.0,Fresh
Kol,Leafy Vegetable,Chiller,18.0,-4.0,Expired
Cabai Merah,Chili Pepper,Freezer,48.0,12.0,Fresh
Jeruk Bali,Citric Fruit,Outside,4.0,10.0,Fresh
Semangka,Root Vegetable,Chiller,7.0,3.0,Soon
Bayam,Leafy Vegetable,Outside,,0.0,Expired
Raspberry,Berry,Freezer,,6.0,Fresh
Lemon,Citric Fruit,Freezer,36.0,24.0,Fresh
Jeruk,Citric Fruit,Freezer,42.0,18.0,Fresh
Tomat,Tropical Fruit,Chiller,5.0,9.0,Fresh
Jeruk Bali,Citric Fruit,Freezer,30.0,30.0,Fresh
Cabai Rawit,Chili Pepper,Chiller,,5.0,Fresh
Semangka,Tropical Fruit,Freezer,37.0,-7.0,Expired
Pepaya,Tropical Fruit,Freezer,7.0,0.0,Expired
Melon,Tropical Fruit,Outside,5.0,0.0,Expired
Bawang Merah,Root Vegetable,Outside,15.0,15.0,Fresh
Kentang,Root Vegetable,Freezer,9.0,37.0,Fresh
Pepaya,Tropical Fruit,Freezer,27.0,3.0,Soon
Tomat,Tropical Fruit,Freezer,50.0,10.0,Fresh
Lemon,Citric Fruit,Freezer,22.0,37.0,Fresh
Jeruk Bali,Citric Fruit,Chiller,14.0,37.0,Fresh
Blueberry,Berry,Freezer,13.0,17.0,Fresh
Mangga,Tropical Fruit,Freezer,36.0,-6.0,Expired
Nanas,Tropical Fruit,Outside,1.0,4.0,Fresh
Apel,Temperate Fruit,Chiller,14.0,7.0,Fresh
Kentang,Root Vegetable,Chiller,6.0,24.0,Fresh
Kol,Leafy Vegetable,Freezer,2.0,1.0,Soon
Ubi Jalar,Root Vegetable,Chiller,26.0,4.0,Fresh
Seledri,Leafy Vegetable,Outside,,0.0,Expired
Melon,Tropical Fruit,Freezer,10.0,20.0,Fresh
Kol,Leafy Vegetable,Freezer,28.0,2.0,Soon
Jeruk Nipis,Citric Fruit,Freezer,23.0,37.0,Fresh
Kentang,Root Vegetable,Outside,15.0,-1.0,Expired
Selada,Leafy Vegetable,Freezer,11.0,19.0,Fresh
Jahe,Root Vegetable,Outside,9.0,5.0,Fresh
Cabai Merah,Chili Pepper,Freezer,6.0,37.0,Fresh
Singkong,Root Vegetable,Freezer,17.0,13.0,Fresh
Blueberry,Root Vegetable,Freezer,19.0,11.0,Fresh
Pear,Temperate Fruit,Chiller,2.0,12.0,Fresh
Kangkung,Leafy Vegetable,Freezer,16.0,14.0,Fresh
Lemon,Citric Fruit,Chiller,1.0,20.0,Fresh
Raspberry,Berry,Freezer,17.0,4.0,Fresh
Wortel,Root Vegetable,Chiller,19.0,2.0,Soon
Apel,Temperate Fruit,Outside,1.0,6.0,Fresh
Bawang Putih,Root Vegetable,Chiller,60.0,-8.0,Expired
Jahe,Root Vegetable,Outside,17.0,-3.0,Expired
Melon,Root Vegetable,Chiller,6.0,1.0,Soon
Kiwi,Temperate Fruit,Freezer,43.0,17.0,Fresh
Lemon,Citric Fruit,Freezer,60.0,37.0,Fresh
Ubi Jalar,Root Vegetable,Freezer,60.0,9.0,Fresh
Bayam,Leafy Vegetable,Freezer,36.0,-6.0,Expired
Melon,Tropical Fruit,Outside,3.0,2.0,Soon
Mangga,Root Vegetable,Freezer,33.0,-3.0,Expired
Ubi Jalar,Root Vegetable,Freezer,15.0,-1.0,Expired
Pepaya,Tropical Fruit,Freezer,24.0,6.0,Fresh
Anggur,Temperate Fruit,Freezer,34.0,-4.0,Expired
Wortel,Root Vegetable,Chiller,24.0,-3.0,Expired
Kiwi,Temperate Fruit,Freezer,5.0,37.0,Fresh
Melon,Tropical Fruit,Chiller,5.0,2.0,Soon
Kentang,Root Vegetable,Chiller,7.0,23.0,Fresh
Semangka,Tropical Fruit,Chiller,1.0,9.0,Fresh
Jeruk Bali,Citric Fruit,Outside,11.0,3.0,Soon
Jeruk Nipis,Citric Fruit,Freezer,58.0,2.0,Soon
Anggur,Temperate Fruit,Chiller,8.0,-1.0,Expired
Bawang Merah,Root Vegetable,Outside,1.0,29.0,Fresh
Lemon,Citric Fruit,Outside,,-20.0,Expired
Cabai Rawit,Chili Pepper,Freezer,4.0,6.0,Fresh
Kangkung,Leafy Vegetable,Outside,,-20.0,Expired
Stroberi,Berry,Freezer,13.0,17.0,Fresh
Wortel,Root Vegetable,Freezer,60.0,-20.0,Expired
Bayam,Leafy Vegetable,Freezer,1.0,29.0,Fresh
Kentang,Root Vegetable,Chiller,15.0,15.0,Fresh
Ubi Jalar,Root Vegetable,Outside,18.0,-4.0,Expired
Seledri,Leafy Vegetable,Freezer,19.0,2.0,Soon
Singkong,Root Vegetable,Freezer,30.0,0.0,Expired
Pisang,Tropical Fruit,Chiller,3.0,2.0,Soon
Jeruk,Citric Fruit,Chiller,21.0,0.0,Expired
Nanas,Tropical Fruit,Freezer,5.0,0.0,Expired
Kiwi,Temperate Fruit,Chiller,16.0,-2.0,Expired
Raspberry,Berry,Chiller,4.0,1.0,Soon
Blueberry,Berry,Chiller,4.0,3.0,Soon
Paprika,Chili Pepper,Freezer,5.0,37.0,Fresh
Pear,Temperate Fruit,Chiller,6.0,8.0,Fresh
Jeruk Nipis,Citric Fruit,Outside,2.0,5.0,Fresh
Seledri,Leafy Vegetable,Outside,1.0,1.0,Soon
Cabai Merah,Chili Pepper,Outside,3.0,2.0,Soon
Stroberi,Berry,Outside,0.0,2.0,Soon
Pear,Temperate Fruit,Outside,60.0,4.0,Fresh
Kentang,Root Vegetable,Freezer,8.0,6.0,Fresh
Ubi Jalar,Root Vegetable,Chiller,23.0,7.0,Fresh
Kol,Leafy Vegetable,Chiller,2.0,12.0,Fresh
Bayam,Leafy Vegetable,Freezer,0.0,5.0,Fresh
Wortel,Root Vegetable,Chiller,15.0,6.0,Fresh
Kangkung,Leafy Vegetable,Freezer,4.0,26.0,Fresh
Bawang Putih,Root Vegetable,Outside,8.0,37.0,Fresh
Wortel,Root Vegetable,Chiller,18.0,3.0,Soon
Kunyit,Root Vegetable,Outside,18.0,-4.0,Expired
Pakcoy,Leafy Vegetable,Freezer,13.0,8.0,Fresh
Bawang Merah,Root Vegetable,Freezer,51.0,37.0,Fresh
Wortel,Root Vegetable,Freezer,60.0,-1.0,Expired
Ubi Jalar,Root Vegetable,Outside,16.0,-2.0,Expired
Lemon,Citric Fruit,Chiller,23.0,-2.0,Expired
Lemon,Citric Fruit,Freezer,60.0,-3.0,Expired
Pear,Temperate Fruit,Freezer,60.0,-18.0,Expired
Jahe,Root Vegetable,Outside,8.0,6.0,Fresh
Kiwi,Temperate Fruit,Freezer,23.0,37.0,Fresh
Seledri,Leafy Vegetable,Chiller,60.0,3.0,Soon
Pear,Temperate Fruit,Chiller,8.0,6.0,Fresh
Tomat,Tropical Fruit,Freezer,1.0,4.0,Fresh
Melon,Tropical Fruit,Outside,1.0,4.0,Fresh
Kol,Leafy Vegetable,Outside,2.0,1.0,Soon
Sawi,Leafy Vegetable,Chiller,1.0,-1.0,Expired
Selada,Leafy Vegetable,Chiller,60.0,2.0,Soon
Pisang,Tropical Fruit,Freezer,33.0,-3.0,Expired
Seledri,Leafy Vegetable,Freezer,12.0,9.0,Fresh
Bayam,Leafy Vegetable,Chiller,4.0,1.0,Soon
Nanas,Tropical Fruit,Freezer,23.0,-20.0,Fresh
Cabai Rawit,Chili Pepper,Outside,1.0,3.0,Soon
Sawi,Root Vegetable,Freezer,24.0,6.0,Fresh
Selada,Leafy Vegetable,Chiller,,3.0,Soon
Jeruk Bali,Citric Fruit,Outside,3.0,11.0,Fresh
Ubi Jalar,Root Vegetable,Outside,17.0,-3.0,Expired
Bawang Merah,Root Vegetable,Outside,6.0,24.0,Fresh
Raspberry,Berry,Chiller,0.0,5.0,Fresh
Sawi,Leafy Vegetable,Chiller,3.0,2.0,Soon
Alpukat,Tropical Fruit,Chiller,7.0,0.0,Expired
Jeruk Bali,Citric Fruit,Freezer,44.0,16.0,Fresh
Blueberry,Berry,Chiller,2.0,5.0,Fresh
Kol,Leafy Vegetable,Chiller,12.0,2.0,Soon
Cabai Merah,Chili Pepper,Chiller,18.0,-4.0,Expired
Cabai Rawit,Chili Pepper,Outside,5.0,-1.0,Expired
Tomat,Tropical Fruit,Freezer,6.0,37.0,Fresh
Singkong,Root Vegetable,Chiller,9.0,-2.0,Expired
Nanas,Tropical Fruit,Freezer,9.0,21.0,Fresh
Jeruk,Root Vegetable,Chiller,12.0,9.0,Fresh
Melon,Root Vegetable,Freezer,5.0,25.0,Fresh
Raspberry,Berry,Freezer,0.0,2.0,Soon
Jahe,Root Vegetable,Chiller,18.0,12.0,Fresh
Wortel,Root Vegetable,Chiller,,-1.0,Expired
Bayam,Leafy Vegetable,Chiller,,5.0,Fresh
Stroberi,Berry,Freezer,27.0,3.0,Soon
Sawi,Leafy Vegetable,Freezer,1.0,0.0,Expired
Kiwi,Temperate Fruit,Freezer,60.0,-16.0,Expired
Anggur,Temperate Fruit,Freezer,2.0,28.0,Fresh
Alpukat,Tropical Fruit,Outside,5.0,3.0,Soon
Bawang Putih,Root Vegetable,Freezer,16.0,37.0,Fresh
Paprika,Chili Pepper,Chiller,4.0,10.0,Fresh
Jeruk,Citric Fruit,Chiller,18.0,3.0,Soon
Sawi,Leafy Vegetable,Outside,0.0,1.0,Soon
Jeruk Bali,Citric Fruit,Chiller,20.0,10.0,Fresh
Bawang Merah,Root Vegetable,Chiller,60.0,-10.0,Expired
Bawang Putih,Root Vegetable,Outside,13.0,32.0,Fresh
Jahe,Root Vegetable,Freezer,16.0,37.0,Fresh
Semangka,Tropical Fruit,Outside,4.0,3.0,Soon
Semangka,Tropical Fruit,Outside,6.0,1.0,Soon
Bawang Merah,Root Vegetable,Chiller,23.0,37.0,Fresh
Melon,Tropical Fruit,Chiller,4.0,3.0,Soon
Blueberry,Root Vegetable,Chiller,7.0,0.0,Expired
Kentang,Root Vegetable,Freezer,60.0,0.0,Expired
Jeruk,Citric Fruit,Freezer,4.0,37.0,Fresh
Ubi Jalar,Root Vegetable,Freezer,60.0,29.0,Fresh
Wortel,Root Vegetable,Outside,1.0,4.0,Fresh
Pear,Temperate Fruit,Freezer,60.0,-16.0,Expired
Nanas,Tropical Fruit,Freezer,26.0,4.0,Fresh
Mangga,Tropical Fruit,Freezer,7.0,23.0,Fresh
Kangkung,Root Vegetable,Outside,0.0,1.0,Soon
Raspberry,Berry,Chiller,6.0,-1.0,Expired
Raspberry,Berry,Freezer,6.0,15.0,Fresh
Ubi Jalar,Root Vegetable,Chiller,27.0,3.0,Soon
Brokoli,Leafy Vegetable,Freezer,19.0,11.0,Fresh
Tomat,Tropical Fruit,Freezer,3.0,37.0,Fresh
Selada,Leafy Vegetable,Outside,0.0,-20.0,Soon
Nanas,Tropical Fruit,Chiller,5.0,2.0,Soon
Cabai Merah,Chili Pepper,Outside,6.0,-1.0,Expired
Seledri,Leafy Vegetable,Freezer,22.0,-20.0,Expired
Paprika,Chili Pepper,Freezer,60.0,-8.0,Expired
Kol,Root Vegetable,Freezer,1.0,29.0,Fresh
Apel,Temperate Fruit,Chiller,1.0,20.0,Fresh
Alpukat,Tropical Fruit,Freezer,8.0,22.0,Fresh
Alpukat,Tropical Fruit,Freezer,9.0,21.0,Fresh
Seledri,Leafy Vegetable,Freezer,0.0,21.0,Fresh
Jeruk Nipis,Citric Fruit,Chiller,14.0,0.0,Expired
Wortel,Root Vegetable,Outside,3.0,2.0,Soon
Cabai Merah,Chili Pepper,Freezer,21.0,37.0,Fresh
Kunyit,Root Vegetable,Outside,,6.0,Fresh
Bawang Merah,Root Vegetable,Outside,31.0,-1.0,Expired
Wortel,Root Vegetable,Freezer,60.0,-6.0,Expired
Singkong,Root Vegetable,Chiller,7.0,0.0,Expired
Kunyit,Root Vegetable,Freezer,60.0,-1.0,Expired
Kiwi,Temperate Fruit,Outside,0.0,5.0,Fresh
Semangka,Tropical Fruit,Freezer,19.0,11.0,Fresh
Jahe,Root Vegetable,Freezer,17.0,37.0,Fresh
Tomat,Tropical Fruit,Freezer,52.0,8.0,Fresh
Mangga,Tropical Fruit,Freezer,24.0,6.0,Fresh
Kentang,Root Vegetable,Chiller,31.0,-1.0,Expired
Mangga,Tropical Fruit,Outside,4.0,1.0,Soon
Jeruk Bali,Citric Fruit,Chiller,25.0,5.0,Fresh
Brokoli,Root Vegetable,Freezer,35.0,-5.0,Expired
Apel,Temperate Fruit,Outside,3.0,4.0,Fresh
Paprika,Chili Pepper,Outside,4.0,1.0,Soon
Kentang,Root Vegetable,Outside,16.0,-2.0,Expired
Kunyit,Root Vegetable,Freezer,10.0,37.0,Fresh
Cabai Rawit,Chili Pepper,Freezer,29.0,31.0,Fresh
Singkong,Root Vegetable,Freezer,20.0,10.0,Fresh
Apel,Temperate Fruit,Chiller,13.0,8.0,Fresh
Sawi,Leafy Vegetable,Freezer,36.0,-6.0,Expired
Melon,Tropical Fruit,Freezer,9.0,21.0,Fresh
Jahe,Root Vegetable,Chiller,10.0,20.0,Fresh
Raspberry,Berry,Freezer,7.0,14.0,Fresh
Bawang Putih,Root Vegetable,Chiller,60.0,6.0,Fresh
Kunyit,Root Vegetable,Outside,3.0,11.0,Fresh
Kunyit,Root Vegetable,Outside,12.0,2.0,Soon
Bayam,Leafy Vegetable,Chiller,5.0,0.0,Expired
Seledri,Leafy Vegetable,Chiller,7.0,0.0,Expired
Selada,Leafy Vegetable,Freezer,21.0,9.0,Fresh
Selada,Leafy Vegetable,Freezer,33.0,-3.0,Expired
Tomat,Tropical Fruit,Freezer,60.0,-4.0,Expired
Pepaya,Tropical Fruit,Freezer,11.0,19.0,Fresh
Bayam,Leafy Vegetable,Freezer,35.0,-5.0,Expired
Wortel,Root Vegetable,Freezer,60.0,-9.0,Expired
Apel,Root Vegetable,Outside,0.0,7.0,Fresh
Pear,Temperate Fruit,Freezer,18.0,-4.0,Expired
Tomat,Root Vegetable,Freezer,60.0,-15.0,Expired
Lemon,Citric Fruit,Outside,0.0,7.0,Fresh
Seledri,Leafy Vegetable,Freezer,17.0,4.0,Fresh
Wortel,Root Vegetable,Chiller,13.0,8.0,Fresh
Pakcoy,Leafy Vegetable,Freezer,10.0,11.0,Fresh
Ubi Jalar,Root Vegetable,Freezer,60.0,-20.0,Expired
Jeruk,Citric Fruit,Chiller,9.0,12.0,Fresh
Paprika,Chili Pepper,Freezer,26.0,34.0,Fresh
Alpukat,Tropical Fruit,Outside,3.0,0.0,Expired
Mangga,Tropical Fruit,Outside,5.0,1.0,Soon
Bawang Putih,Root Vegetable,Chiller,1.0,37.0,Fresh
Brokoli,Leafy Vegetable,Chiller,,2.0,Soon
Semangka,Tropical Fruit,Chiller,12.0,-2.0,Expired
Melon,Root Vegetable,Chiller,7.0,0.0,Expired
Bawang Putih,Root Vegetable,Freezer,1.0,37.0,Fresh
Kunyit,Root Vegetable,Outside,13.0,1.0,Soon
Singkong,Root Vegetable,Freezer,38.0,-8.0,Expired
Anggur,Temperate Fruit,Chiller,3.0,4.0,Fresh
Kol,Leafy Vegetable,Chiller,5.0,9.0,Fresh
Apel,Temperate Fruit,Freezer,,37.0,Fresh
Pakcoy,Leafy Vegetable,Chiller,5.0,0.0,Expired
Cabai Rawit,Chili Pepper,Freezer,16.0,37.0,Fresh
Blueberry,Berry,Freezer,30.0,0.0,Expired
Bawang Putih,Root Vegetable,Freezer,,37.0,Fresh
Jeruk Nipis,Citric Fruit,Freezer,37.0,23.0,Fresh
Anggur,Temperate Fruit,Freezer,7.0,0.0,Expired
Jahe,Root Vegetable,Freezer,12.0,37.0,Fresh
Anggur,Temperate Fruit,Freezer,9.0,21.0,Fresh
Jahe,Root Vegetable,Chiller,5.0,25.0,Fresh
Cabai Merah,Chili Pepper,Outside,2.0,3.0,Soon
Jeruk Bali,Citric Fruit,Freezer,1.0,37.0,Fresh
Pepaya,Tropical Fruit,Outside,0.0,-20.0,Fresh
Apel,Temperate Fruit,Chiller,25.0,-4.0,Expired
Pear,Temperate Fruit,Freezer,60.0,-8.0,Expired
Bayam,Leafy Vegetable,Freezer,22.0,8.0,Fresh
Singkong,Root Vegetable,Freezer,32.0,-2.0,Expired
Pepaya,Tropical Fruit,Freezer,23.0,7.0,Fresh
Brokoli,Leafy Vegetable,Outside,2.0,-20.0,Expired
Pear,Temperate Fruit,Freezer,45.0,15.0,Fresh
Kunyit,Root Vegetable,Freezer,60.0,-20.0,Expired
Bawang Putih,Root Vegetable,Outside,2.0,37.0,Fresh
Kentang,Root Vegetable,Chiller,37.0,-7.0,Expired
Stroberi,Berry,Freezer,1.0,29.0,Fresh
Brokoli,Leafy Vegetable,Chiller,3.0,7.0,Fresh
Nanas,Tropical Fruit,Outside,2.0,3.0,Soon
Kentang,Root Vegetable,Freezer,19.0,37.0,Fresh
Pisang,Tropical Fruit,Chiller,2.0,3.0,Soon
Wortel,Root Vegetable,Outside,4.0,1.0,Soon
Jeruk,Citric Fruit,Freezer,,37.0,Fresh
Cabai Merah,Chili Pepper,Freezer,,-3.0,Expired
Jeruk,Citric Fruit,Chiller,,13.0,Fresh
Kunyit,Root Vegetable,Freezer,49.0,37.0,Fresh
Pakcoy,Leafy Vegetable,Chiller,60.0,-20.0,Soon
Mangga,Tropical Fruit,Outside,6.0,-1.0,Expired
Semangka,Tropical Fruit,Chiller,6.0,4.0,Fresh
Alpukat,Tropical Fruit,Freezer,20.0,10.0,Fresh
Raspberry,Root Vegetable,Freezer,19.0,2.0,Soon
Cabai Rawit,Chili Pepper,Outside,60.0,4.0,Fresh
Anggur,Temperate Fruit,Freezer,8.0,22.0,Fresh
Tomat,Tropical Fruit,Outside,4.0,1.0,Soon
Brokoli,Leafy Vegetable,Freezer,13.0,17.0,Fresh
Tomat,Tropical Fruit,Chiller,12.0,2.0,Soon
Wortel,Root Vegetable,Freezer,21.0,37.0,Fresh
Ubi Jalar,Root Vegetable,Chiller,12.0,18.0,Fresh
Singkong,Root Vegetable,Freezer,0.0,3.0,Soon
Jahe,Root Vegetable,Freezer,60.0,21.0,Fresh
Bawang Merah,Root Vegetable,Freezer,35.0,37.0,Fresh
Nanas,Tropical Fruit,Freezer,4.0,1.0,Soon
Pakcoy,Root Vegetable,Outside,1.0,0.0,Expired
Apel,Temperate Fruit,Freezer,60.0,-10.0,Expired
Blueberry,Berry,Freezer,18.0,12.0,Fresh
Kangkung,Leafy Vegetable,Freezer,23.0,7.0,Fresh
Lemon,Citric Fruit,Outside,,7.0,Fresh
Jeruk Nipis,Citric Fruit,Chiller,17.0,-3.0,Expired
Kentang,Root Vegetable,Chiller,,18.0,Fresh
Jeruk Bali,Citric Fruit,Freezer,60.0,-11.0,Expired
Kiwi,Temperate Fruit,Freezer,7.0,37.0,Fresh
Kunyit,Root Vegetable,Outside,8.0,6.0,Fresh
Pisang,Tropical Fruit,Freezer,4.0,26.0,Fresh
Jeruk,Citric Fruit,Chiller,6.0,15.0,Fresh
Ubi Jalar,Root Vegetable,Freezer,60.0,-11.0,Expired
Kentang,Root Vegetable,Freezer,36.0,37.0,Fresh
Stroberi,Root Vegetable,Chiller,0.0,5.0,Fresh
Bawang Merah,Root Vegetable,Chiller,21.0,37.0,Fresh
Kiwi,Temperate Fruit,Chiller,6.0,8.0,Fresh
Pakcoy,Leafy Vegetable,Freezer,26.0,-5.0,Expired
Apel,Temperate Fruit,Freezer,53.0,37.0,Fresh
Pepaya,Tropical Fruit,Chiller,9.0,-2.0,Expired
Jeruk,Root Vegetable,Freezer,22.0,37.0,Fresh
Raspberry,Berry,Freezer,21.0,0.0,Expired
Jeruk Bali,Citric Fruit,Outside,14.0,0.0,Expired
Kentang,Root Vegetable,Freezer,60.0,20.0,Fresh
Kunyit,Root Vegetable,Outside,1.0,13.0,Fresh
Alpukat,Tropical Fruit,Freezer,24.0,6.0,Fresh
Ubi Jalar,Root Vegetable,Freezer,60.0,-2.0,Expired
Bawang Putih,Root Vegetable,Chiller,60.0,-5.0,Expired
Pepaya,Tropical Fruit,Chiller,8.0,-1.0,Expired
Apel,Temperate Fruit,Chiller,21.0,0.0,Expired
Bawang Putih,Root Vegetable,Chiller,60.0,23.0,Fresh
Jeruk Bali,Root Vegetable,Chiller,37.0,-7.0,Expired
Tomat,Tropical Fruit,Freezer,21.0,37.0,Fresh
Kol,Leafy Vegetable,Chiller,11.0,3.0,Soon
Semangka,Tropical Fruit,Freezer,26.0,4.0,Fresh
Apel,Temperate Fruit,Chiller,2.0,19.0,Fresh
Bawang Merah,Root Vegetable,Outside,4.0,26.0,Fresh
Bawang Merah,Root Vegetable,Chiller,0.0,37.0,Fresh
Pisang,Tropical Fruit,Freezer,0.0,30.0,Fresh
Kiwi,Temperate Fruit,Chiller,17.0,-3.0,Expired
Jeruk Bali,Citric Fruit,Outside,15.0,-1.0,Expired
Kentang,Root Vegetable,Freezer,60.0,17.0,Fresh
Pepaya,Tropical Fruit,Outside,,4.0,Fresh
Kentang,Root Vegetable,Freezer,60.0,-9.0,Expired
Anggur,Temperate Fruit,Freezer,14.0,16.0,Fresh
Jeruk Bali,Citric Fruit,Freezer,38.0,22.0,Fresh
Jahe,Root Vegetable,Freezer,27.0,37.0,Fresh
Apel,Temperate Fruit,Chiller,8.0,13.0,Fresh
Tomat,Tropical Fruit,Outside,6.0,-1.0,Expired
Melon,Tropical Fruit,Outside,3.0,-20.0,Soon
Jeruk Nipis,Citric Fruit,Freezer,18.0,37.0,Fresh
Jahe,Root Vegetable,Chiller,20.0,10.0,Fresh
Bawang Merah,Root Vegetable,Chiller,38.0,22.0,Fresh
Lemon,Citric Fruit,Chiller,12.0,9.0,Fresh
Tomat,Tropical Fruit,Outside,0.0,5.0,Fresh
Kol,Root Vegetable,Outside,2.0,1.0,Soon
Anggur,Temperate Fruit,Freezer,26.0,4.0,Fresh
Blueberry,Root Vegetable,Outside,5.0,0.0,Expired
Paprika,Chili Pepper,Freezer,28.0,32.0,Fresh
Lemon,Citric Fruit,Freezer,27.0,33.0,Fresh
Cabai Rawit,Chili Pepper,Freezer,11.0,37.0,Fresh
Wortel,Root Vegetable,Freezer,60.0,18.0,Fresh
Cabai Rawit,Chili Pepper,Freezer,0.0,10.0,Fresh
Cabai Rawit,Chili Pepper,Chiller,13.0,-3.0,Expired
Bayam,Leafy Vegetable,Freezer,11.0,19.0,Fresh
Singkong,Root Vegetable,Chiller,4.0,3.0,Soon
Brokoli,Leafy Vegetable,Freezer,2.0,28.0,Fresh
Jahe,Root Vegetable,Freezer,60.0,-17.0,Expired
Kiwi,Temperate Fruit,Freezer,14.0,37.0,Fresh
Sawi,Leafy Vegetable,Chiller,6.0,-1.0,Expired
Nanas,Tropical Fruit,Outside,6.0,-1.0,Expired
Bawang Merah,Root Vegetable,Outside,18.0,12.0,Fresh
Kentang,Root Vegetable,Freezer,60.0,29.0,Fresh
Pakcoy,Root Vegetable,Freezer,0.0,1.0,Soon
Lemon,Citric Fruit,Outside,1.0,6.0,Fresh
Pepaya,Tropical Fruit,Freezer,60.0,-5.0,Expired
Raspberry,Berry,Freezer,18.0,3.0,Soon
Raspberry,Berry,Freezer,24.0,-3.0,Expired
Jeruk Bali,Citric Fruit,Chiller,5.0,25.0,Fresh
Seledri,Leafy Vegetable,Freezer,22.0,-1.0,Expired
Seledri,Leafy Vegetable,Outside,2.0,0.0,Expired
Seledri,Leafy Vegetable,Freezer,21.0,0.0,Expired
Kunyit,Root Vegetable,Freezer,60.0,-19.0,Expired
Selada,Leafy Vegetable,Freezer,12.0,18.0,Fresh
Seledri,Leafy Vegetable,Freezer,24.0,-3.0,Expired
Cabai Rawit,Chili Pepper,Chiller,2.0,8.0,Fresh
Kol,Leafy Vegetable,Freezer,8.0,22.0,Fresh
Bawang Merah,Root Vegetable,Chiller,60.0,16.0,Fresh
Semangka,Tropical Fruit,Freezer,21.0,9.0,Fresh
Singkong,Root Vegetable,Freezer,9.0,-2.0,Expired
Pakcoy,Leafy Vegetable,Freezer,23.0,-2.0,Expired
Cabai Rawit,Chili Pepper,Chiller,3.0,7.0,Fresh
Selada,Leafy Vegetable,Freezer,17.0,13.0,Fresh
Wortel,Root Vegetable,Chiller,8.0,13.0,Fresh
Pisang,Tropical Fruit,Freezer,13.0,17.0,Fresh
Jeruk Bali,Citric Fruit,Freezer,60.0,-15.0,Expired
Pepaya,Tropical Fruit,Chiller,4.0,3.0,Soon
Lemon,Citric Fruit,Chiller,24.0,-3.0,Expired
Brokoli,Leafy Vegetable,Chiller,11.0,-1.0,Expired
Raspberry,Berry,Freezer,10.0,11.0,Fresh
Pear,Root Vegetable,Freezer,50.0,10.0,Fresh
Wortel,Root Vegetable,Freezer,60.0,9.0,Fresh
Brokoli,Leafy Vegetable,Freezer,12.0,18.0,Fresh
Jeruk,Citric Fruit,Freezer,55.0,5.0,Fresh
Kunyit,Root Vegetable,Freezer,60.0,26.0,Fresh
Selada,Leafy Vegetable,Chiller,6.0,1.0,Soon
Selada,Leafy Vegetable,Freezer,36.0,-6.0,Expired
Anggur,Temperate Fruit,Outside,2.0,1.0,Soon
Stroberi,Berry,Freezer,,-1.0,Expired
Alpukat,Tropical Fruit,Chiller,,4.0,Fresh
Melon,Tropical Fruit,Freezer,14.0,16.0,Fresh
Melon,Tropical Fruit,Chiller,2.0,5.0,Fresh
Lemon,Citric Fruit,Freezer,19.0,37.0,Fresh
Semangka,Tropical Fruit,Freezer,2.0,-20.0,Fresh
Jeruk,Citric Fruit,Freezer,20.0,1.0,Soon
Semangka,Tropical Fruit,Freezer,12.0,18.0,Fresh
Tomat,Tropical Fruit,Freezer,43.0,17.0,Fresh
Jahe,Root Vegetable,Freezer,60.0,10.0,Fresh
Cabai Merah,Chili Pepper,Freezer,38.0,22.0,Fresh
Ubi Jalar,Root Vegetable,Chiller,5.0,25.0,Fresh
Selada,Leafy Vegetable,Chiller,8.0,-1.0,Expired
Mangga,Tropical Fruit,Chiller,2.0,5.0,Fresh
Apel,Temperate Fruit,Freezer,60.0,18.0,Fresh
Sawi,Leafy Vegetable,Chiller,4.0,1.0,Soon
Jeruk Nipis,Citric Fruit,Outside,4.0,3.0,Soon
Singkong,Root Vegetable,Chiller,1.0,6.0,Fresh
Kentang,Root Vegetable,Freezer,,37.0,Fresh
Anggur,Temperate Fruit,Freezer,60.0,0.0,Expired
Ubi Jalar,Root Vegetable,Freezer,29.0,37.0,Fresh
Kiwi,Temperate Fruit,Freezer,,37.0,Fresh
Kunyit,Root Vegetable,Chiller,11.0,19.0,Fresh
Melon,Tropical Fruit,Chiller,6.0,1.0,Soon
Wortel,Root Vegetable,Chiller,11.0,10.0,Fresh
Paprika,Chili Pepper,Freezer,47.0,13.0,Fresh
Seledri,Leafy Vegetable,Freezer,9.0,12.0,Fresh
Kiwi,Temperate Fruit,Chiller,7.0,7.0,Fresh
Seledri,Leafy Vegetable,Chiller,5.0,2.0,Soon
Semangka,Tropical Fruit,Chiller,10.0,0.0,Expired
Cabai Merah,Chili Pepper,Freezer,58.0,2.0,Soon
Pepaya,Root Vegetable,Freezer,27.0,3.0,Soon
Kunyit,Root Vegetable,Freezer,60.0,-4.0,Expired
Lemon,Citric Fruit,Outside,7.0,0.0,Expired
Cabai Merah,Chili Pepper,Freezer,53.0,7.0,Fresh
Pepaya,Tropical Fruit,Freezer,37.0,-7.0,Expired
Bawang Putih,Root Vegetable,Freezer,19.0,37.0,Fresh
Pear,Temperate Fruit,Freezer,60.0,-1.0,Expired
Ubi Jalar,Root Vegetable,Freezer,17.0,37.0,Fresh
Nanas,Tropical Fruit,Freezer,30.0,0.0,Expired
Kentang,Root Vegetable,Chiller,26.0,4.0,Fresh
Cabai Rawit,Chili Pepper,Outside,60.0,0.0,Expired
Kangkung,Root Vegetable,Freezer,16.0,14.0,Fresh
Pepaya,Tropical Fruit,Freezer,21.0,9.0,Fresh
Nanas,Tropical Fruit,Freezer,7.0,23.0,Fresh
Tomat,Tropical Fruit,Freezer,33.0,-20.0,Fresh
Kol,Leafy Vegetable,Freezer,21.0,9.0,Fresh
Jeruk Bali,Citric Fruit,Outside,17.0,-3.0,Expired
Pisang,Tropical Fruit,Freezer,6.0,-1.0,Expired
Pepaya,Tropical Fruit,Freezer,19.0,11.0,Fresh
Alpukat,Tropical Fruit,Freezer,38.0,-8.0,Expired
Lemon,Citric Fruit,Freezer,12.0,9.0,Fresh
Pear,Temperate Fruit,Chiller,16.0,-2.0,Expired
Singkong,Root Vegetable,Chiller,,5.0,Fresh
Jeruk,Citric Fruit,Chiller,24.0,-3.0,Expired
Seledri,Leafy Vegetable,Chiller,,-1.0,Expired
Kol,Leafy Vegetable,Freezer,1.0,29.0,Fresh
Jeruk,Citric Fruit,Freezer,46.0,14.0,Fresh
Bawang Merah,Root Vegetable,Outside,21.0,9.0,Fresh
Brokoli,Leafy Vegetable,Chiller,1.0,9.0,Fresh
Paprika,Chili Pepper,Outside,5.0,0.0,Expired
Tomat,Tropical Fruit,Freezer,60.0,-9.0,Expired
Paprika,Chili Pepper,Chiller,5.0,-20.0,Fresh
Alpukat,Tropical Fruit,Freezer,7.0,0.0,Expired
Blueberry,Berry,Freezer,11.0,19.0,Fresh
Bawang Putih,Root Vegetable,Freezer,53.0,37.0,Fresh
Apel,Temperate Fruit,Freezer,47.0,37.0,Fresh
Pisang,Tropical Fruit,Freezer,12.0,18.0,Fresh
Singkong,Root Vegetable,Freezer,1.0,2.0,Soon
Pakcoy,Leafy Vegetable,Freezer,17.0,4.0,Fresh
Kangkung,Leafy Vegetable,Chiller,1.0,-20.0,Soon
Pepaya,Tropical Fruit,Freezer,5.0,25.0,Fresh
Selada,Leafy Vegetable,Freezer,16.0,14.0,Fresh
Anggur,Temperate Fruit,Freezer,7.0,23.0,Fresh
Kunyit,Root Vegetable,Chiller,26.0,4.0,Fresh
Stroberi,Berry,Freezer,34.0,-4.0,Expired
Paprika,Chili Pepper,Freezer,,27.0,Fresh
Bayam,Leafy Vegetable,Freezer,,9.0,Fresh
Paprika,Chili Pepper,Freezer,11.0,37.0,Fresh
Kunyit,Root Vegetable,Chiller,7.0,23.0,Fresh
Nanas,Tropical Fruit,Freezer,,24.0,Fresh
Bayam,Leafy Vegetable,Chiller,0.0,-20.0,Fresh
Jahe,Root Vegetable,Outside,0.0,14.0,Fresh
Cabai Merah,Chili Pepper,Chiller,12.0,2.0,Soon
Bawang Putih,Root Vegetable,Freezer,57.0,37.0,Fresh
Kol,Leafy Vegetable,Chiller,1.0,11.0,Fresh
Pakcoy,Leafy Vegetable,Freezer,5.0,16.0,Fresh
Pakcoy,Root Vegetable,Freezer,21.0,0.0,Expired
Kangkung,Root Vegetable,Freezer,1.0,29.0,Fresh
Jeruk Nipis,Citric Fruit,Freezer,53.0,7.0,Fresh
Bawang Putih,Root Vegetable,Chiller,60.0,27.0,Fresh
Jeruk Bali,Citric Fruit,Chiller,1.0,29.0,Fresh
Jeruk,Citric Fruit,Chiller,1.0,20.0,Fresh
Stroberi,Berry,Freezer,37.0,-7.0,Expired
Alpukat,Tropical Fruit,Freezer,11.0,19.0,Fresh
Kentang,Root Vegetable,Chiller,9.0,21.0,Fresh
Semangka,Tropical Fruit,Freezer,32.0,-2.0,Expired
Stroberi,Berry,Chiller,0.0,5.0,Fresh
Seledri,Leafy Vegetable,Freezer,5.0,16.0,Fresh
Pepaya,Tropical Fruit,Freezer,18.0,-20.0,Fresh
Tomat,Tropical Fruit,Freezer,60.0,-8.0,Expired
Blueberry,Berry,Freezer,22.0,8.0,Fresh
Jeruk Bali,Citric Fruit,Chiller,26.0,4.0,Fresh
Apel,Temperate Fruit,Chiller,15.0,6.0,Fresh
Seledri,Leafy Vegetable,Chiller,3.0,4.0,Fresh
Jeruk Bali,Citric Fruit,Outside,2.0,12.0,Fresh
Pakcoy,Leafy Vegetable,Freezer,12.0,9.0,Fresh
Sawi,Leafy Vegetable,Chiller,0.0,5.0,Fresh
Cabai Merah,Chili Pepper,Chiller,,9.0,Fresh
Ubi Jalar,Root Vegetable,Freezer,60.0,-5.0,Expired
Blueberry,Berry,Freezer,1.0,12.0,Fresh
Bawang Putih,Root Vegetable,Outside,46.0,-1.0,Expired
Alpukat,Tropical Fruit,Freezer,16.0,14.0,Fresh
Pisang,Tropical Fruit,Chiller,0.0,5.0,Fresh
Alpukat,Tropical Fruit,Freezer,27.0,3.0,Soon
Kunyit,Root Vegetable,Freezer,60.0,-9.0,Expired
Lemon,Citric Fruit,Outside,5.0,2.0,Soon
Bawang Merah,Root Vegetable,Chiller,22.0,37.0,Fresh
Jeruk Nipis,Root Vegetable,Freezer,11.0,37.0,Fresh
Kol,Leafy Vegetable,Freezer,36.0,-6.0,Expired
Apel,Temperate Fruit,Freezer,60.0,8.0,Fresh
Tomat,Tropical Fruit,Outside,5.0,0.0,Expired
Pear,Temperate Fruit,Outside,2.0,3.0,Soon
Tomat,Tropical Fruit,Freezer,16.0,37.0,Fresh
Bayam,Root Vegetable,Freezer,20.0,10.0,Fresh
Bawang Putih,Root Vegetable,Chiller,60.0,-20.0,Expired
Pear,Temperate Fruit,Outside,1.0,4.0,Fresh
Bawang Merah,Root Vegetable,Outside,2.0,28.0,Fresh
Kiwi,Temperate Fruit,Freezer,30.0,30.0,Fresh
Singkong,Root Vegetable,Freezer,2.0,5.0,Fresh
Pisang,Tropical Fruit,Freezer,36.0,-6.0,Expired
Kiwi,Temperate Fruit,Outside,,0.0,Expired
Tomat,Tropical Fruit,Freezer,48.0,12.0,Fresh
Kiwi,Temperate Fruit,Freezer,1.0,4.0,Fresh
Mangga,Tropical Fruit,Chiller,8.0,-1.0,Expired
Alpukat,Tropical Fruit,Freezer,7.0,23.0,Fresh
Kangkung,Leafy Vegetable,Freezer,,6.0,Fresh
Jeruk Nipis,Root Vegetable,Freezer,13.0,37.0,Fresh
Kiwi,Temperate Fruit,Freezer,19.0,37.0,Fresh
Kiwi,Temperate Fruit,Freezer,60.0,-18.0,Expired
Jahe,Root Vegetable,Freezer,55.0,35.0,Fresh
Kiwi,Temperate Fruit,Freezer,1.0,37.0,Fresh
Mangga,Tropical Fruit,Chiller,1.0,6.0,Fresh
Wortel,Root Vegetable,Chiller,4.0,17.0,Fresh
Semangka,Tropical Fruit,Chiller,,0.0,Expired
Stroberi,Berry,Freezer,15.0,15.0,Fresh
Seledri,Leafy Vegetable,Outside,60.0,0.0,Expired
Pepaya,Tropical Fruit,Freezer,8.0,22.0,Fresh
Jeruk,Citric Fruit,Outside,3.0,4.0,Fresh
Semangka,Root Vegetable,Freezer,0.0,10.0,Fresh
Apel,Temperate Fruit,Chiller,7.0,14.0,Fresh
Sawi,Leafy Vegetable,Freezer,34.0,-4.0,Expired
Cabai Rawit,Chili Pepper,Freezer,2.0,37.0,Fresh
Apel,Temperate Fruit,Chiller,11.0,10.0,Fresh
Melon,Tropical Fruit,Freezer,32.0,-2.0,Expired
Apel,Root Vegetable,Freezer,60.0,-16.0,Expired
Jeruk Nipis,Citric Fruit,Freezer,4.0,37.0,Fresh
Jahe,Root Vegetable,Chiller,1.0,29.0,Fresh
Lemon,Citric Fruit,Freezer,60.0,-15.0,Expired
Nanas,Tropical Fruit,Freezer,29.0,1.0,Soon
Ubi Jalar,Root Vegetable,Freezer,60.0,19.0,Fresh
Seledri,Leafy Vegetable,Freezer,15.0,6.0,Fresh
Jeruk,Citric Fruit,Outside,5.0,1.0,Soon
Jeruk Bali,Citric Fruit,Freezer,4.0,37.0,Fresh
Pear,Temperate Fruit,Freezer,27.0,33.0,Fresh
Brokoli,Leafy Vegetable,Freezer,26.0,4.0,Fresh
Jeruk Nipis,Citric Fruit,Freezer,54.0,6.0,Fresh
Bawang Merah,Root Vegetable,Freezer,31.0,37.0,Fresh
Sawi,Leafy Vegetable,Freezer,30.0,0.0,Expired
Kunyit,Root Vegetable,Outside,60.0,-2.0,Expired
Melon,Tropical Fruit,Chiller,0.0,7.0,Fresh
Pisang,Tropical Fruit,Chiller,1.0,4.0,Fresh
Bawang Putih,Root Vegetable,Freezer,48.0,37.0,Fresh
Ubi Jalar,Root Vegetable,Outside,,13.0,Fresh
Pepaya,Root Vegetable,Chiller,7.0,0.0,Expired
Jeruk,Citric Fruit,Freezer,21.0,37.0,Fresh
Kunyit,Root Vegetable,Freezer,55.0,35.0,Fresh
Pisang,Tropical Fruit,Freezer,5.0,25.0,Fresh
Bawang Merah,Root Vegetable,Freezer,60.0,2.0,Soon
Kiwi,Temperate Fruit,Outside,3.0,2.0,Soon
Bayam,Leafy Vegetable,Freezer,7.0,23.0,Fresh
Kangkung,Leafy Vegetable,Freezer,34.0,-4.0,Expired
Cabai Merah,Chili Pepper,Freezer,30.0,30.0,Fresh
Mangga,Tropical Fruit,Freezer,25.0,5.0,Fresh
Nanas,Tropical Fruit,Freezer,33.0,-3.0,Expired
Jeruk Bali,Root Vegetable,Freezer,7.0,7.0,Fresh
Jeruk Bali,Citric Fruit,Chiller,27.0,3.0,Soon
Paprika,Chili Pepper,Freezer,33.0,27.0,Fresh
Lemon,Citric Fruit,Freezer,60.0,-13.0,Expired
Semangka,Tropical Fruit,Freezer,18.0,12.0,Fresh
Seledri,Leafy Vegetable,Freezer,2.0,19.0,Fresh
Alpukat,Tropical Fruit,Freezer,33.0,-3.0,Expired
Kentang,Root Vegetable,Outside,,10.0,Fresh
Paprika,Chili Pepper,Freezer,4.0,10.0,Fresh
Pear,Temperate Fruit,Freezer,18.0,37.0,Fresh
Jeruk,Citric Fruit,Outside,4.0,3.0,Soon
Wortel,Root Vegetable,Freezer,17.0,37.0,Fresh
Mangga,Tropical Fruit,Freezer,7.0,0.0,Expired
Pepaya,Tropical Fruit,Outside,,1.0,Soon
Jahe,Root Vegetable,Freezer,60.0,17.0,Fresh
Stroberi,Root Vegetable,Freezer,22.0,8.0,Fresh
Anggur,Temperate Fruit,Outside,,0.0,Expired
Brokoli,Leafy Vegetable,Freezer,1.0,1.0,Soon
Jeruk,Citric Fruit,Chiller,,-3.0,Expired
Cabai Rawit,Chili Pepper,Freezer,45.0,15.0,Fresh
Kangkung,Leafy Vegetable,Freezer,28.0,2.0,Soon
Apel,Temperate Fruit,Chiller,18.0,3.0,Soon
Apel,Temperate Fruit,Chiller,5.0,16.0,Fresh
Singkong,Root Vegetable,Freezer,,9.0,Fresh
Kentang,Root Vegetable,Outside,5.0,9.0,Fresh
Lemon,Citric Fruit,Freezer,6.0,15.0,Fresh
Lemon,Citric Fruit,Chiller,7.0,14.0,Fresh
Brokoli,Leafy Vegetable,Chiller,13.0,-3.0,Expired
Apel,Temperate Fruit,Freezer,60.0,3.0,Soon
Kentang,Root Vegetable,Freezer,60.0,25.0,Fresh
Melon,Tropical Fruit,Chiller,1.0,6.0,Fresh
Sawi,Leafy Vegetable,Freezer,17.0,13.0,Fresh
Melon,Tropical Fruit,Outside,6.0,-1.0,Expired
Ubi Jalar,Root Vegetable,Freezer,60.0,17.0,Fresh
Stroberi,Berry,Outside,,0.0,Expired
Kol,Leafy Vegetable,Freezer,31.0,-1.0,Expired
Bawang Putih,Root Vegetable,Outside,40.0,5.0,Fresh
Anggur,Temperate Fruit,Outside,1.0,37.0,Soon
Lemon,Citric Fruit,Outside,8.0,-1.0,Expired
Wortel,Root Vegetable,Freezer,51.0,37.0,Fresh
Bawang Putih,Root Vegetable,Chiller,32.0,37.0,Fresh
Kentang,Root Vegetable,Freezer,60.0,15.0,Fresh
Stroberi,Berry,Freezer,21.0,9.0,Fresh
Bayam,Leafy Vegetable,Freezer,33.0,-3.0,Expired
Paprika,Chili Pepper,Freezer,3.0,2.0,Soon
Kunyit,Root Vegetable,Chiller,5.0,25.0,Fresh
Jeruk Nipis,Citric Fruit,Freezer,11.0,3.0,Soon
Wortel,Root Vegetable,Freezer,0.0,5.0,Fresh
Tomat,Tropical Fruit,Freezer,53.0,7.0,Fresh
Jeruk,Citric Fruit,Freezer,47.0,37.0,Fresh
Seledri,Leafy Vegetable,Chiller,8.0,-1.0,Expired
Kunyit,Root Vegetable,Freezer,60.0,24.0,Fresh
Kentang,Root Vegetable,Freezer,5.0,12.0,Fresh
Alpukat,Tropical Fruit,Chiller,,0.0,Expired
Cabai Rawit,Chili Pepper,Freezer,55.0,5.0,Fresh
Wortel,Root Vegetable,Freezer,4.0,37.0,Fresh
Tomat,Tropical Fruit,Chiller,15.0,-1.0,Expired
Singkong,Root Vegetable,Freezer,4.0,3.0,Soon
Semangka,Tropical Fruit,Chiller,4.0,6.0,Fresh
Kunyit,Root Vegetable,Freezer,48.0,37.0,Fresh
Alpukat,Tropical Fruit,Chiller,0.0,7.0,Fresh
Cabai Merah,Chili Pepper,Freezer,4.0,37.0,Fresh
Jeruk,Citric Fruit,Freezer,,10.0,Fresh
Selada,Leafy Vegetable,Chiller,3.0,4.0,Fresh
Bayam,Leafy Vegetable,Chiller,,1.0,Soon
Jeruk Nipis,Citric Fruit,Outside,7.0,0.0,Expired
Cabai Rawit,Chili Pepper,Freezer,54.0,6.0,Fresh
Kunyit,Root Vegetable,Freezer,2.0,12.0,Fresh
Kentang,Root Vegetable,Chiller,32.0,-2.0,Expired
Jeruk Nipis,Citric Fruit,Freezer,43.0,17.0,Fresh
Pear,Temperate Fruit,Chiller,11.0,3.0,Soon
Bayam,Leafy Vegetable,Freezer,1.0,0.0,Expired
Raspberry,Root Vegetable,Outside,0.0,2.0,Soon
Alpukat,Tropical Fruit,Chiller,2.0,5.0,Fresh
Ubi Jalar,Root Vegetable,Freezer,60.0,11.0,Fresh
Bawang Merah,Root Vegetable,Outside,37.0,-7.0,Expired
Kiwi,Temperate Fruit,Freezer,,5.0,Fresh
Pakcoy,Leafy Vegetable,Freezer,2.0,19.0,Fresh
Cabai Merah,Chili Pepper,Chiller,,-3.0,Expired
Raspberry,Berry,Chiller,6.0,-20.0,Expired
Paprika,Chili Pepper,Freezer,16.0,37.0,Fresh
Jeruk Bali,Citric Fruit,Freezer,56.0,4.0,Fresh
Jeruk Nipis,Citric Fruit,Chiller,11.0,3.0,Soon
Pakcoy,Leafy Vegetable,Freezer,60.0,6.0,Fresh
Jahe,Root Vegetable,Outside,14.0,0.0,Expired
Kiwi,Temperate Fruit,Freezer,47.0,13.0,Fresh
Raspberry,Root Vegetable,Freezer,0.0,5.0,Fresh
Jeruk,Citric Fruit,Chiller,20.0,1.0,Soon
Jahe,Root Vegetable,Freezer,60.0,-20.0,Expired
Tomat,Tropical Fruit,Freezer,10.0,37.0,Fresh
Melon,Tropical Fruit,Chiller,8.0,-1.0,Expired
Kentang,Root Vegetable,Chiller,33.0,-3.0,Expired
Kentang,Root Vegetable,Freezer,60.0,27.0,Fresh
Semangka,Tropical Fruit,Freezer,1.0,-2.0,Expired
Kunyit,Root Vegetable,Chiller,35.0,-5.0,Expired
Raspberry,Root Vegetable,Outside,2.0,0.0,Expired
Cabai Merah,Chili Pepper,Freezer,51.0,9.0,Fresh
Bawang Putih,Root Vegetable,Chiller,60.0,-2.0,Expired
Stroberi,Berry,Freezer,36.0,-6.0,Expired
Tomat,Tropical Fruit,Freezer,57.0,3.0,Soon
Paprika,Chili Pepper,Freezer,22.0,37.0,Fresh
Ubi Jalar,Root Vegetable,Freezer,12.0,18.0,Fresh
Lemon,Citric Fruit,Freezer,11.0,-20.0,Fresh
Wortel,Root Vegetable,Outside,0.0,5.0,Fresh
Selada,Leafy Vegetable,Chiller,2.0,5.0,Fresh
Apel,Temperate Fruit,Freezer,60.0,27.0,Fresh
Apel,Temperate Fruit,Chiller,12.0,9.0,Fresh
Melon,Root Vegetable,Chiller,9.0,-2.0,Expired
Kol,Root Vegetable,Freezer,35.0,-5.0,Expired
Singkong,Root Vegetable,Freezer,16.0,14.0,Fresh
Blueberry,Berry,Chiller,1.0,6.0,Fresh
Bawang Putih,Root Vegetable,Chiller,35.0,37.0,Fresh
Apel,Temperate Fruit,Outside,,0.0,Expired
Apel,Temperate Fruit,Chiller,9.0,12.0,Fresh
Paprika,Chili Pepper,Freezer,31.0,29.0,Fresh
Bawang Putih,Root Vegetable,Freezer,32.0,37.0,Fresh
Mangga,Tropical Fruit,Chiller,7.0,0.0,Expired
Kentang,Root Vegetable,Outside,12.0,2.0,Soon
Blueberry,Berry,Outside,,1.0,Soon
Bawang Putih,Root Vegetable,Freezer,11.0,37.0,Fresh
Bawang Putih,Root Vegetable,Freezer,60.0,-9.0,Expired
Apel,Temperate Fruit,Freezer,58.0,32.0,Fresh
Jeruk,Citric Fruit,Freezer,37.0,23.0,Fresh
Lemon,Citric Fruit,Chiller,27.0,-6.0,Expired
Kentang,Root Vegetable,Freezer,45.0,37.0,Fresh
Melon,Tropical Fruit,Freezer,29.0,1.0,Soon
Tomat,Tropical Fruit,Outside,,2.0,Soon
Alpukat,Tropical Fruit,Freezer,37.0,-7.0,Expired
Mangga,Tropical Fruit,Chiller,60.0,6.0,Fresh
Cabai Rawit,Chili Pepper,Freezer,46.0,14.0,Fresh
Blueberry,Berry,Chiller,0.0,7.0,Fresh
Nanas,Tropical Fruit,Outside,,5.0,Fresh
Blueberry,Berry,Freezer,2.0,0.0,Expired
Jahe,Root Vegetable,Freezer,21.0,37.0,Fresh
Kunyit,Root Vegetable,Freezer,23.0,37.0,Fresh
Jeruk Bali,Citric Fruit,Chiller,12.0,18.0,Fresh
Pakcoy,Root Vegetable,Freezer,17.0,4.0,Fresh
Cabai Rawit,Chili Pepper,Chiller,6.0,4.0,Fresh
Alpukat,Tropical Fruit,Freezer,31.0,-1.0,Expired
Apel,Temperate Fruit,Chiller,26.0,-5.0,Expired
Kangkung,Leafy Vegetable,Chiller,0.0,4.0,Fresh
Kol,Leafy Vegetable,Chiller,60.0,9.0,Fresh
Seledri,Leafy Vegetable,Freezer,2.0,0.0,Expired
Jeruk Nipis,Citric Fruit,Freezer,56.0,4.0,Fresh
Cabai Merah,Chili Pepper,Freezer,60.0,-14.0,Expired
Singkong,Root Vegetable,Freezer,21.0,9.0,Fresh
Jeruk Nipis,Citric Fruit,Outside,9.0,-2.0,Expired
Singkong,Root Vegetable,Freezer,33.0,-3.0,Expired
Stroberi,Berry,Freezer,,8.0,Fresh
Bawang Putih,Root Vegetable,Freezer,60.0,-17.0,Expired
Anggur,Temperate Fruit,Chiller,6.0,1.0,Soon
Paprika,Chili Pepper,Freezer,,-14.0,Expired
Pear,Temperate Fruit,Chiller,13.0,-20.0,Soon
Pepaya,Tropical Fruit,Outside,4.0,0.0,Expired
Kiwi,Temperate Fruit,Freezer,35.0,25.0,Fresh
Singkong,Root Vegetable,Freezer,3.0,0.0,Expired
Apel,Temperate Fruit,Freezer,54.0,36.0,Fresh
Stroberi,Berry,Freezer,,37.0,Fresh
Raspberry,Berry,Freezer,19.0,2.0,Soon
Mangga,Tropical Fruit,Freezer,35.0,-5.0,Expired
Mangga,Tropical Fruit,Chiller,4.0,3.0,Soon
Cabai Merah,Chili Pepper,Outside,5.0,0.0,Expired
Ubi Jalar,Root Vegetable,Chiller,9.0,21.0,Fresh
Bawang Merah,Root Vegetable,Freezer,23.0,37.0,Fresh
Brokoli,Leafy Vegetable,Chiller,,9.0,Fresh
Kentang,Root Vegetable,Outside,,2.0,Soon
Jahe,Root Vegetable,Outside,1.0,13.0,Fresh
Melon,Tropical Fruit,Freezer,2.0,3.0,Soon
Mangga,Root Vegetable,Freezer,35.0,-5.0,Expired
Ubi Jalar,Root Vegetable,Freezer,16.0,37.0,Fresh
Pakcoy,Leafy Vegetable,Freezer,16.0,5.0,Fresh
Wortel,Root Vegetable,Chiller,21.0,0.0,Expired
Cabai Rawit,Chili Pepper,Chiller,4.0,6.0,Fresh
Tomat,Tropical Fruit,Freezer,22.0,37.0,Fresh
Apel,Root Vegetable,Chiller,18.0,3.0,Soon
Tomat,Tropical Fruit,Freezer,18.0,-4.0,Expired
Mangga,Tropical Fruit,Freezer,0.0,7.0,Fresh
Jeruk,Citric Fruit,Freezer,60.0,-5.0,Expired
Apel,Temperate Fruit,Outside,8.0,-1.0,Expired
Mangga,Tropical Fruit,Chiller,0.0,7.0,Fresh
Bawang Putih,Root Vegetable,Freezer,0.0,37.0,Fresh
Anggur,Temperate Fruit,Chiller,0.0,7.0,Fresh
Wortel,Root Vegetable,Freezer,60.0,27.0,Fresh
Kunyit,Root Vegetable,Outside,6.0,8.0,Fresh
Ubi Jalar,Root Vegetable,Chiller,5.0,11.0,Fresh
Nanas,Root Vegetable,Outside,4.0,1.0,Soon
Anggur,Root Vegetable,Chiller,2.0,5.0,Fresh
Nanas,Tropical Fruit,Freezer,38.0,-8.0,Expired
Bawang Putih,Root Vegetable,Outside,41.0,4.0,Fresh
Jahe,Root Vegetable,Freezer,60.0,16.0,Fresh
Kangkung,Leafy Vegetable,Freezer,26.0,4.0,Fresh
Apel,Root Vegetable,Freezer,59.0,31.0,Fresh
Lemon,Citric Fruit,Freezer,3.0,37.0,Fresh
Paprika,Chili Pepper,Chiller,17.0,-3.0,Expired
Selada,Leafy Vegetable,Freezer,27.0,3.0,Soon
Singkong,Root Vegetable,Freezer,34.0,-4.0,Expired
Kol,Leafy Vegetable,Freezer,9.0,21.0,Fresh
Apel,Temperate Fruit,Freezer,60.0,-8.0,Expired
Paprika,Chili Pepper,Freezer,21.0,37.0,Fresh
Alpukat,Tropical Fruit,Chiller,8.0,-1.0,Expired
Ubi Jalar,Root Vegetable,Freezer,60.0,-6.0,Expired
Kol,Leafy Vegetable,Chiller,6.0,8.0,Fresh
Bawang Putih,Root Vegetable,Outside,25.0,20.0,Fresh
Pear,Temperate Fruit,Chiller,0.0,14.0,Fresh
Pear,Temperate Fruit,Freezer,,37.0,Fresh
Jeruk Nipis,Citric Fruit,Freezer,11.0,37.0,Fresh
Raspberry,Berry,Chiller,,0.0,Expired
Kentang,Root Vegetable,Freezer,60.0,-11.0,Expired
Pear,Temperate Fruit,Chiller,15.0,-1.0,Expired
Jahe,Root Vegetable,Outside,15.0,-1.0,Expired
Pear,Temperate Fruit,Chiller,10.0,4.0,Fresh
Kentang,Root Vegetable,Freezer,6.0,37.0,Fresh
Kentang,Root Vegetable,Freezer,23.0,37.0,Fresh
Kol,Leafy Vegetable,Freezer,10.0,20.0,Fresh
Paprika,Chili Pepper,Chiller,12.0,2.0,Soon
Nanas,Tropical Fruit,Freezer,14.0,16.0,Fresh
Brokoli,Leafy Vegetable,Freezer,23.0,7.0,Fresh
Bawang Merah,Root Vegetable,Chiller,43.0,17.0,Fresh
Wortel,Root Vegetable,Freezer,60.0,15.0,Fresh
Semangka,Root Vegetable,Chiller,5.0,5.0,Fresh
Pakcoy,Leafy Vegetable,Chiller,6.0,-1.0,Expired
Mangga,Tropical Fruit,Freezer,34.0,-4.0,Expired
Kol,Leafy Vegetable,Freezer,37.0,-7.0,Expired
Jeruk Bali,Citric Fruit,Freezer,37.0,23.0,Fresh
Jeruk Bali,Citric Fruit,Freezer,13.0,37.0,Fresh
Brokoli,Leafy Vegetable,Freezer,0.0,2.0,Soon
Jahe,Root Vegetable,Freezer,19.0,37.0,Fresh
Sawi,Root Vegetable,Chiller,0.0,5.0,Fresh
Kentang,Root Vegetable,Freezer,28.0,37.0,Fresh
Apel,Temperate Fruit,Freezer,20.0,1.0,Soon
Seledri,Leafy Vegetable,Freezer,23.0,-2.0,Expired
Jeruk,Citric Fruit,Chiller,26.0,-5.0,Expired
Alpukat,Tropical Fruit,Freezer,0.0,3.0,Soon
Stroberi,Berry,Freezer,30.0,0.0,Expired
Semangka,Tropical Fruit,Freezer,39.0,-9.0,Expired
Jeruk,Citric Fruit,Chiller,5.0,16.0,Fresh
Jeruk,Citric Fruit,Freezer,60.0,-4.0,Expired
Bayam,Leafy Vegetable,Freezer,38.0,-8.0,Expired
Jeruk,Citric Fruit,Outside,1.0,6.0,Fresh
Blueberry,Berry,Freezer,20.0,10.0,Fresh
Cabai Merah,Chili Pepper,Chiller,15.0,-1.0,Expired
Jeruk Nipis,Citric Fruit,Chiller,,3.0,Soon
Paprika,Chili Pepper,Freezer,43.0,17.0,Fresh
Wortel,Root Vegetable,Outside,6.0,-1.0,Expired
Jahe,Root Vegetable,Outside,6.0,8.0,Fresh
Pisang,Tropical Fruit,Outside,2.0,-20.0,Soon
Tomat,Tropical Fruit,Freezer,12.0,37.0,Fresh
Kunyit,Root Vegetable,Chiller,6.0,24.0,Fresh
Selada,Leafy Vegetable,Freezer,37.0,-7.0,Expired
Paprika,Chili Pepper,Outside,5.0,-20.0,Expired
Cabai Merah,Chili Pepper,Freezer,9.0,37.0,Fresh
Kol,Leafy Vegetable,Chiller,3.0,11.0,Fresh
Kunyit,Root Vegetable,Chiller,39.0,-9.0,Expired
Lemon,Citric Fruit,Freezer,24.0,36.0,Fresh
Pakcoy,Leafy Vegetable,Freezer,,17.0,Fresh
Kol,Leafy Vegetable,Chiller,60.0,7.0,Fresh
Jeruk,Citric Fruit,Freezer,19.0,37.0,Fresh
Jeruk,Citric Fruit,Freezer,34.0,26.0,Fresh
Raspberry,Berry,Outside,5.0,0.0,Expired
Cabai Merah,Chili Pepper,Freezer,45.0,15.0,Fresh
Wortel,Root Vegetable,Chiller,9.0,12.0,Fresh
Paprika,Chili Pepper,Freezer,42.0,18.0,Fresh
Stroberi,Berry,Freezer,2.0,3.0,Soon
Jahe,Root Vegetable,Freezer,60.0,-19.0,Expired
Jeruk Nipis,Citric Fruit,Freezer,39.0,21.0,Fresh
Jeruk Bali,Citric Fruit,Chiller,11.0,19.0,Fresh
Stroberi,Berry,Freezer,1.0,4.0,Fresh
Pear,Root Vegetable,Freezer,60.0,-10.0,Expired
Singkong,Root Vegetable,Freezer,27.0,3.0,Soon
Jahe,Root Vegetable,Freezer,42.0,37.0,Fresh
Pear,Temperate Fruit,Chiller,13.0,1.0,Soon
Apel,Temperate Fruit,Freezer,45.0,37.0,Fresh
Jeruk Bali,Citric Fruit,Chiller,6.0,24.0,Fresh
Jeruk Nipis,Citric Fruit,Freezer,60.0,6.0,Fresh
Jahe,Root Vegetable,Freezer,24.0,37.0,Fresh
Bawang Merah,Root Vegetable,Chiller,39.0,21.0,Fresh
Stroberi,Root Vegetable,Chiller,5.0,0.0,Expired
Bawang Merah,Root Vegetable,Outside,14.0,16.0,Fresh
Ubi Jalar,Root Vegetable,Freezer,13.0,37.0,Fresh
Tomat,Tropical Fruit,Outside,60.0,4.0,Fresh
Kangkung,Leafy Vegetable,Freezer,19.0,11.0,Fresh
Ubi Jalar,Root Vegetable,Freezer,60.0,0.0,Expired
Pisang,Tropical Fruit,Freezer,20.0,10.0,Fresh
Pisang,Tropical Fruit,Freezer,37.0,-7.0,Expired
Jeruk Nipis,Citric Fruit,Freezer,27.0,33.0,Fresh
Alpukat,Root Vegetable,Freezer,,-7.0,Expired
Bawang Putih,Root Vegetable,Outside,48.0,-3.0,Expired
Nanas,Tropical Fruit,Freezer,8.0,-1.0,Expired
Mangga,Tropical Fruit,Freezer,32.0,-2.0,Expired
Ubi Jalar,Root Vegetable,Outside,14.0,0.0,Expired
Singkong,Root Vegetable,Freezer,12.0,18.0,Fresh
Jahe,Root Vegetable,Freezer,1.0,13.0,Fresh
Kiwi,Temperate Fruit,Freezer,37.0,23.0,Fresh
Anggur,Temperate Fruit,Chiller,,4.0,Fresh
Wortel,Root Vegetable,Freezer,8.0,37.0,Fresh
Ubi Jalar,Root Vegetable,Outside,13.0,1.0,Soon
Ubi Jalar,Root Vegetable,Freezer,60.0,37.0,Soon
Anggur,Temperate Fruit,Freezer,24.0,6.0,Fresh
Semangka,Tropical Fruit,Freezer,20.0,10.0,Fresh
Jeruk Nipis,Citric Fruit,Freezer,7.0,37.0,Fresh
Anggur,Temperate Fruit,Outside,60.0,2.0,Soon
Jeruk Nipis,Citric Fruit,Chiller,16.0,-2.0,Expired
Stroberi,Berry,Freezer,1.0,1.0,Soon
Jeruk Bali,Citric Fruit,Outside,,-1.0,Expired
Apel,Temperate Fruit,Freezer,8.0,37.0,Fresh
Kangkung,Leafy Vegetable,Chiller,2.0,2.0,Soon
Paprika,Chili Pepper,Freezer,17.0,37.0,Fresh
Melon,Root Vegetable,Outside,2.0,3.0,Soon
Pakcoy,Leafy Vegetable,Freezer,18.0,3.0,Soon
Selada,Leafy Vegetable,Freezer,2.0,0.0,Expired
Jahe,Root Vegetable,Freezer,60.0,23.0,Fresh
Bawang Putih,Root Vegetable,Outside,55.0,-10.0,Expired
Kunyit,Root Vegetable,Outside,7.0,7.0,Fresh
Pear,Temperate Fruit,Chiller,12.0,2.0,Soon
Bawang Putih,Root Vegetable,Chiller,38.0,37.0,Fresh
Paprika,Chili Pepper,Outside,,5.0,Fresh
Pakcoy,Leafy Vegetable,Outside,1.0,37.0,Expired
Jahe,Root Vegetable,Freezer,60.0,22.0,Fresh
Mangga,Tropical Fruit,Freezer,6.0,24.0,Fresh
Jeruk,Citric Fruit,Freezer,60.0,-13.0,Expired
Selada,Leafy Vegetable,Freezer,0.0,30.0,Fresh
Kunyit,Root Vegetable,Freezer,60.0,8.0,Fresh
Jeruk Bali,Root Vegetable,Freezer,4.0,10.0,Fresh
Anggur,Temperate Fruit,Freezer,1.0,29.0,Fresh
Wortel,Root Vegetable,Chiller,6.0,15.0,Fresh
Stroberi,Berry,Freezer,6.0,24.0,Fresh
Apel,Temperate Fruit,Outside,4.0,3.0,Soon
Wortel,Root Vegetable,Chiller,26.0,-5.0,Expired
Lemon,Citric Fruit,Chiller,26.0,-5.0,Expired
Cabai Rawit,Chili Pepper,Freezer,60.0,-17.0,Expired
Kangkung,Leafy Vegetable,Chiller,,4.0,Fresh
Raspberry,Berry,Freezer,2.0,0.0,Expired
Pear,Temperate Fruit,Freezer,46.0,14.0,Fresh
Cabai Merah,Chili Pepper,Chiller,,14.0,Fresh
Raspberry,Berry,Freezer,60.0,-6.0,Expired
Jeruk,Citric Fruit,Freezer,57.0,3.0,Soon
Bawang Putih,Root Vegetable,Outside,42.0,3.0,Soon
Pisang,Tropical Fruit,Outside,0.0,-20.0,Soon
Nanas,Tropical Fruit,Chiller,0.0,7.0,Fresh
Pepaya,Root Vegetable,Outside,5.0,-1.0,Expired
Bawang Putih,Root Vegetable,Outside,56.0,-11.0,Expired
Alpukat,Tropical Fruit,Chiller,9.0,-2.0,Expired
Pear,Temperate Fruit,Chiller,5.0,9.0,Fresh
Anggur,Temperate Fruit,Chiller,1.0,6.0,Fresh
Cabai Rawit,Root Vegetable,Chiller,11.0,-1.0,Expired
Wortel,Root Vegetable,Chiller,0.0,21.0,Fresh
Mangga,Tropical Fruit,Freezer,14.0,16.0,Fresh
Ubi Jalar,Root Vegetable,Outside,8.0,6.0,Fresh
Bawang Merah,Root Vegetable,Chiller,19.0,37.0,Fresh
Bawang Merah,Root Vegetable,Outside,35.0,-5.0,Expired
Bayam,Leafy Vegetable,Freezer,2.0,28.0,Fresh
Apel,Temperate Fruit,Freezer,34.0,37.0,Fresh
Kunyit,Root Vegetable,Outside,16.0,-2.0,Expired
Jeruk Nipis,Root Vegetable,Freezer,60.0,-10.0,Expired
Selada,Leafy Vegetable,Chiller,,0.0,Expired
Jeruk Nipis,Citric Fruit,Freezer,12.0,37.0,Fresh
Blueberry,Root Vegetable,Chiller,1.0,6.0,Fresh
Mangga,Root Vegetable,Chiller,3.0,4.0,Fresh
Anggur,Temperate Fruit,Chiller,5.0,2.0,Soon
Kiwi,Temperate Fruit,Freezer,2.0,3.0,Soon
Apel,Temperate Fruit,Outside,7.0,0.0,Expired
Stroberi,Berry,Freezer,19.0,11.0,Fresh
Blueberry,Berry,Freezer,33.0,-3.0,Expired
Paprika,Chili Pepper,Freezer,6.0,37.0,Fresh
Semangka,Tropical Fruit,Outside,5.0,7.0,Fresh
Jeruk,Citric Fruit,Freezer,43.0,17.0,Fresh
Semangka,Tropical Fruit,Outside,5.0,3.0,Soon
Kentang,Root Vegetable,Chiller,4.0,26.0,Fresh
Jeruk Bali,Citric Fruit,Chiller,18.0,12.0,Fresh
Stroberi,Berry,Chiller,,-1.0,Expired
Alpukat,Tropical Fruit,Freezer,39.0,-9.0,Expired
Bawang Merah,Root Vegetable,Chiller,12.0,37.0,Fresh
Sawi,Leafy Vegetable,Freezer,4.0,26.0,Fresh
Anggur,Temperate Fruit,Chiller,5.0,6.0,Fresh
Apel,Temperate Fruit,Freezer,60.0,5.0,Fresh
Bawang Putih,Root Vegetable,Outside,,15.0,Fresh
Sawi,Leafy Vegetable,Freezer,31.0,-1.0,Expired
Bayam,Leafy Vegetable,Freezer,5.0,25.0,Fresh
Pear,Temperate Fruit,Freezer,42.0,18.0,Fresh
Cabai Rawit,Chili Pepper,Freezer,51.0,9.0,Fresh
Lemon,Citric Fruit,Chiller,8.0,13.0,Fresh
Jeruk,Citric Fruit,Freezer,30.0,30.0,Fresh
Pisang,Tropical Fruit,Freezer,35.0,-5.0,Expired
Alpukat,Tropical Fruit,Outside,,0.0,Expired
Jeruk,Citric Fruit,Freezer,60.0,-15.0,Expired
Bawang Putih,Root Vegetable,Freezer,47.0,37.0,Fresh
Melon,Tropical Fruit,Freezer,3.0,2.0,Soon
Apel,Temperate Fruit,Freezer,60.0,-4.0,Expired
Mangga,Tropical Fruit,Outside,3.0,2.0,Soon
Paprika,Chili Pepper,Chiller,0.0,14.0,Fresh
Seledri,Leafy Vegetable,Outside,2.0,37.0,Expired
Anggur,Temperate Fruit,Freezer,60.0,28.0,Fresh
Cabai Rawit,Root Vegetable,Outside,5.0,-1.0,Expired
Kangkung,Leafy Vegetable,Freezer,1.0,0.0,Expired
Kentang,Root Vegetable,Freezer,37.0,37.0,Fresh
Pisang,Tropical Fruit,Freezer,18.0,12.0,Fresh
Sawi,Leafy Vegetable,Freezer,20.0,10.0,Fresh
Selada,Leafy Vegetable,Freezer,13.0,17.0,Fresh
Sawi,Root Vegetable,Chiller,2.0,3.0,Soon
Ubi Jalar,Root Vegetable,Freezer,60.0,4.0,Fresh
Pear,Temperate Fruit,Chiller,14.0,0.0,Expired
Jahe,Root Vegetable,Freezer,34.0,-4.0,Expired
Semangka,Tropical Fruit,Chiller,11.0,-1.0,Expired
Wortel,Root Vegetable,Freezer,24.0,37.0,Fresh
Lemon,Root Vegetable,Chiller,20.0,1.0,Soon
Ubi Jalar,Root Vegetable,Freezer,11.0,37.0,Fresh
Melon,Tropical Fruit,Freezer,36.0,-6.0,Expired
Cabai Rawit,Chili Pepper,Freezer,3.0,7.0,Fresh
Blueberry,Berry,Freezer,3.0,27.0,Fresh
Raspberry,Berry,Freezer,0.0,21.0,Fresh
Bawang Merah,Root Vegetable,Chiller,24.0,36.0,Fresh
Lemon,Citric Fruit,Freezer,1.0,37.0,Fresh
Alpukat,Tropical Fruit,Freezer,30.0,0.0,Expired
Jeruk Nipis,Citric Fruit,Freezer,60.0,-7.0,Expired
Anggur,Temperate Fruit,Freezer,13.0,17.0,Fresh
Jahe,Root Vegetable,Freezer,47.0,37.0,Fresh
Jeruk,Citric Fruit,Freezer,60.0,-20.0,Expired
Pepaya,Tropical Fruit,Outside,0.0,4.0,Fresh
Jeruk,Citric Fruit,Freezer,9.0,37.0,Fresh
Kol,Leafy Vegetable,Chiller,4.0,10.0,Fresh
Kentang,Root Vegetable,Outside,4.0,10.0,Fresh
Tomat,Tropical Fruit,Freezer,28.0,32.0,Fresh
Bawang Putih,Root Vegetable,Chiller,14.0,37.0,Fresh
Nanas,Tropical Fruit,Freezer,13.0,17.0,Fresh
Lemon,Citric Fruit,Freezer,50.0,10.0,Fresh
Jeruk Bali,Citric Fruit,Freezer,51.0,9.0,Fresh
Cabai Merah,Chili Pepper,Outside,0.0,5.0,Fresh
Seledri,Leafy Vegetable,Chiller,5.0,0.0,Expired
Jahe,Root Vegetable,Chiller,6.0,24.0,Fresh
Sawi,Leafy Vegetable,Freezer,24.0,6.0,Fresh
Bawang Merah,Root Vegetable,Chiller,60.0,-13.0,Expired
Tomat,Root Vegetable,Outside,5.0,0.0,Expired
Pepaya,Root Vegetable,Freezer,1.0,-9.0,Expired
Singkong,Root Vegetable,Freezer,19.0,11.0,Fresh
Pepaya,Tropical Fruit,Freezer,39.0,-20.0,Expired
Kangkung,Root Vegetable,Outside,1.0,0.0,Expired
Kiwi,Temperate Fruit,Chiller,2.0,12.0,Fresh
Melon,Tropical Fruit,Freezer,38.0,-8.0,Expired
Jeruk,Citric Fruit,Freezer,19.0,2.0,Soon
Bawang Merah,Root Vegetable,Chiller,60.0,-9.0,Expired
Mangga,Tropical Fruit,Freezer,33.0,-3.0,Expired
Paprika,Chili Pepper,Freezer,39.0,21.0,Fresh
Kunyit,Root Vegetable,Outside,11.0,3.0,Soon
Anggur,Temperate Fruit,Chiller,9.0,37.0,Expired
Mangga,Tropical Fruit,Freezer,,17.0,Fresh
Stroberi,Root Vegetable,Freezer,25.0,5.0,Fresh
Kiwi,Temperate Fruit,Freezer,8.0,37.0,Fresh
Sawi,Leafy Vegetable,Freezer,10.0,20.0,Fresh
Alpukat,Tropical Fruit,Freezer,4.0,26.0,Fresh
Pisang,Tropical Fruit,Freezer,2.0,28.0,Fresh
Jeruk Nipis,Citric Fruit,Freezer,60.0,-15.0,Expired
Blueberry,Berry,Freezer,21.0,9.0,Fresh
Kunyit,Root Vegetable,Outside,10.0,4.0,Fresh
Singkong,Root Vegetable,Freezer,26.0,4.0,Fresh
Kol,Leafy Vegetable,Chiller,15.0,-1.0,Expired
Wortel,Root Vegetable,Outside,2.0,3.0,Soon
Jeruk,Citric Fruit,Freezer,8.0,37.0,Fresh
Jeruk,Citric Fruit,Freezer,10.0,37.0,Fresh
Ubi Jalar,Root Vegetable,Chiller,,22.0,Fresh
Jeruk,Citric Fruit,Outside,8.0,-1.0,Expired
Kangkung,Leafy Vegetable,Freezer,30.0,0.0,Expired
Lemon,Citric Fruit,Chiller,15.0,6.0,Fresh
Lemon,Citric Fruit,Freezer,14.0,37.0,Fresh
Paprika,Chili Pepper,Chiller,6.0,8.0,Fresh
Apel,Temperate Fruit,Outside,5.0,2.0,Soon
Pear,Temperate Fruit,Freezer,17.0,37.0,Fresh
Bayam,Root Vegetable,Freezer,3.0,2.0,Soon
Raspberry,Berry,Freezer,5.0,16.0,Fresh
Brokoli,Leafy Vegetable,Freezer,38.0,-8.0,Expired
Tomat,Root Vegetable,Outside,2.0,3.0,Soon
Selada,Leafy Vegetable,Freezer,30.0,0.0,Expired
Wortel,Root Vegetable,Freezer,60.0,3.0,Soon
Blueberry,Berry,Chiller,8.0,-1.0,Expired
Cabai Rawit,Root Vegetable,Freezer,60.0,-7.0,Expired
Raspberry,Berry,Outside,60.0,0.0,Expired
Wortel,Root Vegetable,Freezer,60.0,-3.0,Expired
Bawang Merah,Root Vegetable,Chiller,55.0,5.0,Fresh
Wortel,Root Vegetable,Chiller,16.0,5.0,Fresh
Kunyit,Root Vegetable,Freezer,60.0,4.0,Fresh
Anggur,Temperate Fruit,Outside,,1.0,Soon
Cabai Rawit,Root Vegetable,Outside,4.0,0.0,Expired
Paprika,Chili Pepper,Freezer,50.0,10.0,Fresh
Bawang Merah,Root Vegetable,Outside,25.0,5.0,Fresh
Mangga,Tropical Fruit,Freezer,4.0,26.0,Fresh
Jeruk Nipis,Citric Fruit,Freezer,0.0,37.0,Fresh
Bawang Merah,Root Vegetable,Chiller,59.0,1.0,Soon
Bayam,Leafy Vegetable,Freezer,12.0,18.0,Fresh
Bayam,Leafy Vegetable,Freezer,10.0,20.0,Fresh
Bawang Putih,Root Vegetable,Outside,24.0,21.0,Fresh
Paprika,Chili Pepper,Freezer,60.0,-4.0,Expired
Jeruk,Citric Fruit,Chiller,8.0,13.0,Fresh
Jeruk Nipis,Citric Fruit,Chiller,18.0,-4.0,Expired
Jahe,Root Vegetable,Freezer,18.0,37.0,Fresh
Jeruk,Citric Fruit,Freezer,,-3.0,Expired
Kentang,Root Vegetable,Chiller,25.0,5.0,Fresh
Melon,Tropical Fruit,Freezer,7.0,23.0,Fresh
Jahe,Root Vegetable,Chiller,14.0,16.0,Fresh
Cabai Merah,Chili Pepper,Freezer,,-5.0,Expired
Pisang,Tropical Fruit,Freezer,1.0,4.0,Fresh
Pakcoy,Root Vegetable,Freezer,4.0,1.0,Soon
Jeruk Nipis,Citric Fruit,Freezer,16.0,37.0,Fresh
Sawi,Leafy Vegetable,Freezer,,27.0,Fresh
Alpukat,Tropical Fruit,Freezer,1.0,37.0,Fresh
Apel,Temperate Fruit,Freezer,57.0,33.0,Fresh
Anggur,Temperate Fruit,Freezer,,1.0,Soon
Kentang,Root Vegetable,Freezer,43.0,37.0,Fresh
Apel,Temperate Fruit,Chiller,,-5.0,Expired
Jeruk Nipis,Citric Fruit,Chiller,0.0,14.0,Fresh
Bawang Putih,Root Vegetable,Chiller,45.0,37.0,Fresh
Kol,Leafy Vegetable,Freezer,18.0,12.0,Fresh
Raspberry,Berry,Outside,1.0,37.0,Soon
Tomat,Tropical Fruit,Chiller,9.0,5.0,Fresh
Kol,Leafy Vegetable,Chiller,1.0,37.0,Fresh
Sawi,Leafy Vegetable,Freezer,3.0,27.0,Fresh
Tomat,Tropical Fruit,Freezer,11.0,37.0,Fresh
Jeruk Nipis,Citric Fruit,Chiller,9.0,5.0,Fresh
Jahe,Root Vegetable,Chiller,34.0,-4.0,Expired
Pear,Temperate Fruit,Freezer,41.0,19.0,Fresh
Tomat,Tropical Fruit,Freezer,60.0,-18.0,Expired
Pisang,Tropical Fruit,Chiller,,1.0,Soon
Jahe,Root Vegetable,Freezer,60.0,20.0,Fresh
Melon,Tropical Fruit,Freezer,1.0,29.0,Fresh
Lemon,Citric Fruit,Chiller,17.0,4.0,Fresh
Jahe,Root Vegetable,Freezer,29.0,37.0,Fresh
Jeruk,Citric Fruit,Chiller,27.0,-6.0,Expired
Bawang Merah,Root Vegetable,Chiller,47.0,13.0,Fresh
Lemon,Citric Fruit,Freezer,46.0,14.0,Fresh
Raspberry,Root Vegetable,Chiller,6.0,-1.0,Expired
Cabai Merah,Chili Pepper,Chiller,4.0,10.0,Fresh
Mangga,Tropical Fruit,Outside,,5.0,Fresh
Bawang Merah,Root Vegetable,Outside,32.0,-2.0,Expired
Kentang,Root Vegetable,Outside,8.0,6.0,Fresh
Brokoli,Leafy Vegetable,Freezer,27.0,3.0,Soon
Kiwi,Temperate Fruit,Freezer,57.0,3.0,Soon
Wortel,Root Vegetable,Freezer,60.0,19.0,Fresh
Brokoli,Leafy Vegetable,Freezer,24.0,6.0,Fresh
Ubi Jalar,Root Vegetable,Outside,9.0,5.0,Fresh
Jeruk Bali,Citric Fruit,Freezer,60.0,-7.0,Expired
Kiwi,Temperate Fruit,Freezer,60.0,-4.0,Expired
Bayam,Leafy Vegetable,Freezer,34.0,-4.0,Expired
Kentang,Root Vegetable,Freezer,23.0,7.0,Fresh
Kentang,Root Vegetable,Freezer,30.0,37.0,Fresh
Kiwi,Temperate Fruit,Freezer,20.0,37.0,Fresh
Wortel,Root Vegetable,Freezer,60.0,5.0,Fresh
Cabai Rawit,Chili Pepper,Freezer,42.0,18.0,Fresh
Kol,Leafy Vegetable,Chiller,8.0,6.0,Fresh
Ubi Jalar,Root Vegetable,Chiller,5.0,21.0,Fresh
Mangga,Tropical Fruit,Freezer,3.0,27.0,Fresh
Semangka,Tropical Fruit,Chiller,3.0,7.0,Fresh
Kangkung,Leafy Vegetable,Outside,60.0,1.0,Soon
Alpukat,Tropical Fruit,Freezer,17.0,-20.0,Fresh
Cabai Rawit,Chili Pepper,Freezer,60.0,-11.0,Expired
Jeruk Nipis,Root Vegetable,Freezer,28.0,32.0,Fresh
Brokoli,Leafy Vegetable,Freezer,,29.0,Fresh
Pakcoy,Leafy Vegetable,Freezer,4.0,17.0,Fresh
Paprika,Chili Pepper,Outside,5.0,-20.0,Soon
Paprika,Chili Pepper,Freezer,54.0,6.0,Fresh
Mangga,Tropical Fruit,Freezer,28.0,2.0,Soon
Semangka,Tropical Fruit,Freezer,33.0,-3.0,Expired
Semangka,Tropical Fruit,Chiller,5.0,5.0,Fresh
Ubi Jalar,Root Vegetable,Freezer,1.0,29.0,Fresh
Bawang Merah,Root Vegetable,Outside,0.0,30.0,Fresh
Semangka,Tropical Fruit,Freezer,5.0,25.0,Fresh
Pepaya,Tropical Fruit,Chiller,60.0,5.0,Fresh
Singkong,Root Vegetable,Freezer,3.0,27.0,Fresh
Kol,Leafy Vegetable,Chiller,60.0,13.0,Fresh
Jeruk,Citric Fruit,Freezer,58.0,2.0,Soon
Apel,Temperate Fruit,Freezer,7.0,37.0,Fresh
Kentang,Root Vegetable,Chiller,,6.0,Fresh
Kunyit,Root Vegetable,Outside,60.0,2.0,Soon
Alpukat,Tropical Fruit,Freezer,3.0,0.0,Expired
Lemon,Citric Fruit,Chiller,60.0,3.0,Soon
Ubi Jalar,Root Vegetable,Chiller,1.0,29.0,Fresh
Kentang,Root Vegetable,Chiller,29.0,1.0,Soon
Cabai Rawit,Chili Pepper,Freezer,60.0,-7.0,Expired
Kiwi,Temperate Fruit,Outside,1.0,4.0,Fresh
Kol,Leafy Vegetable,Chiller,13.0,1.0,Soon
Seledri,Leafy Vegetable,Chiller,0.0,7.0,Fresh
Lemon,Citric Fruit,Freezer,43.0,17.0,Fresh
Lemon,Citric Fruit,Freezer,60.0,-14.0,Expired
Nanas,Tropical Fruit,Freezer,21.0,9.0,Fresh
Melon,Tropical Fruit,Freezer,33.0,-3.0,Expired
Melon,Tropical Fruit,Freezer,25.0,5.0,Fresh
Lemon,Citric Fruit,Outside,,-2.0,Expired
Tomat,Tropical Fruit,Freezer,,37.0,Fresh
Melon,Tropical Fruit,Freezer,16.0,14.0,Fresh
Kangkung,Leafy Vegetable,Freezer,20.0,10.0,Fresh
Selada,Leafy Vegetable,Freezer,23.0,7.0,Fresh
Tomat,Tropical Fruit,Freezer,58.0,2.0,Soon
Kentang,Root Vegetable,Outside,11.0,3.0,Soon
Apel,Temperate Fruit,Freezer,60.0,11.0,Fresh
Bawang Putih,Root Vegetable,Chiller,41.0,37.0,Fresh
Kentang,Root Vegetable,Freezer,18.0,-4.0,Expired
Kentang,Root Vegetable,Outside,3.0,11.0,Fresh
Melon,Tropical Fruit,Freezer,18.0,12.0,Fresh
Jahe,Root Vegetable,Freezer,60.0,29.0,Fresh
Bawang Putih,Root Vegetable,Freezer,3.0,37.0,Fresh
Brokoli,Leafy Vegetable,Freezer,20.0,10.0,Fresh
Bawang Putih,Root Vegetable,Outside,36.0,9.0,Fresh
Kunyit,Root Vegetable,Freezer,7.0,37.0,Fresh
Pear,Temperate Fruit,Freezer,3.0,37.0,Fresh
Stroberi,Berry,Chiller,,2.0,Soon
Bawang Merah,Root Vegetable,Freezer,60.0,-5.0,Expired
Ubi Jalar,Root Vegetable,Chiller,38.0,-8.0,Expired
Bawang Merah,Root Vegetable,Chiller,,37.0,Fresh
Alpukat,Tropical Fruit,Freezer,5.0,25.0,Fresh
Ubi Jalar,Root Vegetable,Outside,12.0,2.0,Soon
Bawang Putih,Root Vegetable,Freezer,,-20.0,Expired
Ubi Jalar,Root Vegetable,Chiller,37.0,-7.0,Expired
Singkong,Root Vegetable,Freezer,31.0,-1.0,Expired
Jeruk,Root Vegetable,Outside,5.0,2.0,Soon
Bawang Merah,Root Vegetable,Chiller,9.0,37.0,Fresh
Jahe,Root Vegetable,Freezer,23.0,37.0,Fresh
Pakcoy,Leafy Vegetable,Freezer,24.0,-3.0,Expired
Bayam,Leafy Vegetable,Freezer,16.0,14.0,Fresh
Alpukat,Tropical Fruit,Freezer,28.0,2.0,Soon
Sawi,Leafy Vegetable,Chiller,,0.0,Expired
Seledri,Leafy Vegetable,Freezer,1.0,20.0,Fresh
Lemon,Citric Fruit,Freezer,17.0,37.0,Fresh
Kunyit,Root Vegetable,Freezer,17.0,-3.0,Expired
Semangka,Tropical Fruit,Freezer,6.0,1.0,Soon
Kunyit,Root Vegetable,Freezer,60.0,14.0,Fresh
Cabai Rawit,Chili Pepper,Chiller,1.0,9.0,Fresh
Jeruk Nipis,Citric Fruit,Freezer,8.0,-1.0,Expired
Ubi Jalar,Root Vegetable,Outside,7.0,7.0,Fresh
Jeruk,Citric Fruit,Freezer,5.0,37.0,Fresh
Semangka,Tropical Fruit,Freezer,38.0,-8.0,Expired
Nanas,Tropical Fruit,Chiller,7.0,0.0,Expired
Wortel,Root Vegetable,Chiller,,-4.0,Expired
Tomat,Tropical Fruit,Outside,60.0,1.0,Soon
Jahe,Root Vegetable,Chiller,31.0,-1.0,Expired
Semangka,Tropical Fruit,Freezer,3.0,27.0,Fresh
Bayam,Leafy Vegetable,Freezer,23.0,7.0,Fresh
Jeruk Bali,Citric Fruit,Chiller,29.0,-20.0,Soon
Tomat,Tropical Fruit,Freezer,4.0,37.0,Fresh
Nanas,Tropical Fruit,Chiller,6.0,1.0,Soon
Lemon,Citric Fruit,Outside,6.0,1.0,Soon
Jeruk,Citric Fruit,Freezer,60.0,-3.0,Expired
Wortel,Root Vegetable,Freezer,60.0,-16.0,Expired
Kangkung,Leafy Vegetable,Freezer,12.0,18.0,Fresh
Jahe,Root Vegetable,Freezer,60.0,-6.0,Expired
Bawang Merah,Root Vegetable,Outside,7.0,23.0,Fresh
Selada,Leafy Vegetable,Freezer,26.0,4.0,Fresh
Bayam,Leafy Vegetable,Freezer,,15.0,Fresh
Bawang Putih,Root Vegetable,Chiller,60.0,5.0,Fresh
Wortel,Root Vegetable,Chiller,,9.0,Fresh
Wortel,Root Vegetable,Freezer,49.0,37.0,Fresh
Stroberi,Berry,Freezer,28.0,2.0,Soon
Pakcoy,Leafy Vegetable,Chiller,3.0,2.0,Soon
Kol,Leafy Vegetable,Freezer,0.0,30.0,Fresh
Pisang,Root Vegetable,Freezer,35.0,-5.0,Expired
Lemon,Citric Fruit,Freezer,60.0,-12.0,Expired
Apel,Temperate Fruit,Freezer,46.0,37.0,Fresh
Wortel,Root Vegetable,Chiller,10.0,11.0,Fresh
Jahe,Root Vegetable,Chiller,17.0,13.0,Fresh
Paprika,Chili Pepper,Chiller,15.0,-1.0,Expired
Bawang Putih,Root Vegetable,Freezer,60.0,33.0,Fresh
Pakcoy,Leafy Vegetable,Freezer,3.0,18.0,Fresh
Kentang,Root Vegetable,Freezer,1.0,37.0,Fresh
Tomat,Tropical Fruit,Outside,1.0,0.0,Expired
Bayam,Leafy Vegetable,Chiller,,-1.0,Expired
Seledri,Root Vegetable,Outside,0.0,2.0,Soon
Ubi Jalar,Root Vegetable,Outside,11.0,3.0,Soon
Kiwi,Temperate Fruit,Freezer,39.0,21.0,Fresh
Anggur,Temperate Fruit,Chiller,7.0,0.0,Expired
Stroberi,Berry,Outside,2.0,37.0,Expired
Jahe,Root Vegetable,Freezer,60.0,-3.0,Expired
Semangka,Tropical Fruit,Freezer,,26.0,Fresh
Brokoli,Leafy Vegetable,Chiller,,7.0,Fresh
Blueberry,Berry,Freezer,16.0,14.0,Fresh
Kentang,Root Vegetable,Outside,10.0,4.0,Fresh
Cabai Rawit,Root Vegetable,Outside,3.0,1.0,Soon
Blueberry,Berry,Freezer,,-4.0,Expired
Cabai Merah,Root Vegetable,Chiller,8.0,6.0,Fresh
Ubi Jalar,Root Vegetable,Chiller,7.0,23.0,Fresh
Cabai Rawit,Chili Pepper,Chiller,8.0,2.0,Soon
Paprika,Chili Pepper,Chiller,,-3.0,Expired
Brokoli,Leafy Vegetable,Freezer,14.0,16.0,Fresh
Alpukat,Tropical Fruit,Freezer,1.0,2.0,Soon
Bawang Putih,Root Vegetable,Chiller,,37.0,Fresh
Jahe,Root Vegetable,Chiller,25.0,5.0,Fresh
Apel,Temperate Fruit,Chiller,23.0,-2.0,Expired
Selada,Leafy Vegetable,Freezer,9.0,21.0,Fresh
Kentang,Root Vegetable,Freezer,39.0,37.0,Fresh
Kentang,Root Vegetable,Chiller,12.0,18.0,Fresh
Apel,Temperate Fruit,Freezer,41.0,37.0,Fresh
Raspberry,Berry,Freezer,26.0,-5.0,Expired
Brokoli,Leafy Vegetable,Freezer,36.0,-6.0,Expired
Blueberry,Berry,Freezer,3.0,4.0,Fresh
Seledri,Leafy Vegetable,Freezer,8.0,13.0,Fresh
Cabai Rawit,Chili Pepper,Freezer,60.0,0.0,Expired
Jeruk Bali,Citric Fruit,Freezer,60.0,-10.0,Expired
Jahe,Root Vegetable,Freezer,26.0,37.0,Fresh
Singkong,Root Vegetable,Freezer,8.0,22.0,Fresh
Anggur,Temperate Fruit,Freezer,18.0,12.0,Fresh
Sawi,Leafy Vegetable,Freezer,32.0,-2.0,Expired
Sawi,Leafy Vegetable,Freezer,39.0,-9.0,Expired
Kentang,Root Vegetable,Chiller,13.0,17.0,Fresh
Pisang,Tropical Fruit,Freezer,38.0,-8.0,Expired
Bawang Putih,Root Vegetable,Freezer,60.0,16.0,Fresh
Melon,Tropical Fruit,Freezer,31.0,-1.0,Expired
Jeruk,Root Vegetable,Freezer,60.0,-8.0,Expired
Selada,Root Vegetable,Freezer,6.0,24.0,Fresh
Raspberry,Berry,Freezer,2.0,19.0,Fresh
Seledri,Leafy Vegetable,Outside,1.0,2.0,Soon
Lemon,Citric Fruit,Freezer,3.0,4.0,Fresh
Kentang,Root Vegetable,Freezer,0.0,37.0,Fresh
Bawang Merah,Root Vegetable,Freezer,26.0,34.0,Fresh
Bayam,Leafy Vegetable,Freezer,,8.0,Fresh
Ubi Jalar,Root Vegetable,Chiller,2.0,28.0,Fresh
Cabai Merah,Chili Pepper,Chiller,2.0,12.0,Fresh
Cabai Merah,Chili Pepper,Freezer,59.0,1.0,Soon
Pakcoy,Leafy Vegetable,Freezer,19.0,2.0,Soon
Ubi Jalar,Root Vegetable,Freezer,11.0,3.0,Soon
Bawang Putih,Root Vegetable,Chiller,60.0,24.0,Fresh
Kiwi,Temperate Fruit,Chiller,4.0,10.0,Fresh
Nanas,Tropical Fruit,Freezer,10.0,20.0,Fresh
Ubi Jalar,Root Vegetable,Outside,2.0,12.0,Fresh
Sawi,Root Vegetable,Freezer,0.0,1.0,Soon
Kentang,Root Vegetable,Freezer,60.0,37.0,Fresh
Bawang Putih,Root Vegetable,Outside,1.0,37.0,Fresh
Jeruk Bali,Citric Fruit,Freezer,8.0,37.0,Fresh
Blueberry,Berry,Freezer,36.0,-6.0,Expired
Jeruk Bali,Citric Fruit,Outside,16.0,-2.0,Expired
Apel,Temperate Fruit,Freezer,48.0,37.0,Fresh
Singkong,Root Vegetable,Outside,60.0,3.0,Soon
Pepaya,Tropical Fruit,Outside,4.0,37.0,Expired
Melon,Tropical Fruit,Outside,,5.0,Fresh
Blueberry,Root Vegetable,Outside,0.0,2.0,Soon
Anggur,Temperate Fruit,Freezer,0.0,30.0,Fresh
Pear,Temperate Fruit,Freezer,40.0,20.0,Fresh
Cabai Merah,Chili Pepper,Freezer,60.0,-15.0,Expired
Semangka,Tropical Fruit,Freezer,36.0,-6.0,Expired
Semangka,Root Vegetable,Chiller,0.0,10.0,Fresh
Pakcoy,Leafy Vegetable,Freezer,0.0,21.0,Fresh
Semangka,Root Vegetable,Freezer,5.0,25.0,Fresh
Pepaya,Tropical Fruit,Freezer,18.0,12.0,Fresh
Kol,Root Vegetable,Freezer,28.0,2.0,Soon
Paprika,Chili Pepper,Freezer,60.0,-3.0,Expired
Jeruk Bali,Citric Fruit,Freezer,45.0,15.0,Fresh
Sawi,Leafy Vegetable,Freezer,16.0,14.0,Fresh
Ubi Jalar,Root Vegetable,Chiller,22.0,8.0,Fresh
Pisang,Tropical Fruit,Chiller,5.0,0.0,Expired
Pear,Temperate Fruit,Freezer,33.0,27.0,Fresh
Pepaya,Root Vegetable,Chiller,3.0,4.0,Fresh
Paprika,Chili Pepper,Freezer,2.0,3.0,Soon
Apel,Temperate Fruit,Freezer,60.0,23.0,Fresh
Semangka,Tropical Fruit,Chiller,0.0,10.0,Fresh
Alpukat,Tropical Fruit,Chiller,60.0,4.0,Fresh
Kol,Leafy Vegetable,Chiller,,-3.0,Expired
Kunyit,Root Vegetable,Outside,15.0,-1.0,Expired
Tomat,Tropical Fruit,Outside,,-1.0,Expired
Melon,Tropical Fruit,Freezer,20.0,10.0,Fresh
Bawang Putih,Root Vegetable,Outside,35.0,10.0,Fresh
Pepaya,Tropical Fruit,Freezer,14.0,16.0,Fresh
Kangkung,Leafy Vegetable,Freezer,0.0,30.0,Fresh
Kentang,Root Vegetable,Freezer,60.0,10.0,Fresh
Bawang Putih,Root Vegetable,Chiller,13.0,37.0,Fresh
Pear,Temperate Fruit,Chiller,7.0,7.0,Fresh
Brokoli,Leafy Vegetable,Freezer,30.0,0.0,Expired
Jeruk,Citric Fruit,Freezer,60.0,-18.0,Expired
Apel,Temperate Fruit,Freezer,26.0,37.0,Fresh
Kangkung,Leafy Vegetable,Freezer,27.0,3.0,Soon
Brokoli,Leafy Vegetable,Chiller,,3.0,Soon
Kunyit,Root Vegetable,Chiller,2.0,28.0,Fresh
Blueberry,Berry,Chiller,,1.0,Soon
Cabai Merah,Chili Pepper,Freezer,52.0,8.0,Fresh
Cabai Merah,Chili Pepper,Chiller,14.0,0.0,Expired
Singkong,Root Vegetable,Freezer,4.0,26.0,Fresh
Lemon,Citric Fruit,Freezer,6.0,37.0,Fresh
Kol,Leafy Vegetable,Outside,60.0,3.0,Soon
Mangga,Tropical Fruit,Freezer,30.0,0.0,Expired
Tomat,Root Vegetable,Freezer,60.0,-4.0,Expired
Bawang Putih,Root Vegetable,Freezer,60.0,26.0,Fresh
Cabai Rawit,Chili Pepper,Chiller,0.0,10.0,Fresh
Kunyit,Root Vegetable,Chiller,10.0,20.0,Fresh
Bawang Merah,Root Vegetable,Outside,20.0,10.0,Fresh
Pisang,Tropical Fruit,Freezer,32.0,-2.0,Expired
Selada,Leafy Vegetable,Freezer,,-9.0,Expired
Tomat,Tropical Fruit,Freezer,60.0,-13.0,Expired
Bawang Merah,Root Vegetable,Outside,9.0,21.0,Fresh
Jeruk Bali,Citric Fruit,Freezer,25.0,35.0,Fresh
Pepaya,Tropical Fruit,Freezer,7.0,23.0,Fresh
Mangga,Tropical Fruit,Freezer,5.0,25.0,Fresh
Jahe,Root Vegetable,Outside,2.0,-20.0,Fresh
Bawang Putih,Root Vegetable,Chiller,49.0,37.0,Fresh
Stroberi,Berry,Freezer,5.0,6.0,Fresh
Nanas,Tropical Fruit,Chiller,3.0,-20.0,Fresh
Ubi Jalar,Root Vegetable,Freezer,60.0,13.0,Fresh
Ubi Jalar,Root Vegetable,Outside,,5.0,Fresh
Apel,Temperate Fruit,Outside,9.0,-2.0,Expired
Nanas,Tropical Fruit,Freezer,23.0,7.0,Fresh
Bawang Merah,Root Vegetable,Outside,30.0,0.0,Expired
Lemon,Citric Fruit,Freezer,4.0,17.0,Fresh
Bayam,Root Vegetable,Chiller,2.0,3.0,Soon
Jeruk,Citric Fruit,Chiller,7.0,14.0,Fresh
Tomat,Root Vegetable,Chiller,1.0,13.0,Fresh
Stroberi,Berry,Freezer,34.0,37.0,Expired
Bawang Putih,Root Vegetable,Freezer,28.0,37.0,Fresh
Kunyit,Root Vegetable,Chiller,37.0,-7.0,Expired
Alpukat,Tropical Fruit,Freezer,0.0,30.0,Fresh
Alpukat,Tropical Fruit,Chiller,7.0,-20.0,Expired
Bawang Putih,Root Vegetable,Freezer,46.0,37.0,Fresh
Paprika,Chili Pepper,Chiller,,7.0,Fresh
Jeruk,Citric Fruit,Outside,0.0,7.0,Fresh
Jeruk Nipis,Citric Fruit,Freezer,60.0,-14.0,Expired
Kol,Leafy Vegetable,Freezer,17.0,-3.0,Expired
Kiwi,Temperate Fruit,Freezer,51.0,9.0,Fresh
Brokoli,Root Vegetable,Freezer,15.0,15.0,Fresh
Jahe,Root Vegetable,Freezer,7.0,23.0,Fresh
Tomat,Tropical Fruit,Freezer,6.0,-1.0,Expired
Paprika,Chili Pepper,Freezer,60.0,-5.0,Expired
Cabai Merah,Root Vegetable,Freezer,29.0,31.0,Fresh
Mangga,Tropical Fruit,Freezer,37.0,-7.0,Expired
Pepaya,Tropical Fruit,Freezer,16.0,14.0,Fresh
Jahe,Root Vegetable,Chiller,16.0,14.0,Fresh
Cabai Merah,Chili Pepper,Freezer,60.0,-11.0,Expired
Anggur,Temperate Fruit,Freezer,21.0,9.0,Fresh
Jeruk Bali,Citric Fruit,Outside,,9.0,Fresh
Lemon,Citric Fruit,Freezer,,37.0,Fresh
Wortel,Root Vegetable,Chiller,14.0,7.0,Fresh
Kentang,Root Vegetable,Outside,0.0,14.0,Fresh
Alpukat,Tropical Fruit,Chiller,,5.0,Fresh
Sawi,Leafy Vegetable,Freezer,12.0,18.0,Fresh
Jeruk,Citric Fruit,Freezer,0.0,37.0,Fresh
Lemon,Citric Fruit,Freezer,47.0,13.0,Fresh
Bawang Merah,Root Vegetable,Outside,27.0,3.0,Soon
Stroberi,Berry,Freezer,0.0,30.0,Fresh
Anggur,Temperate Fruit,Freezer,38.0,-8.0,Expired
Jahe,Root Vegetable,Outside,5.0,9.0,Fresh
Kol,Leafy Vegetable,Freezer,27.0,37.0,Soon
Paprika,Root Vegetable,Freezer,4.0,1.0,Soon
Tomat,Tropical Fruit,Freezer,36.0,24.0,Fresh
Kentang,Root Vegetable,Freezer,60.0,-10.0,Expired
Tomat,Tropical Fruit,Chiller,60.0,10.0,Fresh
Cabai Rawit,Chili Pepper,Chiller,5.0,5.0,Fresh
Brokoli,Leafy Vegetable,Freezer,16.0,14.0,Fresh
Tomat,Tropical Fruit,Freezer,33.0,27.0,Fresh
Bawang Merah,Root Vegetable,Chiller,5.0,37.0,Fresh
Pisang,Tropical Fruit,Chiller,1.0,1.0,Soon
Selada,Leafy Vegetable,Freezer,24.0,6.0,Fresh
Jahe,Root Vegetable,Freezer,60.0,1.0,Soon
Sawi,Leafy Vegetable,Freezer,26.0,4.0,Fresh
Sawi,Leafy Vegetable,Freezer,9.0,21.0,Fresh
Jeruk,Citric Fruit,Freezer,60.0,-1.0,Expired
Kiwi,Temperate Fruit,Freezer,55.0,5.0,Fresh
Apel,Temperate Fruit,Freezer,60.0,30.0,Fresh
Stroberi,Berry,Chiller,6.0,-1.0,Expired
Mangga,Tropical Fruit,Freezer,0.0,30.0,Fresh
Paprika,Chili Pepper,Chiller,16.0,-2.0,Expired
Jeruk,Citric Fruit,Freezer,60.0,-8.0,Expired
Paprika,Chili Pepper,Freezer,60.0,-17.0,Expired
Seledri,Leafy Vegetable,Freezer,11.0,10.0,Fresh
Kol,Leafy Vegetable,Freezer,7.0,23.0,Fresh
Raspberry,Berry,Freezer,11.0,-20.0,Fresh
Sawi,Leafy Vegetable,Freezer,38.0,-8.0,Expired
Tomat,Tropical Fruit,Freezer,1.0,37.0,Fresh
Jeruk,Root Vegetable,Outside,9.0,-2.0,Expired
Paprika,Root Vegetable,Outside,3.0,2.0,Soon
Selada,Leafy Vegetable,Outside,5.0,2.0,Soon
Cabai Merah,Root Vegetable,Freezer,60.0,-11.0,Expired
Kentang,Root Vegetable,Chiller,22.0,8.0,Fresh
Bawang Putih,Root Vegetable,Outside,54.0,-9.0,Expired
Bawang Merah,Root Vegetable,Chiller,46.0,14.0,Fresh
Stroberi,Berry,Freezer,26.0,4.0,Fresh
Nanas,Tropical Fruit,Freezer,5.0,25.0,Fresh
Nanas,Tropical Fruit,Freezer,3.0,27.0,Fresh
Apel,Temperate Fruit,Chiller,3.0,18.0,Fresh
Lemon,Citric Fruit,Chiller,5.0,16.0,Fresh
Pear,Temperate Fruit,Freezer,60.0,-11.0,Expired
Jahe,Root Vegetable,Outside,11.0,3.0,Soon
Bayam,Leafy Vegetable,Freezer,32.0,-2.0,Expired
Mangga,Tropical Fruit,Freezer,20.0,10.0,Fresh
Ubi Jalar,Root Vegetable,Chiller,,23.0,Fresh
Jeruk,Citric Fruit,Outside,2.0,5.0,Fresh
Raspberry,Berry,Freezer,3.0,18.0,Fresh
Brokoli,Leafy Vegetable,Freezer,2.0,0.0,Expired
Pepaya,Tropical Fruit,Freezer,0.0,30.0,Fresh
Cabai Rawit,Chili Pepper,Freezer,18.0,37.0,Fresh
Kol,Leafy Vegetable,Chiller,17.0,-20.0,Expired
Bawang Putih,Root Vegetable,Outside,16.0,29.0,Fresh
Lemon,Citric Fruit,Freezer,20.0,1.0,Soon
Kentang,Root Vegetable,Freezer,13.0,1.0,Soon
Wortel,Root Vegetable,Freezer,42.0,37.0,Fresh
Selada,Leafy Vegetable,Freezer,14.0,16.0,Fresh
Pisang,Tropical Fruit,Outside,5.0,1.0,Soon
Bawang Merah,Root Vegetable,Chiller,20.0,37.0,Fresh
Anggur,Temperate Fruit,Chiller,7.0,37.0,Expired
Jeruk,Citric Fruit,Freezer,28.0,32.0,Fresh
Lemon,Citric Fruit,Freezer,60.0,-2.0,Expired
Brokoli,Leafy Vegetable,Freezer,31.0,-1.0,Expired
Kunyit,Root Vegetable,Chiller,13.0,17.0,Fresh
Pear,Temperate Fruit,Outside,5.0,0.0,Expired
Mangga,Tropical Fruit,Freezer,,15.0,Fresh
Kangkung,Leafy Vegetable,Outside,0.0,-20.0,Soon
Cabai Merah,Chili Pepper,Freezer,10.0,37.0,Fresh
Pisang,Tropical Fruit,Freezer,27.0,3.0,Soon
Kentang,Root Vegetable,Chiller,38.0,-8.0,Expired
Cabai Merah,Chili Pepper,Outside,5.0,5.0,Fresh
Tomat,Tropical Fruit,Freezer,3.0,2.0,Soon
Kol,Leafy Vegetable,Chiller,9.0,5.0,Fresh
Kol,Leafy Vegetable,Freezer,34.0,-4.0,Expired
Alpukat,Tropical Fruit,Freezer,34.0,-4.0,Expired
Stroberi,Berry,Freezer,18.0,12.0,Fresh
Kiwi,Temperate Fruit,Freezer,60.0,-8.0,Expired
Jeruk Bali,Citric Fruit,Outside,0.0,14.0,Fresh
Tomat,Tropical Fruit,Chiller,2.0,12.0,Fresh
Alpukat,Tropical Fruit,Freezer,6.0,24.0,Fresh
Pisang,Tropical Fruit,Outside,,1.0,Soon
Paprika,Chili Pepper,Freezer,7.0,7.0,Fresh
Cabai Rawit,Chili Pepper,Freezer,3.0,37.0,Fresh
Cabai Merah,Chili Pepper,Freezer,34.0,26.0,Fresh
Raspberry,Berry,Freezer,,14.0,Fresh
Kunyit,Root Vegetable,Outside,,14.0,Fresh
Bawang Putih,Root Vegetable,Chiller,0.0,37.0,Fresh
Cabai Merah,Chili Pepper,Chiller,5.0,9.0,Fresh
Stroberi,Berry,Freezer,35.0,-5.0,Expired
Singkong,Root Vegetable,Freezer,7.0,0.0,Expired
Mangga,Root Vegetable,Freezer,30.0,37.0,Expired
Kentang,Root Vegetable,Chiller,1.0,-20.0,Expired
Melon,Tropical Fruit,Freezer,35.0,-5.0,Expired
Jeruk Nipis,Citric Fruit,Outside,,7.0,Fresh
Jeruk Nipis,Citric Fruit,Freezer,35.0,25.0,Fresh
Bayam,Leafy Vegetable,Freezer,25.0,5.0,Fresh
Paprika,Chili Pepper,Freezer,58.0,2.0,Soon
Jahe,Root Vegetable,Freezer,60.0,-14.0,Expired
Jeruk Bali,Citric Fruit,Chiller,33.0,-3.0,Expired
Jeruk,Citric Fruit,Chiller,2.0,19.0,Fresh
Tomat,Tropical Fruit,Outside,,0.0,Expired
Jeruk Bali,Citric Fruit,Freezer,20.0,37.0,Fresh
Bayam,Leafy Vegetable,Freezer,31.0,-1.0,Expired
Jeruk,Citric Fruit,Freezer,33.0,27.0,Fresh
Raspberry,Berry,Freezer,25.0,-4.0,Expired
Paprika,Chili Pepper,Chiller,18.0,-4.0,Expired
Bawang Putih,Root Vegetable,Outside,23.0,22.0,Fresh
Tomat,Tropical Fruit,Freezer,60.0,-1.0,Expired
Bawang Merah,Root Vegetable,Freezer,,-20.0,Expired
Ubi Jalar,Root Vegetable,Freezer,21.0,9.0,Fresh
Pisang,Root Vegetable,Chiller,2.0,3.0,Soon
Apel,Temperate Fruit,Chiller,20.0,1.0,Soon
Anggur,Temperate Fruit,Freezer,29.0,1.0,Soon
Ubi Jalar,Root Vegetable,Freezer,36.0,37.0,Fresh
Selada,Leafy Vegetable,Freezer,28.0,2.0,Soon
Kentang,Root Vegetable,Outside,5.0,12.0,Fresh
Tomat,Tropical Fruit,Chiller,1.0,13.0,Fresh
Ubi Jalar,Root Vegetable,Freezer,37.0,37.0,Fresh
Anggur,Temperate Fruit,Freezer,2.0,1.0,Soon
Mangga,Tropical Fruit,Freezer,4.0,3.0,Soon
Kunyit,Root Vegetable,Freezer,60.0,1.0,Soon
Anggur,Temperate Fruit,Freezer,35.0,-5.0,Expired
Singkong,Root Vegetable,Freezer,,25.0,Fresh
Sawi,Leafy Vegetable,Freezer,11.0,19.0,Fresh
Ubi Jalar,Root Vegetable,Freezer,5.0,-5.0,Expired
Wortel,Root Vegetable,Chiller,23.0,-2.0,Expired
Brokoli,Leafy Vegetable,Outside,5.0,1.0,Soon
Nanas,Tropical Fruit,Freezer,24.0,6.0,Fresh
Cabai Merah,Chili Pepper,Freezer,2.0,12.0,Fresh
Kunyit,Root Vegetable,Freezer,60.0,5.0,Fresh
Blueberry,Root Vegetable,Freezer,9.0,21.0,Fresh
Jeruk,Citric Fruit,Freezer,32.0,28.0,Fresh
Jeruk Bali,Citric Fruit,Outside,,11.0,Fresh
Anggur,Temperate Fruit,Chiller,,5.0,Fresh
Bayam,Root Vegetable,Freezer,24.0,6.0,Fresh
Bawang Putih,Root Vegetable,Chiller,2.0,37.0,Fresh
Jeruk Nipis,Citric Fruit,Freezer,44.0,16.0,Fresh
Kunyit,Root Vegetable,Chiller,1.0,29.0,Fresh
Melon,Tropical Fruit,Freezer,6.0,1.0,Soon
Kiwi,Temperate Fruit,Freezer,60.0,-9.0,Expired
Bawang Putih,Root Vegetable,Chiller,60.0,-7.0,Expired
Kentang,Root Vegetable,Freezer,60.0,-14.0,Expired
Bawang Merah,Root Vegetable,Freezer,60.0,3.0,Soon
Pakcoy,Leafy Vegetable,Freezer,60.0,10.0,Fresh
Tomat,Tropical Fruit,Freezer,2.0,37.0,Fresh
Kiwi,Temperate Fruit,Chiller,1.0,13.0,Fresh
Brokoli,Leafy Vegetable,Outside,,1.0,Soon
Jeruk Bali,Citric Fruit,Freezer,0.0,37.0,Fresh
Jeruk Bali,Root Vegetable,Outside,8.0,6.0,Fresh
Jeruk Bali,Citric Fruit,Freezer,60.0,-16.0,Expired
Kangkung,Leafy Vegetable,Freezer,25.0,5.0,Fresh
Melon,Tropical Fruit,Freezer,28.0,2.0,Soon
Kol,Leafy Vegetable,Freezer,5.0,9.0,Fresh
Anggur,Temperate Fruit,Freezer,33.0,-3.0,Expired
Jahe,Root Vegetable,Freezer,37.0,-7.0,Expired
Kol,Leafy Vegetable,Freezer,0.0,3.0,Soon
Nanas,Tropical Fruit,Freezer,6.0,24.0,Fresh
Kentang,Root Vegetable,Freezer,47.0,37.0,Fresh
Semangka,Tropical Fruit,Outside,5.0,37.0,Soon
Blueberry,Root Vegetable,Freezer,34.0,-4.0,Expired
Sawi,Leafy Vegetable,Outside,,1.0,Soon
Cabai Rawit,Chili Pepper,Freezer,,-2.0,Expired
Anggur,Temperate Fruit,Freezer,6.0,1.0,Soon
Stroberi,Berry,Freezer,12.0,18.0,Fresh
Sawi,Root Vegetable,Chiller,5.0,0.0,Expired
Bawang Merah,Root Vegetable,Outside,23.0,7.0,Fresh
Tomat,Tropical Fruit,Freezer,54.0,6.0,Fresh
Ubi Jalar,Root Vegetable,Freezer,,-15.0,Expired
Kiwi,Temperate Fruit,Chiller,18.0,-4.0,Expired
Jahe,Root Vegetable,Freezer,3.0,37.0,Fresh
Pear,Temperate Fruit,Freezer,22.0,37.0,Fresh
Mangga,Tropical Fruit,Freezer,17.0,13.0,Fresh
Lemon,Root Vegetable,Freezer,41.0,19.0,Fresh
Stroberi,Root Vegetable,Chiller,4.0,1.0,Soon
Stroberi,Berry,Freezer,33.0,-3.0,Expired
Kunyit,Root Vegetable,Outside,2.0,12.0,Fresh
Tomat,Tropical Fruit,Chiller,13.0,1.0,Soon
Jeruk Bali,Citric Fruit,Freezer,60.0,-3.0,Expired
Brokoli,Leafy Vegetable,Freezer,1.0,29.0,Fresh
Sawi,Root Vegetable,Chiller,3.0,2.0,Soon
Kangkung,Leafy Vegetable,Freezer,33.0,-3.0,Expired
Anggur,Temperate Fruit,Outside,2.0,37.0,Soon
Jahe,Root Vegetable,Freezer,60.0,19.0,Fresh
Melon,Tropical Fruit,Freezer,60.0,-5.0,Expired
Jahe,Root Vegetable,Chiller,,17.0,Fresh
Lemon,Citric Fruit,Freezer,13.0,37.0,Fresh
Kunyit,Root Vegetable,Freezer,60.0,19.0,Fresh
Tomat,Tropical Fruit,Freezer,60.0,-5.0,Expired
Wortel,Root Vegetable,Chiller,25.0,-4.0,Expired
Kunyit,Root Vegetable,Chiller,9.0,21.0,Fresh
Bawang Merah,Root Vegetable,Outside,26.0,4.0,Fresh
Jeruk,Citric Fruit,Chiller,16.0,5.0,Fresh
Sawi,Leafy Vegetable,Chiller,,-1.0,Expired
Nanas,Tropical Fruit,Outside,3.0,2.0,Soon
Lemon,Citric Fruit,Freezer,25.0,35.0,Fresh
Jeruk Nipis,Root Vegetable,Freezer,58.0,2.0,Soon
Brokoli,Leafy Vegetable,Freezer,25.0,5.0,Fresh
Sawi,Leafy Vegetable,Freezer,,21.0,Fresh
Kentang,Root Vegetable,Chiller,,9.0,Fresh
Kiwi,Temperate Fruit,Freezer,60.0,-5.0,Expired
Pear,Temperate Fruit,Freezer,11.0,37.0,Fresh
Kiwi,Temperate Fruit,Freezer,25.0,35.0,Fresh
Jeruk Nipis,Citric Fruit,Chiller,3.0,11.0,Fresh
Semangka,Tropical Fruit,Freezer,35.0,-5.0,Expired
Tomat,Tropical Fruit,Freezer,45.0,15.0,Fresh
Selada,Leafy Vegetable,Freezer,7.0,23.0,Fresh
Jeruk Bali,Citric Fruit,Chiller,3.0,27.0,Fresh
Bawang Merah,Root Vegetable,Chiller,49.0,11.0,Fresh
Bawang Merah,Root Vegetable,Freezer,60.0,-1.0,Expired
Blueberry,Berry,Freezer,15.0,15.0,Fresh
Jahe,Root Vegetable,Freezer,10.0,37.0,Fresh
Alpukat,Tropical Fruit,Chiller,,1.0,Soon
Kunyit,Root Vegetable,Chiller,20.0,10.0,Fresh
Bawang Putih,Root Vegetable,Chiller,52.0,37.0,Fresh
Jeruk Nipis,Citric Fruit,Chiller,1.0,13.0,Fresh
Blueberry,Berry,Freezer,27.0,3.0,Soon
Lemon,Citric Fruit,Freezer,,1.0,Soon
Selada,Leafy Vegetable,Outside,,2.0,Soon
Ubi Jalar,Root Vegetable,Freezer,60.0,-4.0,Expired
Kiwi,Temperate Fruit,Freezer,60.0,-7.0,Expired
Bayam,Leafy Vegetable,Freezer,5.0,7.0,Fresh
Selada,Leafy Vegetable,Freezer,6.0,24.0,Fresh
Paprika,Chili Pepper,Freezer,36.0,24.0,Fresh
Anggur,Root Vegetable,Freezer,1.0,2.0,Soon
Bawang Putih,Root Vegetable,Chiller,28.0,37.0,Fresh
Raspberry,Berry,Freezer,14.0,7.0,Fresh
Bawang Merah,Root Vegetable,Chiller,42.0,18.0,Fresh
Tomat,Tropical Fruit,Chiller,0.0,14.0,Fresh
Kunyit,Root Vegetable,Chiller,36.0,-6.0,Expired
Bayam,Leafy Vegetable,Freezer,,4.0,Fresh
Lemon,Citric Fruit,Chiller,19.0,2.0,Soon
Pakcoy,Leafy Vegetable,Chiller,5.0,3.0,Soon
Bawang Merah,Root Vegetable,Chiller,10.0,37.0,Fresh
Paprika,Chili Pepper,Freezer,34.0,26.0,Fresh
Kangkung,Leafy Vegetable,Chiller,1.0,0.0,Expired
Cabai Rawit,Chili Pepper,Chiller,9.0,-20.0,Soon
Singkong,Root Vegetable,Freezer,11.0,19.0,Fresh
Kunyit,Root Vegetable,Freezer,24.0,37.0,Fresh
Pakcoy,Leafy Vegetable,Freezer,11.0,10.0,Fresh
Anggur,Temperate Fruit,Freezer,,19.0,Fresh
Kangkung,Leafy Vegetable,Freezer,1.0,29.0,Fresh
Jeruk Nipis,Citric Fruit,Outside,,5.0,Fresh
Ubi Jalar,Root Vegetable,Freezer,6.0,8.0,Fresh
Kangkung,Leafy Vegetable,Freezer,32.0,-2.0,Expired
Selada,Leafy Vegetable,Freezer,2.0,28.0,Fresh
Stroberi,Berry,Freezer,,-2.0,Expired
Cabai Merah,Chili Pepper,Freezer,54.0,6.0,Fresh
Pakcoy,Leafy Vegetable,Freezer,7.0,14.0,Fresh
Alpukat,Tropical Fruit,Freezer,23.0,7.0,Fresh
Kiwi,Temperate Fruit,Freezer,60.0,-2.0,Expired
Pear,Temperate Fruit,Freezer,1.0,4.0,Fresh
Bayam,Leafy Vegetable,Freezer,,22.0,Fresh
Kiwi,Temperate Fruit,Chiller,0.0,14.0,Fresh
Brokoli,Leafy Vegetable,Freezer,15.0,15.0,Fresh
Kunyit,Root Vegetable,Freezer,25.0,37.0,Fresh
Paprika,Chili Pepper,Freezer,13.0,1.0,Soon
Cabai Rawit,Chili Pepper,Freezer,60.0,-14.0,Expired
Lemon,Citric Fruit,Freezer,60.0,-4.0,Expired
Jeruk Bali,Citric Fruit,Freezer,11.0,19.0,Fresh
Paprika,Chili Pepper,Freezer,41.0,19.0,Fresh
Kiwi,Temperate Fruit,Freezer,26.0,34.0,Fresh
Pepaya,Tropical Fruit,Outside,,2.0,Soon
Pear,Temperate Fruit,Freezer,38.0,22.0,Fresh
Jeruk Bali,Citric Fruit,Freezer,60.0,0.0,Expired
Paprika,Chili Pepper,Outside,6.0,-20.0,Expired
Jeruk Bali,Citric Fruit,Freezer,57.0,3.0,Soon
Alpukat,Tropical Fruit,Freezer,15.0,15.0,Fresh
Kentang,Root Vegetable,Outside,18.0,-4.0,Expired
Bawang Putih,Root Vegetable,Freezer,60.0,36.0,Fresh
Ubi Jalar,Root Vegetable,Freezer,60.0,-7.0,Expired
Kunyit,Root Vegetable,Freezer,60.0,2.0,Soon
Raspberry,Berry,Freezer,1.0,20.0,Fresh
Jahe,Root Vegetable,Freezer,56.0,34.0,Fresh
Stroberi,Berry,Freezer,24.0,6.0,Fresh
Pisang,Tropical Fruit,Freezer,,0.0,Expired
Kentang,Root Vegetable,Freezer,48.0,37.0,Fresh
Jahe,Root Vegetable,Outside,,8.0,Fresh
Paprika,Root Vegetable,Outside,0.0,5.0,Fresh
Stroberi,Berry,Freezer,22.0,8.0,Fresh
Bayam,Leafy Vegetable,Freezer,28.0,2.0,Soon
Ubi Jalar,Root Vegetable,Freezer,55.0,35.0,Fresh
Kol,Leafy Vegetable,Freezer,22.0,8.0,Fresh
Pakcoy,Leafy Vegetable,Chiller,,-1.0,Expired
Nanas,Tropical Fruit,Freezer,12.0,18.0,Fresh
Bayam,Leafy Vegetable,Freezer,30.0,0.0,Expired
Semangka,Tropical Fruit,Freezer,6.0,24.0,Fresh
Wortel,Root Vegetable,Freezer,,26.0,Fresh
Wortel,Root Vegetable,Freezer,37.0,37.0,Fresh
Raspberry,Berry,Outside,,0.0,Expired
Kangkung,Leafy Vegetable,Freezer,10.0,20.0,Fresh
Cabai Merah,Chili Pepper,Freezer,28.0,32.0,Fresh
Kiwi,Temperate Fruit,Freezer,15.0,37.0,Fresh
Apel,Temperate Fruit,Freezer,60.0,2.0,Soon
Cabai Rawit,Chili Pepper,Freezer,5.0,37.0,Fresh
Kunyit,Root Vegetable,Chiller,12.0,18.0,Fresh
Bawang Merah,Root Vegetable,Outside,5.0,25.0,Fresh
Stroberi,Berry,Freezer,32.0,-2.0,Expired
Bawang Putih,Root Vegetable,Outside,50.0,-5.0,Expired
Bawang Merah,Root Vegetable,Chiller,6.0,37.0,Fresh
Kentang,Root Vegetable,Chiller,16.0,14.0,Fresh
Kentang,Root Vegetable,Outside,1.0,10.0,Fresh
Bawang Putih,Root Vegetable,Chiller,60.0,28.0,Fresh
Sawi,Leafy Vegetable,Freezer,38.0,-20.0,Expired
Singkong,Root Vegetable,Freezer,,8.0,Fresh
Lemon,Root Vegetable,Chiller,6.0,15.0,Fresh
Jahe,Root Vegetable,Freezer,60.0,-7.0,Expired
Jahe,Root Vegetable,Chiller,29.0,1.0,Soon
Raspberry,Berry,Freezer,11.0,10.0,Fresh
Semangka,Tropical Fruit,Chiller,7.0,3.0,Soon
Alpukat,Tropical Fruit,Freezer,35.0,-5.0,Expired
Pisang,Root Vegetable,Freezer,1.0,2.0,Soon
Kunyit,Root Vegetable,Chiller,24.0,6.0,Fresh
Tomat,Tropical Fruit,Outside,1.0,1.0,Soon
Kangkung,Leafy Vegetable,Freezer,,28.0,Fresh
Brokoli,Leafy Vegetable,Freezer,60.0,11.0,Fresh
Jeruk Nipis,Citric Fruit,Freezer,52.0,8.0,Fresh
Jeruk Bali,Citric Fruit,Freezer,60.0,-12.0,Expired
Jeruk Bali,Citric Fruit,Freezer,2.0,37.0,Fresh
Kangkung,Leafy Vegetable,Freezer,,19.0,Fresh
Nanas,Root Vegetable,Outside,1.0,4.0,Fresh
Kiwi,Temperate Fruit,Chiller,9.0,5.0,Fresh
Melon,Tropical Fruit,Freezer,2.0,28.0,Fresh
Brokoli,Root Vegetable,Outside,2.0,0.0,Expired
Jeruk Bali,Citric Fruit,Freezer,60.0,-17.0,Expired
Kol,Leafy Vegetable,Chiller,14.0,-20.0,Expired
Jahe,Root Vegetable,Outside,18.0,-4.0,Expired
Jeruk Bali,Citric Fruit,Freezer,36.0,-6.0,Expired
Pakcoy,Leafy Vegetable,Freezer,6.0,15.0,Fresh
Bawang Putih,Root Vegetable,Chiller,60.0,2.0,Soon
Bawang Putih,Root Vegetable,Chiller,18.0,37.0,Fresh
Cabai Rawit,Chili Pepper,Freezer,60.0,-13.0,Expired
Cabai Rawit,Chili Pepper,Freezer,60.0,-9.0,Expired
Paprika,Chili Pepper,Freezer,60.0,-11.0,Expired
Jeruk Nipis,Citric Fruit,Freezer,,-12.0,Expired
Kiwi,Temperate Fruit,Freezer,13.0,37.0,Fresh
Bawang Putih,Root Vegetable,Outside,7.0,37.0,Fresh
Jahe,Root Vegetable,Outside,16.0,-2.0,Expired
Melon,Root Vegetable,Freezer,21.0,9.0,Fresh
Cabai Rawit,Chili Pepper,Freezer,60.0,-6.0,Expired
Stroberi,Berry,Freezer,11.0,19.0,Fresh
Kol,Leafy Vegetable,Outside,,1.0,Soon
Melon,Tropical Fruit,Outside,,-1.0,Expired
Bawang Merah,Root Vegetable,Outside,1.0,13.0,Fresh
Pear,Temperate Fruit,Freezer,60.0,-14.0,Expired
Seledri,Root Vegetable,Freezer,18.0,3.0,Soon
Bawang Putih,Root Vegetable,Chiller,55.0,-20.0,Fresh
Kentang,Root Vegetable,Freezer,29.0,37.0,Fresh
Jeruk Nipis,Citric Fruit,Chiller,,-2.0,Expired
Bawang Merah,Root Vegetable,Freezer,4.0,37.0,Fresh
Kiwi,Root Vegetable,Freezer,2.0,37.0,Fresh
Kol,Root Vegetable,Freezer,38.0,-8.0,Expired
Apel,Root Vegetable,Outside,9.0,-2.0,Expired
Jahe,Root Vegetable,Chiller,21.0,9.0,Fresh
Selada,Leafy Vegetable,Freezer,29.0,1.0,Soon
Bawang Putih,Root Vegetable,Chiller,31.0,37.0,Fresh
Blueberry,Berry,Outside,,2.0,Soon
Jahe,Root Vegetable,Freezer,13.0,1.0,Soon
Mangga,Root Vegetable,Chiller,9.0,-2.0,Expired
Lemon,Citric Fruit,Chiller,4.0,17.0,Fresh
Pear,Temperate Fruit,Freezer,31.0,29.0,Fresh
Blueberry,Berry,Freezer,38.0,-8.0,Expired
Lemon,Root Vegetable,Freezer,60.0,-6.0,Expired
Brokoli,Leafy Vegetable,Freezer,32.0,-2.0,Expired
Kentang,Root Vegetable,Freezer,60.0,-17.0,Expired
Pakcoy,Leafy Vegetable,Chiller,4.0,-20.0,Soon
Bawang Merah,Root Vegetable,Chiller,37.0,23.0,Fresh
Kentang,Root Vegetable,Chiller,21.0,9.0,Fresh
Alpukat,Tropical Fruit,Outside,5.0,0.0,Expired
Bawang Merah,Root Vegetable,Outside,38.0,-8.0,Expired
Nanas,Tropical Fruit,Freezer,18.0,12.0,Fresh
Kunyit,Root Vegetable,Chiller,16.0,-20.0,Fresh
Kunyit,Root Vegetable,Freezer,60.0,30.0,Fresh
Brokoli,Leafy Vegetable,Freezer,8.0,22.0,Fresh
Pepaya,Tropical Fruit,Chiller,1.0,6.0,Fresh
Semangka,Tropical Fruit,Freezer,10.0,20.0,Fresh
Pear,Temperate Fruit,Freezer,59.0,1.0,Soon
Pear,Temperate Fruit,Freezer,28.0,32.0,Fresh
Ubi Jalar,Root Vegetable,Freezer,52.0,37.0,Fresh
Raspberry,Berry,Freezer,13.0,8.0,Fresh
Lemon,Citric Fruit,Freezer,12.0,37.0,Fresh
Blueberry,Root Vegetable,Outside,2.0,0.0,Expired
Semangka,Tropical Fruit,Freezer,2.0,8.0,Fresh
Tomat,Tropical Fruit,Freezer,4.0,1.0,Soon
Stroberi,Berry,Freezer,2.0,28.0,Fresh
Brokoli,Leafy Vegetable,Freezer,39.0,-9.0,Expired
Bayam,Leafy Vegetable,Freezer,28.0,-20.0,Soon
Apel,Temperate Fruit,Chiller,24.0,-3.0,Expired
Jahe,Root Vegetable,Freezer,60.0,18.0,Fresh
Brokoli,Leafy Vegetable,Chiller,,-1.0,Expired
Semangka,Root Vegetable,Chiller,,4.0,Fresh
Paprika,Chili Pepper,Freezer,32.0,28.0,Fresh
Mangga,Tropical Fruit,Freezer,,-8.0,Expired
Kol,Leafy Vegetable,Chiller,,11.0,Fresh
Lemon,Citric Fruit,Freezer,42.0,18.0,Fresh
Kangkung,Leafy Vegetable,Freezer,39.0,-9.0,Expired
Pakcoy,Leafy Vegetable,Freezer,15.0,6.0,Fresh
Kol,Leafy Vegetable,Freezer,26.0,4.0,Fresh
Pisang,Tropical Fruit,Freezer,10.0,20.0,Fresh
Jeruk,Citric Fruit,Freezer,60.0,-17.0,Expired
Paprika,Chili Pepper,Freezer,38.0,22.0,Fresh
Wortel,Root Vegetable,Chiller,20.0,1.0,Soon
Bawang Merah,Root Vegetable,Chiller,60.0,-15.0,Expired
Jahe,Root Vegetable,Freezer,29.0,1.0,Soon
Ubi Jalar,Root Vegetable,Freezer,60.0,-16.0,Expired
Pear,Temperate Fruit,Outside,,-1.0,Expired
Jeruk Nipis,Citric Fruit,Freezer,60.0,-18.0,Expired
Jeruk,Citric Fruit,Freezer,22.0,37.0,Fresh
Apel,Temperate Fruit,Freezer,14.0,37.0,Fresh
Tomat,Root Vegetable,Outside,3.0,2.0,Soon
Wortel,Root Vegetable,Freezer,60.0,29.0,Fresh
Raspberry,Berry,Chiller,,1.0,Soon
Lemon,Citric Fruit,Freezer,26.0,34.0,Fresh
Kiwi,Temperate Fruit,Chiller,,7.0,Fresh
Cabai Rawit,Chili Pepper,Freezer,23.0,37.0,Fresh
Jahe,Root Vegetable,Freezer,44.0,37.0,Fresh
Kunyit,Root Vegetable,Freezer,9.0,37.0,Fresh
Brokoli,Root Vegetable,Freezer,24.0,6.0,Fresh
Bawang Merah,Root Vegetable,Outside,10.0,20.0,Fresh
Wortel,Root Vegetable,Chiller,7.0,14.0,Fresh
Bawang Merah,Root Vegetable,Freezer,60.0,-20.0,Fresh
Seledri,Leafy Vegetable,Freezer,,13.0,Fresh
Kol,Root Vegetable,Freezer,6.0,24.0,Fresh
Cabai Rawit,Chili Pepper,Freezer,36.0,24.0,Fresh
Ubi Jalar,Root Vegetable,Outside,,-2.0,Expired
Apel,Temperate Fruit,Freezer,60.0,-11.0,Expired
Apel,Temperate Fruit,Chiller,10.0,11.0,Fresh
Bawang Putih,Root Vegetable,Freezer,60.0,32.0,Fresh
Pakcoy,Leafy Vegetable,Freezer,20.0,1.0,Soon
Kunyit,Root Vegetable,Outside,,7.0,Fresh
Lemon,Citric Fruit,Freezer,11.0,10.0,Fresh
Blueberry,Berry,Freezer,,29.0,Fresh
Bawang Merah,Root Vegetable,Chiller,27.0,33.0,Fresh
Selada,Root Vegetable,Chiller,4.0,3.0,Soon
Jeruk Nipis,Citric Fruit,Freezer,1.0,37.0,Fresh
Kangkung,Leafy Vegetable,Freezer,15.0,15.0,Fresh
