food_name,food_category,packaging_type,storage_location,is_opened,days_to_expire,days_since_opened,sisa_hari,label
Yogurt Plain,Produk Olahan Susu,Plastik,Chiller,0,5,0,5.0,warning
Biskuit Marie,Produk Kering,Plastik,Outside,0,31,0,31.0,Fresh
Nugget Udang,Produk Protein,Plastik,,Tidak,101,0,101.0,Fresh
Sarden Cabai,Produk Kaleng,Kaleng,Outside,0,423 hari,0,423.0,ok
Biskuit Crackers,Kering,Plastik,room temp,0,138,0 days,138.0,Fresh
Susu UHT Stroberi,Produk Olahan Susu,Karton,Chiller,True,85,4,-3.0,Expired
Sosis Frankfurter,Produk Protein,Plastik,Chiller,0,42,0,42.0,Fresh
Sarden Cabai,Produk Kaleng,Kaleng,Outside,1,398,7,-5.0,Expired
Biskuit Mentega,Dry Food,Kaleng,Outside,,35,0,35.0,Fresh
Susu Bubuk Coklat,Produk Olahan Susu,Karton,Outside,1,9999,24,6.0,Soon
  Biskuit Wafer  ,Prod. Kering,Plastik,Outside,1,36,7,-2.0,Expired
Teh Lemon,Produk Minuman,Karton,Outside,0,144,0,144.0,Fresh
Susu UHT Coklat,dairy,Karton,Chiller,0,,0,155.0,Fresh
Keju Mozzarella,Produk Olahan Susu,plastik,Chiller,1,11,3,4.0,
Yogurt Mangga,Produk Olahan Susu,plastic,fridge,0,,0,28.0,Fresh
	Biskuit Mentega,Produk Kering,Kaleng,Outside,1,-5,10,4.0,Soon
Nugget Ayam,Produk Protein,Plastik,Freezer,1,95,1,2.0,Soon
Soda Jeruk,Produk Minuman,Kaleng,Outside,0,26,0,26.0,OK
Sereal Cornflakes,Produk Kering,Karton,Outside,0,340,0,340.0,Fresh
Nugget Ayam,,Plastik,Freezer,1,159,4,-1.0,Expired
Sarden Minyak Zaitun,Produk Kaleng,kaleng ,Outside,0,341,0,341.0,Fresh
Susu Kental Manis Putih,Produk Olahan Susu,Kaleng,Refrigerator,1,713,5,9.0,Fresh
	Sosis Frozen,protein,Plastik,Freezer,0,135,,135.0,
Biskuit Wafer,Produk Kering,Plastik,,0,162,0,162.0,OK
Biskuit Crackers,Produk Kering,Plastik,Outside,0,28,0,28.0,Fresh
Biskuit Oreo,Produk Kering,Plastik,Outside,0,17,0,17.0,Fresh
	Teh Kotak Hijau,Minuman,Karton,Room Temp,1,220,2,-1.0,Expired
 Sereal Coklat,Produk Kering,Karton,Room Temp,1,119,23,-2.0,Expired
Buah Cocktail,Produk Kaleng,Kaleng,Luar,0,197,0,197.0,Fresh
Yogurt Stroberi,Produk Olahan Susu,Plastik,Chiller,1,30,6,-3.0,Expired
Cola Zero Sugar,Produk Minuman,Kaleng,Outside,0,-5,0,40.0,Fresh
Nugget Ikan,,,Freezer,0,177,0,177.0,Fresh
Nugget Tempe,Produk Protein,Plastik,Freezer,0,85,0,85.0,Fresh
Nugget Udang,,Plastic,Freezer,False,150,0,150.0,fresh
Sosis Frozen,,Plastik,Freezer,1,73,5,-2.0,Expired
Sereal Coklat,Produk Kering,Karton,Outside,yes,52,26,-5.0,Expired
Biskuit Sandwich,produk kering,Plastik,Luar,0,38,0,38.0,fresh
Biskuit Crackers,Produk Kering,Polimer,Outside,0,128,0,128.0,Fresh
Cola Original,Produk Minuman,Kaleng,Outside,0,159,0,,Fresh
Leci dalam Sirup,Produk Kaleng,Kaleng,Outside,1,564,7,-4.0,kadaluarsa
Nugget Sapi,Produk Protein,Plastik,Freezer,0,172,0,172.0,Fresh
Kornet Ayam,Canned,Kaleng,Outside,Yes,36,8,-5.0,Expired
Sereal Oat,Kering,Karton,Outside,0,24,0,24.0,Fresh
Yogurt Plain,Produk Olahan Susu,PLASTIK,Chiller,1,23,6,-1.0,Expired
Yogurt Stroberi,Produk Olahan Susu,Plastik,Chiller,1,16,7,-4.0,Expired
Keju Mozzarella,Produk Olahan Susu,Plastik,Chiller,0,23,0,23.0,segar
Susu UHT Full Cream,Produk Olahan Susu,Karton,Chiller,1,139,11,-4.0,Expired
Jus Sirsak,beverage,Karton,Chiller,0,22 hari,0,22.0,Fresh
Mie Instan Ayam,Produk Kering,Plastik,Outside,1,143,1,-1.0,Expired
Mie Instan Ayam,Produk Kering,Plastik,Outside,1,67,,-5.0,Expired
Sosis Ikan,Produk Protein,,Chiller,1,34,7,-4.0,Expired
Sereal Muesli,Produk Kering,Karton,room temp,0,277,0,277.0,Fresh
Susu Kental Manis Coklat,Dairy,Kaleng,Chiller,0,191,0,191.0,Fresh
Sosis Sapi,Produk Protein,Plastik,Chiller,0,11,0,11.0,Fresh
Jus Nanas,Produk Minuman,Karton,Chiller,0,179,0,179.0,
Biskuit Mentega,Produk Kering,Kaleng,Outside,0,267,0,267.0,Fresh
NUGGET UDANG,Produk Protein,Plastik,Freezer,1,135,6,-3.0,Expired
Keju Cream Cheese,Produk Olahan Susu,Karton,Chiller,1,29,3,11.0,OK
Susu UHT Coklat,Dairy,Karton,Chiller,0,140,0,140.0,Fresh
 Air Mineral,Produk Minuman,Plastik,Outside,0,118,0,-999.0,Fresh
Susu UHT Stroberi,Produk Olahan Susu,Karton,Refrigerator,1,216,3,-2.0,Expired
	Teh Tarik,Minuman,Karton,Chiller,0,186,0,186.0,Fresh
Mie Instan Ayam,Produk Kering,PLASTIK,Outside,1,353,,-4.0,Expired
Susu Kedelai,Produk Olahan Susu,Karton,Chiller,1,20,1,4.0,Soon
Cola Zero Sugar,Produk Minuman,Kaleng,Outside,0,179,0,179.0,Fresh
Keju Cheddar,Produk Olahan Susu,Plastik,Chiller,0,102,0,102.0,Fresh
Sarden Tomat,Produk Kaleng,Kaleng,,0,670,0,670.0,Fresh
Sarden Minyak Zaitun,Produk Kaleng,Can,suhu ruangan,1,818 hari,1,1.0,Soon
  Susu UHT Coklat  ,Produk Olahan Susu,KARTON,Chiller,1,177,6,-5.0,Expired
Mie Instan Soto,Produk Kering,Plastik,OUTSIDE,1,307,3,-3.0,Expired
Jus Anggur,,Botol Kaca,Chiller,1,151,10 days,-5.0,Expired
Rambutan Kaleng,Produk Kaleng,Kaleng,Outside,,368 hari,,-3.0,Expired
Susu Bubuk Skim ,Produk Olahan Susu,Karton,Outside,1,631,27,3.0,Soon
Yogurt Stroberi,Produk Olahan Susu,Plastic,Chiller,0,6,0,6.0,Soon
Yogurt Blueberry,Produk Olahan Susu,Plastick,Chiller,0,18,0,18.0,
Yogurt Mangga,Produk Olahan Susu,Plastik,Chiller,0,29,0,29.0,Fresh
Sereal Muesli,Produk Kering,Karton,Outside,0,230,0,230.0,Fresh
Ikan Salmon,PRODUK KALENG,Kaleng,OUTSIDE,False,711,0,711.0,Fresh
Nanas Kaleng,Produk Kaleng,Kaleng,Outside,0,666,0,666.0,Fresh
	Ikan Tuna,Canned,Kaleng,Outside,0,494,0,494.0,fresh
Cola Zero Sugar,Produk Minuman,Kaleng,Outside,1,8,2,-1.0,Expired
Nanas Kaleng,Produk Kaleng,kaleng ,Outside,False,269,0,269.0,Fresh
Sosis Sapi,Produk Protein,Plastik,Chiller,1,9,8,-3.0,Expired
Yogurt Plain,Produk Olahan Susu,Plastik,Chiller,0,12,0,12.0,FRESH
Sereal Coklat,,Karton,Outside,1,11,6,11.0,Fresh
Biskuit Oreo,Produk Kering,,Outside,0,71,,71.0,Fresh
Air Mineral,Produk Minuman,Plastik,Outside,1,708,3,-2.0,kadaluarsa
Sosis Bebek,Produk Protein,PLASTIK,Chiller,1,45,5,2.0,Soon
Cola Original,,Kaleng,,1,59,3,-2.0,expired
cola original,Produk Minuman,Kaleng,Outside,1,21,3,,Expired
Sosis Frozen,Produk Protein,Plastik,Freezer,1,3,1,2.0,Soon
Susu Bubuk Full Cream,Produk Olahan Susu,Karton,Outside,yes,3,19,,Soon
Sosis Ikan,Produk Protein,Plastick,,0,13,,13.0,Fresh
Susu UHT Vanila,Produk Olahan Susu,KARTON,Chiller,1,139,3,-2.0,Expired
Yogurt Blueberry,Produk Olahan Susu,Plastik,Chiller,1,17,8,-5.0,Expired
Susu Bubuk Coklat,Produk Olahan Susu,Karton,Outside,0,239,0,,Fresh
Jus Apel,Produk Minuman,Karton,Chiller,Yes,3,,0.0,Expired
Jus Mangga,Produk Minuman,Karton,Chiller,No,107,0,107.0,Fresh
Susu Kedelai,Produk Olahan Susu,karton,Chiller,1,,1,4.0,Soon
Mie Instan Ayam,Produk Kering,Plastik,OUTSIDE,1,174,5,-5.0,Basi
Sosis Sapi,Prod. Protein,Plastik,Chiller,1,23,1,4.0,
Cola Original,Produk Minuman,Kaleng,Outside,1,123,2,-1.0,Expired
Minuman Energi,Produk Minuman,Kaleng,Outside,True,148,1,0.0,Basi
Keju Cheddar,Produk Olahan Susu,Plastik,Chiller,0,48,0,48.0,Fresh
Minuman Isotonik,Prod. Minuman,Plastik,Luar,0,50,0,50.0,Fresh
Sarden Minyak Zaitun,Produk Kaleng,Kaleng,Outside,0,550,0,550.0,Fresh
Susu Pasteurisasi,Produk Olahan Susu,Plastick,Chiller,1,10,5,-2.0,Kadaluarsa
Yogurt Kefir,Produk Olahan Susu,Botol Kaca,Chiller,1,13,3,0.0,
Keju Cheddar,Produk Olahan Susu,Plastik,Chiller,1,27,5,9.0,Fresh
Biskuit Sandwich,Produk Kering,Plastik,Outside,,,5,-50.0,Expired
Leci dalam Sirup,canned,Kaleng,OUTSIDE,1,511,4,-1.0,Expired
Susu UHT Low Fat,Olahan Susu,Karton,fridge,0,218,0,218.0,Fresh
Susu Bubuk Skim,,Karton,Outside,1,625,15,15.0,Fresh
Sereal Coklat,Produk Kering,Karton,Outside,0,7,0,7.0,Soon
Air Mineral,Produk Minuman,Plastik,Outside,1,674,5,-4.0,Expired
Yogurt Minum Probiotik,Produk Olahan Susu,Botol Kaca,Chiller,1,11,2,1.0,Soon
Jus Mangga,Produk Minuman,Karton,Chiller,0,127,0,127.0,Fresh
Susu Kental Manis Coklat,Produk Olahan Susu,Kaleng,Chiller,0,336,0,336.0,Fresh
SOSIS FRANKFURTER,Produk Protein,Plastik,Chiller,1,47,9,-2.0,Expired
Kornet Sapi,Produk Kaleng,Kaleng,Outside,1,94,1,2.0,Soon
Cola Zero Sugar,Produk Minuman,Kaleng,Outside,,,3,-2.0,Expired
Teh Kotak Hijau,Produk Minuman,Karton,Outside,0,262,0,262.0,Fresh
Jus Sirsak,Produk Minuman,Karton,Chiller,true,167,7,-4.0,Expired
Ikan Salmon,Produk Kaleng,Kaleng,Outside,1,56,2,0.0,Expired
Susu Bubuk Full Cream,Produk Olahan Susu,Karton,Outside,1,10000,32,-2.0,Expired
	Nugget Ikan,Produk Protein,Plastik,Freezer,0,66,0,66.0,Fresh
Sosis Bebek,Produk Protein,Plastik,Chiller,0,28,0,28.0,Fresh
Cola Original,Produk Minuman,Kaleng,outside,1,258,1,0.0,Expired
Sarden Minyak Zaitun,produk kaleng,,Outside,0,290,0,290.0,Fresh
Jus Apel,Produk Minuman,Karton,Chiller,0,85,0,85.0,Fresh
Sereal Granola,Produk Kering,carton,Outside,0,270,0,270.0,Fresh
Sosis Ayam,Protin,Plastik,CHILLER,0,43,0,43.0,ok
Air Mineral,Produk Minuman,Plastik,Outside,0,488,0,488.0,Fresh
Ikan Makerel,Produk Kaleng,Kaleng,Outside,1,532,6,-4.0,Expired
Susu Bubuk Skim,Produk Olahan Susu,Kardus,Outside,0,317,0,317.0,Fresh
Susu Bubuk Full Cream,Prod. Susu,Karton,Outside,1,723,25,,Soon
Sarden Cabai,,Kaleng,Outside,Yes,663,4,-2.0,Expired
Teh Kotak Jasmine,,Karton,,0,141,0,141.0,Fresh
Soda Jeruk,,Kaleng,Outside,0,133,0,133.0,Fresh
Susu Kental Manis Putih,Produk Olahan Susu,Kaleng,Chiller,0,141,0,141.0,Fresh
Sereal Cornflakes,Produk Kering,Karton,Luar,0,59,0,59.0,Fresh
Susu Bubuk Coklat,Produk Olahan Susu,Karton,Outside,1,640,21,9.0,Fresh
Keju Cheddar,produk olahan susu,Plastik,Chiller,,112 hari,11,3.0,
Keju Parmesan,Produk Olahan Susu,Plastik,Chiller,0,275,0,275.0,Fresh
Mangga Kaleng,Produk Kaleng,Kaleng,Outside,0,717,0,717.0,Fresh
Leci dalam Sirup,Produk Kaleng,Kaleng,Outside,1,730,8,-5.0,Expired
Jagung Manis Kaleng,Produk Kaleng,Kaleng,Chiller,1,637,5,-2.0,Expired
Nugget Ayam,,,Freezer,1,164,5,-2.0,Expired
Yogurt Plain,Produk Olahan Susu,Plastik,Kulkas,1,4 hari,1,4.0,Soon
BISKUIT CRACKERS,Produk Kering,Plastik,Outside,0,53,0,53.0,
Keju Parmesan,Produk Olahan Susu,Plastik,Chiller,1,235,12,,Fresh
Yogurt Minum Probiotik,Produk Olahan Susu,Botol Kaca,Chiller,0,20,0,20.0,Fresh
Mangga Kaleng,Produk Kaleng,Kaleng,Outside,0,604,0,604.0,Fresh
Sereal Cornflakes,Produk Kering,Karton,Outside,1,219,,16.0,Fresh
Biskuit Sandwich,Produk Kering,Plastik,OUTSIDE,0,114,0,114.0,Fresh
Ikan Salmon,PRODUK KALENG,Kaleng,Outside,1,823,4,-2.0,Expired
Mie Instan Soto,Produk Kering,Plastik,Outside,1,59,3 days,-3.0,Expired
Ikan Makerel ,Produk Kaleng,Kaleng,Outside,0,895,0,895.0,Fresh
Kornet Sapi,Produk Kaleng,Kaleng,Outside,1,283,2,1.0,Soon
Sosis Ikan,Produk Protein,Plastik,Chiller,0,4,0,4.0,Soon
Sarden Tomat,Produk Kaleng,KALENG,Outside,0,858,0,858.0,Fresh
Jus Mangga,Produk Minuman,Karton,Chiller,0,163,0,163.0,Fresh
Jus Nanas,Produk Minuman,Tetrapak,fridge,1,109,4,1.0,
Biskuit Mentega,Produk Kering,Kaleng,Outside,1,323,3,11.0,Fresh
Keju Mozzarella,Produk Olahan Susu,Plastik,Chiller,1,37,4,3.0,Soon
Sereal Oat,Produk Kering,Karton,Outside,0,127,0,127.0,Fresh
Air Mineral,,Plastik,Outside,0,10000,0,-50.0,Fresh
Biskuit Sandwich,produk kering,Plastik,outside,0,107,0,107.0,Fresh
Nugget Udang,Produk Protein,Plastik,Freezer,0,171,0 days,171.0,Fresh
Teh Kotak Jasmine,produk minuman,Karton,Outside,0,40,0,40.0,Fresh
Biskuit Oreo,Produk Kering,Plastik,Outside,0,119,0,119.0,segar
Jus Jambu,PRODUK MINUMAN,Karton,Chiller,0,61,0,61.0,Fresh
Persik Kaleng,Kaleng,Can,Outside,False,211,0,,
Keju Parmesan,Produk Olahan Susu,,Chiller,0,251,0,251.0,Fresh
Nugget Ikan,Produk Protein,Plastic,Freezer,1,41,1,2.0,Soon
Biskuit Wafer,Produk Kering,Plastik,Outside,1,14,2,3.0,Soon
Kornet Ayam,Produk Kaleng,Kaleng,Outside,1,161,2,1.0,Soon
Yogurt Plain,Produk Olahan Susu,Plastik,Chiller,1,16,7,-2.0,Expired
Ikan Salmon,Canned,Kaleng,Outside,1,932,1,1.0,Soon
Biskuit Sandwich,Produk Kering,Plastik,Luar,0,78,0,78.0,Fresh
BISKUIT CRACKERS,Produk Kering,Plastik,Outside,0,42,0,42.0,Fresh
Yogurt Greek,Produk Olahan Susu,Plastik,Chiller,0,16,0,16.0,Fresh
Nugget Tempe,produk protein,Plastik,FREEZER,1,,6,-3.0,Expired
Sereal Muesli,Produk Kering,,Outside,1,57,7,23.0,Fresh
Susu UHT Low Fat,Produk Olahan Susu,Karton,Chiller,0,169,0,169.0,Fresh
Ikan Salmon,Produk Kaleng,Kaleng,Outside,1,883,3,-1.0,Expired
Biskuit Marie,dry food,Plastik,Outside,1,17,9,-2.0,
Leci dalam Sirup,Produk Kaleng,Kaleng,Outside,1,120,4,-1.0,Expired
Soda Lemon,Produk Minuman,Kaleng,Outside,Yes,322,3,-2.0,expired
Yogurt Kefir,Produk Olahan Susu,Botol Kaca,Chiller,1,7,4,-1.0,Expired
Mie Instan Soto,Produk Kering,Plastik,Outside,1,126,3,-3.0,Expired
Biskuit Oatmeal,Produk Kering,Plastik,Outside,1,98,7,0.0,Expired
Minuman Energi,produk minuman,Kaleng,Outside,0,239,0,239.0,Fresh
Teh Kotak Jasmine,Produk Minuman,Karton,Suhu Ruangan,False,337,0,337.0,Fresh
Teh Tarik,Produk Minuman,Karton,Chiller,0,105,0,105.0,Fresh
Yogurt Stroberi,Dairy,Plastik,Chiller,0,25,0,25.0,Fresh
Nugget Ayam,Produk Protein,Plastik,Freezer,0,156,0,156.0,Fresh
Mangga Kaleng,Produk Kaleng,Kaleng,Outside,0,104,0,104.0,Fresh
Susu UHT Low Fat,Produk Olahan Susu,Karton,Chiller,0,182,0,182.0,
Susu Kental Manis Putih,Dairy,Kaleng,Chiller,0,20,0,20.0,ok
Mie Instan Goreng,Produk Kering,Plastik,Outside,0,18,0,18.0,Fresh
Yogurt Greek,Produk Olahan Susu,plastik,Chiller,0,10,0,10.0,ok
Sereal Granola,Produk Kering,Karton,Outside,0,46,0,46.0,Fresh
Keju Cheddar,Produk Olahan Susu,Plastik,Dingin,0,2,,2.0,Soon
Mangga Kaleng,Kaleng,,Outside,1,424,3,0.0,Expired
Nugget Ikan,Produk Protein,Plastik,Freezer,0,39,0,39.0,Fresh
Susu Bubuk Bayi,Olahan Susu,Karton,outside,0,182,0 days,182.0,
Yogurt Stroberi,Prod. Susu,Plastik,Chiller,no,29,0,29.0,Fresh
Sarden Minyak Zaitun,Produk Kaleng,Kaleng,Outside,0,833,0,833.0,Fresh
Yogurt Mangga,Produk Olahan Susu,Plastik,Chiller,1,,2,9999.0,Soon
Sosis Sapi,,PLASTIK,Chiller,1,22,6,-1.0,Expired
Susu Pasteurisasi,Dairy,Plastik,Chiller,1,12,4,-1.0,Expired
Susu Bubuk Bayi,Produk Olahan Susu,Karton,Outside,1,297,8,22.0,Fresh
Keju Edam,Produk Olahan Susu,Plastik,Chiller,,62,2,19.0,Fresh
Susu Bubuk Coklat,Produk Olahan Susu,Karton,Outside,1,195,8,22.0,Fresh
Susu Kental Manis Coklat,dairy,Kaleng,Chiller,No,139,0,,Fresh
Sosis Frozen,Produk Protein,PLASTIK,Freezer,1,161,3,0.0,Expired
Susu UHT Full Cream,Produk Olahan Susu,Karton,Chiller,0,124,0,124.0,Fresh
Susu UHT Coklat,Produk Olahan Susu,Karton,Refrigerator,1,224 hari,5,-4.0,Expired
Nugget Udang,,Plastik,frozen,0,1,0,1.0,Soon
Nugget Ikan,Produk Protein,Plastik,frozen,0,81,0,81.0,Fresh
Yogurt Kefir,Produk Olahan Susu,Botol Kaca,Chiller,0,5,0 days,5.0,Soon
Biskuit Oreo,Produk Kering,PLASTIK,Outside,0,162,,162.0,Fresh
Susu Pasteurisasi,Produk Olahan Susu,Plastik,Chiller,1,13,6,-3.0,Basi
Susu Kental Manis Coklat,produk olahan susu,Kaleng,Chiller,0,623,0,623.0,Fresh
Mangga Kaleng,Kaleng,Kaleng,Outside,,187 hari,0,187.0,Fresh
Nugget Ikan,Produk Protein,Plastik,Freezer,0,49,0,49.0,Fresh
Persik Kaleng,Produk Kaleng,Kaleng,Outside,1,,6,-3.0,Expired
Sereal Oat,Produk Kering,Karton,Outside,1,289,14,16.0,Fresh
Sosis Ikan,Produk Protein,Plastik,Chiller,0,25,0,25.0,Fresh
Persik Kaleng,Produk Kaleng,Kaleng,Outside,1,450,7,-4.0,expired
Keju Mozzarella,Produk Olahan Susu,Polimer,,,26,8,-1.0,Expired
Biskuit Crackers,Produk Kering,Plastik,Outside,1,46,5,2.0,Soon
  Susu Bubuk Coklat  ,Produk Olahan Susu,Karton,Outside,1,363 hari,28,2.0,
Sosis Ikan,Produk Protein,Plastik,Chiller,1,,3,0.0,Expired
Mie Instan Goreng,Produk Kering,Plastik,Outside,0,,0,125.0,Fresh
Susu Pasteurisasi,Produk Olahan Susu,Plastik,Chiller,1,13,7,-4.0,Expired
Biskuit Crackers,Produk Kering,Plastik,Outside,yes,116,10,-3.0,Expired
Biskuit Mentega,Produk Kering,kaleng,Outside,1,196,11,3.0,Soon
Biskuit Digestive,Produk Kering,Plastik,Outside,0,63,0,63.0,Fresh
Keju Cheddar,Produk Olahan Susu,Plastik,Chiller,1,22,10,4.0,Soon
Sosis Ikan,Produk Protein,Plastik,,0,17,0,17.0,Fresh
Nugget Udang,Produk Protein,Plastik,,1,24,2,1.0,Soon
Persik Kaleng,Produk Kaleng,Kaleng,Luar,0,147,0,147.0,Fresh
Ikan Salmon,Produk Kaleng,Kaleng,Outside,1,665,3,-1.0,Expired
Persik Kaleng,,Tin,Outside,1,488,8,-5.0,basi
Jus Anggur,Produk Minuman,Botol Kaca,Kulkas,0,125,0,125.0,segar
Mie Instan Soto,Produk Kering,Plastik,Outside,0,338,0,338.0,Fresh
Biskuit Oreo,Produk Kering,Plastik,Outside,0,172,0,,ok
Nugget Tempe,produk protein,Plastic,Freezer,,,0,19.0,Fresh
Rambutan Kaleng,Produk Kaleng,Kaleng,Outside,0,222,0,222.0,Fresh
Nugget Sapi,,Plastik,Freezer,0,69,0,69.0,Fresh
Jus Anggur,Minuman,Botol Kaca,Chiller,0,92,0,92.0,
Sarden Tomat,Produk Kaleng,Kaleng,Outside,0,757,0,757.0,Fresh
Yogurt Greek,Produk Olahan Susu,Plastik,Chiller,0,11 hari,0,11.0,Fresh
Yogurt Minum Probiotik,Produk Olahan Susu,Botol Kaca,Chiller,False,1,0,1.0,Soon
Yogurt Blueberry,Dairy,,Chiller,1,1,7,-4.0,
Cola Original,beverage,Kaleng,Outside,1,48 hari,3,-2.0,Expired
Sosis Frankfurter,Produk Protein,Plastik,Dingin,1,72,10,-3.0,expired
Sosis Frozen,PRODUK PROTEIN,Plastik,Freezer,1,80,8,-5.0,Expired
Cola Zero Sugar,Produk Minuman,Kaleng,Outside,0,220,0,220.0,Fresh
Sereal Oat,Produk Kering,Karton,Outside,1,60,32 days,-2.0,kadaluarsa
Rambutan Kaleng,Produk Kaleng,Kaleng,Outside,1,227,7,-4.0,Expired
Persik Kaleng,Produk Kaleng,Kaleng,Outside,1,318,2,1.0,hampir
Mangga Kaleng,Produk Kaleng,Kaleng,Outside,True,239,4,-1.0,Expired
Ikan Tuna,Produk Kaleng,Kaleng,,1,60,5,-3.0,Expired
Nanas Kaleng,Produk Kaleng,Kaleng,Outside,1,520,2,1.0,Soon
Yogurt Minum Probiotik,dairy,Botol Kaca,Chiller,0,21,0,21.0,Fresh
Teh Kotak Jasmine,Produk Minuman,karton,Outside,0,309,0,309.0,Fresh
Jagung Manis Kaleng,Canned,Kaleng,Chiller,0,156,0,156.0,Fresh
Teh Tarik,Produk Minuman,Karton,Chiller,0,258,0,258.0,fresh
Nugget Tempe,Produk Protein,Plastik,beku,1,117,6,-3.0,Expired
Kornet Sapi,Produk Kaleng,Kaleng,Outside,0,718,0,718.0,Fresh
Kornet Sapi,Produk Kaleng,Kaleng,Outside,0,899,0,899.0,Fresh
Sosis Bebek,Produk Protein,plastik,Chiller,0,87,0,87.0,Fresh
Susu UHT Full Cream,Produk Olahan Susu,Karton,Chiller,0,44,0 days,44.0,Fresh
Susu Kedelai,Produk Olahan Susu,Karton,Kulkas,1,140,4,,Soon
Mie Instan Ayam,Produk Kering,Plastik,Outside,0,,0,315.0,Fresh
Biskuit Crackers,Produk Kering,Plastik,Outside,1,82,3,4.0,Warning
Susu Kental Manis Coklat,Produk Olahan Susu,Kaleng,Chiller,1,45,13,1.0,Soon
Biskuit Oreo,dry food,Plastik,Outside,1,65,6,1.0,Soon
Keju Parmesan,Produk Olahan Susu,Plastik,Chiller,1,288,33,-3.0,Expired
Sarden Cabai,Produk Kaleng,Kaleng,Outside,0,766 hari,0,766.0,Fresh
Keju Edam,Produk Olahan Susu,Plastik,Chiller,0,101,0,101.0,Fresh
 Sarden Cabai,Produk Kaleng,Kaleng,Outside,1,50 hari,2,0.0,Expired
Nugget Sapi,Produk Protein,Plastik,Freezer,0,140,0,140.0,Fresh
Jus Sirsak,Produk Minuman,Karton,Chiller,0,77,0,77.0,Fresh
Susu Bubuk Full Cream,Produk Olahan Susu,Karton,Outside,1,424,4,26.0,Fresh
Soda Jeruk,produk minuman,Kaleng,Outside,0,337,0,337.0,Fresh
Sosis Ayam,Produk Protein,Plastik,Chiller,1,11 hari,9,-4.0,Expired
air soda,Produk Minuman,Plastik,Outside,0,356,0,356.0,OK
Jus Jambu,Produk Minuman,Karton,Chiller,0,106,0,106.0,Fresh
Teh Tarik,Produk Minuman,Karton,Chiller,0,2,0,2.0,Soon
Minuman Isotonik,Produk Minuman,,Outside,1,302,5,-4.0,Expired
Nugget Ayam,Produk Protein,Plastik,Freezer,0,176,0,176.0,fresh
Keju Edam,Produk Olahan Susu,Plastik,Chiller,0,80,0,80.0,Fresh
Susu UHT Full Cream,Produk Olahan Susu,Karton,,0,149,,149.0,Fresh
Yogurt Kefir,Produk Olahan Susu,Botol Kaca,Chiller,0,5,0,5.0,Soon
Cola Zero Sugar,Produk Minuman,Kaleng,Outside,1,9,3,-2.0,Expired
Nugget Tempe,Produk Protein,Plastik,Freezer,0,10,0,10.0,Fresh
Biskuit Mentega,Produk Kering,Kaleng,Outside,1,239,17,-3.0,Expired
Jagung Manis Kaleng,Produk Kaleng,KALENG,Chiller,1,553,4,-1.0,Expired
Sosis Sapi,PRODUK PROTEIN,Plastik,Chiller,0,55,0,55.0,Fresh
Biskuit Oreo,Produk Kering,Plastik,Room Temp,1,41,1,6.0,Soon
Susu UHT Coklat,Dairy,Karton,Chiller,1,5,1,0.0,basi
Mie Instan Ayam,Produk Kering,Plastik,Outside,1,290,4,-4.0,Expired
JUS JAMBU,Produk Minuman,Karton,Chiller,0,163,0 days,163.0,Fresh
Kornet Sapi,Produk Kaleng,,Outside,,513,0,513.0,Fresh
Teh Botol,Produk Minuman,,Outside,0,224,0,224.0,Segar
Susu Bubuk Full Cream,Produk Olahan Susu,karton ,Outside,0,633,0,633.0,Fresh
Nanas Kaleng,Produk Kaleng,Kaleng,Outside,1,471,1,2.0,Soon
Susu UHT Coklat,Produk Olahan Susu,Karton,Chiller,1,259,4,-3.0,Expired
Jus Anggur,Produk Minuman,BOTOL KACA,Chiller,0,88,0,88.0,Fresh
Teh Kotak Jasmine,produk minuman,Karton,Outside,1,264,6,-5.0,expired
Nugget Tempe ,Produk Protein,Plastik,,1,72,2,,Soon
Teh Kotak Jasmine,Produk Minuman,Karton,Outside,1,283,3,-2.0,Basi
Minuman Energi ,,Kaleng,Outside,,180,0,180.0,Fresh
Sosis Frankfurter,Produk Protein,PLASTIK,Chiller,0,8,0,8.0,Fresh
Kornet Ayam,Produk Kaleng,Kaleng,Outside,1,64,3,0.0,Expired
Kornet Sapi,Produk Kaleng,Kaleng,Outside,yes,70,5,-2.0,Expired
Sosis Ayam,Produk Protein,Plastik,Chiller,1,39,,3.0,Soon
Biskuit Marie,Dry Food,Plastik,Outside,Tidak,164,0,164.0,Fresh
Soda Lemon,Produk Minuman,Kaleng,Outside,0,14,0,14.0,Fresh
Sereal Oat,Produk Kering,Karton,,0,254,0,254.0,Fresh
Jus Apel,Produk Minuman,Karton,Dingin,1,71,4,1.0,Soon
Jus Anggur,,Botol Kaca,Chiller,0,167 hari,0,9999.0,Fresh
Biskuit Digestive ,Produk Kering,PLASTIK,Outside,1,25,10,4.0,Soon
Susu Pasteurisasi,dairy,Plastik,Chiller,1,6,2,,Soon
Biskuit Sandwich,Produk Kering,Plastik,Outside,0,56,0,56.0,Fresh
Sosis Sapi,Produk Protein,Plastik,Chiller,1,14,7,-2.0,Expired
Yogurt Greek,Produk Olahan Susu,Plastik,Chiller,1,7,3,2.0,Soon
Biskuit Marie,Produk Kering,Plastik,Outside,1,46,11,-4.0,Expired
Nanas Kaleng,Produk Kaleng,Kaleng,Outside,1,497,3,0.0,Expired
Biskuit Marie,Produk Kering,Plastik,Outside,0,99 hari,,99.0,Fresh
  Minuman Energi  ,Produk Minuman,Kaleng,Outside,0,105,0,105.0,Fresh
Yogurt Stroberi,Produk Olahan Susu,Plastik,Chiller,1,16,8,-5.0,Expired
Nugget Sapi,Produk Protein,Plastik,Freezer,1,,3,0.0,Expired
Sereal Muesli,Produk Kering,,Outside,0,272,0,272.0,Fresh
Nugget Sayuran,Produk Protein,Plastik,Freezer,1,14,2,1.0,Soon
Jus Apel,,Karton,Chiller,No,59,0,59.0,Fresh
Biskuit Mentega,,Kaleng,Outside,0,176 hari,0,176.0,
Susu UHT Full Cream,Produk Olahan Susu,Karton,Chiller,1,50,6,1.0,Soon
Yogurt Greek,Produk Olahan Susu,Plastik,,0,4,0,4.0,Soon
Jus Mangga,Produk Minuman,Karton,Chiller,0,65,0,65.0,Fresh
Teh Kotak Hijau,Produk Minuman,Karton,Outside,0,,0 days,316.0,Fresh
Air Soda,Produk Minuman,Plastik,room temp,1,139,6,-5.0,Expired
Susu Kental Manis Putih,Produk Olahan Susu,Kaleng,Chiller,0,165,0,165.0,Fresh
Cola Zero Sugar,produk minuman,,Outside,0,357,0,357.0,Fresh
Cola Zero Sugar,,Kaleng,Outside,1,6,5,-4.0,Expired
Kornet Ayam,Produk Kaleng,,Outside,1,768,,-5.0,Expired
Keju Cheddar,Produk Olahan Susu,Plastik,Chiller,1,15,1,13.0,Fresh
Jagung Manis Kaleng,Produk Kaleng,Kaleng,Chiller,0,,0,232.0,Fresh
Kornet Sapi,Produk Kaleng,Kaleng,Outside,1,444,1,2.0,Soon
Susu UHT Low Fat,produk olahan susu,Karton,Chiller,,118,0,118.0,Fresh
keju edam,Produk Olahan Susu,PLASTIK,Chiller,0,128,0,,Fresh
Jus Jeruk,beverage,Karton,Chiller,0,120,0,120.0,Fresh
Nugget Tempe,Produk Protein,Plastik,beku,,69,8,-5.0,Expired
SEREAL MUESLI,Prod. Kering,Karton,Outside,No,191,0,191.0,Fresh
Keju Edam,Produk Olahan Susu,Plastik,Chiller,1,99,5,16.0,Fresh
 Yogurt Minum Probiotik,Produk Olahan Susu,Botol Kaca,Chiller,0,18,0 days,18.0,Fresh
Sarden Minyak Zaitun,,KALENG,Outside,False,637,0,637.0,Fresh
Cola Zero Sugar,Produk Minuman,Kaleng,Outside,1,32,3,-2.0,Expired
  Nanas Kaleng  ,Produk Kaleng,Kaleng,Outside,1,-10,2,1.0,Soon
Keju Edam,Produk Olahan Susu,Plastik,Chiller,0,95,0,95.0,Fresh
sereal cornflakes,Produk Kering,Karton,Outside,0,82,0,82.0,Fresh
Ikan Makerel,Produk Kaleng,Kaleng,Outside,1,728,5,-3.0,Expired
Sosis Frozen,Produk Protein,Plastik,Freezer,1,3,1,2.0,Soon
Minuman Isotonik,Produk Minuman,Plastic,suhu ruangan,1,22,3,-2.0,Expired
Ikan Salmon,Produk Kaleng,Kaleng,Outside,0,869,0,869.0,Fresh
Biskuit Marie,Produk Kering,Plastik,Outside,False,126,0,126.0,Fresh
Sereal Oat,Produk Kering,Karton,Outside,,303,7,23.0,Fresh
Susu UHT Stroberi,dairy,Karton,Chiller,0,241 hari,0,,Fresh
Jus Mangga,,Karton,Chiller,0,121,0,121.0,Segar
Keju Edam,Produk Olahan Susu,Plastik,Chiller,1,164,20,1.0,Soon
Susu UHT Stroberi,Produk Olahan Susu,Karton,Chiller,0,142,0,142.0,Fresh
Rambutan Kaleng,Produk Kaleng,Kaleng,Outside,0,590,0,590.0,Fresh
Kornet Ayam,Produk Kaleng,Kaleng,Outside,1,369,5,-2.0,Expired
	Sereal Granola,Produk Kering,Karton,Outside,0,252,0,252.0,Fresh
Ikan Salmon,Produk Kaleng,Kaleng,Room Temp,yes,,4,-2.0,Expired
Yogurt Stroberi,Produk Olahan Susu,Plastik,Chiller,1,19,2,1.0,Soon
Sosis Bebek,Prod. Protein,PLASTIK,Chiller,False,9,0,9.0,Fresh
Teh Botol,Produk Minuman,glass,Outside,1,57 hari,5,-2.0,Expired
Air Mineral,Produk Minuman,Plastik,Outside,1,496,2,,Expired
Keju Edam,Produk Olahan Susu,Plastik,Chiller,0,68,0,68.0,Fresh
Mie Instan Ayam,Produk Kering,Plastik,Outside,0,320,0,320.0,Fresh
Susu Bubuk Bayi,,carton,Outside,1,620,31 days,-1.0,Expired
Jus Jeruk,Produk Minuman,Karton,Chiller,1,141,,3.0,
Nugget Tempe,Produk Protein,Plastik,Freezer,0,71,0,71.0,Fresh
Keju Mozzarella,Produk Olahan Susu,Plastik,Chiller,0,53,0,,Fresh
Susu Bubuk Skim,produk olahan susu,Karton,Outside,1,,24,6.0,Soon
  Keju Mozzarella  ,Produk Olahan Susu,Plastik,Chiller,1,52,,2.0,Soon
Nugget Tempe,Produk Protein,Plastik,freezer,1,9,2,1.0,Soon
Susu Bubuk Bayi,Produk Olahan Susu,Karton,Luar,no,178,0,178.0,Fresh
Keju Edam,,Plastik,Chiller,0,8,0,8.0,Fresh
Biskuit Crackers,Produk Kering,Plastik,Outside,0,140,0,140.0,Fresh
Teh Kotak Jasmine,Produk Minuman,Karton,Outside,1,284,4,-3.0,Expired
Keju Parmesan,Produk Olahan Susu,Plastik,Chiller,1,179,6,24.0,fresh
Biskuit Marie,Produk Kering,Plastik,Outside,0,15,0,15.0,Fresh
Nugget Ikan,Produk Protein,plastic,Freezer,1,86,8,-5.0,Expired
Leci dalam Sirup,Produk Kaleng,Kaleng,Outside,1,40,3,,Expired
Teh Tarik,Produk Minuman,Karton,Chiller,0,40,0,40.0,Fresh
Susu UHT Stroberi,Olahan Susu,Karton,Chiller,1,55,4,-3.0,Expired
Buah Cocktail,Produk Kaleng,can,Outside,1,705,8,-5.0,Expired
Teh Kotak Hijau,Produk Minuman,Karton,Outside,1,257,6,,Kadaluarsa
Sereal Coklat,PRODUK KERING,Karton,Outside,0,333,0,333.0,Fresh
Cola Original,Produk Minuman,,Outside,1,206,4,-3.0,Expired
Minuman Energi,Produk Minuman,Kaleng,Outside,0,258,0,258.0,ok
 Soda Lemon,Produk Minuman,Kaleng,Outside,0,355,0,355.0,Fresh
Sarden Cabai,produk kaleng,Kaleng,Room Temp,1,130,6,-4.0,kadaluarsa
Mie Instan Goreng,Produk Kering,plastic,Outside,1,,1,-1.0,Expired
Biskuit Crackers,produk kering,Plastik,Outside,1,118,5,2.0,Soon
Sosis Sapi,Produk Protein,Plastik,Chiller,0,29,,29.0,Fresh
Yogurt Kefir,Produk Olahan Susu,Botol Kaca,Chiller,Ya,14,8,,expired
Jus Apel,Beverage,Karton,Chiller,0,86,0,86.0,Fresh
Keju Cream Cheese,Produk Olahan Susu,Karton,Chiller,1,47,8,6.0,Soon
Nugget Ikan,Produk Protein,Plastik,Freezer,0,98,0,98.0,Fresh
Biskuit Digestive,Produk Kering,Plastik,Outside,1,262,9,5.0,Soon
Nanas Kaleng,Produk Kaleng,Kaleng,Outside,1,462,5,-2.0,Expired
Sosis Ikan,Produk Protein,Plastik,,1,15,2,1.0,Soon
Mangga Kaleng,Produk Kaleng,Kaleng,outside,0,694,0,694.0,Fresh
  Soda Jeruk  ,Produk Minuman,Kaleng,Outside,0,232,0,232.0,Fresh
Nugget Sapi,Produk Protein,Plastik,frzer,1,102,4,-1.0,Expired
Ikan Makerel,Produk Kaleng,Kaleng,Outside,1,350,1,1.0,soon
Susu UHT Full Cream,PRODUK OLAHAN SUSU,Karton,Chiller,0,217,0,217.0,
Nugget Udang,Produk Protein,Plastik,Freeze,1,113,7,-4.0,Expired
Nugget Udang,Produk Protein,Plastik,Freezer,0,75,0,75.0,Fresh
Jus Sirsak,Produk Minuman,Karton,Dingin,1,174,3,9999.0,Expired
Nugget Udang,Produk Protein,Plastik,Freezer,0,46,0,46.0,Fresh
Jus Jambu,Produk Minuman,carton,Chiller,0,17,0,17.0,Fresh
Sereal Muesli,Produk Kering,Karton,Outside,1,358,23,7.0,Soon
Jus Apel,Produk Minuman,Karton,Chiller,,7,3,2.0,Soon
Persik Kaleng,Produk Kaleng,Kaleng,Outside,0,27,0 days,27.0,Fresh
Nugget Sapi,Produk Protein,Plastik,Freezer,0,159,0,159.0,Fresh
Susu Kental Manis Putih,Produk Olahan Susu,Kaleng,Chiller,1,290,13,1.0,Soon
Susu UHT Stroberi,Produk Olahan Susu,Karton,Chiller,0,26,0,26.0,Fresh
Soda Lemon,Produk Minuman,Kaleng,Outside,1,306,1,0.0,Expired
Susu Kedelai,Produk Olahan Susu,Karton,Chiller,1,121,1,4.0,Soon
Yogurt Mangga,Produk Olahan Susu,Plastik,Chiller,1,23,4,,basi
Kornet Ayam,Produk Kaleng,Kaleng,Outside,1,447,7,-4.0,Expired
Sereal Cornflakes,Produk Kering,Karton,Outside,0,249,0,249.0,Fresh
Ikan Tuna,Produk Kaleng,Kaleng,Outside,false,826,0,826.0,Fresh
Air Soda,Produk Minuman,Plastik,Outside,1,160,6,-5.0,Expired
Nugget Ikan,Produk Protein,Plastik,frozen,1,57,4,-1.0,Expired
Yogurt Kefir,Produk Olahan Susu,,Chiller,false,3,0,3.0,Soon
Biskuit Mentega,Produk Kering,Kaleng,Outside,Ya,135,5,9.0,Fresh
Soda Jeruk,Produk Minuman,Tin,Outside,0,53,0,53.0,Fresh
Sereal Muesli,Produk Kering,Karton,Outside,1,110,6 days,24.0,Fresh
Nugget Ikan,Produk Protein,Plastik,Freezer,1,101,1,2.0,Soon
Kornet Sapi,Produk Kaleng,can,Outside,0,625,0,625.0,Fresh
Biskuit Mentega,Produk Kering,Kaleng,room temp,1,327,6,8.0,Fresh
Sereal Cornflakes,Produk Kering,,OUTSIDE,0,252,0,252.0,Fresh
Ikan Tuna,Produk Kaleng,Can,Outside,1,673,1,1.0,Soon
Mie Instan Goreng,Kering,plastic,Suhu Ruangan,0,15 hari,0,15.0,Fresh
Susu Pasteurisasi ,Produk Olahan Susu,Plastik,Chiller,0,5,0,5.0,Soon
Teh Botol,,Botol Kaca,Outside,1,330,1,2.0,Soon
Jus Sirsak,Produk Minuman,karton,Refrigerator,1,169,1,2.0,Soon
Sereal Coklat,Produk Kering,Karton,Outside,1,274,1,20.0,Fresh
Sereal Cornflakes ,Produk Kering,Karton,,0,208,0,208.0,Fresh
Keju Cheddar,Produk Olahan Susu,Plastik,Refrigerator,,44,5,9.0,
Biskuit Wafer,PRODUK KERING,plastic,Outside,0,36,0 days,36.0,Fresh
Sarden Tomat,Kaleng,Tin,Outside,0,544,0,544.0,Fresh
Nugget Sayuran,Produk Protein,Plastik,Freezer,1,48,2,1.0,Soon
Sereal Granola,Produk Kering,Karton,Outside,0,206,0,206.0,Fresh
Sosis Ayam ,Protein,Plastik,chiller,1,18 hari,9,-4.0,Expired
Soda Jeruk,Produk Minuman,Kaleng,Outside,Yes,,4,-3.0,Expired
Nugget Tempe,Produk Protein,Plastik,Freezer,0,18,0,18.0,Fresh
Sereal Coklat,PRODUK KERING,Karton,Outside,,230,23,-50.0,Basi
Sosis Sapi,Produk Protein,Plastik,Chiller,0,,0,49.0,Fresh
Soda Lemon,Produk Minuman,kaleng ,Outside,0,324,0,324.0,Fresh
Susu Kental Manis Coklat,Produk Olahan Susu,Kaleng,Chiller,1,171,15,-1.0,Expired
Yogurt Kefir,,Botol Kaca,Chiller,no,2,0,2.0,Soon
Susu Evaporasi,Produk Olahan Susu,Kaleng,Chiller,0,325,0,325.0,Fresh
Mangga Kaleng,Produk Kaleng,Kaleng,Outside,0,545,0,545.0,Fresh
Sarden Minyak Zaitun,Produk Kaleng,Kaleng,Outside,0,75,0,75.0,Fresh
Yogurt Mangga,Produk Olahan Susu,,Chiller,0,17,0,17.0,Fresh
sarden cabai,Produk Kaleng,Kaleng,Outside,1,906,4,-2.0,Expired
Susu Bubuk Skim,Produk Olahan Susu,Karton,outside,1,120,9,21.0,Fresh
Sarden Minyak Zaitun,Produk Kaleng,Kaleng,Outside,0,826,0,826.0,Fresh
Jus Apel,Produk Minuman,Kardus,Chiller,0,18,0,18.0,Fresh
Sosis Bebek,Protein,Plastik,Chiller,1,32,5,2.0,Soon
Sereal Coklat,Prod. Kering,Karton,Outside,1,345,4,17.0,Fresh
Mangga Kaleng,Produk Kaleng,Kaleng,OUTSIDE,1,571,5,-2.0,Expired
Nugget Sapi,Produk Protein,Plastik,Freezer,0,159,0,159.0,Fresh
Susu UHT Vanila,Produk Olahan Susu,Karton,Chiller,0,-10,0,48.0,Fresh
Buah Cocktail,Produk Kaleng,Tin Can,Outside,0,332,0,,Fresh
Yogurt Greek,produk olahan susu,Plastik,Chiller,False,5,0,5.0,Soon
Jus Jambu,Produk Minuman,Karton,Chiller,1,171,8,-5.0,Expired
Nugget Tempe,Produk Protein,Plastik,Freezer,0,,0,95.0,Fresh
Sosis Bebek,Produk Protein,Plastik,Chiller,1,57,1,6.0,Soon
Yogurt Stroberi,Produk Olahan Susu,Plastik,Chiller,1,9,3,0.0,Expired
Susu Bubuk Coklat,Produk Olahan Susu,Karton,Outside,0,-10,0,135.0,Fresh
Biskuit Oreo,Produk Kering,Plastik,Outside,1,63,10,9999.0,Expired
Cola Original,Produk Minuman,Kaleng,Outside,1,56,1,0.0,Expired
Nugget Sayuran,protein,Plastik,Freezer,1,145,6,-3.0,Expired
Susu Kental Manis Coklat,Produk Olahan Susu,kaleng,,1,85,14 days,0.0,Expired
Biskuit Oreo,Produk Kering,Plastik,Room Temp,0,35,0,35.0,Fresh
Soda Lemon,Produk Minuman,Kaleng,Outside,1,52,4,-3.0,
Kornet Ayam,Produk Kaleng,Kaleng,Outside,1,692,7,-4.0,Expired
Kornet Ayam,Produk Kaleng,Kaleng,Outside,0,255,0,255.0,Fresh
 Yogurt Greek,Produk Olahan Susu,Plastik,Chiller,1,21,1,4.0,Soon
Sereal Cornflakes,Produk Kering,Karton,Outside,1,344 hari,12,18.0,Fresh
Rambutan Kaleng,Produk Kaleng,Kaleng,Outside,0,204,0,204.0,Fresh
Biskuit Digestive,Produk Kering,,,0,251,0,251.0,Fresh
Sosis Bebek ,Produk Protein,Plastik,Chiller,Tidak,31,0,31.0,Fresh
Sosis Ayam,Produk Protein,Plastik,Chiller,1,58,4,1.0,Soon
Mangga Kaleng,Produk Kaleng,Kaleng,Outside,0,331,0,331.0,Fresh
Teh Kotak Jasmine,Produk Minuman,Karton,Outside,1,126,6,-5.0,Expired
Susu Kedelai,Produk Olahan Susu,Karton,Chiller,0,90,0,90.0,Fresh
Soda Lemon,Produk Minuman,Kaleng,Outside,1,178,4,-3.0,Expired
Keju Cream Cheese,Produk Olahan Susu,Karton,Chiller,0,18,0,18.0,Fresh
Soda Lemon,PRODUK MINUMAN,Kaleng,Outside,0,57,0,57.0,Fresh
Sereal Muesli,,Karton,Outside,0,180,0,180.0,
Ikan Tuna,,Kaleng,Outside,0,751,0,751.0,
Nugget Tempe,Produk Protein,Plastik,Freezer,0,85,0,85.0,Fresh
Sosis Ayam,Produk Protein,Plastik,Chiller,1,41,3,2.0,Soon
Sosis Sapi,Produk Protein,PLASTIK,kulkas,1,32,9,-4.0,Expired
Biskuit Wafer,Produk Kering,Plastick,Luar,1,46,7,-2.0,Expired
Sosis Frozen,Produk Protein,Plastik,Freezer,1,123,5,-2.0,Expired
Susu UHT Stroberi,Olahan Susu,Karton,Chiller,1,193 hari,4,-3.0,Expired
Susu Pasteurisasi,Produk Olahan Susu,Plastik,Kulkas,0,8,0,8.0,Fresh
Jus Sirsak,Produk Minuman,Karton,Chiller,0,126,0,126.0,Fresh
Sarden Cabai,Produk Kaleng,Kaleng,Outside,0,696,0,696.0,Fresh
Teh Kotak Hijau,Produk Minuman,Karton,Outside,1,27,4,-3.0,Expired
Nugget Sapi,Produk Protein,Plastik,Freezer,0,173,0,173.0,Segar
Susu Almond,Produk Olahan Susu,Karton,chiller,0,212,0,212.0,Fresh
Teh Botol,Produk Minuman,Botol Kaca,Outside,0,95,0,95.0,Fresh
Minuman Isotonik,produk minuman,Plastik,Outside,0,181,0 days,181.0,Fresh
Jagung Manis Kaleng,Produk Kaleng,Kaleng,Chiller,1,208,5,-2.0,Expired
Sereal Coklat,Produk Kering,Karton,Outside,1,134,12,9.0,Fresh
Susu UHT Full Cream,Produk Olahan Susu,Karton,Chiller,1,64,7,0.0,Expired
Teh Lemon,Produk Minuman,Karton,Outside,1,289,4,-3.0,Expired
Buah Cocktail,Produk Kaleng,Kaleng,Outside,1,316,7,-4.0,Expired
Mie Instan Goreng,Produk Kering,Plastik,Outside,0,32,0,32.0,Fresh
Nugget Ayam,Produk Protein,Plastik,Freezer,1,136,1,2.0,Warning
Keju Edam,Produk Olahan Susu,,chiller,0,23,0,23.0,Fresh
	Jus Jeruk,Produk Minuman,Karton,Chiller,1,164,10,-5.0,Expired
Jagung Manis Kaleng,Produk Kaleng,Kaleng,Chiller,1,,5 days,-2.0,Basi
Yogurt Blueberry,Produk Olahan Susu,Plastik,Chiller,0,10,0,10.0,Fresh
Sosis Ikan,Protin,Plastik,Chiller,1,9,5,-2.0,Expired
Yogurt Minum Probiotik,Produk Olahan Susu,Botol Kaca,Chiller,0,10000,0,14.0,Fresh
Biskuit Mentega,Produk Kering,Tin,Outside,1,249,3,9999.0,Fresh
Minuman Isotonik,Prod. Minuman,Plastick,Outside,1,300,5,-4.0,Expired
Teh Kotak Hijau,Produk Minuman,Karton,Outside,0,68,0,68.0,Fresh
Soda Lemon,Produk Minuman,Kaleng,Room Temp,1,6,2,-1.0,expired
Sosis Frozen,Produk Protein,Plastik,Freezer,1,25,4,-1.0,Expired
Kornet Sapi,Produk Kaleng,Kaleng,Outside,false,686,0,686.0,
Ikan Tuna,Produk Kaleng,Kaleng,Outside,1,709,6,-4.0,Expired
Soda Jeruk,Produk Minuman,Kaleng,,0,237,0,237.0,Fresh
Sosis Frankfurter,Produk Protein,Plastik,Chiller,1,16,,1.0,Soon
Susu UHT Coklat,Produk Olahan Susu,Karton,Chiller,True,211,6,9999.0,Expired
Jus Anggur,Beverage,Botol Kaca,Chiller,Ya,87,8 days,-3.0,Expired
Biskuit Mentega,Produk Kering,Kaleng,Outside,1,18,2,12.0,Fresh
Jus Nanas,Produk Minuman,Karton,Chiller,1,125,8,-3.0,
Nanas Kaleng,Produk Kaleng,Kaleng,Outside,1,248,3,0.0,Expired
Yogurt Plain,Produk Olahan Susu,Plastik,Chiller,Yes,30,2,3.0,Soon
Susu UHT Vanila,Produk Olahan Susu,Karton,Chiller,0,116,0,116.0,Fresh
YOGURT MINUM PROBIOTIK,Produk Olahan Susu,Botol Kaca,fridge,1,12,6,-3.0,Expired
Ikan Salmon,Produk Kaleng,Kaleng,Outside,0,,0,482.0,Fresh
Sosis Ayam,Produk Protein,Plastik,Chiller,1,22,6,-1.0,Expired
Yogurt Stroberi,Produk Olahan Susu,PLASTIK,Chiller,0,12,0,12.0,Fresh
Sosis Frozen,Produk Protein,Plastik,frozen,1,19,8,-5.0,Dead
Ikan Salmon,Produk Kaleng,Kaleng,Outside,1,970,6,-4.0,Basi
Soda Jeruk,Prod. Minuman,Kaleng,Outside,0,173,0,173.0,Fresh
Keju Edam,Produk Olahan Susu,Plastik,Chiller,0,42,0,42.0,Fresh
Susu Bubuk Bayi,Produk Olahan Susu,KARTON,,0,451,0,451.0,fresh
Yogurt Stroberi,Produk Olahan Susu,Plastik,Chiller,0,1,0,1.0,Soon
Sereal Cornflakes,Produk Kering,Karton,Outside,1,137,19,11.0,Fresh
Sarden Minyak Zaitun,Produk Kaleng,Kaleng,Outside,1,642,6,-4.0,Expired
Cola Original,Produk Minuman,Kaleng,Outside,0,79,0,79.0,FRESH
Sereal Coklat,Produk Kering,Karton,Outside,0,53,0,53.0,Fresh
Susu Bubuk Full Cream,Olahan Susu,,Outside,1,38,9,21.0,Fresh
Biskuit Marie,Produk Kering,Plastik,Outside,,29,0,29.0,Fresh
Sosis Bebek,Produk Protein,Plastik,Chiller,,49,0,49.0,Fresh
  Biskuit Digestive  ,Produk Kering,,Outside,1,251,16,-2.0,Expired
Keju Cheddar,Produk Olahan Susu,Plastik,CHILLER,1,5,,5.0,Soon
Sarden Tomat,Produk Kaleng,Kaleng,Outside,,,2 days,0.0,Dead
Biskuit Digestive,Produk Kering,Plastik,Room Temp,,315,0,315.0,Fresh
 Nugget Udang,Protin,Plastik,Freezer,0,34,0,34.0,Fresh
Susu Kedelai,Produk Olahan Susu,Karton,Chiller,0,120,0,120.0,Fresh
Teh Kotak Jasmine,produk minuman,carton,Outside,1,359,5 days,-4.0,Expired
Sarden Cabai,Produk Kaleng,Kaleng,suhu ruangan,0,742,0,742.0,Fresh
Biskuit Oatmeal,Produk Kering,Plastik,Outside,0,151,0,151.0,Fresh
Biskuit Mentega,Produk Kering,,Outside,1,297,6,8.0,Fresh
Nugget Sapi,Produk Protein,Plastik,Freezer,1,,7,-4.0,Basi
Jus Apel,Produk Minuman,KARTON,,0,75,0,75.0,Fresh
Susu Bubuk Skim,Produk Olahan Susu,Karton,Outside,0,473,0,473.0,Fresh
Susu Bubuk Bayi,Produk Olahan Susu,Karton,Outside,0,633,0,-50.0,Fresh
susu bubuk bayi,produk olahan susu,Karton,Outside,1,643,21,9.0,Fresh
Cola Original,beverage,tin,Outside,1,245,5,-4.0,Expired
Jus Jambu,Produk Minuman,Karton,Chiller,False,63,0,63.0,Fresh
Soda Lemon,Produk Minuman,Kaleng,Outside,0,40 hari,0,40.0,Fresh
Susu Bubuk Skim,Produk Olahan Susu,Karton,Luar,1,34,24,6.0,Soon
Nanas Kaleng,Produk Kaleng,can,OUTSIDE,1,533,8,-5.0,Expired
Biskuit Mentega,Produk Kering,Kaleng,,1,359,8,6.0,Soon
yogurt kefir,Produk Olahan Susu,Botol Kaca,Chiller,0,12,0,12.0,Fresh
Susu Almond,Produk Olahan Susu,Karton,Chiller,0,27,0,27.0,Fresh
Soda Lemon,Produk Minuman,Kaleng,Outside,Ya,172,2,-1.0,Expired
Keju Mozzarella ,Produk Olahan Susu,Plastik,Chiller,1,38,7,0.0,basi
Sosis Frankfurter,Produk Protein,Plastik,chiller,1,31,9,-2.0,Expired
Yogurt Stroberi,Produk Olahan Susu,Plastik,Chiller,0,20,0,20.0,Fresh
Nugget Tempe,Produk Protein,plastic,Freezer,0,31,0,31.0,Fresh
Yogurt Mangga,Produk Olahan Susu,Plastik,Chiller,1,22,7,-4.0,Expired
Jus Jambu,Produk Minuman,Karton,Chiller,0,110,0,110.0,Fresh
Susu Bubuk Bayi,Produk Olahan Susu,,Outside,1,707,24,6.0,Soon
Sereal Granola,Produk Kering,Karton,Outside,1,69,21,9.0,Fresh
Mangga Kaleng,Produk Kaleng,Kaleng,Outside,1,138,2,1.0,Soon
Nanas Kaleng,PRODUK KALENG,,,1,471,4,-1.0,Expired
Keju Mozzarella,Produk Olahan Susu,Plastik,Chiller,0,23,0,23.0,Fresh
Jagung Manis Kaleng,Produk Kaleng,Kaleng,Chiller,1,480,6,-3.0,Expired
Sosis Frankfurter,Produk Protein,Plastik,Chiller,1,20,2,5.0,Soon
Mie Instan Soto,Produk Kering,Plastik,Outside,,199,2,-2.0,Expired
Susu Kental Manis Putih,Produk Olahan Susu,Kaleng,Chiller,0,359,0,359.0,Fresh
Keju Cheddar,Produk Olahan Susu,Plastik,Chiller,1,21,12,2.0,Soon
Susu UHT Vanila,Produk Olahan Susu,Karton,Chiller,0,128,0,128.0,Fresh
Susu Evaporasi,Produk Olahan Susu,Kaleng,Chiller,Ya,177,12,-5.0,Expired
Keju Edam,Produk Olahan Susu,Plastik,Refrigerator,0,9999,0,63.0,Fresh
Sereal Cornflakes,Produk Kering,Karton,Outside,0,153,0 days,153.0,Fresh
Persik Kaleng,Produk Kaleng,Kaleng,Outside,0,8,0,8.0,Fresh
Jus Jeruk,Produk Minuman,Karton,Chiller,1,149,10,-5.0,Expired
Jus Mangga,Produk Minuman,Karton,Chiller,1,166,4,,Expired
Susu Bubuk Skim,Produk Olahan Susu,Karton,Outside,1,471,17,13.0,Fresh
Soda Jeruk,Produk Minuman,,Outside,0,36,0,36.0,Fresh
Susu UHT Vanila,Produk Olahan Susu,Karton,Chiller,1,53,1,0.0,Expired
Biskuit Oatmeal,Produk Kering,Plastik,Outside,0,21,0,21.0,segar
Buah Cocktail,canned,Kaleng,Room Temp,1,281,2,1.0,Soon
Biskuit Wafer,Produk Kering,Plastik,Outside,yes,56,3,2.0,Soon
Ikan Tuna,Produk Kaleng,Kaleng,Outside,0,970,0,970.0,Fresh
Biskuit Sandwich,,Plastik,suhu ruangan,Tidak,168,0,168.0,Fresh
Biskuit Oreo,Produk Kering,Plastik,,1,62,3,4.0,Soon
Mangga Kaleng,Produk Kaleng,Kaleng,Outside,0,9999,0,104.0,Fresh
Jus Jeruk,Produk Minuman,Karton,Chiller,0,50,0,50.0,FRESH
Teh Tarik,Produk Minuman,Karton,Chiller,0,54,0,54.0,Fresh
Susu Kedelai,Produk Olahan Susu,Karton,Chiller,0,26,0,26.0,Fresh
Nugget Tempe,Produk Protein,Plastic,Freezer,1,15,5,-2.0,Expired
Sosis Ayam,Produk Protein,Plastik,Chiller,1,29,4,1.0,Soon
Sosis Ayam,Produk Protein,Plastik,chiller,0,19,,19.0,Fresh
Susu UHT Full Cream,Produk Olahan Susu,Karton,Chiller,1,4,3 days,4.0,hampir
Susu UHT Full Cream,Produk Olahan Susu,Karton,,0,198,0,198.0,Fresh
Keju Edam,Produk Olahan Susu,Plastik,Chiller,0,59,0,-50.0,Fresh
Yogurt Stroberi,Produk Olahan Susu,Plastik,Chiller,1,2,8,-5.0,Expired
Keju Cream Cheese,Produk Olahan Susu,Karton,Chiller,1,51,5,9.0,Fresh
Yogurt Greek,Produk Olahan Susu,PLASTIK,chiller,,13,0,13.0,Fresh
Keju Cheddar,Produk Olahan Susu,plastik,Kulkas,1,118,19,-5.0,Expired
Susu Kental Manis Putih,Produk Olahan Susu,Kaleng,Chiller,0,10000,0,729.0,Fresh
Susu Bubuk Full Cream,Produk Olahan Susu,,Outside,1,347,26,4.0,Soon
Nugget Ayam,Produk Protein,Plastik,Freezer,0,128,0,128.0,Fresh
Keju Edam,Produk Olahan Susu,Plastik,,0,142,0,9999.0,Fresh
biskuit wafer,Produk Kering,Plastik,Outside,1,136,1,4.0,Soon
Jus Sirsak,Produk Minuman,Karton,Chiller,1,71,2,1.0,Soon
Sosis Bebek,Produk Protein,Plastik,Chiller,1,46,9,-2.0,Expired
Leci dalam Sirup,Produk Kaleng,Kaleng,Room Temp,1,673,3,0.0,kadaluarsa
Sereal Granola,Produk Kering,Karton,Outside,1,212,22,8.0,Fresh
Sosis Sapi,Produk Protein,,,0,9999,0,34.0,Fresh
	Susu UHT Stroberi,Produk Olahan Susu,Karton,Refrigerator,1,195,3,-2.0,Expired
Yogurt Plain,Produk Olahan Susu,Plastik,Chiller,1,,3,2.0,Segera
Teh Tarik,Produk Minuman,Karton,Chiller,1,245,1,0.0,Expired
Keju Parmesan,Produk Olahan Susu,Plastik,Chiller,0,176,0,,Fresh
Cola Zero Sugar,Produk Minuman,Kaleng,suhu ruangan,0,98,0,98.0,Fresh
Jus Nanas,Produk Minuman,Karton,Chiller,1,178,5,0.0,Expired
Leci dalam Sirup,Produk Kaleng,Kaleng,Outside,0,640,0,640.0,Fresh
Jus Jambu,Produk Minuman,Karton,Chiller,1,74,8,-5.0,Expired
Susu Kedelai,Produk Olahan Susu,Karton,Chiller,0,233 hari,0,233.0,Fresh
Susu UHT Low Fat,Produk Olahan Susu,Karton,Chiller,1,129,9,-4.0,Expired
Mie Instan Ayam,Kering,Plastick,Outside,0,302,0,302.0,Fresh
Ikan Salmon,Produk Kaleng,Kaleng,Outside,1,11 hari,4 days,-2.0,Expired
Sarden Minyak Zaitun,Produk Kaleng,Kaleng,Outside,0,159,0,159.0,Fresh
Teh Kotak Jasmine,beverage,Karton,Outside,0,64,0,64.0,Fresh
Sosis Sapi,Produk Protein,Plastik,Chiller,0,37,0,37.0,Fresh
Sarden Tomat,Produk Kaleng,Kaleng,Outside,1,893,3,-1.0,
Buah Cocktail,Produk Kaleng,Kaleng,Outside,1,544,8,-50.0,Expired
Keju Parmesan,Produk Olahan Susu,Plastik,Chiller,0,106,0,106.0,Fresh
Jus Nanas,Produk Minuman,Karton,Chiller,1,151,5,0.0,Expired
nugget sapi,,Plastik,Freezer,0,77,0,77.0,Fresh
Susu Kental Manis Coklat,PRODUK OLAHAN SUSU,Kaleng,Chiller,1,371,13,1.0,Soon
Sarden Tomat,Produk Kaleng,Kaleng,Outside,1,865,3,-1.0,Expired
Air Soda,Produk Minuman,Plastik,Outside,0,205,0 days,205.0,OK
Jus Jeruk,Produk Minuman,Karton,Chiller,0,14,0,14.0,fresh
Susu Kental Manis Putih,Produk Olahan Susu,,Chiller,1,693,8,6.0,Soon
Susu UHT Coklat,Produk Olahan Susu,Karton,Chiller,0,77,0,77.0,Segar
Yogurt Blueberry,,Plastik,Chiller,no,25,0,25.0,Fresh
Yogurt Greek,Produk Olahan Susu,Plastik,Chiller,1,21,1,4.0,Soon
Susu UHT Low Fat,Produk Olahan Susu,Karton,Chiller,0,226,0,226.0,Fresh
Susu Kental Manis Putih,Produk Olahan Susu,Kaleng,Chiller,1,102,11,3.0,Soon
Teh Kotak Jasmine,Produk Minuman,Karton,Outside,1,325,6,-5.0,Expired
Persik Kaleng,Canned,Kaleng,Outside,1,68,2,1.0,Soon
Nugget Udang,Produk Protein,plastik,Freezer,0,28,0,28.0,Fresh
Yogurt Kefir,Produk Olahan Susu,Botol Kaca,Chiller,0,,0,11.0,FRESH
Susu Bubuk Full Cream,Produk Olahan Susu,karton,Outside,0,664,0,664.0,
Susu UHT Low Fat,produk olahan susu,Karton,Dingin,1,64,2,3.0,Soon
SOSIS AYAM,PRODUK PROTEIN,Plastik,Chiller,0,2,0,2.0,
Susu Bubuk Bayi,Produk Olahan Susu,,Outside,0,-5,0,226.0,
Keju Parmesan,Produk Olahan Susu,Plastik,Refrigerator,1,200,1,,Fresh
Biskuit Wafer,Produk Kering,Plastik,Outside,1,94,8,-3.0,Expired
Susu Bubuk Coklat,Produk Olahan Susu,Karton,room temp,,720,20,10.0,Fresh
Biskuit Oatmeal,Produk Kering,Plastik,Outside,0,44,0,44.0,Fresh
Keju Edam,Produk Olahan Susu,Plastik,Chiller,0,31,0,31.0,Fresh
Biskuit Marie,Produk Kering,PLASTIK,suhu ruangan,1,18,8,-1.0,Expired
Nugget Udang,Produk Protein,Plastik,Freezer,,157,1,2.0,Soon
Air Soda,Produk Minuman,Plastik,Outside,1,31,2,-1.0,Expired
Biskuit Digestive,Produk Kering,Plastik,Outside,1,258 hari,11,3.0,Soon
Sarden Minyak Zaitun,Produk Kaleng,Kaleng,,0,28,0,28.0,Fresh
Biskuit Sandwich,Produk Kering,Plastik,Outside,0,5,0,5.0,Soon
Jus Sirsak,Produk Minuman,Karton,,1,3,2,1.0,Soon
Biskuit Oreo,Produk Kering,Plastik,Outside,0,14 hari,0,14.0,Fresh
Teh Tarik,Produk Minuman,Karton,Chiller,0,268,0,268.0,segar
Susu Kedelai,Olahan Susu,Karton,Chiller,0,263,0,263.0,Fresh
Sosis Frankfurter,Produk Protein,Plastik,Chiller,1,35,8,-1.0,Expired
Susu Evaporasi,Produk Olahan Susu,Kaleng,Chiller,1,129,11,-4.0,Expired
Yogurt Blueberry,Produk Olahan Susu,Plastik,Chiller,1,12,3,0.0,Expired
Jus Jeruk,Produk Minuman,Tetrapak,Chiller,0,87,0,87.0,Fresh
Susu Kental Manis Coklat,Produk Olahan Susu,Kaleng,,0,43,0 days,43.0,Fresh
Teh Botol,Produk Minuman,Botol Kaca,Outside,1,219,8,-5.0,Expired
Teh Kotak Jasmine,Produk Minuman,Karton,Outside,1,245,5,-4.0,Expired
Susu Evaporasi,,Kaleng,Chiller,1,711,8,-1.0,Expired
Minuman Isotonik,Produk Minuman,Plastik,,1,205,5,-4.0,Expired
 Susu Bubuk Bayi,produk olahan susu,Karton,Outside,1,348,15,15.0,Fresh
Sereal Coklat,Produk Kering,Karton,room temp,0,81,0,81.0,Fresh
Jus Anggur,Produk Minuman,Botol Kaca,Chiller,1,194,7,-2.0,Expired
Susu Bubuk Bayi,Produk Olahan Susu,Kardus,Outside,1,173,5,25.0,Fresh
Keju Mozzarella,Produk Olahan Susu,Plastik,Chiller,0,44,0 days,44.0,Fresh
Yogurt Mangga,Produk Olahan Susu,Plastik,Chiller,1,23,4,-1.0,Expired
Sereal Oat,Prod. Kering,Karton,Outside,0,,0,262.0,OK
Susu UHT Stroberi,Produk Olahan Susu,Karton,Chiller,,39,0,39.0,OK
Keju Parmesan,Produk Olahan Susu,Plastik,Chiller,1,313,26,4.0,Soon
Susu UHT Stroberi,Produk Olahan Susu,Karton,refrigerator,0,21,0,21.0,Fresh
Susu Bubuk Bayi,Produk Olahan Susu,Karton,Outside,0,250,0,250.0,Fresh
Jus Jambu,Produk Minuman,Karton,Refrigerator,0,98,,98.0,Fresh
Susu Evaporasi,Produk Olahan Susu,Kaleng,Chiller,0,84,0,84.0,Fresh
Susu Kental Manis Coklat,Produk Olahan Susu,Kaleng,Chiller,1,256,,10.0,Fresh
Sosis Ayam,Produk Protein,plastic,Chiller,1,51,9,-4.0,Dead
cola zero sugar,Produk Minuman,Kaleng,Outside,1,220,3,-2.0,Expired
Air Soda,Produk Minuman,Plastik,outside,0,142,0,142.0,Fresh
mangga kaleng,Produk Kaleng,Kaleng,Outside,0,123,0,123.0,Fresh
Jus Jeruk,Produk Minuman,Karton,Chiller,0,138,0,138.0,Fresh
Jus Jambu,Produk Minuman,Karton,Chiller,0,17,0,17.0,
Soda Jeruk,Produk Minuman,Kaleng,room temp,1,191,2,-1.0,Expired
Cola Zero Sugar,beverage,Kaleng,Outside,False,,0,19.0,Fresh
Sereal Granola,Produk Kering,Karton,Outside,0,213,0,213.0,Fresh
Susu UHT Full Cream,Produk Olahan Susu,Karton,Chiller,1,108,11,-4.0,Expired
Susu UHT Low Fat,Produk Olahan Susu,Karton,Chiller,1,240,5,0.0,Expired
Jus Mangga,Produk Minuman,Karton,Chiller,1,32,5,-4.0,Expired
Susu UHT Low Fat,Produk Olahan Susu,Karton,Chiller,0,24,0,24.0,ok
Sereal Granola,Produk Kering,Karton,Outside,0,98,0,98.0,Fresh
 Nugget Ayam,Produk Protein,Plastik,Freezer,True,169,8,-5.0,Expired
Sereal Oat,Produk Kering,KARTON,Outside,1,135,17,13.0,Fresh
 Yogurt Blueberry,Produk Olahan Susu,Plastik,,0,10,0,10.0,Fresh
Sereal Cornflakes,Produk Kering,karton ,,0,161,,161.0,Fresh
Mie Instan Soto,Produk Kering,Plastik,,0,247,0,247.0,fresh
Persik Kaleng,Produk Kaleng,Kaleng,Outside,0,144,0,144.0,ok
Keju Parmesan,produk olahan susu,Plastik,,1,364,28,2.0,warning
Teh Kotak Jasmine,Produk Minuman,Karton,room temp,0,225,0,225.0,Fresh
Susu UHT Stroberi,Produk Olahan Susu,KARTON,Chiller,1,79,6,-5.0,Expired
Biskuit Oreo,,Plastik,Outside,0,83,0,83.0,Fresh
Sosis Sapi,Produk Protein,Plastick,Chiller,1,25,8,-3.0,Expired
Cola Original,Produk Minuman,Kaleng,Outside,0,80,0,80.0,Fresh
Susu Bubuk Full Cream,Olahan Susu,Karton,outside,0,531,0,531.0,Segar
Nanas Kaleng,Produk Kaleng,Kaleng,Outside,0,366,0,366.0,
NANAS KALENG,Produk Kaleng,Kaleng,Outside,1,681,1,2.0,Soon
Susu Bubuk Full Cream,Produk Olahan Susu,Karton,Outside,0,393,0,393.0,Fresh
Soda Jeruk,Produk Minuman,Kaleng,Outside,1,164,2,-1.0,Expired
Ikan Tuna,Produk Kaleng,Kaleng,Outside,true,740,5,-3.0,Expired
Teh Kotak Hijau,Produk Minuman,Karton,outside,1,,1,0.0,Expired
Sarden Cabai,Canned,Kaleng,Outside,1,470,3,-1.0,Expired
Mie Instan Goreng,PRODUK KERING,Plastik,Outside,0,85,0,85.0,Fresh
JAGUNG MANIS KALENG,Produk Kaleng,Kaleng,Chiller,0,407,0,407.0,Fresh
Susu Bubuk Full Cream,Produk Olahan Susu,Karton,Outside,1,671,10,20.0,Fresh
Sarden Tomat,Produk Kaleng,kaleng ,Outside,no,1039,0,1039.0,Segar
Soda Jeruk,Minuman,Kaleng,Outside,False,93,0,93.0,Fresh
Buah Cocktail,Produk Kaleng,Kaleng,Outside,1,9999,2,1.0,Soon
Yogurt Stroberi,Produk Olahan Susu,plastik,Chiller,1,7,,-1.0,Expired
Sereal Oat,Produk Kering,,,0,281,0,281.0,Fresh
Nugget Udang,Produk Protein,,Freezer,1,149,6,-3.0,Expired
Sarden Tomat,Produk Kaleng,Kaleng,Outside,0,1044,,1044.0,Fresh
Soda Jeruk,Produk Minuman,Kaleng,suhu ruangan,0,115,0,115.0,Fresh
Teh Lemon,Produk Minuman,Karton,Outside,1,74,6,-5.0,EXPIRED
Yogurt Kefir,,glass,,1,3,1,2.0,
Sosis Frankfurter,Produk Protein,Plastik,Chiller,0,31,0,31.0,Fresh
Cola Original,Produk Minuman,Kaleng,Outside,0,327,0,327.0,Fresh
Sereal Muesli,Produk Kering,Karton,Outside,1,175,23 days,7.0,Soon
Persik Kaleng,Produk Kaleng,,Outside,0,148,0,148.0,Fresh
Ikan Salmon,,Kaleng,Outside,0,706,0,706.0,Fresh
Sosis Frozen,Produk Protein,plastic,Freezer,1,67,3,0.0,kadaluarsa
	Nugget Udang,,Plastik,Freezer,0,141,0 days,141.0,Fresh
Susu Bubuk Skim,Produk Olahan Susu,Karton,Outside,1,225,13,17.0,Fresh
	Teh Botol,Produk Minuman,Botol Kaca,Outside,0,262,0,262.0,Fresh
Teh Botol,Produk Minuman,Botol Kaca,Outside,0,143,0,143.0,Fresh
Minuman Isotonik,Produk Minuman,plastik,Outside,no,323,0,323.0,Fresh
Nanas Kaleng,Produk Kaleng,,Outside,1,27,4,-1.0,Expired
Jus Mangga,Prod. Minuman,Karton,Chiller,0,55,0,55.0,Segar
Susu Kental Manis Putih,Produk Olahan Susu,Kaleng,Chiller,0,318,0,318.0,Fresh
Susu Bubuk Bayi,produk olahan susu,karton ,Outside,0,263,0,263.0,Fresh
Yogurt Blueberry,Produk Olahan Susu,Plastik,Chiller,1,6,1,2.0,Soon
Kornet Sapi,Canned,Kaleng,Room Temp,Ya,145,7,-4.0,Expired
Biskuit Sandwich,Produk Kering,Plastik,Outside,1,149,8,-3.0,Expired
Susu UHT Stroberi,Prod. Susu,Karton,Chiller,0,119,0,119.0,Fresh
Biskuit Mentega,Produk Kering,Kaleng,Outside,1,273,8,6.0,Soon
Sarden Tomat,Produk Kaleng,Kaleng,Outside,0,1018,0,1018.0,Fresh
Yogurt Stroberi,Produk Olahan Susu,Plastik,Chiller,1,11,3,0.0,Expired
Nugget Udang,Produk Protein,Plastik,Freezer,0,158,0,158.0,Fresh
Sarden Cabai,Produk Kaleng,Kaleng,Outside,0,1034 hari,0,1034.0,Fresh
Susu Evaporasi,Produk Olahan Susu,Kaleng,Chiller,1,,4,3.0,Soon
Teh Botol,Produk Minuman,Botol Kaca,Outside,0,323,0,323.0,Fresh
Mie Instan Soto,Produk Kering,Plastik,Outside,0,123,0,123.0,Fresh
	Biskuit Oatmeal,Produk Kering,Plastik,Outside,0,72,0,72.0,Fresh
Jagung Manis Kaleng,Produk Kaleng,Kaleng,Chiller,1,164,7,-4.0,kadaluarsa
Kornet Ayam,Produk Kaleng,Tin Can,Outside,1,551,5,-2.0,Expired
Mie Instan Goreng,dry food,Plastik,Outside,false,66,,66.0,
Teh Kotak Hijau,,KARTON,Outside,1,68,,0.0,Expired
Susu Bubuk Bayi ,Produk Olahan Susu,Karton,Outside,1,606,4,26.0,Fresh
KORNET SAPI,Produk Kaleng,Kaleng,Outside,0,,0,625.0,
Soda Lemon,Prod. Minuman,Kaleng,,0,293,0,293.0,Fresh
Nugget Tempe,Produk Protein,Plastik,,0,114,0,114.0,OK
Rambutan Kaleng,Produk Kaleng,Kaleng,Outside,0,301,0,301.0,Fresh
Biskuit Crackers,Produk Kering,Plastik,Outside,0,36,0,,Fresh
Sereal Oat,dry food,Karton,Outside,1,233,18,12.0,Fresh
Teh Kotak Hijau,Produk Minuman,carton,Outside,1,21 hari,2,-1.0,Expired
Sereal Coklat,PRODUK KERING,Karton,Outside,1,253,10,11.0,Fresh
Nugget Udang,Produk Protein,Plastik,Freezer,0,28,,28.0,Fresh
Susu Kental Manis Coklat,Produk Olahan Susu,Kaleng,fridge,0,400,0,400.0,Fresh
Persik Kaleng,PRODUK KALENG,Kaleng,Outside,0,132,0,132.0,
Jus Jeruk,Produk Minuman,Karton,,0,98,0,98.0,Segar
Kornet Ayam,Produk Kaleng,Kaleng,Outside,0,776,0,776.0,Fresh
Sarden Minyak Zaitun,Produk Kaleng,Kaleng,Outside,1,463,,-1.0,Expired
Susu Bubuk Full Cream,Produk Olahan Susu,Karton,Outside,0,473,0,473.0,Fresh
Susu Bubuk Coklat,Produk Olahan Susu,Karton,outside,0,601,0,601.0,Fresh
Ikan Makerel,Produk Kaleng,Kaleng,Outside,1,974,3,-1.0,EXPIRED
Nanas Kaleng,Produk Kaleng,Kaleng,OUTSIDE,1,216,5,-2.0,Expired
Keju Cheddar,Produk Olahan Susu,Plastik,Chiller,1,36,8,6.0,Soon
Yogurt Mangga,Produk Olahan Susu,Plastik,chiller,0,8,0,8.0,Fresh
Biskuit Oreo,Produk Kering,Plastic,OUTSIDE,1,90,7,0.0,Expired
Biskuit Marie,produk kering,Plastik,Outside,0,142,0,142.0,Fresh
Jus Apel,PRODUK MINUMAN,Karton,Chiller,1,164,5,0.0,Expired
Rambutan Kaleng,Produk Kaleng,Tin,Outside,,115,0,115.0,Segar
Biskuit Oatmeal,Produk Kering,Plastik,Outside,0,87,0,87.0,Fresh
teh kotak jasmine,Produk Minuman,Karton,Outside,0,48,0,,Fresh
Soda Jeruk,Produk Minuman,Kaleng,Outside,1,253,5,-4.0,Expired
Teh Tarik,Produk Minuman,Carton,Chiller,1,100,3,-2.0,Expired
Keju Parmesan,Produk Olahan Susu,Plastik,Kulkas,0,138,0,138.0,Fresh
Mie Instan Soto,Produk Kering,Plastik,Outside,true,180,2,-2.0,Expired
Sereal Cornflakes,Produk Kering,Karton,Outside,0,141,0,141.0,Fresh
Susu UHT Coklat,Produk Olahan Susu,Karton,Chiller,True,60,1,0.0,Expired
Kornet Ayam,Produk Kaleng,Kaleng,Outside,1,1075,8,-5.0,Expired
Nugget Sapi,Produk Protein,Plastik,Freezer,0,74,0,74.0,Fresh
Susu Evaporasi,produk olahan susu,Kaleng,Chiller,1,630,9,-2.0,expired
Biskuit Wafer,Produk Kering,Plastik,Outside,0,152,0,152.0,Fresh
Sosis Frankfurter,Produk Protein,Plastik,Chiller,1,42,11,-4.0,Expired
Susu Bubuk Skim,,Karton,Outside,1,654,24,6.0,Soon
Biskuit Mentega,Produk Kering,kaleng,Outside,1,361,12,2.0,Soon
Sereal Oat,Produk Kering,Karton,Outside,1,341,7,23.0,Fresh
Susu UHT Vanila,Produk Olahan Susu,Karton,Chiller,1,173,1,0.0,expired
Nugget Sayuran,Produk Protein,Plastik,Freezer,1,,3,0.0,Expired
Nanas Kaleng,Produk Kaleng,Kaleng,Outside,false,484,0,484.0,Fresh
Susu UHT Coklat,produk olahan susu,Karton,Chiller,1,48,2,-1.0,Expired
Biskuit Marie,Prod. Kering,Plastik,suhu ruangan,1,103,1,6.0,Soon
Yogurt Minum Probiotik,Produk Olahan Susu,Botol Kaca,Chiller,0,17,0,17.0,Fresh
Teh Tarik,Produk Minuman,Karton,Chiller,False,-5,0,186.0,Fresh
Biskuit Oatmeal,dry food,Plastik,Outside,0,169 hari,0,,ok
Mie Instan Ayam,Dry Food,Plastik,Luar,,74,0,74.0,
Yogurt Greek,produk olahan susu,Plastik,Chiller,0,21,0,21.0,Fresh
leci dalam sirup,Produk Kaleng,Kaleng,Outside,true,515,7,,Expired
Biskuit Crackers,Produk Kering,Plastik,Outside,0,91,0,-999.0,Fresh
Biskuit Mentega,Produk Kering,Kaleng,Outside,0,259,0,259.0,Fresh
Biskuit Crackers,Dry Food,Plastik,,0,,0,49.0,Fresh
Susu Bubuk Coklat,,Karton,Outside,1,98,21,9.0,
Sosis Bebek,Produk Protein,Plastik,Chiller,1,79,11,-4.0,Expired
Minuman Energi,Produk Minuman,Kaleng,Outside,1,3,4,-3.0,Expired
Yogurt Blueberry,Produk Olahan Susu,plastic,Chiller,0,30,0,30.0,Fresh
Sarden Cabai,Produk Kaleng,Kaleng,Outside,1,1004,7,-5.0,Expired
Mie Instan Ayam,Produk Kering,Plastik,Outside,0,252,0,252.0,Fresh
Sosis Ikan,Produk Protein,Plastik,Chiller,1,8,8,-5.0,Kadaluarsa
Air Soda,Produk Minuman,Plastik,Outside,0,344,0,344.0,Fresh
Susu Bubuk Coklat,,Karton,Outside,No,-5,0,675.0,OK
Susu Kental Manis Coklat,,Kaleng,,1,36,5,9.0,Fresh
Kornet Ayam,Produk Kaleng,Tin Can,Outside,1,551,5,-2.0,Expired
Susu Pasteurisasi,,PLASTIK,Refrigerator,1,13,3,0.0,Expired
Yogurt Kefir,Produk Olahan Susu,botol kaca,Chiller,1,14,6,-3.0,Expired
Air Mineral,Produk Minuman,Plastik,Outside,1,249,5,-4.0,Expired
Persik Kaleng,Produk Kaleng,Kaleng,Outside,1,40,1,2.0,Soon
Yogurt Greek,Prod. Susu,Plastik,Chiller,0,10,0,10.0,Fresh
Air Mineral,Produk Minuman,Plastik,Outside,1,448,1,0.0,Expired
Biskuit Sandwich,Produk Kering,Plastik,Outside,1,136,2,3.0,Soon
 Nugget Sapi,Produk Protein,Plastik,frozen,0,79,0,79.0,Fresh
Jus Sirsak,Produk Minuman,karton,refrigerator,1,94,3 days,0.0,kadaluarsa
Teh Kotak Jasmine,Produk Minuman,Karton,Outside,0,303,0,303.0,ok
Sosis Bebek,Produk Protein,Plastik,Chiller,0,30,0,30.0,Fresh
Minuman Energi,Produk Minuman,Kaleng,Outside,0,156,0 days,156.0,Fresh
Keju Parmesan,Produk Olahan Susu,Plastik,Chiller,1,203,2,28.0,Fresh
	Nugget Udang,Produk Protein,Plastik,Freezer,1,18,7,-4.0,Expired
Sereal Granola,Produk Kering,Karton,Room Temp,,81,0,81.0,ok
Jagung Manis Kaleng,Produk Kaleng,Kaleng,Chiller,0,73,0,73.0,Fresh
Sereal Oat,Produk Kering,Karton,Outside,1,207,19,11.0,Fresh
Nugget Ayam,Produk Protein,Plastik,Freezer,0,26,0,26.0,
Sereal Muesli,Produk Kering,Karton,Outside,,250,0,250.0,Fresh
Yogurt Mangga,Produk Olahan Susu,Plastik,Chiller,1,13 hari,3,0.0,EXPIRED
Sereal Cornflakes,Produk Kering,Karton,Outside,0,99,0,99.0,Fresh
Air Mineral,Produk Minuman,Plastik,Outside,0,474,0,474.0,Fresh
SARDEN TOMAT,Produk Kaleng,Kaleng,Outside,1,963,6,-4.0,Dead
Nugget Sayuran,,Plastik,Freezer,1,6,5,-2.0,Expired
Nugget Udang,Produk Protein,plastik,Freezer,1,145,3,0.0,
Jus Apel,Produk Minuman,Karton,Chiller,1,119,,-1.0,Expired
Biskuit Oatmeal,Produk Kering,Plastik,Outside,Yes,127,2,5.0,Soon
Cola Original,Beverage,Can,Outside,1,183,2,-1.0,Expired
Sarden Minyak Zaitun,Produk Kaleng,Kaleng,Outside,1,,4,-2.0,Expired
Susu UHT Vanila,Produk Olahan Susu,carton,Chiller,0,119,0,119.0,Fresh
Nanas Kaleng,Produk Kaleng,Tin Can,Outside,Yes,315,3,0.0,Expired
Susu UHT Vanila,Produk Olahan Susu,karton,Chiller,1,241,4,-3.0,Expired
Susu UHT Vanila,Produk Olahan Susu,Karton,Chiller,0,157,0,157.0,Fresh
Nugget Sapi,Produk Protein,Plastik,Freezer,0,66,0,66.0,Fresh
Ikan Tuna,Produk Kaleng,Kaleng,Outside,1,,3,-1.0,Basi
Nugget Sapi,Produk Protein,Plastik,Freezer,1,153,1,2.0,Soon
Yogurt Plain,Produk Olahan Susu,,Chiller,0,20,0,20.0,Fresh
Susu UHT Low Fat,,Karton,Chiller,0,,0,95.0,fresh
Susu Kedelai,Produk Olahan Susu,,Dingin,1,213,9,-4.0,Expired
Sosis Bebek,Produk Protein,,chiller,0,21,0,21.0,Fresh
Yogurt Stroberi,Produk Olahan Susu,Plastik,Chiller,0,6,0,6.0,Soon
Keju Cheddar,Produk Olahan Susu,Plastik,Chiller,0,135,0,135.0,Fresh
Mangga Kaleng,Produk Kaleng,Can,Outside,1,262,1,2.0,Soon
Nugget Sayuran,Produk Protein,Plastik,Freezer,0,85,0,85.0,Fresh
Mie Instan Goreng,Produk Kering,Plastik,outside,0,233,0,233.0,Fresh
Nugget Sayuran,,Plastik,Freezer,0,34,0,34.0,Fresh
Sosis Frozen,Produk Protein,Plastik,Freezer,True,49,7,-4.0,Expired
Mie Instan Goreng,Produk Kering,Plastik,Outside,1,,4,-4.0,Expired
Sosis Ikan,Produk Protein,Plastik,Chiller,0,45,0,45.0,Fresh
Air Mineral,Produk Minuman,Plastik,Outside,1,140,2,-1.0,Kadaluarsa
Sereal Cornflakes,Produk Kering,Karton,Outside,1,76,16,14.0,Fresh
Sereal Coklat,Produk Kering,Karton,Outside,yes,213,16,5.0,Soon
Nugget Udang,Produk Protein,Plastik,Freezer,1,128,1,,Soon
Kornet Ayam,Produk Kaleng,Kaleng,Outside,0,1038,0,1038.0,Fresh
Sereal Granola,Produk Kering,Karton,suhu ruangan,1,317,28,2.0,Soon
Nugget Tempe,Produk Protein,Plastik,,0,66,0,66.0,Fresh
Susu Kental Manis Coklat,Produk Olahan Susu,Kaleng,Chiller,1,630,14,0.0,basi
Sereal Coklat,Produk Kering,Karton,,0,224,0,224.0,Fresh
Nugget Sapi,protein,Plastik,Freezer,1,129,7,-4.0,Expired
Yogurt Plain,Produk Olahan Susu,,Chiller,0,29,0,29.0,Fresh
Ikan Tuna,Produk Kaleng,KALENG,room temp,0,-10,0,35.0,Fresh
Susu UHT Full Cream,Produk Olahan Susu,Karton,Chiller,1,186,4,3.0,
Jus Nanas,Produk Minuman,karton ,CHILLER,0,150,0,150.0,Fresh
Soda Jeruk,Produk Minuman,Kaleng,Outside,1,220,2,-1.0,Expired
 Soda Jeruk,,Kaleng,Outside,1,205 hari,1,0.0,Expired
Biskuit Oatmeal,Produk Kering,Polimer,Outside,0,120,0,120.0,Fresh
Nugget Sayuran,Produk Protein,Plastik,freezer,1,86 hari,,-1.0,Expired
Soda Lemon,Produk Minuman,Kaleng,Outside,0,61,0,61.0,Fresh
Teh Botol,Produk Minuman,Botol Kaca,Outside,0,99,0 days,99.0,Fresh
Susu Kental Manis Putih,Produk Olahan Susu,Tin Can,,1,461,17,-3.0,Expired
Biskuit Oreo,PRODUK KERING,Plastik,Outside,0,143,0,143.0,Fresh
Biskuit Marie,produk kering,Plastik,Outside,1,39,11,,Expired
Teh Kotak Hijau,Produk Minuman,Karton,Outside,0,75,0,,Fresh
Sosis Bebek,Produk Protein,,Chiller,0,72,0,72.0,Fresh
Biskuit Oreo,Produk Kering,Plastik,Outside,1,73,4,3.0,Soon
Biskuit Crackers,Produk Kering,Plastik,Outside,0,76,0,76.0,Fresh
mie instan goreng,Produk Kering,PLASTIK,Outside,0,175,,175.0,Fresh
Sereal Cornflakes ,Produk Kering,Karton,Outside,0,90,0,90.0,Fresh
Air Mineral,Produk Minuman,Plastik,Outside,0,277,0,277.0,Fresh
Susu Bubuk Skim,Produk Olahan Susu,Karton,Outside,1,602,10,20.0,Fresh
Sosis Frozen,Produk Protein,Plastik,Freezer,0,23,0,23.0,Fresh
Mie Instan Soto,Produk Kering,PLASTIK,Outside,0,153,0,153.0,Fresh
Keju Cream Cheese,Produk Olahan Susu,Karton,Chiller,1,56,5,9.0,Fresh
Yogurt Plain,Produk Olahan Susu,Plastik,Chiller,0,9,0,9.0,Fresh
Jus Sirsak,Prod. Minuman,Karton,Chiller,0,84,0,84.0,Fresh
Susu UHT Coklat,Produk Olahan Susu,Tetrapak,Chiller,1,,1,9999.0,Expired
Sereal Cornflakes,produk kering,Tetrapak,,1,143,12,18.0,Fresh
Susu Bubuk Skim,produk olahan susu,Karton,OUTSIDE,0,405,0,405.0,Fresh
Biskuit Oreo,Kering,Plastik,Outside,0,41,0,41.0,Fresh
Jagung Manis Kaleng,Produk Kaleng,Kaleng,Chiller,1,144,3,0.0,Expired
Sereal Coklat,Produk Kering,Karton,Outside,0,247,0,247.0,
Air Soda,Produk Minuman,plastik,Outside,1,201,4,-3.0,Expired
Sereal Cornflakes,Produk Kering,Karton,Outside,1,222 hari,35,,Expired
Susu UHT Coklat ,Prod. Susu,karton ,Chiller,1,169,3,-2.0,Expired
Susu Evaporasi,Produk Olahan Susu,Kaleng,Chiller,1,426,8,-1.0,Expired
Jus Jambu,,Karton,Chiller,true,98 hari,4,-1.0,Expired
Sosis Ayam,Produk Protein,Plastik,refrigerator,0,51,0,51.0,Fresh
Teh Lemon,Produk Minuman,,Outside,0,183,0,183.0,Fresh
  Ikan Salmon  ,Produk Kaleng,Kaleng,Outside,1,264,3,-1.0,Expired
Yogurt Mangga,Produk Olahan Susu,PLASTIK,Chiller,1,18,5,-2.0,Expired
Sosis Frozen,Produk Protein,Plastik,Freezer,0,35,0,35.0,Fresh
Susu UHT Coklat,Produk Olahan Susu,KARTON,Chiller,0,187,0,187.0,Fresh
Biskuit Sandwich,Produk Kering,Plastik,OUTSIDE,1,107,3,2.0,Soon
Susu Evaporasi,Produk Olahan Susu,Kaleng,fridge,0,478,0,478.0,Fresh
 Susu Bubuk Bayi,Produk Olahan Susu,Karton,Outside,,279,0,279.0,Fresh
Sereal Coklat,Produk Kering,Karton,OUTSIDE,1,92,26,-5.0,Expired
Sosis Ikan,Produk Protein,Plastik,Chiller,0,6,0,6.0,Soon
TEH BOTOL,Produk Minuman,Botol Kaca,Outside,0,339,0,339.0,Fresh
Nugget Sayuran,Produk Protein,Plastik,Freezer,,114,0,114.0,Fresh
Sosis Bebek,Produk Protein,Plastik,Chiller,1,90,3 days,4.0,Soon
Biskuit Digestive,Produk Kering,Plastik,Outside,0,354 hari,0,354.0,Fresh
Ikan Salmon,Produk Kaleng,Kaleng,Outside,1,748,1,1.0,Soon
Sereal Oat,Dry Food,Karton,Room Temp,0,59 hari,0,59.0,Fresh
Persik Kaleng,Produk Kaleng,can,Outside,1,637,6,-3.0,Expired
Susu UHT Vanila,Produk Olahan Susu,Karton,Chiller,0,,0,218.0,Fresh
Jus Nanas,Produk Minuman,carton,Chiller,,179,0,179.0,Fresh
Minuman Isotonik,Prod. Minuman,plastik,Outside,0,175,0,175.0,ok
Soda Lemon,PRODUK MINUMAN,Kaleng,Outside,0,166,0,166.0,Fresh
Jus Nanas,Prod. Minuman,Karton,Chiller,,116,0 days,116.0,Fresh
Yogurt Blueberry,Produk Olahan Susu,Plastik,Chiller,1,7,3,0.0,Expired
Susu Pasteurisasi,Produk Olahan Susu,Plastik,fridge,1,10,6,-3.0,Expired
Leci dalam Sirup,Kaleng,Kaleng,Outside,1,100,4,-1.0,Expired
Yogurt Blueberry,Produk Olahan Susu,Plastik,chiller,0,5 hari,0,5.0,soon
Sosis Frozen,Produk Protein,Plastik,Freezer,0,51,0 days,51.0,Fresh
Cola Zero Sugar,Prod. Minuman,Kaleng,Outside,1,365,4,-3.0,Expired
Jus Mangga,Produk Minuman,Karton,Chiller,1,114,1,0.0,Expired
Minuman Isotonik,Produk Minuman,Plastik,Luar,0,-10,0,223.0,Fresh
Sarden Cabai,,Kaleng,Outside,1,995,6,-4.0,Expired
Mangga Kaleng,Produk Kaleng,Tin,Outside,0,517,0,517.0,Fresh
Mie Instan Goreng,Produk Kering,Plastik,Outside,0,116,0,116.0,Fresh
Susu Bubuk Skim,Produk Olahan Susu,Karton,outside,0,553,0 days,553.0,ok
Jagung Manis Kaleng,,Kaleng,Chiller,1,121,5,-2.0,Expired
Mie Instan Goreng,Produk Kering,Plastik,room temp,1,,2,-2.0,Expired
Sereal Muesli,Produk Kering,Karton,Outside,0,260,0,260.0,Fresh
Kornet Sapi,Produk Kaleng,Kaleng,Outside,0,644,0,644.0,Fresh
Teh Kotak Hijau,Produk Minuman,Karton,Outside,0,90,0,90.0,Fresh
Susu Bubuk Bayi,Produk Olahan Susu,Karton,Outside,1,588,26,4.0,Soon
Air Soda,Produk Minuman,Plastik,Outside,0,59,0,59.0,Fresh
Susu Pasteurisasi,Produk Olahan Susu,Plastik,Chiller,1,9,6,-3.0,Expired
  Keju Cream Cheese  ,Produk Olahan Susu,Karton,Chiller,1,5,8,5.0,Soon
Kornet Ayam,Produk Kaleng,Kaleng,Outside,1,863,3,0.0,Expired
Susu Almond,Produk Olahan Susu,Karton,Chiller,1,-5,6,-1.0,Dead
Sereal Granola,Produk Kering,Karton,Outside,0,66,0,66.0,Fresh
Jus Mangga,Produk Minuman,Karton,Chiller,0,13,0,13.0,Fresh
Keju Cheddar,Produk Olahan Susu,,Chiller,0,135,0,135.0,Fresh
Susu Pasteurisasi,Produk Olahan Susu,Plastik,Chiller,1,1,1,1.0,Soon
Jus Jeruk,Produk Minuman,Karton,Chiller,0,68,0,68.0,Fresh
Susu Kental Manis Putih,Produk Olahan Susu,Kaleng,Chiller,1,114,10,4.0,Soon
Sosis Frankfurter,Produk Protein,Plastik,Chiller,0,41,0,41.0,Fresh
Sosis Frankfurter,Produk Protein,Plastik,Chiller,0,71,0,71.0,Fresh
Susu Pasteurisasi,Produk Olahan Susu,Plastik,kulkas,1,2 hari,7,-4.0,
Susu Bubuk Coklat,,KARTON,Outside,0,94 hari,0,94.0,Fresh
Susu UHT Stroberi,Produk Olahan Susu,Karton,Chiller,0,112,0,112.0,Fresh
Susu Kental Manis Coklat,Produk Olahan Susu,Kaleng,Refrigerator,1,440,1,13.0,Fresh
Mie Instan Soto,Produk Kering,Plastik,Outside,1,114,2,-2.0,Expired
Susu Pasteurisasi,Produk Olahan Susu,Plastik,Chiller,1,9,1,2.0,Hampir
Nugget Ayam,Produk Protein,Polimer,frozen,0,4,0,4.0,Soon
Susu Almond,Produk Olahan Susu,Karton,Chiller,0,35,0,35.0,Fresh
Soda Lemon,Produk Minuman,Kaleng,Outside,0,82,0,82.0,Fresh
Cola Original,Prod. Minuman,Kaleng,Outside,0,,0,283.0,Fresh
Buah Cocktail,Produk Kaleng,Kaleng,Outside,1,,7,-4.0,Expired
Leci dalam Sirup,Produk Kaleng,Kaleng,Room Temp,0,647,0,647.0,Fresh
Jus Mangga,Produk Minuman,Karton,Chiller,0,160,0,160.0,Fresh
Susu Bubuk Bayi,Produk Olahan Susu,Karton,Outside,0,691,0,691.0,Fresh
Susu Kental Manis Coklat,PRODUK OLAHAN SUSU,Kaleng,,1,260,1,13.0,Fresh
Jagung Manis Kaleng,PRODUK KALENG,Kaleng,Chiller,1,9999,2,1.0,Soon
Soda Lemon,Produk Minuman,Kaleng,Outside,0,259 hari,0,259.0,Fresh
Susu UHT Stroberi,Dairy,Karton,Chiller,1,113,2,-1.0,Expired
Jus Apel,Produk Minuman,Karton,Chiller,0,128,0,128.0,Fresh
YOGURT MANGGA,Produk Olahan Susu,Plastik,Chiller,Tidak,21,0,21.0,Fresh
Jus Jambu,Produk Minuman,Karton,Chiller,0,4,0,4.0,Soon
Jus Mangga,Produk Minuman,Karton,Chiller,1,20,1,-50.0,Expired
Sosis Frankfurter,Prod. Protein,Plastik,fridge,Yes,31,5,2.0,Soon
Minuman Energi,PRODUK MINUMAN,Kaleng,Suhu Ruangan,,342,0,342.0,Fresh
Kornet Sapi,Produk Kaleng,,suhu ruangan,1,501,5,-999.0,Expired
Biskuit Wafer,Produk Kering,Plastik,Outside,0,95,0,95.0,Fresh
Yogurt Mangga,Produk Olahan Susu,Plastik,Chiller,1,19,6,-3.0,Expired
Yogurt Kefir,Produk Olahan Susu,Botol Kaca,Chiller,1,3,7,-4.0,Expired
Susu Almond,Produk Olahan Susu,Karton,Chiller,0,58,0,58.0,Fresh
Susu Kental Manis Putih,Produk Olahan Susu,Kaleng,kulkas,0,657,0,,Fresh
Teh Kotak Hijau,Produk Minuman,Karton,Outside,true,257,1,0.0,Expired
Nugget Tempe,Produk Protein,plastik,Freezer,1,23,5,-2.0,Expired
Cola Zero Sugar,Produk Minuman,Kaleng,Luar,1,182,6,-5.0,Dead
Sarden Minyak Zaitun,Produk Kaleng,Kaleng,Outside,0,-5,0,395.0,Fresh
Air Mineral,Produk Minuman,Plastik,Outside,0,533,0,533.0,Fresh
Keju Cream Cheese,Produk Olahan Susu,Karton,Chiller,1,6,4,6.0,Soon
Biskuit Crackers,Produk Kering,Plastik,Outside,0,75,0,75.0,Fresh
Leci dalam Sirup,Produk Kaleng,Kaleng,Outside,1,241,,-4.0,Expired
Biskuit Marie,Dry Food,Plastik,Outside,0,65,0,65.0,Fresh
Sarden Tomat,Prod. Kaleng,Kaleng,Outside,0,152,0,152.0,Fresh
Biskuit Digestive,,Plastic,Outside,0,304,0,304.0,OK
Mie Instan Goreng,Produk Kering,Plastik,Outside,1,238,4,-4.0,Expired
Teh Kotak Jasmine,Produk Minuman,Karton,Outside,0,25,0,25.0,Fresh
Minuman Isotonik,Produk Minuman,Polimer,Outside,0,280,0,280.0,Fresh
Buah Cocktail,Produk Kaleng,Kaleng,Outside,0,68,0,68.0,Fresh
Ikan Makerel,Produk Kaleng,Kaleng,Outside,0,186,0,186.0,Fresh
Nugget Tempe,Produk Protein,Plastik,Freezer,,85,7,-4.0,Expired
Jus Apel,Produk Minuman,Karton,Chiller,1,171,8,-3.0,Expired
Nugget Tempe,Produk Protein,Plastik,Freezer,0,58,,58.0,Fresh
Susu Kental Manis Coklat,Produk Olahan Susu,Kaleng,Chiller,,559,0,559.0,Fresh
Kornet Ayam,Produk Kaleng,Kaleng,Outside,1,500,6,-3.0,Expired
Cola Original,produk minuman,Kaleng,Outside,1,41,6,-5.0,Expired
Biskuit Wafer,Produk Kering,Plastick,Outside,0,112,0,112.0,Fresh
Sarden Tomat,Produk Kaleng,Kaleng,Outside,0,281,0,281.0,Fresh
Yogurt Plain,Produk Olahan Susu,Plastik,Chiller,0,17,0,17.0,Fresh
Minuman Isotonik,Minuman,Plastik,Outside,0,256,0,256.0,Fresh
Yogurt Plain,Produk Olahan Susu,Plastik,Chiller,0,4,0,4.0,Soon
Susu Almond,Produk Olahan Susu,Karton,Chiller,false,231,0,231.0,Fresh
Jus Sirsak,Produk Minuman,Karton,CHILLER,0,31 hari,0,31.0,Fresh
Biskuit Wafer,Produk Kering,plastic,OUTSIDE,1,45,9,,
Sarden Cabai,PRODUK KALENG,Kaleng,Outside,0,407,0,407.0,
Yogurt Plain,Produk Olahan Susu,Plastik,Chiller,1,4,3,2.0,warning
Sosis Ayam,Prod. Protein,Plastik,Chiller,0,59,0,59.0,Fresh
Soda Jeruk,Produk Minuman,Kaleng,Outside,0,146,0,146.0,Fresh
Jus Mangga,Produk Minuman,Karton,Chiller,0,107,0,107.0,Fresh
Susu UHT Coklat,Produk Olahan Susu,Karton,Chiller,0,99,0,99.0,Fresh
Biskuit Wafer,Produk Kering,Plastik,Outside,1,118,7,-2.0,Dead
Nugget Sayuran,Produk Protein,Plastik,Freezer,0,86,0,86.0,Fresh
Biskuit Oatmeal,Produk Kering,Plastik,Outside,,45,12,-5.0,Expired
Nugget Tempe,Produk Protein,Plastik,Freezer,1,42,8,-5.0,Expired
Air Soda,Produk Minuman,Plastik,Outside,1,190,1,0.0,Expired
Biskuit Oatmeal,Produk Kering,Plastik,Outside,1,174,6,1.0,Soon
Sosis Bebek,Produk Protein,Plastik,Chiller,0,64,0,64.0,Fresh
Biskuit Digestive,Produk Kering,Polimer,,1,259,9,,Soon
Sereal Coklat,Produk Kering,Karton,Outside,1,309,23 days,-2.0,
Kornet Sapi,Produk Kaleng,Kaleng,Outside,1,291,1,2.0,Soon
Yogurt Kefir,Produk Olahan Susu,Botol Kaca,Chiller,0,12 hari,0,12.0,Fresh
Sereal Coklat,Produk Kering,Karton,Outside,0,202,0,202.0,Fresh
Sosis Frankfurter,produk protein,Plastik,Chiller,1,58,2,5.0,Soon
Jus Sirsak,Produk Minuman,Karton,Chiller,0,6,0,6.0,Soon
Biskuit Oatmeal,Produk Kering,Plastik,Outside,1,178,10 days,-3.0,Expired
Minuman Energi,Produk Minuman,can,Outside,1,328,1,0.0,Expired
Sereal Muesli,Produk Kering,Karton,Outside,0,90,0,90.0,Fresh
Ikan Tuna,Produk Kaleng,Kaleng,,Ya,438,5,-3.0,Expired
Ikan Tuna,Produk Kaleng,,Outside,1,126,1,1.0,Soon
Soda Lemon ,Produk Minuman,Kaleng,suhu ruangan,0,73,0,73.0,Fresh
Minuman Energi,Produk Minuman,Kaleng,Outside,1,321,6,-5.0,Expired
Yogurt Blueberry,Produk Olahan Susu,Plastik,Chiller,1,18,6,-3.0,Expired
Susu UHT Coklat,PRODUK OLAHAN SUSU,Kardus,chiller,1,105,6,-5.0,Expired
Sosis Ikan,Produk Protein,Plastik,Chiller,1,23,6,9999.0,basi
Susu UHT Vanila,Produk Olahan Susu,Karton,Chiller,1,52,2,-1.0,Expired
Susu Kental Manis Coklat,Produk Olahan Susu,tin,,1,377,17,-3.0,kadaluarsa
Sereal Muesli,Prod. Kering,Karton,Outside,1,147,33,-3.0,Expired
Sarden Tomat,Produk Kaleng,Kaleng,Outside,1,865,3,-1.0,Expired
Teh Tarik,Produk Minuman,KARTON,Chiller,0,38,0,38.0,Fresh
Buah Cocktail,,Kaleng,Outside,1,182,1,2.0,Soon
Ikan Makerel,Canned,Kaleng,Outside,1,628,2,0.0,Expired
Susu Bubuk Skim,PRODUK OLAHAN SUSU,,Outside,0,643,0,643.0,Fresh
Keju Cheddar,Produk Olahan Susu,Plastik,Chiller,1,126,8,6.0,Soon
Ikan Salmon,Produk Kaleng,Kaleng,Outside,1,950,6,-4.0,Expired
Susu Bubuk Full Cream,Produk Olahan Susu,Karton,Outside,0,,0,72.0,Fresh
Air Mineral,Produk Minuman,Plastik,Outside,0,576,0,576.0,Fresh
Air Soda,Produk Minuman,Polimer,Outside,1,217,,-1.0,Expired
Susu UHT Coklat,Produk Olahan Susu,Karton,Chiller,1,108,4,-3.0,EXPIRED
Nugget Sapi,Produk Protein,Plastik,Freezer,1,94,4,-1.0,Expired
	Biskuit Oatmeal,Produk Kering,Plastik,Outside,0,72,0,72.0,Fresh
Mie Instan Goreng,Produk Kering,Plastik,Outside,0,266,0,266.0,Fresh
Sosis Ikan,Produk Protein,Plastik,,0,44,0,44.0,Fresh
Biskuit Digestive,Produk Kering,Plastik,,,292,0,292.0,Fresh
Jus Anggur,Produk Minuman,Botol Kaca,Chiller,1,47,6,-50.0,Expired
Teh Kotak Jasmine,Produk Minuman,Karton,Outside,0,4,0,4.0,Soon
Biskuit Oatmeal,Kering,Plastik,Room Temp,1,176,8,-1.0,Expired
Sereal Muesli,Produk Kering,Karton,Outside,0,339,0,339.0,Fresh
Susu Kental Manis Putih,Produk Olahan Susu,Kaleng,Chiller,0,342,0,342.0,Fresh
Minuman Isotonik,Produk Minuman,Plastic,Outside,1,252,4,-3.0,Expired
Susu Bubuk Coklat,Produk Olahan Susu,Karton,Outside,0,570,0,570.0,Fresh
Susu Almond,Produk Olahan Susu,Karton,Chiller,1,,6,-1.0,Expired
Keju Parmesan,Produk Olahan Susu,Plastik,Chiller,0,231,0,231.0,Fresh
Sosis Ikan,produk protein,Plastik,CHILLER,Ya,31,4,-1.0,Expired
  Nanas Kaleng  ,Produk Kaleng,Kaleng,Outside,1,72 hari,1,2.0,Soon
Sereal Coklat,Produk Kering,Karton,Outside,0,86,0,86.0,Fresh
Nanas Kaleng,Produk Kaleng,Kaleng,Outside,0,166,0,166.0,Fresh
Air Mineral,Produk Minuman,Plastik,,0,268,0,268.0,Fresh
Susu Almond,Produk Olahan Susu,Karton,Chiller,1,195,4,1.0,Soon
Leci dalam Sirup,Produk Kaleng,Kaleng,Outside,0,677,0,677.0,FRESH
Ikan Salmon,Produk Kaleng,Kaleng,Outside,0,691,0,691.0,Fresh
Sereal Oat,Produk Kering,Karton,Outside,1,364,32,-2.0,Expired
Jus Anggur,Produk Minuman,Botol Kaca,Chiller,0,58,0,58.0,Fresh
Sosis Ikan,Produk Protein,Plastik,Chiller,1,7,5,-2.0,Expired
Yogurt Minum Probiotik,Produk Olahan Susu,Botol Kaca,Chiller,1,19 hari,8,-5.0,Expired
Mie Instan Ayam,Produk Kering,Plastik,Outside,1,293,3,-3.0,Expired
Susu Almond,Produk Olahan Susu,Karton,Chiller,1,165,4,1.0,Soon
Sosis Frankfurter,Produk Protein,Plastik,Chiller,0,11,0,11.0,Fresh
Biskuit Marie,,PLASTIK,Outside,1,28,3,4.0,Soon
Nugget Ikan,Protein,Plastik,Freezer,0,107,0,107.0,Fresh
Keju Mozzarella,,Plastik,,0,33,0,33.0,Fresh
Susu Bubuk Full Cream,Produk Olahan Susu,Karton,Outside,1,96,15,15.0,Fresh
Sarden Tomat,Produk Kaleng,Kaleng,Outside,1,566,4,-2.0,Expired
Sereal Muesli,Kering,Karton,,0,12,,12.0,Fresh
Susu Evaporasi,Produk Olahan Susu,Kaleng,Chiller,0,321,0,321.0,Fresh
Sosis Sapi,Produk Protein,Plastik,Chiller,1,35,9,-4.0,EXPIRED
Jus Jeruk,Produk Minuman,Karton,refrigerator,0,51,0,51.0,Fresh
Jus Jambu,Produk Minuman,Karton,Chiller,0,100,0,,Segar
Jus Jeruk,Produk Minuman,Karton,Chiller,1,3,2,3.0,
Susu UHT Low Fat,Produk Olahan Susu,Karton,Chiller,1,19,9,-4.0,Expired
Susu Pasteurisasi,Produk Olahan Susu,Plastik,,1,6,3,-50.0,Expired
Biskuit Marie,PRODUK KERING,Plastik,Outside,1,68,3,4.0,Soon
Jus Jeruk,Produk Minuman,Karton,,0,54,0,54.0,Fresh
Nugget Sayuran,Prod. Protein,Plastik,Freezer,,45,2,1.0,Soon
Sereal Coklat,Produk Kering,Karton,Outside,0,301,0,301.0,Fresh
Biskuit Crackers,Produk Kering,Plastik,Room Temp,0,150,0,150.0,Fresh
Jus Apel,Produk Minuman,,Chiller,1,17,9,-4.0,Expired
Sarden Cabai,Produk Kaleng,Kaleng,Outside,0,365,0,,Fresh
Susu UHT Low Fat,Produk Olahan Susu,Karton,Chiller,0,151,0,151.0,
Susu Evaporasi,Produk Olahan Susu,Kaleng,,1,251 hari,11,-4.0,Expired
Susu Bubuk Coklat,Produk Olahan Susu,,Outside,0,147,0,147.0,Fresh
Susu Kedelai,Produk Olahan Susu,Karton,Chiller,0,178,0,178.0,Fresh
Sosis Frankfurter,Produk Protein,Plastik,Chiller,1,51,4,3.0,Soon
Nugget Sayuran,Produk Protein,Plastik,Freezer,0,80,0,80.0,Fresh
Nugget Ikan,Produk Protein,Plastik,,Tidak,64,0,64.0,Fresh
Ikan Salmon,Produk Kaleng,Kaleng,Outside,,84,1,1.0,Segera
Susu Pasteurisasi,Produk Olahan Susu,Plastik,fridge,0,5,0,5.0,Soon
Susu Pasteurisasi,Produk Olahan Susu,Plastik,chiller,0,7,0,7.0,Soon
Jus Jeruk,Produk Minuman,KARTON,Chiller,1,61,7,-2.0,Expired
Sarden Minyak Zaitun,Produk Kaleng,Kaleng,Outside,1,627,3,-1.0,Expired
Jus Anggur,Produk Minuman,Botol Kaca,refrigerator,true,159,9,,Expired
Jus Jeruk,Produk Minuman,carton,,1,170,3,2.0,Soon
Yogurt Minum Probiotik,PRODUK OLAHAN SUSU,Botol Kaca,Chiller,0,2,0 days,2.0,Soon
Nugget Ayam,Produk Protein,Plastik,Freezer,0,146,0,146.0,Fresh
Yogurt Kefir,dairy,Botol Kaca,Chiller,0,10,0,10.0,Fresh
Susu Pasteurisasi,Produk Olahan Susu,Plastik,Chiller,1,9,5,-2.0,Expired
Biskuit Sandwich,Produk Kering,Plastik,Outside,0,67,0,67.0,Fresh
Jus Jeruk,Produk Minuman,Karton,Chiller,1,110,8,-3.0,Expired
Susu UHT Stroberi,Dairy,Karton,Chiller,1,-10,1,0.0,Expired
Teh Kotak Jasmine,Produk Minuman,Karton,Outside,0,37,0,37.0,Fresh
Keju Cheddar,produk olahan susu,Plastik,Chiller,0,146,0,146.0,Fresh
Mangga Kaleng,Produk Kaleng,Can,Outside,0,701,0 days,701.0,
Sarden Cabai,Produk Kaleng,Kaleng,Outside,1,254,7,-5.0,Expired
Susu Kental Manis Coklat,dairy,Kaleng,Chiller,1,380,12,2.0,
Teh Kotak Hijau,Produk Minuman,Carton,,1,56,4,-3.0,Expired
Biskuit Crackers,Produk Kering,Plastik,Luar,1,125,10,-3.0,Expired
Teh Kotak Hijau,Produk Minuman,Karton,Outside,0,342,0,342.0,Fresh
Soda Lemon,Produk Minuman,Kaleng,Outside,1,265 hari,,-1.0,Kadaluarsa
Sosis Frozen,Produk Protein,Plastik,Freezer,0,48,0,48.0,Fresh
  Sereal Muesli  ,Produk Kering,Tetrapak,Outside,1,260,32,,Expired
Sosis Sapi,,Plastik,Chiller,,58,0,58.0,Fresh
Susu UHT Low Fat,Produk Olahan Susu,Karton,,1,55,9 days,-4.0,Expired
	Nugget Ayam,,Plastik,Freezer,0,136,0,136.0,Fresh
Ikan Makerel,Produk Kaleng,Kaleng,Outside,0,286,0,286.0,Fresh
Mie Instan Soto,Produk Kering,Plastik,,1,277,2 days,-2.0,Expired
Yogurt Greek,dairy,Plastik,Chiller,1,14,8,-3.0,Expired
Cola Zero Sugar,Produk Minuman,Kaleng,Outside,1,212,6,-5.0,Expired
Susu Bubuk Skim,Produk Olahan Susu,Karton,Outside,1,571,24,6.0,Soon
Rambutan Kaleng,Produk Kaleng,Kaleng,Outside,1,644,7,-4.0,Expired
Sarden Tomat,Produk Kaleng,Kaleng,Outside,0,259,0,259.0,Fresh
Nugget Sayuran,Produk Protein,Plastik,Freezer,1,88,7,-4.0,Expired
Rambutan Kaleng,Prod. Kaleng,Kaleng,,1,371,3,0.0,Expired
Susu Kental Manis Coklat,dairy,Kaleng,Chiller,1,318,17,,Expired
Keju Edam,Produk Olahan Susu,Plastik,Chiller,1,94,18,3.0,Soon
Nugget Sayuran,produk protein,Plastik,Freezer,1,158,6,-3.0,Expired
Kornet Ayam,,Kaleng,,1,488,3,0.0,Expired
Biskuit Oatmeal,Produk Kering,Plastik,Outside,0,31 hari,0,,FRESH
Nanas Kaleng,Prod. Kaleng,Kaleng,Outside,1,41,6,-3.0,Expired
Jus Jambu,Produk Minuman,Karton,Chiller,0,80,0,80.0,Fresh
Nugget Ikan,Produk Protein,Plastik,Freezer,1,161,5,-2.0,Expired
Leci dalam Sirup,Produk Kaleng,Kaleng,Outside,1,476,5,,Expired
Teh Botol,Produk Minuman,Botol Kaca,Outside,1,58 hari,2,1.0,Soon
Susu Evaporasi,Produk Olahan Susu,Kaleng,Chiller,1,532,5,2.0,Soon
Sarden Tomat,Produk Kaleng,Kaleng,Outside,1,221,6,-4.0,Kadaluarsa
MANGGA KALENG,Produk Kaleng,Kaleng,Outside,0,316,0,316.0,Fresh
Susu UHT Stroberi,Produk Olahan Susu,Karton,Chiller,0,33,0,33.0,Fresh
Air Mineral,Produk Minuman,Plastik,Outside,Ya,473,1,0.0,Expired
Biskuit Crackers,Produk Kering,Plastik,Outside,0,124,0,124.0,Fresh
Teh Botol,Produk Minuman,glass,OUTSIDE,0,1,0,1.0,SOON
Leci dalam Sirup,Produk Kaleng,Kaleng,Outside,1,262,7,-4.0,Expired
Susu Kental Manis Coklat,Produk Olahan Susu,Kaleng,Chiller,0,148,0,148.0,Fresh
 Nugget Ayam,Produk Protein,Plastik,Freezer,0,93,0,93.0,Segar
Jus Jeruk,Produk Minuman,Karton,Chiller,Ya,46,6,-1.0,Expired
Nugget Ikan,Produk Protein,,Freezer,0,116,0,116.0,Fresh
Nugget Sapi,Produk Protein,Plastik,Freezer,1,96,7,-4.0,Expired
Nugget Ayam,Produk Protein,Plastik,Freezer,0,12,0,,Fresh
Teh Botol,produk minuman,Botol Kaca,Outside,0,274,0,274.0,Fresh
ikan tuna,Produk Kaleng,Kaleng,Outside,1,955,5,-3.0,Expired
Teh Tarik,Produk Minuman,Karton,Kulkas,0,214,0,214.0,Segar
Sosis Ikan,Produk Protein,Plastik,Chiller,0,25,0,25.0,Fresh
Nugget Udang,,Plastik,Freezer,1,24,5,-2.0,Expired
Cola Zero Sugar,Produk Minuman,Kaleng,Outside,No,10000,0,231.0,Fresh
Susu UHT Low Fat,Olahan Susu,Karton,Chiller,0,228,0,228.0,Fresh
Sereal Oat,Produk Kering,Karton,Outside,0,25,0,25.0,Fresh
Susu Pasteurisasi,Produk Olahan Susu,Plastic,Dingin,0,4,0,4.0,Soon
Yogurt Minum Probiotik,Produk Olahan Susu,Botol Kaca,Chiller,1,21,6,-3.0,Expired
 Sarden Minyak Zaitun,Produk Kaleng,Kaleng,outside,1,194,1,1.0,Soon
Jus Sirsak,Produk Minuman,Karton,Chiller,0,148,0,148.0,Fresh
Jus Sirsak,Produk Minuman,karton ,,0,47,0,47.0,Fresh
Nugget Sayuran,Produk Protein,Plastik,Freezer,0,124,0,124.0,Fresh
Biskuit Crackers,,Plastick,Outside,1,166,12,-5.0,Basi
Sosis Bebek,Produk Protein,Plastik,Chiller,0,30,0,30.0,Fresh
Sosis Ayam,Produk Protein,Plastik,,no,3,0,3.0,soon
KEJU MOZZARELLA,produk olahan susu,Plastik,Chiller,1,46,,3.0,Soon
Susu UHT Low Fat,Produk Olahan Susu,Karton,Chiller,1,40,4,1.0,Soon
Sarden Tomat,Produk Kaleng,Kaleng,Outside,1,1011,3,-1.0,Expired
Sosis Bebek,Produk Protein,Plastik,,0,50,0,50.0,Fresh
Teh Kotak Jasmine,Produk Minuman,Karton,Suhu Ruangan,1,143,2,-1.0,kadaluarsa
Sereal Muesli,Produk Kering,Karton,Outside,1,322,33,-3.0,Expired
Ikan Salmon,Produk Kaleng,KALENG,Outside,0,297,0,297.0,Fresh
Ikan Makerel,produk kaleng,Kaleng,Outside,0,,0,529.0,Fresh
Keju Cream Cheese,,Karton,Chiller,1,,4,10.0,Fresh
Sosis Ayam,Produk Protein,,,0,23,0,23.0,Fresh
Yogurt Plain,,Plastik,Kulkas,1,24,2,3.0,Soon
Nanas Kaleng,Produk Kaleng,Tin Can,Outside,0,699,0,699.0,Fresh
Air Soda,Produk Minuman,Plastik,,0,113,0,113.0,Fresh
Susu Bubuk Skim,Produk Olahan Susu,Carton,Outside,1,35,24,6.0,Soon
Yogurt Stroberi,Produk Olahan Susu,Plastik,Chiller,0,21,0 days,21.0,Fresh
Buah Cocktail ,Produk Kaleng,Can,Outside,0,219,0,219.0,Fresh
Susu UHT Vanila,Produk Olahan Susu,,Chiller,0,240,0,240.0,Fresh
Mie Instan Goreng,Produk Kering,Plastik,Outside,1,150,3,-3.0,
mie instan soto,Produk Kering,,room temp,false,333,0,333.0,Fresh
Sarden Minyak Zaitun,Produk Kaleng,Kaleng,Outside,1,1072,6,-4.0,Expired
Cola Original,Produk Minuman,Kaleng,Outside,1,227,6,-5.0,Expired
Biskuit Marie,Produk Kering,Plastick,,1,71,7,0.0,Expired
Nugget Sayuran,Produk Protein,Plastik,Freezer,0,53,0,53.0,Fresh
Kornet Ayam,Produk Kaleng,Kaleng,Outside,0,477,0,477.0,Segar
Susu Pasteurisasi,Produk Olahan Susu,Plastik,Chiller,No,14,0,14.0,Fresh
Soda Jeruk,Produk Minuman,Kaleng,Outside,1,357,4,-3.0,Expired
Cola Original,Produk Minuman,kaleng ,Outside,0,159,0,159.0,Fresh
Cola Zero Sugar,Produk Minuman,Kaleng,,0,43,0,43.0,Fresh
Ikan Makerel,Produk Kaleng,Tin,Outside,0,186,0,186.0,Fresh
Biskuit Sandwich,Produk Kering,Plastik,Outside,0,31,,31.0,Fresh
Keju Mozzarella ,Produk Olahan Susu,Plastik,Chiller,0,54,0,54.0,Fresh
Ikan Makerel,Produk Kaleng,Kaleng,Outside,0,502,0,-50.0,Fresh
Biskuit Mentega,Produk Kering,Kaleng,Room Temp,1,283,15,-1.0,Expired
Sosis Frozen,protein,Polimer,Freezer,1,100,5,-2.0,Expired
Teh Kotak Jasmine,Prod. Minuman,Karton,Outside,1,291,6,-5.0,Expired
Buah Cocktail,Produk Kaleng,Kaleng,room temp,1,235,5 days,-2.0,Expired
Jus Sirsak,Prod. Minuman,carton,Chiller,1,178,6,-3.0,Expired
Nugget Ayam,Produk Protein,Plastik,Freezer,1,21,8,-5.0,Expired
yogurt mangga,Produk Olahan Susu,Plastik,Chiller,0,26,0,26.0,Fresh
SOSIS BEBEK,Produk Protein,Plastik,Chiller,0,90,0,90.0,
Air Soda,Produk Minuman,PLASTIK,,0,36,0,36.0,Fresh
Susu Bubuk Bayi,Produk Olahan Susu,Karton,room temp,1,280,14,16.0,Fresh
Kornet Sapi,Produk Kaleng,,Outside,1,889,7,-4.0,Expired
Susu UHT Low Fat,Produk Olahan Susu,Karton,Chiller,1,62,5,0.0,Expired
Soda Lemon,Produk Minuman,Kaleng,Outside,0,15,0,15.0,Fresh
Nugget Ikan,Produk Protein,Plastik,Freezer,0,120,0,120.0,Fresh
Minuman Energi,Prod. Minuman,Kaleng,Outside,1,339,1,0.0,EXPIRED
Sereal Coklat,Produk Kering,Karton,Outside,0,271,0,271.0,Fresh
Sosis Bebek,Produk Protein,Plastik,Chiller,0,44,0,44.0,Fresh
Keju Mozzarella,Produk Olahan Susu,Plastik,Chiller,0,29,0,29.0,Fresh
Nugget Sayuran,Produk Protein,Plastik,Freezer,1,172,2,1.0,Soon
Sarden Cabai,Produk Kaleng,Kaleng,Outside,0,1063,0,1063.0,Fresh
Keju Edam,Produk Olahan Susu,,,1,95,19,2.0,Soon
Persik Kaleng,Produk Kaleng,Kaleng,,1,663,6,-3.0,Expired
Susu Kedelai,PRODUK OLAHAN SUSU,Karton,refrigerator,0,239,0,239.0,ok
Buah Cocktail,Produk Kaleng,KALENG,Outside,1,508,3,0.0,Expired
Biskuit Crackers,Produk Kering,Plastik,,0,79,0,79.0,Fresh
Yogurt Minum Probiotik,Dairy,Botol Kaca,Chiller,1,15 hari,5,-2.0,Expired
Air Soda,Produk Minuman,Plastik,Outside,0,175,0,175.0,OK
Biskuit Oatmeal,Dry Food,Plastik,Outside,0,,0,26.0,Fresh
Kornet Ayam,Produk Kaleng,Kaleng,Outside,1,658,5,-2.0,Expired
Sereal Cornflakes,Produk Kering,Karton,Outside,True,223,27,,Soon
Mangga Kaleng,,Kaleng,Outside,0,131,0,131.0,Fresh
Jus Apel,Produk Minuman,Karton,Chiller,0,19,0,-999.0,Fresh
Yogurt Greek,Produk Olahan Susu,Plastik,,1,4 hari,8,-3.0,EXPIRED
Susu Kental Manis Putih,Produk Olahan Susu,Kaleng,Chiller,1,185,,7.0,Soon
Jus Anggur,Produk Minuman,Botol Kaca,Chiller,1,,10,-5.0,Expired
Susu UHT Low Fat,Produk Olahan Susu,Karton,Chiller,0,108,0,108.0,Fresh
Minuman Isotonik,Produk Minuman,Plastik,Outside,,52,1,-50.0,Kadaluarsa
Air Soda,Produk Minuman,Plastik,Outside,1,76,5,-4.0,Expired
Mie Instan Soto,Kering,Plastik,,1,186,1,-1.0,Basi
Susu Pasteurisasi,Produk Olahan Susu,Plastik,Chiller,1,7,3,0.0,Expired
Susu Bubuk Full Cream,Produk Olahan Susu,Karton,Outside,1,354,22,8.0,Fresh
Sereal Granola,Produk Kering,carton,Outside,,115,0,115.0,Fresh
Yogurt Minum Probiotik,Produk Olahan Susu,BOTOL KACA,Chiller,1,10 hari,5,-2.0,Expired
Yogurt Mangga,Produk Olahan Susu,Plastik,Chiller,1,19,8,-5.0,Expired
Biskuit Mentega,Produk Kering,Kaleng,suhu ruangan,0,238,0,238.0,FRESH
Sereal Muesli,Produk Kering,Karton,Outside,0,33,0,33.0,Fresh
Susu UHT Vanila,Produk Olahan Susu,Karton,Chiller,1,124,6,-5.0,Expired
Sereal Granola,Produk Kering,Karton,Outside,1,356,2,28.0,Fresh
Sereal Cornflakes,Produk Kering,KARTON,OUTSIDE,1,159,24,6.0,Soon
	Minuman Energi,Produk Minuman,Kaleng,Outside,0,251,0,251.0,Fresh
Soda Lemon,Produk Minuman,Kaleng,Outside,1,124,5,-4.0,Expired
Mangga Kaleng,Produk Kaleng,Kaleng,Outside,1,28,3,0.0,Dead
Susu UHT Stroberi,Produk Olahan Susu,Karton,Chiller,0,59,0,59.0,Fresh
Kornet Ayam,Produk Kaleng,can,Outside,0,1032,0,1032.0,OK
Mie Instan Ayam,Produk Kering,Plastik,Outside,1,302,5,-5.0,Expired
Biskuit Crackers,Produk Kering,Plastik,Outside,0,144,0,144.0,Fresh
Persik Kaleng,Produk Kaleng,Kaleng,Outside,1,605,2,1.0,Soon
Minuman Energi,Produk Minuman,Kaleng,Outside,1,58,3,-2.0,Expired
Keju Mozzarella,Dairy,Plastik,Chiller,0,47,0,47.0,Fresh
Leci dalam Sirup,Produk Kaleng,Kaleng,Outside,0,160,0,160.0,Fresh
Biskuit Wafer,Prod. Kering,Plastic,Outside,1,149,4,1.0,Soon
Sarden Tomat,Produk Kaleng,Kaleng,Outside,1,653,7,-5.0,Expired
	Jus Nanas,Produk Minuman,Karton,,0,35,0,35.0,Fresh
Biskuit Marie,Produk Kering,Plastik,Outside,1,28,11,-4.0,Expired
SEREAL COKLAT,Produk Kering,Karton,Outside,1,225 hari,8,13.0,Fresh
Susu Almond,Produk Olahan Susu,Karton,Dingin,0,38,0,38.0,Fresh
Buah Cocktail,Produk Kaleng,Kaleng,Outside,0,676,0,676.0,Fresh
Ikan Makerel,Produk Kaleng,,Outside,1,65,1,1.0,Warning
Jagung Manis Kaleng,Produk Kaleng,Kaleng,Chiller,0,18,0,18.0,Fresh
Jus Mangga,Produk Minuman,Karton,Dingin,0,24 hari,0,24.0,Fresh
Mangga Kaleng,Produk Kaleng,Kaleng,Outside,1,591,3,0.0,Expired
Susu Bubuk Skim,Produk Olahan Susu,Karton,Outside,1,718,20,10.0,Fresh
Jus Jambu,beverage,Karton,Chiller,,53,0,53.0,Segar
Sereal Cornflakes,Produk Kering,KARTON,Outside,1,238,32,-2.0,Expired
Sosis Bebek,Produk Protein,Plastik,kulkas,0,32,0,32.0,Fresh
Keju Mozzarella,Produk Olahan Susu,Plastik,Chiller,0,,0,37.0,Fresh
Susu UHT Vanila,dairy,Karton,Chiller,1,37,6,-5.0,Expired
Susu UHT Vanila,Produk Olahan Susu,Karton,Chiller,0,109,,109.0,Fresh
Jus Jeruk,Produk Minuman,Karton,,1,128,9,-4.0,Expired
Susu Pasteurisasi,Produk Olahan Susu,Plastik,Chiller,0,12,0,12.0,fresh
Mangga Kaleng,Produk Kaleng,Kaleng,outside,0,694,0,694.0,Fresh
Sarden Tomat,Produk Kaleng,Kaleng,Outside,0,294,0,294.0,Fresh
Nugget Sayuran,Produk Protein,Plastik,,1,39,3,0.0,Expired
Yogurt Stroberi,,Plastik,Chiller,No,27,0,27.0,Fresh
Biskuit Wafer,Produk Kering,Plastik,Outside,1,163,1,4.0,Soon
Yogurt Greek,Produk Olahan Susu,Plastik,,0,11,0,11.0,Fresh
Sosis Ikan,Protin,Plastik,Refrigerator,1,12,6,9999.0,Expired
Sosis Bebek,Produk Protein,plastik,fridge,1,73,8,-1.0,Expired
Yogurt Minum Probiotik,Produk Olahan Susu,Botol Kaca,Chiller,1,10 hari,3,0.0,Expired
Susu Bubuk Coklat,,Karton,Outside,0,94,0,94.0,Fresh
Persik Kaleng,Produk Kaleng,Kaleng,,1,48,7,-4.0,Expired
Nugget Sayuran,Produk Protein,Plastik,Freezer,0,83,0,83.0,Fresh
Susu UHT Low Fat,Produk Olahan Susu,karton,Chiller,1,91,7,-2.0,Expired
Biskuit Mentega,Produk Kering,Kaleng,Outside,Yes,93,17,-3.0,Expired
Keju Edam,Produk Olahan Susu,Plastik,Kulkas,1,56,2,19.0,Fresh
Soda Lemon,PRODUK MINUMAN,Kaleng,Outside,1,135,2,-1.0,Expired
Yogurt Blueberry,Prod. Susu,Plastik,Chiller,0,2,0,2.0,Soon
Mie Instan Goreng,,Plastik,Outside,1,2,4,-4.0,Expired
Nugget Sayuran,Produk Protein,Plastik,Freezer,1,10,,0.0,Expired
Ikan Makerel,Produk Kaleng,Kaleng,Outside,0,446,0 days,446.0,Fresh
Susu Pasteurisasi,,Plastik,Chiller,1,9,5,-2.0,Expired
Sosis Sapi,Produk Protein,Polimer,kulkas,0,55,0,55.0,Fresh
Sosis Ayam,Produk Protein,Plastik,Chiller,0,49,0,49.0,Fresh
Susu UHT Full Cream,Produk Olahan Susu,Karton,Chiller,0,237,0,237.0,Fresh
Susu UHT Low Fat,Produk Olahan Susu,Karton,Chiller,1,120,1,4.0,Soon
 Biskuit Wafer,Produk Kering,Plastik,Outside,No,99,0,99.0,Fresh
Susu Kental Manis Putih,Produk Olahan Susu,Kaleng,Chiller,1,473,10,4.0,Soon
Teh Botol,Produk Minuman,Botol Kaca,Outside,Yes,258,5,-2.0,Expired
Keju Cream Cheese,Produk Olahan Susu,Karton,Chiller,0,,0,38.0,Fresh
Susu Bubuk Coklat,Produk Olahan Susu,Karton,Outside,1,63,26,4.0,Soon
Sarden Tomat,Produk Kaleng,Kaleng,Outside,0,884,0,884.0,Fresh
Susu Kental Manis Coklat,Produk Olahan Susu,Kaleng,Kulkas,1,329,4,10.0,Fresh
Biskuit Oreo,Produk Kering,Plastik,outside,0,159,0,159.0,Fresh
Cola Zero Sugar,,Kaleng,Outside,0,325,0,325.0,Fresh
Cola Original,Minuman,Can,Outside,0,233,0,233.0,Fresh
BISKUIT WAFER,Produk Kering,Plastik,Outside,0,72,0,72.0,Fresh
Biskuit Digestive,Produk Kering,Plastic,Outside,0,321,0 days,321.0,Fresh
Susu Bubuk Full Cream,Prod. Susu,Karton,Outside,1,679,26,4.0,Soon
Yogurt Plain,Produk Olahan Susu,Plastik,Chiller,1,17,1,4.0,SOON
Ikan Salmon,Produk Kaleng,Kaleng,Outside,1,72,3,-1.0,Expired
Sereal Oat,Produk Kering,Karton,Outside,,48,26,4.0,Soon
Susu Kental Manis Coklat,Produk Olahan Susu,Kaleng,fridge,1,247,19,-5.0,basi
Jagung Manis Kaleng,Produk Kaleng,Kaleng,Chiller,1,400,7,,Expired
Susu Almond,Produk Olahan Susu,Karton,Chiller,1,69,7,-2.0,Expired
Sereal Coklat,Produk Kering,Karton,Outside,1,,14,7.0,Soon
Keju Parmesan,Produk Olahan Susu,Plastik,Dingin,1,356,10,20.0,Fresh
Mie Instan Ayam,Produk Kering,Plastik,Outside,1,44,5,-5.0,Expired
 Sosis Sapi,Produk Protein,Plastic,Chiller,1,45,10,-5.0,Expired
Sosis Frankfurter,PRODUK PROTEIN,Plastick,Chiller,1,79,1,6.0,Soon
Nugget Ikan,produk protein,Plastik,Freezer,0,9,0,9.0,Fresh
Susu Kental Manis Coklat,Prod. Susu,Kaleng,Chiller,0,242,0,242.0,Fresh
Sosis Frankfurter,Produk Protein,Plastik,Chiller,1,2,3,2.0,Soon
Ikan Salmon,Produk Kaleng,Kaleng,Outside,0,829,0,829.0,Fresh
Sosis Ayam,Produk Protein,Plastik,refrigerator,1,46,3,2.0,warning
Nugget Sapi,Produk Protein,Plastik,Freezer,1,83,4,-1.0,Expired
Rambutan Kaleng,Produk Kaleng,Kaleng,Outside,1,255,5,-2.0,Kadaluarsa
Teh Botol,Produk Minuman,Botol Kaca,,0,204,0,204.0,Fresh
KEJU PARMESAN,Produk Olahan Susu,PLASTIK,Chiller,1,271,,9.0,Fresh
Mie Instan Goreng,Kering,plastic,Suhu Ruangan,0,15 hari,0,15.0,Fresh
Jagung Manis Kaleng,,Kaleng,chiller,1,144,7,-4.0,Expired
Jagung Manis Kaleng,Produk Kaleng,Kaleng,Chiller,0,408,0,408.0,Fresh
Leci dalam Sirup,Produk Kaleng,Kaleng,Outside,0,414,0,414.0,Fresh
Jus Mangga,Produk Minuman,Karton,Chiller,0,57 hari,0,57.0,Fresh
Susu Almond,Produk Olahan Susu,Karton,kulkas,Tidak,204,,204.0,FRESH
Yogurt Minum Probiotik,Produk Olahan Susu,Botol Kaca,Chiller,0,19,0,19.0,Fresh
Susu UHT Coklat,Produk Olahan Susu,Karton,Chiller,0,227,0,9999.0,Fresh
Biskuit Oreo,Produk Kering,Plastik,Outside,0,,0,128.0,Fresh
Sosis Ikan,Produk Protein,Plastik,Chiller,1,39,2,1.0,
Sosis Ayam,Produk Protein,Plastik,Chiller,1,26 hari,1,4.0,Soon
Jus Nanas,Produk Minuman,Karton,Chiller,1,,9,-4.0,Expired
Kornet Ayam,Produk Kaleng,Kaleng,Outside,1,700,6,-3.0,Expired
Yogurt Mangga,Produk Olahan Susu,Plastik,Chiller,1,17,1,2.0,
Susu Evaporasi,Olahan Susu,Kaleng,Chiller,0,,0,,
Nugget Udang,Prod. Protein,Plastik,Freezer,1,90,4,-1.0,Expired
Yogurt Mangga,Produk Olahan Susu,Plastik,refrigerator,0,3,0,3.0,Soon
Buah Cocktail,PRODUK KALENG,Kaleng,Outside,1,302,6,-3.0,Expired
Yogurt Plain,Produk Olahan Susu,PLASTIK,CHILLER,1,1,,-2.0,Expired
Susu UHT Full Cream,Produk Olahan Susu,Karton,Chiller,1,192,8,-1.0,Expired
Rambutan Kaleng,Produk Kaleng,Kaleng,Outside,1,404 hari,1 days,2.0,Warning
Nugget Ayam,Produk Protein,,Freezer,0,143,0,143.0,Fresh
Yogurt Mangga,Produk Olahan Susu,Plastik,Chiller,0,29,0,29.0,Fresh
Sosis Frozen,Produk Protein,Plastik,Freezer,0,133,0,133.0,Fresh
Susu UHT Full Cream,Produk Olahan Susu,Karton,Chiller,1,9999,6,1.0,Soon
  Sarden Tomat  ,Produk Kaleng,can,Outside,1,340,1,1.0,
Keju Cheddar,Produk Olahan Susu,Plastik,Chiller,1,93,4,10.0,segar
Ikan Makerel,produk kaleng,Kaleng,Outside,No,863,0,863.0,Fresh
Nugget Tempe,,Plastik,Freezer,0,105,0,105.0,Segar
Biskuit Mentega,Produk Kering,Kaleng,Outside,1,237,8,6.0,Soon
Yogurt Blueberry,Produk Olahan Susu,Plastik,Chiller,Tidak,26,0,9999.0,fresh
Mie Instan Ayam,Produk Kering,Plastik,Outside,0,190,,190.0,Fresh
soda lemon,Produk Minuman,Kaleng,Outside,0,233,0,233.0,Fresh
Yogurt Minum Probiotik,Produk Olahan Susu,glass,Refrigerator,1,2,4,-1.0,Expired
Jus Jambu,Produk Minuman,karton ,Chiller,1,166,5,-2.0,Expired
Sereal Oat,Produk Kering,Karton,Outside,1,323,,2.0,Soon
Jus Apel,Produk Minuman,Karton,Chiller,0,95,0,95.0,Fresh
Susu Evaporasi,Olahan Susu,Kaleng,Chiller,1,539,7,,Expired
Jagung Manis Kaleng,produk kaleng,Kaleng,Chiller,1,464,7,-4.0,Expired
Yogurt Kefir,Prod. Susu,Botol Kaca,,1,1,1,1.0,Soon
Sosis Ikan,Produk Protein,Plastik,Chiller,1,39,7,-4.0,Expired
Yogurt Minum Probiotik,Produk Olahan Susu,Botol Kaca,Chiller,1,21,4,-1.0,Expired
Susu UHT Full Cream,Produk Olahan Susu,Karton,Chiller,,111,0,111.0,Fresh
Air Soda,Produk Minuman,Plastik,Outside,0,181,0,181.0,Fresh
Keju Parmesan,Produk Olahan Susu,Plastik,Chiller,0,100,0,100.0,Fresh
Yogurt Kefir,Produk Olahan Susu,,Chiller,1,6,5,-2.0,Expired
Sosis Frankfurter,Produk Protein,Plastik,Chiller,False,44,0,44.0,FRESH
Sarden Minyak Zaitun,Produk Kaleng,Kaleng,Room Temp,1,287,6,-4.0,Expired
Soda Lemon,Produk Minuman,Kaleng,Outside,1,193,3,-2.0,Expired
Sarden Tomat,Produk Kaleng,Kaleng,Room Temp,0,400,0,400.0,Fresh
Susu Bubuk Full Cream,Produk Olahan Susu,Karton,Outside,0,241,0,241.0,Fresh
Sereal Coklat,produk kering,Karton,Outside,1,292,13,8.0,Fresh
Sarden Cabai,Produk Kaleng,Kaleng,Outside,1,994,1,1.0,Soon
Cola Original,Prod. Minuman,Kaleng,Outside,0,126,0,126.0,Fresh
Biskuit Mentega,Produk Kering,Kaleng,suhu ruangan,1,122,17,-3.0,Expired
Susu UHT Coklat,,Karton,Chiller,0,122,0,122.0,fresh
Buah Cocktail,PRODUK KALENG,kaleng ,OUTSIDE,1,690,5,-2.0,Expired
Yogurt Mangga,Produk Olahan Susu,Plastik,Chiller,0,20,0,20.0,Fresh
Susu Pasteurisasi,Produk Olahan Susu,Plastik,Chiller,0,5,0,-999.0,hampir
Sosis Bebek,Produk Protein,Plastik,Chiller,1,29,6,1.0,Soon
Susu UHT Full Cream,Produk Olahan Susu,Karton,Chiller,1,58,5,2.0,hampir
Keju Parmesan,Produk Olahan Susu,Plastik,Chiller,0,106,0,106.0,Fresh
Susu Bubuk Full Cream,Olahan Susu,Karton,,1,591,3,27.0,Fresh
Susu Evaporasi,Produk Olahan Susu,Kaleng,Chiller,0,327,0,327.0,Fresh
Biskuit Crackers,Produk Kering,Plastik,Outside,0,6,0,6.0,Soon
Sereal Muesli,Produk Kering,,Outside,1,267,22,8.0,Fresh
Cola Zero Sugar,Produk Minuman,Kaleng,Outside,0,325,0,325.0,segar
Nugget Tempe,Produk Protein,Plastik,Beku,0,52,0,52.0,Fresh
Air Soda,Produk Minuman,Plastik,Outside,0,303,0,303.0,Fresh
Sosis Frankfurter,Produk Protein,Plastik,Chiller,1,81,2,5.0,soon
Jagung Manis Kaleng,Canned,Can,Chiller,0,363,0,363.0,Fresh
Minuman Isotonik,Produk Minuman,Plastik,Outside,yes,98,2,,Expired
Cola Zero Sugar,Produk Minuman,Kaleng,Outside,1,243,2,-1.0,Expired
Yogurt Plain,Produk Olahan Susu,Plastik,Chiller,0,10000,0,21.0,Fresh
Sereal Oat,Produk Kering,,Outside,,336,0,336.0,Fresh
Susu Evaporasi,Produk Olahan Susu,Kaleng,Chiller,1,254,3,4.0,Soon
Keju Edam,Produk Olahan Susu,Plastik,Dingin,0,136,0 days,136.0,Fresh
Jus Nanas,Produk Minuman,carton,Chiller,1,19,6,-1.0,Expired
Nugget Sapi,Produk Protein,Plastik,Freezer,0,122,0,122.0,Fresh
Teh Botol,Produk Minuman,Botol Kaca,Outside,0,,0,225.0,Fresh
Sosis Frankfurter,Produk Protein,Plastik,Chiller,0,3,0,3.0,Soon
Mie Instan Goreng,,Plastik,Outside,,34,1,-1.0,Expired
Sarden Minyak Zaitun,Produk Kaleng,kaleng ,Outside,0,1001 hari,0,1001.0,Fresh
Mie Instan Soto,Produk Kering,Plastik,Outside,0,344,0,344.0,Fresh
YOGURT KEFIR,Olahan Susu,Botol Kaca,Chiller,1,7,,-3.0,Expired
Sosis Ikan,Produk Protein,plastic,Chiller,0,35,0,35.0,Fresh
Mangga Kaleng,Produk Kaleng,Kaleng,Outside,Ya,370,8,-5.0,Expired
Susu UHT Stroberi,Produk Olahan Susu,Karton,Chiller,1,227,5,-4.0,Expired
Keju Mozzarella,,Plastik,CHILLER,1,23,8,-1.0,Expired
Keju Cream Cheese,Produk Olahan Susu,,Chiller,1,2,4,2.0,soon
Biskuit Crackers,Produk Kering,Plastik,Outside,1,32,1,6.0,Soon
Susu UHT Vanila,Produk Olahan Susu,Karton,Chiller,Ya,,3,-2.0,Expired
Air Soda,Produk Minuman,Plastik,Outside,0,331,0,,Fresh
Soda Lemon,Produk Minuman,,Outside,1,13,6,-5.0,expired
Keju Mozzarella,,Plastik,Chiller,,35,1,6.0,warning
Keju Cheddar,Produk Olahan Susu,Plastik,Chiller,0,24,0,24.0,Fresh
Buah Cocktail,Kaleng,Kaleng,Outside,0,221,0,221.0,Fresh
susu pasteurisasi,Produk Olahan Susu,Plastik,Chiller,1,12,4,-1.0,Expired
Teh Kotak Hijau,Produk Minuman,Karton,Outside,1,20,3,-2.0,Expired
Yogurt Minum Probiotik,Produk Olahan Susu,Botol Kaca,Chiller,1,6,2,1.0,Soon
Susu Bubuk Coklat,Produk Olahan Susu,Karton,Outside,1,157,31,-1.0,Expired
Leci dalam Sirup,Produk Kaleng,Tin,Outside,0,585,0,585.0,Fresh
Keju Cream Cheese,Produk Olahan Susu,Karton,Chiller,0,46,0,46.0,Fresh
Teh Kotak Hijau,Produk Minuman,Karton,Outside,0,80,0,80.0,
Buah Cocktail,Produk Kaleng,Kaleng,Outside,0,250,,250.0,Fresh
Jus Anggur,Produk Minuman,Botol Kaca,Chiller,1,15,3 days,2.0,Soon
Keju Cheddar,Produk Olahan Susu,Plastik,Chiller,0,22,0 days,22.0,FRESH
Keju Edam,Produk Olahan Susu,Plastik,Chiller,1,22,21,0.0,Expired
Sereal Muesli,Produk Kering,Karton,suhu ruangan,1,172,9,21.0,Fresh
Sosis Frankfurter,PRODUK PROTEIN,Plastik,Chiller,0,37,0,37.0,
Nugget Ikan,Produk Protein,Plastik,Freezer,false,16,0,16.0,Fresh
Jus Sirsak,Produk Minuman,Karton,Chiller,1,179,4,-1.0,EXPIRED
Susu UHT Stroberi,Produk Olahan Susu,Karton,Chiller,1,132,,-2.0,EXPIRED
Keju Parmesan,Produk Olahan Susu,Polimer,Chiller,1,280,14,16.0,Fresh
Air Soda,Produk Minuman,,Outside,1,232,5,-4.0,Expired
Rambutan Kaleng,Produk Kaleng,Kaleng,Outside,0,684,0,684.0,Fresh
Biskuit Oatmeal,Produk Kering,Plastik,Outside,1,173,2,5.0,Soon
Jus Nanas,Produk Minuman,Karton,,0,109,0,109.0,Fresh
Mie Instan Soto ,Produk Kering,,Outside,1,88,5,-5.0,Expired
Susu Kental Manis Coklat,Produk Olahan Susu,Kaleng,Chiller,False,688,,688.0,Fresh
Leci dalam Sirup,Produk Kaleng,Kaleng,Outside,1,223,7,-4.0,Expired
Biskuit Oatmeal,Produk Kering,Plastik,Outside,1,177,2,5.0,Soon
Teh Kotak Hijau,Produk Minuman,,OUTSIDE,0,118,0,118.0,Fresh
Teh Lemon,Produk Minuman,Karton,Outside,,116,6,-5.0,Expired
Susu Evaporasi,Produk Olahan Susu,Kaleng,Chiller,True,479,9,-2.0,Expired
 Biskuit Crackers,Produk Kering,plastic,Outside,1,-10,1,6.0,Soon
Biskuit Marie,Produk Kering,Plastik,Outside,1,90,4,3.0,Soon
Susu Bubuk Bayi,Produk Olahan Susu,Carton,Outside,0,630,0,630.0,ok
Keju Cheddar,Produk Olahan Susu,Plastik,,0,91,0,91.0,Fresh
Nugget Tempe,Protein,Plastik,Freezer,1,,6,-3.0,
	Susu Bubuk Coklat,,Karton,Outside,1,72,10 days,20.0,OK
Sosis Frozen,Produk Protein,Plastik,Freezer,0,,0,64.0,Fresh
Air Soda,Produk Minuman,Plastik,Outside,1,109,2,-1.0,
Minuman Isotonik,Produk Minuman,Plastik,OUTSIDE,1,317,5,-4.0,Expired
Biskuit Wafer,Produk Kering,Plastik,Outside,0,118,0,118.0,Fresh
teh kotak jasmine,Produk Minuman,Karton,,1,362,4,-3.0,Expired
Biskuit Oatmeal,Produk Kering,Plastik,Outside,0,102,0,102.0,Fresh
Ikan Tuna,PRODUK KALENG,Kaleng,outside,1,714,2,0.0,Expired
Yogurt Minum Probiotik,Produk Olahan Susu,Botol Kaca,Chiller,1,2,1,2.0,Soon
Nugget Ayam,Produk Protein,Plastik,Freezer,1,83,,-4.0,Expired
Mangga Kaleng,PRODUK KALENG,Kaleng,Outside,0,455,0,455.0,Fresh
Mie Instan Goreng,Produk Kering,Plastik,Outside,0,327,0,327.0,Fresh
Teh Botol,Produk Minuman,Botol Kaca,Outside,,274,0,274.0,Fresh
Susu UHT Vanila,Prod. Susu,karton ,Chiller,1,243,5,-4.0,Expired
Biskuit Marie,Produk Kering,Plastik,Outside,1,86,1,6.0,Soon
Soda Jeruk,Produk Minuman,,Outside,0,202,0,202.0,Fresh
Susu Kental Manis Putih,PRODUK OLAHAN SUSU,Kaleng,Chiller,0,678,0,678.0,FRESH
Nugget Ikan,Produk Protein,plastic,Freezer,0,7,0,7.0,Soon
	Sereal Cornflakes,Prod. Kering,Karton,,0,293,0,293.0,Fresh
Sosis Ayam,Produk Protein,Plastik,Chiller,1,21,1,4.0,Soon
Yogurt Plain,Produk Olahan Susu,Plastik,Chiller,0,8,0,8.0,ok
Nugget Ikan,Produk Protein,Plastik,Freezer,0,36,0,36.0,
Ikan Makerel,Kaleng,Kaleng,Outside,1,943,1,1.0,Soon
Mangga Kaleng,Produk Kaleng,Can,Outside,0,589,0,589.0,Fresh
Sosis Frozen,Produk Protein,Plastik,Freezer,0,73,0,73.0,Fresh
Sarden Tomat,Produk Kaleng,Kaleng,Outside,0,824,0,824.0,
Sosis Frozen,Produk Protein,Plastik,Freezer,1,27,2,1.0,Soon
Kornet Ayam,,Kaleng,suhu ruangan,0,735,0,735.0,Fresh
Biskuit Oatmeal,PRODUK KERING,Plastik,Outside,1,36,8,-1.0,Expired
Susu Bubuk Full Cream,Produk Olahan Susu,Karton,Outside,1,602,32,-2.0,Expired
Susu Pasteurisasi,dairy,Plastik,Chiller,1,14,6,-3.0,Expired
Susu Kental Manis Putih,Produk Olahan Susu,Kaleng,Chiller,1,381,18,-4.0,Expired
Ikan Salmon,Produk Kaleng,Kaleng,Outside,0,601,0,601.0,fresh
Teh Lemon,Produk Minuman,Karton,Room Temp,1,11,1,0.0,basi
Cola Zero Sugar,Minuman,Kaleng,Outside,1,59,6,-5.0,Expired
Yogurt Greek,Produk Olahan Susu,Plastik,Chiller,0,11,0,11.0,Fresh
Susu Kental Manis Coklat,Produk Olahan Susu,Kaleng,Chiller,1,721,15,-1.0,Expired
sereal coklat,Produk Kering,Karton,Outside,No,145,0,145.0,segar
Susu Bubuk Full Cream,Produk Olahan Susu,Karton,Outside,0,481,0,481.0,
Biskuit Digestive ,Prod. Kering,Plastik,OUTSIDE,1,166,,-5.0,Expired
Susu Almond,Produk Olahan Susu,Karton,,1,25,6,-1.0,Expired
Buah Cocktail,,Tin Can,Outside,,308,1,2.0,Warning
Jus Sirsak ,Minuman,Karton,,1,147,3,0.0,Expired
Air Soda,Beverage,Plastik,Outside,0,240,0,240.0,Fresh
Susu Bubuk Skim,Produk Olahan Susu,Karton,Outside,1,689,17,13.0,Fresh
Susu UHT Vanila,Produk Olahan Susu,Karton,Chiller,0,85,0,85.0,Fresh
Nugget Sapi,Produk Protein,Plastik,Freezer,1,54,4,-1.0,Expired
Susu Bubuk Coklat,Produk Olahan Susu,Karton,Outside,0,52,0,52.0,Fresh
Ikan Tuna,,Kaleng,Outside,0,63,0,63.0,Fresh
Mie Instan Ayam,Produk Kering,Plastik,,,71,0,71.0,Fresh
Biskuit Oatmeal ,Produk Kering,Plastik,,0,47,,,Fresh
Teh Botol,Produk Minuman,Botol,Outside,0,304,0,304.0,Fresh
Biskuit Marie,Produk Kering,Plastik,Outside,1,5,1,5.0,Soon
Sosis Ayam,Produk Protein,Plastik,Chiller,1,32,10,-5.0,Expired
Persik Kaleng,Produk Kaleng,Kaleng,Outside,0,93,0,93.0,Fresh
Buah Cocktail,Produk Kaleng,Kaleng,Outside,0,195,0,195.0,Fresh
Jus Apel,Produk Minuman,Karton,Chiller,No,122,0,122.0,Fresh
Susu UHT Coklat,Produk Olahan Susu,Karton,Chiller,1,54,2,-1.0,Expired
	Nugget Tempe,Produk Protein,Polimer,Freezer,1,20,,-2.0,EXPIRED
Sosis Frozen,Produk Protein,Plastik,Freezer,0,137,0,137.0,Fresh
Yogurt Plain,Produk Olahan Susu,Plastik,Chiller,1,21,1,4.0,Warning
Nugget Sapi,Produk Protein,Plastik,Freezer,0,133,0,133.0,Fresh
Susu Kedelai,Produk Olahan Susu,Karton,Chiller,0,104 hari,0,104.0,Fresh
KEJU CREAM CHEESE,dairy,,Chiller,0,57,0,57.0,Fresh
Nugget Udang,Produk Protein,Plastik,Freezer,1,74,3,0.0,Expired
Sereal Oat,Produk Kering,Karton,Outside,0,217,0,217.0,Fresh
Nugget Sapi,Produk Protein,Plastik,Freezer,1,169,3,0.0,Expired
Yogurt Mangga,Produk Olahan Susu,Plastic,Chiller,0,,0,25.0,Fresh
Sarden Cabai,Produk Kaleng,Kaleng,Outside,0,1028,0,1028.0,Fresh
Susu Kental Manis Putih,Produk Olahan Susu,Kaleng,Chiller,0,292,0,292.0,Fresh
Jagung Manis Kaleng,Produk Kaleng,Kaleng,Chiller,1,437,3,0.0,Dead
Teh Botol,beverage,Botol Kaca,Outside,,288,7,-4.0,Expired
Susu Kental Manis Coklat,Produk Olahan Susu,Kaleng,kulkas,0,596,0,596.0,Fresh
Susu Pasteurisasi,Prod. Susu,plastic,Chiller,0,9,0,9.0,
Biskuit Digestive,Produk Kering,Plastik,Outside,1,165,2,12.0,Fresh
Teh Tarik,Produk Minuman,Karton,Refrigerator,1,75,1,0.0,kadaluarsa
  Susu Kedelai  ,Produk Olahan Susu,KARTON,Kulkas,1,132,8,-3.0,Expired
Sereal Cornflakes,,Karton,Outside,1,75,24,6.0,Soon
Biskuit Oreo,Produk Kering,Plastik,Outside,Ya,139,9,-2.0,Expired
Sarden Cabai,Produk Kaleng,Kaleng,Outside,1,42 hari,1,1.0,Soon
Nugget Tempe,Produk Protein,Plastik,Freezer,Tidak,61 hari,0,61.0,Fresh
Minuman Isotonik,Produk Minuman,Plastik,Outside,0,143,0,143.0,Fresh
Teh Kotak Hijau,Produk Minuman,Karton,Outside,1,116,4,-3.0,kadaluarsa
Keju Cheddar,Produk Olahan Susu,Plastik,Chiller,1,91,9,5.0,Soon
Yogurt Blueberry,Prod. Susu,Plastik,Chiller,1,6,7,-4.0,Dead
Susu Kedelai,Produk Olahan Susu,KARTON,Refrigerator,1,91,1,4.0,Soon
Jagung Manis Kaleng,produk kaleng,Kaleng,Chiller,1,128,8,-5.0,Expired
Jus Jeruk,Produk Minuman,Karton,Chiller,0,52,0,52.0,Fresh
Ikan Makerel,Produk Kaleng,Kaleng,Outside,1,542,1,1.0,Soon
  Sosis Frozen  ,Produk Protein,Plastik,Freezer,0,68,0,68.0,FRESH
Rambutan Kaleng,Produk Kaleng,Kaleng,Outside,0,512,0 days,512.0,Fresh
Sereal Granola,Produk Kering,Karton,,0,265 hari,0,265.0,Fresh
Susu UHT Low Fat,Produk Olahan Susu,Karton,Chiller,0,64,0,64.0,Fresh
Sarden Minyak Zaitun,Produk Kaleng,Kaleng,Outside,1,880,1,1.0,Soon
Biskuit Marie,Produk Kering,Plastik,Outside,1,86,11,-4.0,Expired
Susu Bubuk Coklat,Produk Olahan Susu,Karton,,0,624 hari,0,624.0,Fresh
Ikan Salmon,Produk Kaleng,Kaleng,Outside,yes,530,6,-4.0,Expired
Yogurt Mangga,Produk Olahan Susu,Plastik,Chiller,0,29 hari,0,29.0,Fresh
Keju Cream Cheese,Produk Olahan Susu,Kardus,Chiller,,10000,0,29.0,Fresh
Mie Instan Goreng,Kering,Plastik,Outside,1,29,3,-3.0,Expired
Rambutan Kaleng,Produk Kaleng,Kaleng,Outside,1,683,5,-2.0,Expired
Sereal Muesli,Produk Kering,Karton,Outside,1,81,19,11.0,Fresh
Buah Cocktail,,Tin,Outside,0,251,0,251.0,Fresh
Nugget Ayam,Produk Protein,Plastik,Freezer,0,137,0,137.0,
Jus Apel,Produk Minuman,Karton,Chiller,1,149,1,4.0,Soon
Minuman Isotonik,,Plastik,Outside,0,299,0,299.0,fresh
Biskuit Oatmeal,Produk Kering,Plastik,Outside,0,105,0,105.0,Fresh
Jus Apel,Produk Minuman,Karton,Chiller,1,168,9,-4.0,Expired
Susu Evaporasi,Produk Olahan Susu,Kaleng,Chiller,0,371,0,371.0,Fresh
Susu Kental Manis Coklat,Produk Olahan Susu,Kaleng,Chiller,1,192,3,11.0,Fresh
Susu Evaporasi,Prod. Susu,Kaleng,Chiller,1,10000,4,3.0,Soon
Yogurt Mangga,Produk Olahan Susu,Plastik,Chiller,1,12,8,-5.0,Expired
Minuman Energi,Produk Minuman,Tin Can,Outside,1,349,1,0.0,Expired
 Susu Bubuk Coklat,Produk Olahan Susu,Karton,Outside,1,149,9,21.0,Fresh
Cola Original,Produk Minuman,,Outside,1,38,2,-1.0,Expired
Keju Edam,,Plastik,Chiller,1,101,19,2.0,Soon
Sereal Muesli,Produk Kering,Karton,Outside,1,221,8,22.0,Fresh
Susu UHT Full Cream,Produk Olahan Susu,carton,Chiller,1,175,5,2.0,Soon
Sosis Sapi,Produk Protein,Plastik,Chiller,1,42,9,-4.0,basi
Minuman Isotonik,Produk Minuman,Plastik,Outside,1,59,1,0.0,Expired
Jus Nanas,Beverage,Karton,Chiller,1,145,3,2.0,Soon
Air Soda,Produk Minuman,plastik,suhu ruangan,1,339,4,-3.0,Expired
Rambutan Kaleng,Produk Kaleng,Kaleng,,0,532,0,532.0,Fresh
Leci dalam Sirup,Produk Kaleng,Kaleng,Outside,1,312,5,-2.0,Expired
Rambutan Kaleng,Produk Kaleng,Kaleng,Outside,1,107,8,-5.0,Expired
	Teh Botol,Produk Minuman,Botol Kaca,Outside,0,108,0,108.0,Fresh
Soda Lemon,Produk Minuman,Kaleng,Outside,1,338,1,0.0,Expired
  Nugget Udang  ,Produk Protein,Plastik,Freezer,1,4,8 days,-5.0,
Sosis Ikan,Produk Protein,Plastik,Chiller,0,,0,42.0,Fresh
Jus Sirsak,Produk Minuman,,Chiller,0,93,0,93.0,Fresh
Rambutan Kaleng,Kaleng,Kaleng,Outside,0,370,0,370.0,Fresh
Biskuit Mentega,Dry Food,Tin,,1,68,9,5.0,Soon
Yogurt Kefir,produk olahan susu,Botol Kaca,Kulkas,1,6,8,-5.0,Expired
Ikan Tuna,Produk Kaleng,Kaleng,Outside,1,931,4,,Expired
Sosis Ikan,,Plastik,Chiller,1,13,1,2.0,Soon
Sosis Ayam,Protin,plastic,chiller,0,12,0,12.0,Fresh
Susu Bubuk Coklat,Produk Olahan Susu,Karton,Outside,0,,0,603.0,Fresh
NUGGET SAPI,,Plastik,Freezer,,118,0,118.0,Fresh
Sosis Bebek,Produk Protein,Plastik,kulkas,Tidak,41,0,41.0,Fresh
Biskuit Digestive,Dry Food,Plastic,Luar,1,277,18,-4.0,Expired
Sereal Coklat,Produk Kering,Karton,suhu ruangan,1,249,16,5.0,Soon
Susu Kental Manis Coklat,Produk Olahan Susu,Kaleng,Chiller,1,137,2,12.0,Fresh
Biskuit Oatmeal,Produk Kering,Plastik,,1,44,9,-2.0,Expired
Teh Kotak Jasmine,Produk Minuman,Karton,outside,Yes,64,5,-4.0,
  Ikan Tuna  ,,Kaleng,Room Temp,1,872,6,-4.0,Expired
Soda Jeruk,Prod. Minuman,Kaleng,Outside,1,141,3,-2.0,Expired
Nugget Sapi,Produk Protein,PLASTIK,Freezer,0,14,0,14.0,Fresh
Teh Tarik,Produk Minuman,carton,Chiller,1,125,2,-1.0,Expired
Jus Anggur,,Botol Kaca,fridge,1,170,2,3.0,Warning
Ikan Makerel,Produk Kaleng,Kaleng,Outside,1,290,7,-5.0,Expired
Rambutan Kaleng,Produk Kaleng,Kaleng,Outside,0,600,0,600.0,Fresh
Jus Nanas,Produk Minuman,Karton,Chiller,0,21,0,21.0,Fresh
Jus Mangga,produk minuman,Karton,Chiller,0,113,0,113.0,Fresh
Susu UHT Vanila,Olahan Susu,Karton,fridge,1,,6,-5.0,Expired
Nugget Tempe,Produk Protein,Plastik,Freezer,false,9,0,9.0,Fresh
	Keju Cheddar,Produk Olahan Susu,Plastik,fridge,0,77,0,77.0,Fresh
Biskuit Oatmeal,Produk Kering,Plastik,OUTSIDE,1,8,12,-5.0,Expired
Mie Instan Ayam,,Plastik,Outside,Tidak,147 hari,0,147.0,Fresh
Keju Cream Cheese,Olahan Susu,Karton,Chiller,0,47,,,Fresh
Yogurt Plain,Produk Olahan Susu,Plastik,Refrigerator,0,13,0,13.0,Fresh
SOSIS FRANKFURTER,Produk Protein,Plastik,Chiller,1,49,4,3.0,Soon
Susu Kental Manis Putih,,Kaleng,Chiller,0,710 hari,0,710.0,Fresh
Cola Original,Produk Minuman,Kaleng,Outside,1,176,5,-4.0,Expired
Biskuit Wafer,Produk Kering,Plastik,Outside,1,150,8,-3.0,Expired
Teh Tarik,produk minuman,Karton,Chiller,1,228,6,-5.0,Expired
Susu Almond,Produk Olahan Susu,Karton,Chiller,1,120,9,-4.0,Expired
Mangga Kaleng,Produk Kaleng,Kaleng,Outside,1,625,4,-1.0,Expired
Yogurt Kefir,Produk Olahan Susu,Botol Kaca,Chiller,0,14,0,14.0,Fresh
Teh Kotak Jasmine,Produk Minuman,Karton,Outside,1,43,3,9999.0,Expired
Yogurt Stroberi,Produk Olahan Susu,Plastik,Chiller,0,1,0,1.0,Soon
Mie Instan Ayam,Produk Kering,Plastik,,0,167,0,167.0,Fresh
Susu Kental Manis Coklat,Produk Olahan Susu,Kaleng,,1,373,17,-3.0,Expired
Biskuit Digestive,Produk Kering,Plastik,Outside,1,338,18,-4.0,Expired
Air Mineral,beverage,Plastik,Outside,,107,0,107.0,Fresh
Sereal Oat,Produk Kering,Karton,Outside,0,64,0,64.0,Fresh
Teh Kotak Jasmine,Produk Minuman,Karton,room temp,0,218,0,218.0,Fresh
Yogurt Stroberi,Produk Olahan Susu,Plastik,Chiller,0,16,0,16.0,Fresh
Biskuit Wafer,Produk Kering,Plastik,Outside,0,107,0,107.0,Fresh
Nanas Kaleng,PRODUK KALENG,Kaleng,Outside,1,660,3,0.0,Expired
Sereal Oat,Produk Kering,Karton,Outside,1,,,-4.0,Dead
Teh Kotak Hijau,Produk Minuman,Karton,Outside,0,250,0,250.0,Fresh
Minuman Energi,Produk Minuman,Tin,OUTSIDE,1,304,1,0.0,Expired
Cola Original,Produk Minuman,Kaleng,Outside,1,169,1,0.0,Expired
Rambutan Kaleng,Prod. Kaleng,Kaleng,Outside,0,332,0,332.0,Fresh
Keju Cream Cheese,Produk Olahan Susu,Karton,Chiller,0,1,0,1.0,Soon
Biskuit Mentega,Produk Kering,Kaleng,Outside,1,182,8,6.0,Soon
Susu Kedelai,Produk Olahan Susu,Karton,Chiller,1,244,8,-3.0,Expired
Teh Kotak Jasmine,Produk Minuman,,Outside,0,74,0,74.0,Fresh
Susu Evaporasi,Produk Olahan Susu,Kaleng,,1,658,5,2.0,Soon
Sereal Oat,Produk Kering,Karton,,1,93,11,19.0,Fresh
Sosis Frozen,Produk Protein,Plastik,Freezer,1,102 hari,4,-1.0,Expired
Sosis Bebek,Produk Protein,Plastik,Dingin,0,84,0,84.0,Fresh
Leci dalam Sirup,Produk Kaleng,Kaleng,Outside,1,328,6,-3.0,Expired
Sereal Oat,Produk Kering,Karton,Outside,1,315,12,18.0,Fresh
Susu Kental Manis Coklat,Produk Olahan Susu,Kaleng,Chiller,0,301,0,301.0,Fresh
Rambutan Kaleng,canned,Kaleng,Outside,0,712,0,712.0,Fresh
Susu Kental Manis Putih,Produk Olahan Susu,Kaleng,Chiller,0,309,0,309.0,Fresh
Susu UHT Vanila,Produk Olahan Susu,Karton,Chiller,true,24,1,0.0,Basi
Susu UHT Full Cream,Produk Olahan Susu,Karton,Chiller,0,118,,118.0,Fresh
Biskuit Mentega,Produk Kering,Kaleng,,0,,0,211.0,Fresh
Jus Apel,Produk Minuman,Karton,Chiller,1,89,,-2.0,Expired
Nugget Ikan,Produk Protein,Plastik,Freezer,1,35,8,-5.0,Expired
Susu Kental Manis Coklat,Produk Olahan Susu,Kaleng,Chiller,0,696,0,696.0,Segar
Teh Botol,Produk Minuman,Botol Kaca,Outside,0,139,0,139.0,Fresh
Buah Cocktail,Produk Kaleng,,Outside,1,281,1,2.0,Soon
Susu Evaporasi,Produk Olahan Susu,Kaleng,Chiller,0,607,0,607.0,Fresh
Susu Evaporasi,Produk Olahan Susu,Kaleng,Kulkas,0,257,0,257.0,
SUSU KEDELAI,Produk Olahan Susu,Karton,Chiller,1,128,1,4.0,Soon
Susu Kental Manis Putih,Produk Olahan Susu,Kaleng,kulkas,1,672,13,1.0,Soon
Susu UHT Low Fat,,Karton,Chiller,1,31,4,1.0,Soon
BISKUIT OREO,Produk Kering,Plastik,Outside,0,9999,0,153.0,Fresh
Nugget Ayam,Produk Protein,Plastik,Freezer,0,102 hari,0,102.0,Fresh
Teh Kotak Jasmine,Produk Minuman,Karton,outside,0,311,0,311.0,Fresh
Keju Cheddar,Produk Olahan Susu,Plastik,Chiller,1,169,16,-2.0,expired
Teh Kotak Jasmine,Produk Minuman,Karton,Outside,1,34,3,-2.0,Expired
Yogurt Blueberry,Produk Olahan Susu,Plastik,refrigerator,1,6,3,0.0,Expired
Sereal Muesli,Produk Kering,Karton,Outside,0,79,0,79.0,Fresh
Susu UHT Full Cream,Produk Olahan Susu,Karton,Chiller,1,,12 days,-5.0,Expired
Jus Jeruk,Produk Minuman,Karton,Chiller,0,1,0,1.0,Segera
Jus Jambu,Produk Minuman,Karton,Chiller,1,22,5,-2.0,Expired
Sereal Coklat,PRODUK KERING,Karton,Outside,0,104,0,104.0,OK
Minuman Energi,Produk Minuman,Kaleng,Outside,1,40,2,-1.0,Expired
susu kedelai,Produk Olahan Susu,,Chiller,0,52,0,52.0,Fresh
Sosis Bebek,Produk Protein,Plastik,,1,88 hari,8,-1.0,Expired
Jus Jeruk,Produk Minuman,Karton,Chiller,1,54,2,3.0,Soon
Biskuit Oatmeal,Produk Kering,Plastik,Outside,0,153,0,153.0,Fresh
Susu Kental Manis Putih,Produk Olahan Susu,Kaleng,CHILLER,1,,12,2.0,Soon
Susu Evaporasi,Produk Olahan Susu,Kaleng,Chiller,1,354,7,0.0,Expired
Yogurt Greek,Produk Olahan Susu,Polimer,Chiller,0,11,,11.0,ok
Leci dalam Sirup,Produk Kaleng,Kaleng,Outside,yes,24,6,-3.0,Expired
  Susu UHT Coklat  ,Prod. Susu,karton ,Chiller,1,,6,-5.0,Expired
Mie Instan Soto,Produk Kering,Plastik,Outside,0,203,0,203.0,Fresh
Sosis Bebek,,Plastik,Chiller,1,44,9,-2.0,Expired
Keju Edam,Produk Olahan Susu,PLASTIK,Chiller,0,93,0,93.0,Fresh
Susu Bubuk Skim,Produk Olahan Susu,Karton,Outside,1,9,4,9.0,
 Susu UHT Full Cream,Produk Olahan Susu,Karton,Chiller,1,47,1,6.0,Soon
Sereal Granola,Prod. Kering,Karton,Outside,0,15,0,15.0,Fresh
Yogurt Blueberry,Produk Olahan Susu,Plastik,Chiller,0,18,0,18.0,Fresh
Jus Anggur,Produk Minuman,Botol Kaca,Chiller,1,75,1,4.0,warning
Yogurt Blueberry,Produk Olahan Susu,Plastik,Chiller,1,3,1,2.0,Soon
Ikan Tuna,Produk Kaleng,kaleng,Outside,0,539,0 days,539.0,FRESH
Teh Tarik,Produk Minuman,Karton,Chiller,0,113,0,113.0,segar
Mie Instan Goreng,Produk Kering,Plastik,,1,206,1,-1.0,Expired
Nanas Kaleng,Produk Kaleng,Kaleng,OUTSIDE,1,524,8,-5.0,Expired
Susu Bubuk Skim,produk olahan susu,Karton,Outside,1,310,13,17.0,Fresh
Teh Kotak Hijau,Produk Minuman,Karton,Outside,0,11,0,11.0,segar
Yogurt Stroberi,Produk Olahan Susu,Plastik,Chiller,0,8,0,8.0,Fresh
Jus Mangga,Produk Minuman,Karton,Chiller,0,5,0,5.0,Soon
Minuman Energi,Produk Minuman,Kaleng,Outside,0,76,0,76.0,Fresh
  Sereal Oat  ,Produk Kering,KARTON,Outside,1,167,9,21.0,FRESH
Jus Jeruk,Produk Minuman,Karton,Chiller,1,154,7,-2.0,Expired
Minuman Isotonik,Produk Minuman,Plastik,outside,0,295,0,295.0,FRESH
Rambutan Kaleng,Produk Kaleng,tin,Outside,0,252,0,252.0,Fresh
Keju Edam,Dairy,Plastik,Dingin,1,80,11,10.0,Fresh
Mie Instan Soto,Produk Kering,Plastik,Outside,1,193,5,-5.0,Expired
Yogurt Minum Probiotik,Dairy,Botol Kaca,Chiller,1,2,2,1.0,Soon
Yogurt Mangga,Produk Olahan Susu,Plastik,Chiller,0,16,0,16.0,Fresh
Biskuit Sandwich,Produk Kering,Plastik,Outside,1,23,1,4.0,Warning
Keju Cream Cheese,Produk Olahan Susu,Karton,Chiller,,9,0,9.0,Fresh
Sosis Sapi,,Plastik,Chiller,1,52,6,-999.0,Expired
Keju Cream Cheese,Produk Olahan Susu,Karton,Chiller,0,3,0,3.0,Soon
Persik Kaleng,Canned,Tin,Outside,0,364,0 days,364.0,ok
Soda Jeruk,Produk Minuman,Kaleng,Outside,,216,1,0.0,Expired
Ikan Salmon,Produk Kaleng,Kaleng,Outside,1,75,5,-3.0,Expired
Sosis Ikan,Produk Protein,Plastik,Chiller,1,11,6,-3.0,Kadaluarsa
Biskuit Oatmeal,Produk Kering,Plastik,suhu ruangan,1,9999,2,5.0,Soon
Soda Jeruk,Produk Minuman,Kaleng,Outside,,350,4,-3.0,Expired
Susu UHT Coklat,,Karton,Chiller,0,115,0,115.0,Fresh
Susu Almond,Produk Olahan Susu,Karton,Chiller,1,9999,8,-3.0,Expired
nugget ikan,Produk Protein,Plastik,Freezer,1,139,3 days,0.0,Expired
Susu Bubuk Skim,Produk Olahan Susu,Carton,suhu ruangan,1,695,9,21.0,Fresh
Soda Lemon,Produk Minuman,Kaleng,Outside,1,99,5,-4.0,Expired
Sosis Frankfurter,Produk Protein,Plastik,Chiller,0,51,0,51.0,Fresh
Air Soda,Produk Minuman,Plastik,Outside,0,338,0,338.0,Fresh
Susu Bubuk Full Cream,Produk Olahan Susu,Karton,Outside,1,563,9,21.0,Fresh
Sereal Granola,Produk Kering,Karton,Outside,1,73,17,13.0,Fresh
Minuman Isotonik,Produk Minuman,Plastik,Outside,0,82,0,,Fresh
Biskuit Wafer,Produk Kering,Plastik,Outside,0,76,0,76.0,Fresh
Yogurt Minum Probiotik,Produk Olahan Susu,Botol Kaca,Chiller,1,13 hari,8,-5.0,Expired
Biskuit Mentega,Produk Kering,tin,Outside,1,294,11,3.0,Soon
Keju Mozzarella,Produk Olahan Susu,Plastik,Chiller,1,25,5,2.0,Soon
Susu Bubuk Bayi,Produk Olahan Susu,Karton,Suhu Ruangan,1,297,21,9.0,Fresh
Yogurt Plain,Produk Olahan Susu,Plastik,Dingin,1,18,9 days,,Expired
Leci dalam Sirup,Produk Kaleng,Kaleng,Outside,1,349,6,-3.0,Expired
Jus Jambu,Produk Minuman,Karton,Chiller,0,18,0,18.0,Fresh
Jus Nanas,Produk Minuman,Karton,Chiller,0,96,0,96.0,Fresh
Minuman Energi,Produk Minuman,Kaleng,Outside,1,157,6,-5.0,Expired
Susu UHT Vanila,Produk Olahan Susu,Carton,Chiller,0,268,0,268.0,Fresh
Biskuit Marie,Produk Kering,Plastik,Outside,0,132,0,132.0,Fresh
Teh Lemon,Produk Minuman,Karton,Outside,,53,0,53.0,fresh
Sosis Bebek,Produk Protein,Plastik,Chiller,1,72,10,-3.0,Expired
Yogurt Mangga,Produk Olahan Susu,Plastik,Chiller,0,22,0,22.0,Fresh
Sosis Sapi,Produk Protein,Plastik,CHILLER,1,57,1,4.0,Soon
Susu Bubuk Skim,Produk Olahan Susu,Karton,Outside,0,693,0,693.0,Fresh
Susu Almond,Prod. Susu,Karton,Dingin,0,219,0,219.0,Fresh
Biskuit Oatmeal,Produk Kering,Plastik,Outside,0,134,0,134.0,Fresh
Teh Botol,Produk Minuman,Botol Kaca,Outside,0,22,0,22.0,Fresh
Sereal Oat,Produk Kering,Karton,Outside,,227,0,227.0,Fresh
Jus Apel,Produk Minuman,Karton,Chiller,0,44,0,,Fresh
Biskuit Marie,Produk Kering,Plastik,Suhu Ruangan,0,10,0 days,10.0,Fresh
Jus Anggur,Produk Minuman,,Chiller,1,359,4,1.0,Soon
Sosis Frankfurter,Produk Protein,plastic,Chiller,1,,8,-1.0,Expired
sosis ayam,Produk Protein,Plastik,Chiller,1,17,9,-4.0,Expired
 Yogurt Plain,Produk Olahan Susu,Plastik,Chiller,0,5,0,5.0,Soon
Teh Botol,,Botol Kaca,Outside,1,282,5,-2.0,Expired
Sosis Ikan,Produk Protein,Plastik,Chiller,,9,0,-50.0,FRESH
Keju Mozzarella,Produk Olahan Susu,Plastik,Chiller,0,37 hari,0,37.0,Fresh
Sereal Cornflakes,Produk Kering,Karton,Luar,0,308,0,308.0,Fresh
Nugget Ayam,Produk Protein,Plastik,Freezer,1,83,,-5.0,Expired
Buah Cocktail,canned,Kaleng,Outside,1,,4,-1.0,Expired
Sosis Sapi,Produk Protein,Plastik,Chiller,0,44,0,44.0,
Sereal Granola,Produk Kering,Karton,Outside,1,148,32,-2.0,Expired
Jus Nanas,Produk Minuman,Karton,Chiller,0,129,0,129.0,Fresh
Yogurt Plain,Produk Olahan Susu,Plastik,Chiller,0,29,0,29.0,Fresh
Sereal Muesli,Produk Kering,Karton,Outside,1,259,8,22.0,Fresh
Sereal Coklat,Kering,Karton,Outside,0,342,0,342.0,Fresh
Biskuit Digestive,Produk Kering,Plastik,outside,1,,13,1.0,Soon
Soda Jeruk,Produk Minuman,KALENG,Outside,1,202,1,0.0,Expired
Keju Mozzarella,Produk Olahan Susu,Plastik,Chiller,0,46,0,46.0,Fresh
 Susu Evaporasi,dairy,Kaleng,Chiller,,578,,6.0,Soon
Jus Jeruk,Produk Minuman,Karton,Chiller,1,85 hari,7,,Expired
Teh Kotak Hijau,Produk Minuman,Karton,Outside,,188,0,188.0,Fresh
Sarden Minyak Zaitun,Produk Kaleng,Kaleng,Outside,1,764,7,-5.0,Expired
Sarden Cabai,Produk Kaleng,Kaleng,Outside,0,231,0,231.0,Fresh
Biskuit Oatmeal,Produk Kering,Plastik,room temp,0,94,0,94.0,
Jus Apel,Produk Minuman,Carton,Refrigerator,0,146,0,146.0,Fresh
Buah Cocktail,Produk Kaleng,Kaleng,Outside,1,363,6,-3.0,Expired
Kornet Sapi,Prod. Kaleng,Kaleng,Outside,1,910,1,2.0,Soon
Susu Kental Manis Putih,produk olahan susu,Kaleng,Chiller,1,358,1,13.0,Fresh
Jus Jambu,Produk Minuman,Karton,Chiller,1,76,4,-999.0,Expired
Soda Lemon,Minuman,Kaleng,Luar,0,79,0,79.0,Fresh
Jus Jambu,Produk Minuman,Carton,Chiller,no,138,0,138.0,FRESH
Keju Cheddar,Produk Olahan Susu,Plastik,Dingin,1,155,13,1.0,Soon
Teh Kotak Jasmine,Produk Minuman,carton,Outside,0,157,0,157.0,Fresh
Susu Bubuk Full Cream,Produk Olahan Susu,Karton,Outside,Tidak,466,0,466.0,Fresh
Keju Mozzarella,Produk Olahan Susu,Plastik,,1,-5,2,5.0,Soon
Jus Jambu,Produk Minuman,Karton,kulkas,0,70,0,70.0,Fresh
Mie Instan Ayam,Produk Kering,Plastik,Outside,0,61,0,61.0,Fresh
Yogurt Kefir,Produk Olahan Susu,Botol Kaca,Chiller,1,9,,-5.0,EXPIRED
  Yogurt Plain  ,Produk Olahan Susu,Plastick,Chiller,0,7,0,7.0,Soon
Biskuit Digestive,,Plastik,,1,244,13,1.0,Soon
JAGUNG MANIS KALENG,Produk Kaleng,Kaleng,Chiller,0,407,0,407.0,Fresh
Yogurt Mangga,Produk Olahan Susu,Plastik,Chiller,0,5,0,5.0,Soon
Sosis Ikan,Produk Protein,Plastik,Chiller,,15,0,15.0,Fresh
Sereal Coklat,Prod. Kering,Karton,Outside,1,242,26,-5.0,Expired
Yogurt Stroberi,produk olahan susu,Plastik,Chiller,1,6,6,-3.0,Expired
Air Mineral,Produk Minuman,plastik,Outside,0,308,0,308.0,Fresh
Kornet Ayam,Produk Kaleng,kaleng ,Outside,1,92,4,-1.0,Expired
Biskuit Digestive,Produk Kering,Plastik,Outside,1,61,13,1.0,Soon
Yogurt Mangga,Produk Olahan Susu,Plastik,Chiller,1,7,7,-4.0,Expired
Biskuit Oreo,Produk Kering,Plastik,Outside,0,63,0,63.0,Fresh
Susu UHT Stroberi,dairy,Karton,Chiller,1,245,1,0.0,Expired
Sereal Muesli,Produk Kering,Karton,outside,0,243,0,243.0,Fresh
Nanas Kaleng,Produk Kaleng,Kaleng,Outside,false,331,0,331.0,Fresh
Yogurt Stroberi,Produk Olahan Susu,Plastik,Chiller,0,28,0,28.0,Fresh
Yogurt Stroberi,Produk Olahan Susu,Plastik,Chiller,1,15,1,2.0,Soon
Nugget Sayuran,Produk Protein,Plastik,Freezer,1,37,5,-2.0,Expired
Leci dalam Sirup,Produk Kaleng,Kaleng,Suhu Ruangan,0,20,0,20.0,Fresh
Soda Jeruk,Produk Minuman,Kaleng,Outside,0,6,0,6.0,
Susu Kental Manis Putih,Produk Olahan Susu,Kaleng,Chiller,False,49 hari,0,49.0,ok
Susu UHT Vanila,Produk Olahan Susu,Karton,Chiller,1,42,2,-1.0,Expired
Nugget Ikan,Produk Protein,Plastik,Freezer,1,52,5,-2.0,Expired
Yogurt Minum Probiotik,Produk Olahan Susu,Botol Kaca,Chiller,False,18,0,18.0,fresh
Mie Instan Soto,Produk Kering,Plastik,Outside,0,253,0,253.0,Fresh
Keju Cream Cheese,Produk Olahan Susu,Karton,Chiller,0,29,0,29.0,Fresh
Biskuit Sandwich,Produk Kering,Plastic,,0,140,0,140.0,OK
susu uht low fat,Produk Olahan Susu,Karton,Chiller,0,186,0,186.0,Fresh
Nugget Sayuran,Produk Protein,Plastik,FREEZER,1,78,4,-1.0,Expired
  Mie Instan Soto  ,Produk Kering,Plastik,Outside,0,4,,4.0,Soon
Biskuit Mentega,Produk Kering,Kaleng,Outside,0,131,0,131.0,Fresh
Ikan Tuna,Produk Kaleng,,Outside,1,773,7,-5.0,Expired
Susu Pasteurisasi,Produk Olahan Susu,Plastik,Chiller,1,3,3,0.0,Expired
sereal granola,Produk Kering,Karton,Luar,0,329,0,329.0,Fresh
Nugget Sapi,Produk Protein,Plastik,Freezer,0,141,0,141.0,Fresh
Air Mineral,,plastic,Outside,1,628,6,-5.0,Expired
Air Soda,Produk Minuman,Plastik,Outside,0,182,0,182.0,Fresh
Susu Pasteurisasi,Produk Olahan Susu,Plastik,Chiller,1,4,4,-1.0,Expired
Susu Evaporasi,Produk Olahan Susu,Kaleng,Chiller,1,592,12,-5.0,Expired
Teh Lemon,Produk Minuman,KARTON,Outside,1,,5,-4.0,Expired
Jus Anggur,Produk Minuman,Botol Kaca,Kulkas,0,330,,330.0,Fresh
Biskuit Sandwich,Produk Kering,Plastik,Outside,1,96,8,-3.0,Expired
Biskuit Mentega,Produk Kering,Kaleng,Outside,0,254,0,254.0,Fresh
Susu Kental Manis Coklat,,Kaleng,Chiller,0,,0,45.0,Fresh
Susu Kental Manis Coklat,Produk Olahan Susu,Kaleng,Chiller,1,314,15,-1.0,Expired
Ikan Makerel,Produk Kaleng,Kaleng,Outside,0,272,0,272.0,Fresh
Jus Anggur,Produk Minuman,Botol Kaca,Chiller,1,120,10,-5.0,Expired
Minuman Isotonik,Produk Minuman,Plastik,Outside,0,72,0,72.0,Fresh
Nugget Ikan,Produk Protein,Plastik,Freezer,1,11,7,-4.0,Expired
Jus Jeruk,Produk Minuman,Karton,kulkas,0,120,0,120.0,Fresh
Sosis Frankfurter,Produk Protein,Plastik,Chiller,1,41,,-5.0,Expired
Yogurt Blueberry,Produk Olahan Susu,Plastik,fridge,0,11,0,11.0,Fresh
Keju Cream Cheese,Produk Olahan Susu,Karton,Chiller,1,51 hari,11,3.0,Soon
Nanas Kaleng,Produk Kaleng,Kaleng,Outside,1,567,2,1.0,Soon
Nanas Kaleng,Produk Kaleng,Kaleng,Outside,0,301,0,301.0,Fresh
Susu Almond,Produk Olahan Susu,Karton,CHILLER,1,236,3,2.0,
Susu Kedelai,Produk Olahan Susu,Karton,Chiller,,140,3,2.0,Soon
Susu Kedelai,Produk Olahan Susu,Karton,Kulkas,1,140,4,,Soon
Sereal Muesli,Produk Kering,Karton,Outside,0,106,0,106.0,Fresh
Buah Cocktail,Produk Kaleng,Kaleng,Outside,1,1,5,-2.0,
Jus Sirsak,Produk Minuman,Kardus,Chiller,0,169,0 days,169.0,Fresh
susu almond,Produk Olahan Susu,Karton,Chiller,0,256,0,256.0,Fresh
Sarden Tomat,PRODUK KALENG,Kaleng,Outside,0,17,0,17.0,Fresh
Leci dalam Sirup,Produk Kaleng,tin,Outside,1,24,5,-2.0,Expired
Sosis Bebek,Produk Protein,Plastik,CHILLER,0,67,0,67.0,
Susu Bubuk Coklat,Produk Olahan Susu,,Outside,0,295,0,295.0,Fresh
Mie Instan Soto,Produk Kering,Plastik,Outside,1,363,4,-4.0,Expired
Biskuit Wafer,Produk Kering,Plastik,Outside,1,71,1,4.0,Soon
Biskuit Crackers,Produk Kering,Plastik,Outside,0,113,0,113.0,Fresh
Susu UHT Coklat,Produk Olahan Susu,Karton,Chiller,1,180,3,-2.0,Expired
Jagung Manis Kaleng,Produk Kaleng,Kaleng,Chiller,1,537 hari,2,1.0,Soon
Sereal Coklat,Produk Kering,Karton,,0,45,0,45.0,fresh
Sereal Granola,Produk Kering,Karton,Outside,0,26,0,26.0,Fresh
Susu Kental Manis Coklat,Dairy,Kaleng,Chiller,0,191,0,191.0,Fresh
Keju Parmesan,Produk Olahan Susu,Plastik,Chiller,yes,273,18,12.0,Fresh
Rambutan Kaleng,Produk Kaleng,Kaleng,Outside,0,454,0,454.0,Fresh
Susu Kental Manis Putih,Produk Olahan Susu,,Chiller,0,29,0,29.0,Fresh
Nugget Sapi,Produk Protein,Plastik,Freezer,1,90,7,-4.0,Expired
Yogurt Minum Probiotik,,Botol Kaca,Chiller,0,14,0,14.0,Fresh
Susu UHT Full Cream,Produk Olahan Susu,Karton,Chiller,1,235,3,4.0,Soon
Teh Kotak Jasmine,beverage,Karton,Outside,0,162,0,162.0,
Sosis Frozen,Produk Protein,Plastik,Freezer,0,73,0,73.0,Fresh
Nanas Kaleng,Produk Kaleng,Kaleng,Outside,1,551,2,1.0,Soon
Keju Edam,dairy,Plastik,Chiller,0,75,0,75.0,Fresh
Sereal Cornflakes,Produk Kering,Karton,,1,110,30,0.0,kadaluarsa
Leci dalam Sirup ,Produk Kaleng,Kaleng,suhu ruangan,0,614,0 days,614.0,Fresh
Teh Botol,Produk Minuman,Botol Kaca,Outside,1,357,3,0.0,EXPIRED
Ikan Makerel,Produk Kaleng,Kaleng,Outside,0,484,0,484.0,Fresh
Nugget Udang,Produk Protein,plastik,Freezer,1,,4,-1.0,Basi
Biskuit Sandwich,Produk Kering,Plastik,Outside,1,127 hari,9,-4.0,
Sosis Ayam,Produk Protein,Plastik,Chiller,0,6,0,6.0,Warning
Kornet Ayam,Produk Kaleng,Kaleng,Outside,1,471,,0.0,Expired
Teh Lemon,Produk Minuman,Karton,Outside,0,252,0,252.0,Fresh
Cola Zero Sugar,Produk Minuman,can,Outside,0,308,0,308.0,Fresh
Leci dalam Sirup,Produk Kaleng,Kaleng,Outside,yes,274,8,-5.0,Expired
teh botol,Beverage,Botol Kaca,Outside,1,95,5,-2.0,Expired
Biskuit Wafer,Produk Kering,Plastik,Outside,No,147,0,147.0,Fresh
Buah Cocktail,Produk Kaleng,Kaleng,room temp,0,334 hari,0,334.0,Fresh
Air Mineral,Produk Minuman,Plastik,Outside,1,26,5,-4.0,Expired
Nugget Udang,produk protein,plastic,frozen,0,116,0,116.0,Fresh
Jus Mangga,Produk Minuman,Karton,Chiller,0,,0,101.0,Fresh
Jus Apel,Produk Minuman,Karton,fridge,0,133,0,133.0,Fresh
Yogurt Stroberi,Produk Olahan Susu,Plastik,Chiller,1,,4,-1.0,Expired
Jus Anggur,PRODUK MINUMAN,Botol Kaca,Chiller,0,108,0,108.0,ok
Jus Anggur,Produk Minuman,,Chiller,0,,0,272.0,Fresh
Yogurt Minum Probiotik,,botol kaca,Chiller,1,17,4,-1.0,Expired
Jus Mangga,Beverage,Karton,Kulkas,1,,4,-3.0,Expired
Jus Nanas,beverage,,Chiller,0,102,0,102.0,Fresh
Biskuit Oreo,Produk Kering,Plastik,Outside,0,162,0,162.0,Fresh
Kornet Ayam,Produk Kaleng,Kaleng,Outside,0,1038,0,1038.0,Fresh
Teh Lemon,Produk Minuman,Karton,Outside,1,246,2,-1.0,Expired
Biskuit Oatmeal,,Plastik,Outside,0,113,0,113.0,Fresh
Susu UHT Full Cream,Produk Olahan Susu,Karton,Chiller,0,66,0,66.0,Fresh
Teh Tarik,Produk Minuman,Karton,Chiller,,179,0 days,,OK
Susu Pasteurisasi,Produk Olahan Susu,Plastik,Chiller,,9,0,9.0,Fresh
Sarden Minyak Zaitun,Produk Kaleng,Kaleng,Room Temp,0,784,0,784.0,Fresh
Jus Sirsak,Produk Minuman,karton ,Chiller,1,81,2,1.0,Soon
Keju Cheddar,Dairy,plastik,Chiller,1,27,1,13.0,Fresh
Air Mineral,Produk Minuman,Plastik,Outside,1,696,3,-2.0,Expired
Nugget Sayuran,Produk Protein,Plastik,Beku,1,25,8,-5.0,Expired
Susu Evaporasi,Produk Olahan Susu,Kaleng,Chiller,0,510,0,,Fresh
Soda Lemon,Produk Minuman,Tin,Outside,1,63,2,-1.0,Expired
Teh Kotak Jasmine,Produk Minuman,Kardus,Room Temp,1,240,5,-4.0,Expired
SOSIS AYAM,Produk Protein,Plastik,,0,45,0,45.0,Fresh
Yogurt Plain,Produk Olahan Susu,Plastik,Chiller,1,15 hari,6,-1.0,Expired
Keju Edam,Produk Olahan Susu,Plastik,Chiller,0,39,0,39.0,
Yogurt Stroberi,Produk Olahan Susu,Plastik,Chiller,1,1,6 days,-3.0,Expired
Susu UHT Coklat,Produk Olahan Susu,Karton,Chiller,0,146,0,146.0,Fresh
Kornet Sapi,Produk Kaleng,Kaleng,outside,1,787,8,-5.0,Expired
Ikan Tuna,Kaleng,can,Outside,1,247,5,-3.0,Expired
Sosis Bebek,Produk Protein,Plastik,Chiller,no,85,0,,Fresh
KORNET SAPI,Kaleng,Kaleng,Luar,0,,0,483.0,Fresh
Jus Sirsak,Produk Minuman,Karton,Dingin,1,166,7,-4.0,Expired
Susu Kental Manis Putih,Produk Olahan Susu,Kaleng,Chiller,,448,0,448.0,Fresh
Biskuit Marie,Produk Kering,Plastik,Outside,0,-10,0,146.0,Fresh
Sosis Bebek,Produk Protein,Plastik,chiller,1,44,2,5.0,Hampir
Jus Jeruk,Produk Minuman,Karton,Chiller,0,96,0,96.0,Fresh
Susu Kedelai,Produk Olahan Susu,Karton,Chiller,,114,4,1.0,Soon
Teh Tarik,Produk Minuman,Karton,Chiller,1,218,4,,Expired
Jus Sirsak,Produk Minuman,Carton,Chiller,0,133,0,133.0,Fresh
Susu Kedelai,Produk Olahan Susu,Karton,Chiller,1,,9,-4.0,Expired
Yogurt Stroberi,Dairy,Plastik,Chiller,0,26 hari,0,,Fresh
Nugget Tempe,Produk Protein,Plastik,Freezer,1,61,4,-1.0,basi
Susu Bubuk Bayi,Produk Olahan Susu,Karton,,1,74,26,4.0,Soon
Nugget Sayuran,Produk Protein,Plastik,Freezer,1,81,1,2.0,Soon
Ikan Salmon,Produk Kaleng,Kaleng,Outside,0,965,0,965.0,Fresh
Kornet Sapi ,Produk Kaleng,Kaleng,Outside,1,979,5,-2.0,Expired
 Sarden Tomat,PRODUK KALENG,Kaleng,Outside,1,532,5,-3.0,Expired
Sereal Coklat,Produk Kering,Karton,Outside,false,14,0,14.0,Fresh
Biskuit Digestive,Produk Kering,Plastik,Outside,0,28,0,28.0,Fresh
Ikan Salmon,canned,Kaleng,Outside,,1060,7,-5.0,Expired
Keju Cheddar,Produk Olahan Susu,Plastic,Chiller,0,179,0,179.0,
Jus Sirsak,Produk Minuman,Karton,Chiller,1,162,8,-5.0,Expired
Jus Mangga,Produk Minuman,Karton,Chiller,0,46,0,46.0,Fresh
Air Soda,Produk Minuman,Plastik,room temp,0,,0,282.0,Fresh
Yogurt Greek,Dairy,Plastik,Refrigerator,0,18,0,18.0,Fresh
Susu Bubuk Full Cream,Produk Olahan Susu,KARTON,Outside,1,619,17,13.0,Fresh
Mie Instan Ayam,Produk Kering,Plastik,Outside,0,234,,234.0,Fresh
Sereal Muesli,Produk Kering,Karton,Outside,0,168,0,168.0,Fresh
Biskuit Oreo,Produk Kering,Plastik,Outside,0,50,0,50.0,Fresh
Biskuit Digestive,Produk Kering,Plastik,Outside,1,221,5,9.0,OK
Ikan Makerel,Produk Kaleng,Kaleng,Outside,0,974,0,974.0,Fresh
Mie Instan Goreng,Produk Kering,Polimer,Outside,0,294,0,294.0,Fresh
Yogurt Plain,Produk Olahan Susu,Plastik,Chiller,1,9,6,-1.0,Expired
Rambutan Kaleng,PRODUK KALENG,Kaleng,OUTSIDE,1,30,8,-5.0,Expired
Sereal Granola,Produk Kering,karton,Outside,0,322,0,322.0,Fresh
Susu UHT Low Fat,Produk Olahan Susu,Karton,Chiller,1,238,8,-3.0,Expired
Susu Almond,Produk Olahan Susu,Karton,Chiller,0,92,0,92.0,fresh
Persik Kaleng,Produk Kaleng,,Outside,1,190,5,-2.0,Expired
Minuman Energi,Produk Minuman,Kaleng,Outside,0,149,0,149.0,Fresh
Kornet Sapi,Produk Kaleng,Kaleng,Outside,1,257,7,-4.0,Expired
Yogurt Stroberi,dairy,,Chiller,0,22,0,22.0,Fresh
Sereal Coklat,Produk Kering,Karton,Outside,0,217,0,217.0,segar
Yogurt Kefir,,Botol Kaca,Chiller,,13,0,13.0,Fresh
Jus Sirsak,Produk Minuman,Karton,Chiller,0,33,0,33.0,Fresh
Soda Lemon,Produk Minuman,Kaleng,Outside,Tidak,275,0,275.0,Fresh
Yogurt Stroberi,Produk Olahan Susu,Plastik,Chiller,0,19,0,19.0,Fresh
Mie Instan Goreng,Produk Kering,Plastik,Outside,1,101,2,-2.0,Expired
Sereal Muesli,Produk Kering,KARTON,Outside,0,225,0,225.0,Fresh
Nugget Ayam,Produk Protein,Plastick,Freezer,1,49,3,0.0,Expired
Keju Cream Cheese,Produk Olahan Susu,Karton,Chiller,0,59,0,59.0,Fresh
NUGGET UDANG,PRODUK PROTEIN,Plastik,frozen,0,14,0,14.0,Fresh
Teh Botol,Produk Minuman,Botol Kaca,Outside,1,324,6,-3.0,Expired
SUSU KEDELAI,Produk Olahan Susu,Karton,Chiller,0,90,0,90.0,Fresh
Susu UHT Full Cream,Produk Olahan Susu,Karton,Chiller,0,195,0,195.0,Fresh
Mie Instan Ayam,Prod. Kering,Plastik,Outside,1,2,1,-1.0,Expired
Keju Edam,Produk Olahan Susu,Plastik,fridge,0,107,0,107.0,Fresh
Rambutan Kaleng,Produk Kaleng,Kaleng,Outside,0,149,0,149.0,Fresh
Susu Bubuk Full Cream,Produk Olahan Susu,Karton,Outside,1,332,8,22.0,Fresh
Yogurt Kefir,Produk Olahan Susu,Botol Kaca,Chiller,1,7,6,-3.0,Expired
Ikan Tuna,Produk Kaleng,Kaleng,Outside,1,677,5,-3.0,Expired
Sereal Oat,Produk Kering,Karton,Luar,1,48,14,16.0,Fresh
	Mie Instan Ayam,Produk Kering,Plastik,Room Temp,0,32,,32.0,
Ikan Makerel,Produk Kaleng,Kaleng,Outside,1,110,4,-2.0,Expired
Minuman Energi,Produk Minuman,Kaleng,Outside,1,340,4,-3.0,Expired
Minuman Isotonik,Produk Minuman,Plastik,Room Temp,1,35,2,-1.0,Expired
Biskuit Mentega,Produk Kering,Kaleng,Outside,0,126,0,126.0,Fresh
Sereal Granola,,Karton,Outside,1,77,6,24.0,Fresh
Susu Bubuk Bayi,Produk Olahan Susu,carton,Outside,0,210,0,210.0,Fresh
Kornet Sapi,Produk Kaleng,Kaleng,Outside,0,784,0,784.0,Fresh
Keju Mozzarella,Olahan Susu,Plastik,Chiller,no,41,0,9999.0,Fresh
Sarden Tomat,Produk Kaleng,Kaleng,Outside,0,432,0,432.0,Fresh
Cola Original,,Kaleng,,1,222,2 days,-1.0,Expired
Mie Instan Goreng,Produk Kering,Plastik,Outside,0,304,0,304.0,Fresh
Susu Kental Manis Putih,Produk Olahan Susu,Kaleng,Chiller,0,662,0,-999.0,Fresh
Nugget Ikan,Produk Protein,,,1,64 hari,7,-4.0,Expired
Keju Cheddar,Produk Olahan Susu,Plastik,Chiller,0,46,0,46.0,Fresh
Biskuit Mentega,Produk Kering,Kaleng,Outside,1,9999,10,4.0,Soon
Keju Parmesan,Produk Olahan Susu,Plastik,Chiller,0,347,0,347.0,Fresh
Soda Lemon,Produk Minuman,Kaleng,Outside,1,-5,6,9999.0,Expired
Biskuit Sandwich,Produk Kering,Plastik,Outside,1,75,9,-4.0,Expired
Nugget Ayam,,Plastik,Freezer,1,84,1,2.0,Soon
Nugget Sayuran,Produk Protein,Polimer,frzer,0,45,0,45.0,Fresh
Biskuit Wafer,Produk Kering,Plastik,Outside,Tidak,19,0,19.0,Fresh
Susu Almond,produk olahan susu,Kardus,Chiller,1,269,6,-1.0,Expired
Yogurt Minum Probiotik,Produk Olahan Susu,Botol Kaca,Chiller,1,13,8,-5.0,Expired
Teh Kotak Hijau,Produk Minuman,Karton,suhu ruangan,true,17,2,-1.0,Expired
Jus Jeruk ,Produk Minuman,Karton,Refrigerator,1,12,1,4.0,Soon
Mie Instan Ayam,Produk Kering,Plastik,Outside,0,293,0,293.0,Fresh
Nugget Ikan,Produk Protein,Plastik,Freezer,0,18,0,-999.0,Fresh
Yogurt Minum Probiotik,Produk Olahan Susu,BOTOL KACA,,0,16,0,16.0,Fresh
Biskuit Sandwich,Produk Kering,,Outside,1,135,6,-1.0,Expired
 Biskuit Sandwich,Produk Kering,plastik,Outside,,58,1,4.0,hampir
Yogurt Blueberry,Produk Olahan Susu,Plastik,Chiller,0,4,0,4.0,SOON
Teh Tarik,Produk Minuman,karton ,Chiller,1,10000,3 days,-2.0,Expired
Susu Almond,Produk Olahan Susu,Karton,Chiller,0,131,0,131.0,Fresh
Teh Tarik,Produk Minuman,Karton,Chiller,1,95,6,-5.0,Expired
Jus Sirsak ,Produk Minuman,Tetrapak,Kulkas,1,9,2,1.0,Soon
Biskuit Mentega,Produk Kering,Kaleng,room temp,0,296,0,296.0,Fresh
Susu Bubuk Coklat,Produk Olahan Susu,Karton,Outside,1,,14,16.0,Segar
Yogurt Minum Probiotik,Produk Olahan Susu,Botol Kaca,Chiller,1,13 hari,4,-1.0,Expired
Sereal Cornflakes,Produk Kering,Karton,Outside,0,227,0,,Fresh
Minuman Energi,Produk Minuman,Kaleng,Outside,0,256,0,256.0,Fresh
Cola Original,Produk Minuman,Kaleng,Outside,0,119,0,119.0,Fresh
Sereal Muesli,Produk Kering,Karton,Outside,1,,26,4.0,Soon
Yogurt Blueberry,Produk Olahan Susu,Plastik,Chiller,1,28,6,-3.0,Expired
Mangga Kaleng,Produk Kaleng,tin,Outside,0,311,0,311.0,Fresh
Ikan Makerel,Produk Kaleng,Kaleng,Outside,1,692,4,,
Nugget Sapi,Produk Protein,Plastik,Freezer,1,93,8,-5.0,Expired
Susu UHT Low Fat,Produk Olahan Susu,Karton,fridge,0,159 hari,0,159.0,Fresh
Nugget Udang,Produk Protein,Plastik,Freezer,0,48,0,48.0,Fresh
Susu Bubuk Full Cream,PRODUK OLAHAN SUSU,Karton,Room Temp,1,285 hari,12,18.0,Fresh
Biskuit Digestive,Produk Kering,Plastik,Outside,0,173,0,173.0,Fresh
Leci dalam Sirup ,,Kaleng,Outside,0,142,0,142.0,Fresh
Susu UHT Full Cream,Produk Olahan Susu,Karton,Chiller,1,138,,,Soon
Jagung Manis Kaleng,Kaleng,Kaleng,chiller,0,375,0,375.0,Fresh
Soda Lemon,Produk Minuman,Kaleng,Outside,0,327,0,327.0,Fresh
Jus Apel,Produk Minuman,Karton,Chiller,,36,0,36.0,Fresh
Sereal Coklat ,Produk Kering,Karton,room temp,1,60,16,5.0,Soon
Keju Parmesan,Produk Olahan Susu,Polimer,Chiller,1,278,3,27.0,Segar
Yogurt Stroberi,Produk Olahan Susu,Plastik,Chiller,0,3,0,3.0,Soon
Susu Evaporasi,Produk Olahan Susu,Kaleng,Chiller,No,657,0,-999.0,Fresh
SUSU UHT COKLAT,Produk Olahan Susu,Karton,,Ya,210,3,-2.0,Expired
Persik Kaleng,Produk Kaleng,Kaleng,Outside,0,179,0,179.0,Fresh
Sarden Tomat,Produk Kaleng,Kaleng,,0,888,0,888.0,Fresh
Biskuit Sandwich,Produk Kering,Plastik,Outside,1,90,5,0.0,Expired
Teh Botol,Produk Minuman,Botol Kaca,Outside,0,94,0,94.0,Fresh
Nugget Sayuran,Produk Protein,Plastik,Freezer,true,124,5,-2.0,Expired
Sarden Tomat,PRODUK KALENG,Kaleng,,1,289,1,1.0,Hampir
Susu Bubuk Bayi,Olahan Susu,Karton,Outside,1,614,,-999.0,Fresh
Nugget Tempe,,plastic,Freezer,1,9,6,-3.0,Expired
Yogurt Minum Probiotik,Produk Olahan Susu,Botol Kaca,Chiller,1,11,6,-3.0,Expired
Mie Instan Ayam,Produk Kering,Plastik,Outside,0,76,0,76.0,Fresh
Jus Mangga,Produk Minuman,Karton,Chiller,True,9999,2,-1.0,Expired
Sosis Frozen,Produk Protein,Plastik,Freezer,1,98,1,,Soon
Susu Bubuk Bayi,Produk Olahan Susu,Karton,Outside,0,321,0,321.0,Fresh
Nanas Kaleng,Produk Kaleng,Kaleng,Outside,1,152,1,2.0,Soon
Yogurt Mangga,Produk Olahan Susu,Plastik,Chiller,1,9,5,-2.0,Expired
Susu Bubuk Bayi,Produk Olahan Susu,Karton,Outside,1,294,5,25.0,Fresh
Mie Instan Soto,PRODUK KERING,Plastik,Outside,0,72,0,72.0,Fresh
Susu UHT Vanila,dairy,Karton,Chiller,0,111,0,111.0,Fresh
Nugget Tempe,Produk Protein,Plastik,Freezer,0,27,0,27.0,OK
Biskuit Oreo,PRODUK KERING,Plastik,Outside,0,37,0,37.0,
Ikan Makerel,Produk Kaleng,Kaleng,Outside,1,365,3,-1.0,expired
Jus Anggur,Produk Minuman,Botol Kaca,Chiller,1,113,8,-3.0,Expired
Sosis Frozen,Produk Protein,Plastik,Freezer,0,88,0,88.0,Fresh
Susu Kedelai,PRODUK OLAHAN SUSU,Karton,Chiller,1,60,4,1.0,Soon
Susu UHT Low Fat,Produk Olahan Susu,carton,Chiller,0,221,0 days,221.0,Fresh
Sosis Frozen,Produk Protein,Plastik,Freezer,0,89,0,,Fresh
Rambutan Kaleng,Produk Kaleng,tin,Outside,0,252,0,252.0,Fresh
SARDEN TOMAT,Produk Kaleng,Kaleng,Outside,0,,0,1042.0,Fresh
Biskuit Digestive,Produk Kering,Plastik,outside,0,92,0,92.0,Fresh
Biskuit Oreo,Produk Kering,PLASTIK,Outside,0,117,0,117.0,Fresh
Yogurt Mangga,Produk Olahan Susu,Plastik,Chiller,0,9,0,9.0,Fresh
Sereal Cornflakes,Produk Kering,Karton,Outside,1,217,3,27.0,Segar
Teh Lemon,Produk Minuman,Karton,Outside,0,92,0,92.0,Fresh
Rambutan Kaleng,Produk Kaleng,Kaleng,Outside,1,314,2,1.0,Soon
Soda Lemon,Produk Minuman,Kaleng,Outside,0,266,0,266.0,Fresh
Sarden Cabai,Produk Kaleng,Kaleng,Outside,0,632,0,632.0,Fresh
Nugget Udang,Produk Protein,Plastik,Freezer,1,134,8,-5.0,Expired
Nugget Sayuran,Produk Protein,Plastik,Freezer,0,177,0,177.0,Fresh
Kornet Sapi,Produk Kaleng,Kaleng,Outside,1,-10,1,2.0,Soon
Biskuit Marie,Produk Kering,Plastik,Room Temp,0,98,0,98.0,Fresh
Yogurt Stroberi,Produk Olahan Susu,Plastik,chiller,Ya,10,6,-3.0,Expired
Teh Lemon,Produk Minuman,Karton,Outside,0,,0,23.0,Fresh
Nugget Tempe,Produk Protein,Plastik,,0,42,0,42.0,Fresh
Yogurt Kefir,Produk Olahan Susu,Botol Kaca,Chiller,1,8,3,0.0,Expired
TEH LEMON,Produk Minuman,Karton,,1,183,1,0.0,Expired
Sarden Tomat,,Kaleng,Outside,1,9999,3,-1.0,Expired
Nanas Kaleng,Produk Kaleng,Kaleng,Outside,1,180 hari,8,-5.0,Expired
Susu UHT Coklat,Olahan Susu,Karton,Chiller,0,221,0,221.0,Fresh
Sosis Ikan,protein,Plastik,Chiller,0,37,0,37.0,Fresh
Cola Zero Sugar,Produk Minuman,,Luar,1,135,5,-4.0,Expired
Susu Kedelai,Produk Olahan Susu,Karton,Chiller,0,,,245.0,
Sereal Coklat,Produk Kering,Karton,Outside,1,99,16,5.0,Soon
Susu UHT Coklat,Produk Olahan Susu,Karton,Chiller,1,20,4,-3.0,Expired
Air Mineral,Produk Minuman,Plastik,Outside,0,175,0,175.0,Fresh
Leci dalam Sirup,Produk Kaleng,,Outside,0,19,0,19.0,FRESH
Susu UHT Full Cream,Produk Olahan Susu,Karton,,0,166,0,166.0,Fresh
Susu UHT Stroberi,Produk Olahan Susu,Karton,Chiller,Ya,26,5,-4.0,Expired
Susu UHT Stroberi,Produk Olahan Susu,Karton,Chiller,0,55,0,55.0,
Teh Botol,Produk Minuman,Botol Kaca,Outside,0,329,0,329.0,Fresh
Cola Original,Beverage,Kaleng,Outside,0,256,0,256.0,Fresh
Nugget Udang,Produk Protein,Plastik,Freezer,,161,2,1.0,Soon
TEH KOTAK HIJAU,Produk Minuman,Karton,Outside,1,102,4,-3.0,Expired
Teh Kotak Jasmine,produk minuman,Karton,room temp,0,246,0,246.0,Fresh
Yogurt Mangga,Produk Olahan Susu,Plastik,Chiller,0,30 hari,0,30.0,Fresh
Jus Jeruk,beverage,Karton,Chiller,0,,0,127.0,Fresh
Sosis Sapi,Produk Protein,Plastik,Chiller,1,33,1,,Soon
Jus Anggur,,Botol Kaca,Chiller,0,267,0,267.0,OK
Sereal Muesli,Produk Kering,Karton,,0,362,0,362.0,Fresh
Teh Lemon,Produk Minuman,Karton,Outside,0,254,0,254.0,Fresh
Nugget Udang,Produk Protein,,,,74,8,-5.0,Expired
Susu Evaporasi,Produk Olahan Susu,Kaleng,Chiller,0,564,0,564.0,Fresh
Soda Lemon,produk minuman,Kaleng,Suhu Ruangan,Yes,59,,-1.0,Expired
Buah Cocktail,Produk Kaleng,Kaleng,Outside,0,707,0,707.0,Fresh
Nugget Sayuran,Produk Protein,Plastik,Freezer,,37,2,1.0,Soon
Ikan Makerel,Kaleng,Kaleng,Outside,0,647,0,647.0,Fresh
Ikan Tuna,Produk Kaleng,kaleng ,Outside,1,649,6,-4.0,Expired
NUGGET UDANG,Produk Protein,Plastik,Freezer,1,,1,2.0,Soon
Biskuit Wafer,Produk Kering,plastik,Outside,0,178,0,178.0,Fresh
Keju Mozzarella,Produk Olahan Susu,Plastik,Kulkas,1,7,1,6.0,Soon
  Soda Jeruk  ,,Kaleng,Outside,1,353,6,-5.0,Expired
Sosis Frozen,Produk Protein,Plastik,Freezer,1,80,4,-1.0,EXPIRED
Jus Mangga,Produk Minuman,Karton,Chiller,1,101,5,,Expired
Sosis Frankfurter,Produk Protein,Plastik,Chiller,1,16,,1.0,Soon
Mie Instan Ayam,Produk Kering,,Outside,0,94,0,94.0,Fresh
Yogurt Mangga,Produk Olahan Susu,Plastik,refrigerator,1,1,6,-3.0,Expired
Teh Kotak Hijau,Produk Minuman,,Outside,1,83,2,-1.0,Expired
Jus Jambu,Produk Minuman,Karton,Chiller,1,18,4,-1.0,Expired
Yogurt Kefir,Produk Olahan Susu,Botol Kaca,,,7,0,7.0,
Keju Mozzarella,Produk Olahan Susu,Plastik,Chiller,0,20,,20.0,Fresh
	Yogurt Stroberi,Produk Olahan Susu,Plastik,Chiller,1,19,3,0.0,Expired
Sereal Granola,Produk Kering,Karton,Outside,1,155,26,4.0,hampir
Teh Lemon,Produk Minuman,Karton,Outside,0,330,0,,Fresh
Yogurt Greek,Olahan Susu,Plastik,Chiller,1,11,3,2.0,Soon
Susu UHT Stroberi,Produk Olahan Susu,Karton,Chiller,0,123,0,123.0,Fresh
Minuman Energi,,Kaleng,Outside,0,268,0,268.0,Fresh
Yogurt Stroberi,Dairy,plastik,Chiller,0,11,0,11.0,Fresh
Sereal Muesli,Produk Kering,Karton,Outside,0,86,0,86.0,
 Yogurt Greek,Produk Olahan Susu,Plastik,Chiller,0,8,0,8.0,Fresh
Nugget Ikan,Produk Protein,Plastik,FREEZER,0,8,0,8.0,Fresh
Biskuit Digestive,Produk Kering,Plastik,Outside,0,332,0,332.0,Fresh
Ikan Tuna,Produk Kaleng,,Outside,0,10000,0 days,1028.0,Fresh
Sereal Granola,Produk Kering,Karton,Outside,1,121,31,-1.0,EXPIRED
Soda Jeruk,,Kaleng,Outside,1,164,5,-4.0,Expired
Susu Kental Manis Coklat,Prod. Susu,Kaleng,Chiller,1,280,4,10.0,Fresh
Sereal Granola,Produk Kering,karton,Outside,1,94,26,4.0,Soon
Minuman Energi,produk minuman,Kaleng,Outside,1,180,5,-4.0,Expired
Sereal Granola,Produk Kering,Karton,Outside,1,233,32,-2.0,Expired
Susu Bubuk Bayi,Produk Olahan Susu,Karton,Outside,1,106,22,8.0,Fresh
Minuman Energi,Produk Minuman,Kaleng,Outside,1,314,1,0.0,Expired
Jus Jeruk,Produk Minuman,karton ,Refrigerator,0,103,0,103.0,Fresh
Kornet Ayam,Produk Kaleng,Kaleng,Outside,0,167,0,167.0,Segar
Susu Kental Manis Putih,Produk Olahan Susu,Kaleng,fridge,,80,0,80.0,Fresh
Teh Tarik,Produk Minuman,Karton,Chiller,1,133,5,-4.0,Expired
Keju Cream Cheese,Produk Olahan Susu,Karton,Chiller,1,32,11,3.0,Hampir
Susu UHT Low Fat,,Karton,,1,56,1,4.0,Soon
Biskuit Digestive,Produk Kering,Plastik,,0,148,0,148.0,Fresh
Susu Pasteurisasi,Produk Olahan Susu,Plastik,Chiller,1,2,7,-4.0,
Teh Kotak Hijau,Produk Minuman,Karton,Outside,,97,0,97.0,Fresh
Sosis Bebek,Protein,Plastic,Chiller,1,24,12,-5.0,Expired
Kornet Sapi,Produk Kaleng,Kaleng,Outside,0,54,0,54.0,Fresh
Susu Bubuk Skim,Produk Olahan Susu,Karton,Outside,1,23,26,4.0,Soon
Jus Jeruk,Produk Minuman,Karton,Chiller,True,170,10,-5.0,Kadaluarsa
Mie Instan Goreng,Produk Kering,Plastik,Outside,0,,0,,Fresh
Soda Lemon,Produk Minuman,Kaleng,Suhu Ruangan,0,-5,0 days,108.0,Fresh
Susu Bubuk Coklat,Produk Olahan Susu,KARTON,Outside,1,321,17,13.0,Fresh
Sosis Frankfurter,Produk Protein,Plastik,Chiller,false,59 hari,0,59.0,Fresh
Sarden Tomat,Produk Kaleng,Kaleng,Outside,1,561,4,-2.0,Expired
Nugget Ayam,Produk Protein,Plastik,Freezer,1,180,7,-4.0,Expired
Persik Kaleng ,Produk Kaleng,Kaleng,Outside,0,225,0 days,225.0,
Air Soda,,Plastick,Outside,No,71,,71.0,
Nugget Sayuran,Produk Protein,Plastik,Freezer,0,72,0,72.0,Fresh
Sosis Ayam,Produk Protein,Plastik,Chiller,0,27 hari,0,27.0,Fresh
Biskuit Marie,Produk Kering,Plastik,Outside,0,152,0,152.0,Fresh
Air Soda,beverage,Plastik,Outside,0,187,0,187.0,Fresh
Teh Tarik,Produk Minuman,Karton,Chiller,1,65,6,-5.0,Expired
Jus Mangga,Prod. Minuman,,Chiller,0,171,0,171.0,
  Susu UHT Stroberi  ,Produk Olahan Susu,Karton,Chiller,0,233,0,233.0,Segar
Minuman Energi,Minuman,Can,Outside,1,364,3,-2.0,Expired
Jagung Manis Kaleng,Produk Kaleng,Kaleng,Chiller,0,395,0,395.0,Fresh
Sosis Sapi,Produk Protein,Plastick,,0,12 hari,0,12.0,Fresh
Yogurt Minum Probiotik,Produk Olahan Susu,Botol Kaca,Chiller,0,6,0,6.0,Soon
SARDEN TOMAT,Produk Kaleng,Kaleng,Room Temp,True,362,5,-3.0,Expired
Biskuit Crackers,Produk Kering,Plastik,Outside,0,123,0,123.0,Fresh
Jus Sirsak,Produk Minuman,Karton,Chiller,0,141,0,141.0,Fresh
Sereal Cornflakes,Produk Kering,carton,Outside,0,274,0,274.0,Fresh
Buah Cocktail,Produk Kaleng,Kaleng,Outside,0,488,0,488.0,
Ikan Tuna,Produk Kaleng,kaleng ,Outside,0,574,0,574.0,segar
Soda Jeruk,Produk Minuman,Kaleng,Outside,yes,301,4,-3.0,Expired
Teh Lemon,Produk Minuman,Karton,Outside,1,76,3,-2.0,Expired
Minuman Isotonik,Produk Minuman,Plastik,Outside,1,12,2,-1.0,
Susu UHT Vanila,Produk Olahan Susu,karton,Chiller,0,214,0,214.0,Fresh
Sosis Ayam,Produk Protein,Plastik,Chiller,1,54,2,3.0,
Susu Almond,Produk Olahan Susu,Karton,Chiller,0,12,0 days,12.0,Fresh
Susu Bubuk Skim,Produk Olahan Susu,Karton,Outside,1,580,12,18.0,Fresh
Teh Tarik,Produk Minuman,Tetrapak,Chiller,1,76,4,-3.0,Expired
Nugget Tempe,Produk Protein,Plastik,Freezer,0,80,0,80.0,Fresh
Sosis Frankfurter,,Plastik,Chiller,0,62,0,62.0,Fresh
Yogurt Mangga,Produk Olahan Susu,Plastik,Chiller,0,6,0,,Soon
Biskuit Sandwich,Produk Kering,Plastik,Outside,1,50,8,-3.0,Expired
Yogurt Blueberry,Produk Olahan Susu,Plastik,Chiller,1,26,7,-4.0,Expired
Sereal Oat,Produk Kering,Karton,Outside,1,238,15,15.0,Fresh
Susu Bubuk Coklat,Produk Olahan Susu,Karton,Outside,no,630,0,630.0,Fresh
Jus Sirsak,Prod. Minuman,Karton,Chiller,0,138,0,138.0,Fresh
Ikan Makerel,Produk Kaleng,Tin Can,Outside,0,1039,0,1039.0,Fresh
Ikan Makerel,Produk Kaleng,Kaleng,Outside,1,-10,2 days,0.0,Expired
Biskuit Marie,Produk Kering,Plastik,Outside,0,71,0,71.0,Fresh
Sarden Tomat,Produk Kaleng,Kaleng,Outside,0,911,0,911.0,Fresh
Sosis Sapi,Produk Protein,Plastik,Chiller,,24,4,,
Yogurt Blueberry,Produk Olahan Susu,Plastik,Chiller,False,27,0,27.0,Fresh
Susu Kedelai,Produk Olahan Susu,Karton,Chiller,1,2,4,1.0,Soon
Yogurt Plain,PRODUK OLAHAN SUSU,Plastik,Chiller,1,3,10,-5.0,Expired
Nanas Kaleng,Produk Kaleng,Kaleng,Outside,0,470,0,,Fresh
Ikan Makerel,Produk Kaleng,Kaleng,,,631,0,631.0,
Yogurt Kefir,Produk Olahan Susu,Botol Kaca,Chiller,0,1,0,1.0,Soon
Cola Original,Produk Minuman,,Outside,,349,0,349.0,FRESH
Keju Cream Cheese,Produk Olahan Susu,Karton,,0,6,0,6.0,hampir
Minuman Isotonik,Produk Minuman,Plastik,Outside,1,142,1,0.0,Expired
Keju Edam,Produk Olahan Susu,,Chiller,1,51,24,-3.0,Expired
Leci dalam Sirup,Produk Kaleng,Kaleng,Outside,yes,488,1,9999.0,Soon
Keju Cream Cheese,Produk Olahan Susu,Karton,Chiller,0,31,0,31.0,Fresh
Teh Tarik,Produk Minuman,Tetrapak,Chiller,0,,0,45.0,Fresh
Yogurt Stroberi,Produk Olahan Susu,Plastik,Chiller,1,26,2,1.0,Soon
Susu Evaporasi,Produk Olahan Susu,Tin,Chiller,0,461,0,461.0,Fresh
Soda Lemon,Prod. Minuman,Kaleng,Outside,0,250 hari,0,250.0,Fresh
Kornet Ayam,Produk Kaleng,Kaleng,Luar,1,1047,6,-3.0,Expired
	Susu Bubuk Coklat,Produk Olahan Susu,Karton,Outside,Tidak,286,0,286.0,ok
Mangga Kaleng,Canned,Kaleng,Outside,1,589,6,-3.0,Basi
Sosis Frankfurter,produk protein,Plastik,Chiller,1,78,11,-4.0,Expired
Susu Kental Manis Putih,Produk Olahan Susu,,Chiller,1,633,5,9.0,Fresh
Teh Tarik,Produk Minuman,Karton,Chiller,1,72,6,-5.0,
Biskuit Sandwich,dry food,Plastik,Outside,1,177,4,1.0,Soon
Yogurt Stroberi,Produk Olahan Susu,Plastik,fridge,1,5,6,-3.0,Expired
Keju Mozzarella,Produk Olahan Susu,,Chiller,1,39,12,-5.0,Expired
Sosis Sapi,Produk Protein,Plastik,Chiller,1,13,2,3.0,Soon
Sarden Cabai,Produk Kaleng,tin,Outside,1,174,1,1.0,Soon
Sereal Coklat,Produk Kering,Karton,Outside,0,41,0,41.0,Fresh
Yogurt Blueberry,Produk Olahan Susu,Plastik,Chiller,0,2,0,2.0,Soon
Teh Botol,,Botol Kaca,room temp,1,108,7,-4.0,Expired
Sosis Bebek,PRODUK PROTEIN,Plastik,Chiller,0,19,0,19.0,segar
Sereal Coklat,Produk Kering,Karton,Outside,0,336,0,336.0,Fresh
Susu Kedelai,Produk Olahan Susu,Karton,chiller,0,71,0,71.0,Fresh
Soda Lemon,Produk Minuman,Kaleng,Outside,1,66,6,-5.0,Expired
Susu Evaporasi,,Kaleng,Chiller,1,589,2,5.0,Soon
Teh Kotak Hijau,Produk Minuman,Karton,Outside,0,264,0,264.0,OK
Mie Instan Goreng,Produk Kering,Plastik,Outside,1,129,2,-2.0,Expired
Biskuit Oreo,Produk Kering,Plastik,Outside,0,128,0,128.0,Fresh
Buah Cocktail,Produk Kaleng,Kaleng,Outside,1,176 hari,3,0.0,Expired
Susu UHT Coklat,Produk Olahan Susu,Karton,Chiller,0,224,0,224.0,Segar
Yogurt Greek,Produk Olahan Susu,Plastik,Chiller,0,6,0,6.0,Soon
Sarden Cabai,Produk Kaleng,Kaleng,suhu ruangan,,138,4,-2.0,Expired
sosis sapi,Produk Protein,Plastik,Chiller,0,43,0,43.0,Fresh
Yogurt Kefir,dairy,Botol Kaca,Chiller,1,14,8,-5.0,Basi
Susu UHT Low Fat,Produk Olahan Susu,Karton,,0,10000,,100.0,Segar
Sosis Ayam,Produk Protein,Plastik,Chiller,0,51,0,51.0,Fresh
Biskuit Sandwich,Produk Kering,,Outside,True,67,8,-3.0,Expired
Jus Apel,Produk Minuman,Karton,Dingin,1,,2,3.0,Soon
Biskuit Mentega,Produk Kering,Tin Can,Outside,1,244,10,4.0,Soon
Susu UHT Full Cream,produk olahan susu,Karton,fridge,0,162,0,162.0,Fresh
	Minuman Isotonik,Produk Minuman,Plastik,,0,90,0,90.0,Fresh
Jus Nanas ,Produk Minuman,Karton,Chiller,0,125,0,125.0,Fresh
Yogurt Blueberry,,Plastik,Chiller,0,19,0,19.0,Fresh
Nugget Sapi,Produk Protein,Plastik,Freezer,yes,83,2,1.0,Soon
Jus Nanas,Produk Minuman,Karton,Chiller,0,71,0,71.0,Fresh
Nanas Kaleng,produk kaleng,Kaleng,Outside,1,128,2,1.0,Soon
Teh Botol,Produk Minuman,Botol Kaca,Luar,1,113 hari,5,-2.0,Expired
Susu UHT Stroberi,Produk Olahan Susu,Karton,Chiller,0,53,0,53.0,Fresh
Kornet Sapi,Produk Kaleng,Kaleng,Suhu Ruangan,1,864,5,-2.0,Expired
Biskuit Mentega,Produk Kering,Kaleng,room temp,1,211,18,-4.0,Expired
Sosis Ikan,Produk Protein,,Chiller,1,35,7,-4.0,Expired
Susu UHT Vanila,Produk Olahan Susu,Karton,Chiller,1,175,2,-1.0,Expired
Susu Pasteurisasi,Produk Olahan Susu,Plastik,Chiller,0,3,0,3.0,Soon
Biskuit Oatmeal,Produk Kering,Plastik,Outside,0,79,0,79.0,Fresh
Yogurt Stroberi,Produk Olahan Susu,Plastik,chiller,0,11,0,11.0,Fresh
Sarden Tomat,Produk Kaleng,KALENG,Outside,0,858,0,858.0,Fresh
Ikan Salmon,Produk Kaleng,Kaleng,Outside,1,577,1,1.0,Soon
Yogurt Stroberi,Produk Olahan Susu,Plastik,Chiller,0,22,0,22.0,Fresh
Sarden Tomat,Canned,Kaleng,Outside,0,281,0,281.0,Fresh
Keju Parmesan,Produk Olahan Susu,Plastik,Chiller,1,72,,18.0,Fresh
Yogurt Greek,Produk Olahan Susu,Plastik,Chiller,0,11,0,11.0,Fresh
Teh Botol,Produk Minuman,Botol Kaca,Outside,1,311,5,-2.0,Expired
Jus Mangga,Produk Minuman,Karton,Chiller,0,,0,19.0,Fresh
Teh Kotak Hijau,Produk Minuman,Karton,Outside,1,195,2,-1.0,Expired
Susu Pasteurisasi,Produk Olahan Susu,Plastik,Chiller,False,13,0,13.0,
Sereal Granola,Produk Kering,Karton,Outside,0,352,0,352.0,Fresh
Nugget Tempe,Produk Protein,Plastik,Freezer,0,85,0,85.0,Fresh
Biskuit Oatmeal,Produk Kering,Polimer,Suhu Ruangan,0,26,0,,Fresh
Yogurt Plain,Produk Olahan Susu,Plastik,Chiller,1,6,6,-1.0,Expired
Soda Jeruk,,Kaleng,Outside,0,296,0,296.0,Fresh
Sarden Cabai,Produk Kaleng,Kaleng,Outside,0,42,0,42.0,Fresh
Mie Instan Ayam,Produk Kering,Plastik,Outside,1,326,4,-4.0,Expired
  Nugget Sayuran  ,produk protein,Plastik,Beku,yes,40 hari,8,-5.0,Expired
Leci dalam Sirup,PRODUK KALENG,Kaleng,Outside,0,634,0,634.0,
  Keju Cream Cheese  ,Produk Olahan Susu,Karton,Chiller,1,47,7,7.0,Soon
Teh Tarik,Produk Minuman,Karton,Chiller,0,186,0,186.0,Fresh
 Sereal Cornflakes,Produk Kering,Tetrapak,Outside,0,29,0,29.0,Fresh
Sarden Tomat,Produk Kaleng,Kaleng,Outside,1,276,6,-4.0,Expired
Sereal Coklat,Produk Kering,Karton,suhu ruangan,1,68,10,11.0,Fresh
Susu UHT Full Cream,Produk Olahan Susu,Karton,Chiller,0,153,0,153.0,
Ikan Tuna,Produk Kaleng,Kaleng,Outside,0,564,0,564.0,Fresh
Air Mineral,Produk Minuman,Plastik,Outside,0,125,0,125.0,Fresh
Susu UHT Stroberi,Produk Olahan Susu,Karton,Chiller,0,243,0 days,243.0,Fresh
Susu Evaporasi,Produk Olahan Susu,Kaleng,Chiller,0,370,0,370.0,Fresh
Nugget Sapi,Produk Protein,,beku,0,163,0,163.0,Fresh
Sereal Coklat,Produk Kering,Karton,Outside,0,109,0,109.0,Fresh
Yogurt Minum Probiotik,Produk Olahan Susu,Botol Kaca,Chiller,1,11,2,1.0,Soon
Nugget Sapi,Produk Protein,Plastik,frzer,1,91,6,-3.0,Expired
Mie Instan Goreng,Produk Kering,Polimer,Outside,1,349,5,-5.0,Expired
Persik Kaleng,canned,Kaleng,Outside,,719,0,719.0,
Nanas Kaleng,Produk Kaleng,Kaleng,Outside,1,,5,-2.0,Expired
Leci dalam Sirup,Produk Kaleng,Kaleng,Outside,0,392,0,392.0,Fresh
Sosis Ayam,Produk Protein,Plastik,Chiller,,8,0,8.0,Fresh
Mie Instan Soto,Produk Kering,Plastik,Outside,1,345,1,-1.0,expired
Susu Bubuk Coklat,Produk Olahan Susu,Karton,outside,0,386,0,386.0,Fresh
keju mozzarella,Produk Olahan Susu,Plastik,Chiller,no,34,0,,Fresh
biskuit digestive,Produk Kering,,,0,,0,,Fresh
  Jagung Manis Kaleng  ,,Kaleng,Chiller,0,517,0,517.0,Fresh
Mangga Kaleng,Produk Kaleng,KALENG,Outside,0,588 hari,0,588.0,Fresh
teh tarik,Produk Minuman,Karton,Chiller,1,84,5 days,-4.0,Expired
Keju Cream Cheese,Produk Olahan Susu,Karton,Chiller,0,37,0,37.0,Fresh
Nugget Ikan,Produk Protein,Plastik,Freezer,0,178,0,178.0,Fresh
Ikan Tuna ,Produk Kaleng,Kaleng,Outside,0,6 hari,0,6.0,soon
Sarden Cabai,Produk Kaleng,Kaleng,Outside,0,683,0,683.0,Fresh
 Persik Kaleng,Produk Kaleng,Kaleng,Outside,1,505,4,,Expired
Sereal Granola,Produk Kering,Karton,Outside,1,52,11,19.0,Fresh
Sereal Cornflakes,Produk Kering,Karton,Outside,1,129,33,-3.0,
 Jus Apel,Produk Minuman,Karton,Chiller,1,82,5,0.0,Expired
Nugget Ayam,Produk Protein,Plastik,Freezer,0,56,0,56.0,Fresh
Nugget Udang,Produk Protein,Plastik,Freezer,0,158,0,158.0,Fresh
Yogurt Stroberi,Produk Olahan Susu,Plastik,Chiller,0,-5,0,23.0,Fresh
Susu UHT Stroberi,Produk Olahan Susu,Karton,Chiller,0,14,0,14.0,Fresh
Susu UHT Coklat,Produk Olahan Susu,Karton,Chiller,0,56,0,56.0,Fresh
Yogurt Stroberi,Produk Olahan Susu,Plastik,Chiller,0,4,0,4.0,Soon
Jus Jambu,,Karton,Chiller,0,156,0,156.0,Fresh
Yogurt Mangga,Produk Olahan Susu,Plastik,Chiller,,24,0,24.0,Fresh
Teh Botol,Produk Minuman,Botol Kaca,Outside,0,1,0,1.0,Soon
Susu Evaporasi,Produk Olahan Susu,Kaleng,Chiller,1,633,11,-4.0,Expired
Biskuit Mentega,Produk Kering,Kaleng,Outside,1,347,,8.0,Fresh
Minuman Isotonik,Prod. Minuman,Plastik,Outside,1,,4,-3.0,
Yogurt Greek,Dairy,Plastik,Refrigerator,0,20,0,20.0,
Yogurt Minum Probiotik,Produk Olahan Susu,Botol Kaca,Chiller,0,11,0,11.0,Fresh
SEREAL OAT,Produk Kering,Karton,Outside,1,351,9,21.0,Fresh
Nugget Sapi,Produk Protein,Plastik,Freezer,1,121,1,2.0,Soon
Teh Lemon,Produk Minuman,,Outside,0,194,0,,Fresh
Jus Nanas,Produk Minuman,Karton,Chiller,1,102,6,-1.0,Expired
Nugget Sayuran,Produk Protein,Plastik,Freezer,0,-10,0,87.0,Fresh
Nugget Ayam,Prod. Protein,Plastik,Freezer,0,,0,43.0,Fresh
Jus Apel,Produk Minuman,Karton,,1,84,10,-5.0,Expired
Nugget Tempe,Produk Protein,Plastik,Freezer,0,79,0,79.0,segar
Susu Bubuk Skim,Produk Olahan Susu,Karton,Outside,,294,15,15.0,Fresh
Ikan Makerel,Produk Kaleng,Kaleng,Outside,1,70,3,-1.0,Expired
Rambutan Kaleng,Produk Kaleng,Kaleng,Outside,0,331,0,331.0,Fresh
Jus Mangga,Produk Minuman,Karton,Chiller,1,144,6,-5.0,Expired
Yogurt Stroberi,Produk Olahan Susu,Plastik,refrigerator,1,,6,-3.0,Expired
Kornet Ayam,Produk Kaleng,Kaleng,Outside,1,176,4,-1.0,Expired
Biskuit Mentega,Produk Kering,Kaleng,Outside,1,350,13,1.0,Soon
Susu Kental Manis Putih,Produk Olahan Susu,Kaleng,Chiller,1,498,,7.0,Soon
Jus Jeruk,Produk Minuman,Karton,refrigerator,false,2,0,2.0,Soon
Teh Kotak Hijau,Produk Minuman,,Outside,0,80,0,80.0,Segar
Sereal Oat,Produk Kering,Karton,suhu ruangan,0,214,0,214.0,Fresh
Nugget Tempe,Produk Protein,Plastik,Freezer,no,25,0,25.0,Fresh
Biskuit Oatmeal,Produk Kering,Plastik,Outside,0,127,0,127.0,Fresh
Keju Cheddar,Produk Olahan Susu,Plastik,Chiller,0,153,0,,Fresh
Keju Parmesan,Produk Olahan Susu,Plastik,Chiller,1,17,18,12.0,Fresh
Mie Instan Soto,Produk Kering,Plastik,Outside,1,284,4,,Expired
Kornet Ayam,Produk Kaleng,Kaleng,Outside,0,909,0,909.0,Fresh
Jus Jeruk,Produk Minuman,karton,Chiller,1,8,9,-4.0,Expired
Susu Kedelai,Produk Olahan Susu,Karton,Chiller,0,32,0,32.0,Fresh
Susu Kedelai,Produk Olahan Susu,Karton,Chiller,1,194,7,-2.0,Expired
Soda Lemon,Produk Minuman,Kaleng,Outside,0,138,0,138.0,OK
Mie Instan Soto,Produk Kering,Plastik,Outside,1,57,3,-3.0,Expired
Teh Kotak Hijau,Produk Minuman,Karton,Outside,1,216,6,-5.0,Expired
Susu Kedelai,Produk Olahan Susu,Karton,Chiller,1,170,8,-3.0,expired
Soda Jeruk,Produk Minuman,Kaleng,Outside,1,120,5,-4.0,Expired
Nanas Kaleng,Produk Kaleng,,Outside,0,32,0,32.0,Fresh
Biskuit Wafer,Produk Kering,Plastik,Outside,1,172,5,0.0,Expired
Yogurt Mangga,PRODUK OLAHAN SUSU,Plastik,Chiller,1,10,5,-2.0,Expired
Jagung Manis Kaleng,Produk Kaleng,,Chiller,1,248,8,-5.0,Dead
Sosis Frozen,Produk Protein,Plastik,Freezer,1,49,2,1.0,
Susu UHT Vanila,Produk Olahan Susu,Karton,Chiller,0,89,0,89.0,Fresh
Mangga Kaleng,,Kaleng,Outside,1,10000,4,-1.0,Expired
Keju Edam,Produk Olahan Susu,Plastik,Chiller,0,120,0,120.0,Fresh
Biskuit Sandwich,PRODUK KERING,Plastik,Outside,1,20,2 days,3.0,Soon
Sarden Cabai,Produk Kaleng,Kaleng,Outside,1,847,2,0.0,Expired
Yogurt Minum Probiotik,Produk Olahan Susu,Botol Kaca,Chiller,0,13,0,13.0,Fresh
Biskuit Mentega,Produk Kering,Kaleng,OUTSIDE,0,338,0,338.0,Fresh
Sosis Ayam,Produk Protein,Plastik,refrigerator,,11,0,11.0,Fresh
Susu Bubuk Full Cream,produk olahan susu,Karton,Outside,0,458,0,458.0,Fresh
Jus Apel,Produk Minuman,Karton,Chiller,0,92,0,92.0,Fresh
Jus Jeruk,Produk Minuman,Karton,Chiller,1,45,4,1.0,Soon
Yogurt Minum Probiotik,Produk Olahan Susu,Glass Bottle,Chiller,0,20,0,20.0,Fresh
kornet sapi,Produk Kaleng,Kaleng,Outside,0,1095 hari,0,1095.0,Fresh
Susu Bubuk Full Cream,Produk Olahan Susu,Karton,OUTSIDE,false,337,0,337.0,Fresh
Susu Bubuk Bayi,,Karton,Outside,0,59,0,,Fresh
Yogurt Kefir,produk olahan susu,Botol Kaca,Chiller,0,14,0,14.0,Fresh
Sarden Tomat,Canned,Kaleng,Outside,0,930,0,930.0,
Teh Kotak Jasmine,Prod. Minuman,Karton,Outside,0,351 hari,0,351.0,Fresh
Nugget Sayuran,Produk Protein,Plastik,Freezer,1,30,1,2.0,Soon
Biskuit Oatmeal,Produk Kering,Plastik,Outside,1,113,9,-2.0,Expired
Sereal Cornflakes,Produk Kering,Karton,Suhu Ruangan,1,35,34,-4.0,Expired
sereal oat,Prod. Kering,Karton,Outside,0,169,0,169.0,Fresh
Soda Jeruk,Produk Minuman,Kaleng,Outside,1,49,4,-3.0,kadaluarsa
Nanas Kaleng,canned,Kaleng,Outside,0,208 hari,0,208.0,Fresh
Sereal Cornflakes,,Karton,Outside,1,155,6,24.0,Fresh
Persik Kaleng,Produk Kaleng,Kaleng,Outside,0,685,0,685.0,Fresh
Nugget Udang,Produk Protein,Plastik,Freezer,0,24,,24.0,OK
Yogurt Blueberry,Produk Olahan Susu,Plastik,Chiller,1,19,8,-5.0,Expired
Mie Instan Goreng,Produk Kering,Plastik,Suhu Ruangan,0,260,0,260.0,Fresh
Jagung Manis Kaleng,Produk Kaleng,,Chiller,0,61,0,61.0,Fresh
Biskuit Wafer,Produk Kering,plastik,Outside,1,134,,-3.0,Expired
Susu UHT Low Fat,Produk Olahan Susu,Karton,Chiller,0,192,0,192.0,Fresh
Cola Zero Sugar,Produk Minuman,Kaleng,Outside,1,76,4,-3.0,Expired
Yogurt Greek,Produk Olahan Susu,Plastick,Chiller,0,,0,3.0,Soon
Sosis Ayam,Produk Protein,Plastik,Chiller,1,49,8,-3.0,Expired
Jus Jeruk,Produk Minuman,Carton,Chiller,0,22,0,22.0,Fresh
Jus Apel,Prod. Minuman,Karton,Chiller,no,76,0,,Fresh
Susu Pasteurisasi,Produk Olahan Susu,Plastik,Chiller,1,1,2,1.0,soon
Keju Cheddar,Produk Olahan Susu,Plastik,Chiller,1,140,19,-5.0,
Kornet Ayam,Produk Kaleng,Kaleng,Outside,0,534,0,534.0,Fresh
Susu Bubuk Bayi,Produk Olahan Susu,Karton,Outside,0,106,0,106.0,Fresh
	Susu UHT Stroberi,Produk Olahan Susu,Karton,Chiller,0,178,0,178.0,Fresh
Mie Instan Goreng,Produk Kering,Plastik,Outside,0,44,0,44.0,Fresh
Sosis Bebek,Protin,Plastik,Chiller,1,52 hari,10,-3.0,Dead
Jus Anggur,Produk Minuman,Botol Kaca,Chiller,0,,0,175.0,Fresh
Susu Almond,Produk Olahan Susu,Karton,Chiller,Yes,66,4,1.0,soon
Keju Parmesan,produk olahan susu,Plastik,CHILLER,Yes,86,6,24.0,Fresh
Jus Sirsak,Produk Minuman,Karton,Chiller,1,156,4,-1.0,Expired
Jus Nanas,Produk Minuman,Karton,Chiller,0,,0,,Fresh
Jus Sirsak,Minuman,Karton,Chiller,1,17,2,1.0,Soon
Susu UHT Coklat,Produk Olahan Susu,,Chiller,0,131,0,131.0,Fresh
Jus Sirsak,Produk Minuman,Karton,Chiller,0,170,0,170.0,ok
Cola Original,Produk Minuman,Kaleng,Outside,0,78,0,78.0,Fresh
Jus Jeruk,Produk Minuman,Karton,fridge,0,,0,6.0,Soon
Air Soda,Produk Minuman,Plastik,Outside,1,97,4,-3.0,Expired
  Rambutan Kaleng  ,Produk Kaleng,Kaleng,Outside,1,632,4,-1.0,Expired
Air Mineral,Produk Minuman,Plastik,Outside,1,559,2,-1.0,Dead
Yogurt Minum Probiotik,Produk Olahan Susu,Botol Kaca,chiller,1,7,8,-5.0,Expired
Kornet Ayam,Produk Kaleng,Kaleng,Outside,0,781,0,781.0,Fresh
  Kornet Ayam  ,Produk Kaleng,Kaleng,Outside,1,249,1,2.0,Soon
Susu Bubuk Bayi,Produk Olahan Susu,Karton,Outside,0,54,0,54.0,Fresh
Cola Original,Produk Minuman,Kaleng,,1,87,3,-2.0,Expired
Biskuit Digestive,Produk Kering,plastik,Outside,0,303,0,303.0,Fresh
Teh Botol,PRODUK MINUMAN,Botol Kaca,Outside,0,150,0,150.0,Fresh
Air Mineral,Produk Minuman,Plastik,Outside,1,55,,-3.0,Expired
Rambutan Kaleng,Produk Kaleng,Kaleng,Outside,1,588,1,2.0,Soon
Susu Kental Manis Coklat,Produk Olahan Susu,Kaleng,Chiller,0,269,0,269.0,Fresh
Teh Botol,Produk Minuman,Botol Kaca,Outside,0,23,0,23.0,Fresh
Susu Evaporasi,Produk Olahan Susu,Kaleng,Chiller,0,651,0,651.0,Fresh
Yogurt Greek,dairy,Plastik,Chiller,,14,0,14.0,Fresh
Susu Bubuk Full Cream,Produk Olahan Susu,,Outside,1,527,1,29.0,Fresh
Biskuit Digestive,Produk Kering,Plastik,Outside,0,157,0,157.0,Fresh
Keju Edam,Produk Olahan Susu,Plastik,kulkas,0,46,0,46.0,Fresh
Yogurt Mangga,dairy,Plastik,Chiller,1,20,5,-2.0,Expired
Biskuit Digestive,Produk Kering,Plastik,Outside,1,165,2,12.0,Fresh
Nugget Sapi,PRODUK PROTEIN,Plastik,Freezer,1,6,5,-2.0,Expired
Susu Bubuk Full Cream,Produk Olahan Susu,Karton,,1,171,20,10.0,Fresh
Yogurt Greek,Produk Olahan Susu,Plastik,Kulkas,0,9,0,,Fresh
Susu Evaporasi,Produk Olahan Susu,Kaleng,Chiller,0,125,0,125.0,Fresh
Teh Tarik,Produk Minuman,Karton,Chiller,,61,0,61.0,Fresh
Biskuit Oatmeal,Kering,Plastik,Outside,0,,0,81.0,Fresh
Sarden Minyak Zaitun,Produk Kaleng,Kaleng,Outside,yes,1072,6,-4.0,Expired
Susu Almond,Produk Olahan Susu,Karton,Chiller,1,80,5,0.0,Expired
Sarden Tomat,Produk Kaleng,kaleng ,Luar,No,342,0,342.0,Fresh
Keju Parmesan,Produk Olahan Susu,Plastik,Refrigerator,Tidak,302,0,302.0,Fresh
Teh Tarik,Produk Minuman,Karton,Chiller,0,34,,34.0,Fresh
Leci dalam Sirup,PRODUK KALENG,Kaleng,Outside,0,634,0,634.0,
Keju Mozzarella,Produk Olahan Susu,Plastik,Chiller,0,19,0,19.0,Fresh
Sosis Frozen,Produk Protein,Plastik,Freezer,1,162,7,-4.0,Kadaluarsa
Susu Bubuk Full Cream,Produk Olahan Susu,Karton,Outside,0,691,0,691.0,Fresh
Biskuit Oatmeal,Produk Kering,Plastik,Outside,0,4,0,4.0,SOON
Yogurt Greek,Produk Olahan Susu,Plastic,Chiller,1,8,5,0.0,Expired
Ikan Makerel,,Kaleng,Outside,0,735,0,735.0,Segar
Keju Cheddar,Produk Olahan Susu,Plastik,Chiller,true,115,18,-4.0,Expired
Jus Mangga,Produk Minuman,Karton,Chiller,0,130,0,130.0,Fresh
Mie Instan Goreng,Produk Kering,,suhu ruangan,0,349,0,349.0,Fresh
Teh Tarik,Produk Minuman,Karton,Chiller,true,241,4,-3.0,Expired
Jus Mangga,Produk Minuman,,Chiller,0,173,0,173.0,Fresh
Keju Parmesan,Produk Olahan Susu,Plastik,Chiller,1,364,29,1.0,Soon
Susu Bubuk Full Cream,PRODUK OLAHAN SUSU,Karton,OUTSIDE,1,240,27,3.0,Soon
Sarden Cabai,Produk Kaleng,Kaleng,Outside,0,715,0,715.0,Fresh
Leci dalam Sirup,Produk Kaleng,Kaleng,Outside,1,-5,7,-4.0,Expired
Persik Kaleng,Produk Kaleng,Kaleng,OUTSIDE,False,667,0,667.0,Fresh
Nugget Tempe,Produk Protein,,Freezer,1,111 hari,8,-5.0,Expired
	Biskuit Oreo,Produk Kering,Plastik,Outside,0,161,0,161.0,Fresh
Air Mineral,Produk Minuman,Plastik,Outside,1,7,4,,Expired
Teh Kotak Jasmine,Produk Minuman,Karton,Suhu Ruangan,1,93,3,-2.0,Expired
Biskuit Oatmeal,Produk Kering,Plastik,Outside,0,177,0,177.0,Fresh
Nugget Ayam,Produk Protein,Plastik,Freezer,1,161,1,2.0,Soon
Sereal Coklat ,Produk Kering,Karton,Outside,1,155,3,18.0,
Keju Cream Cheese,Produk Olahan Susu,Karton,Chiller,1,41,,2.0,Soon
Sosis Frankfurter,,Plastick,Chiller,0,2,0,2.0,Soon
Yogurt Blueberry,Produk Olahan Susu,Plastik,Chiller,0,13,0,13.0,Fresh
Minuman Energi,Produk Minuman,Kaleng,room temp,1,185,2,-1.0,Expired
Minuman Energi,Beverage,Kaleng,Outside,1,113,6,-5.0,Expired
Jus Anggur,Produk Minuman,Botol Kaca,Chiller,1,150,7,-2.0,Expired
Soda Jeruk,PRODUK MINUMAN,Kaleng,Outside,1,256,1,0.0,Expired
Keju Edam,Produk Olahan Susu,,Chiller,0,103,0,103.0,Fresh
Jagung Manis Kaleng,Produk Kaleng,Kaleng,Chiller,0,97,0,97.0,Fresh
Susu UHT Vanila,,Karton,Chiller,0,10000,0,162.0,Fresh
Susu Kedelai,Produk Olahan Susu,Karton,,1,61 hari,5,0.0,Expired
Sosis Frozen,Produk Protein,,Freezer,1,121,1,2.0,Soon
Biskuit Oreo,Produk Kering,Plastik,Outside,1,12,2,5.0,Soon
Sarden Tomat,Produk Kaleng,Kaleng,Outside,1,1064,3,-1.0,Expired
Kornet Sapi,Produk Kaleng,Kaleng,Outside,0,252,0,252.0,Fresh
Nugget Ikan,Prod. Protein,Plastic,Freezer,0,149,0,149.0,Fresh
Buah Cocktail,Produk Kaleng,,Room Temp,0,613,0,613.0,fresh
Nugget Ikan,Produk Protein,Plastik,Freezer,1,167,7,-4.0,Expired
Persik Kaleng,Produk Kaleng,Kaleng,Outside,0,167,0,167.0,Fresh
Susu UHT Stroberi,Produk Olahan Susu,Karton,Chiller,0,27,0,27.0,Fresh
Sosis Sapi,Produk Protein,Plastik,Chiller,False,48,0,48.0,Fresh
Biskuit Crackers,Produk Kering,Plastik,Luar,1,106,10,-3.0,Expired
Biskuit Digestive,Produk Kering,Plastik,Outside,0,127,0,127.0,Fresh
Biskuit Crackers,Produk Kering,plastik,Outside,Ya,87,12,-5.0,
Susu Bubuk Bayi,produk olahan susu,Karton,Outside,0,162,0,162.0,Fresh
Air Mineral,Produk Minuman,PLASTIK,Outside,1,711,3,-2.0,Basi
Biskuit Mentega,Produk Kering,,Outside,1,233,17,-3.0,Expired
Sosis Sapi,Produk Protein,Plastik,Chiller,0,53,0,53.0,Fresh
Air Mineral,Produk Minuman,Plastik,Outside,0,254,,254.0,fresh
Teh Lemon,Produk Minuman,Karton,,0,57,0,57.0,Fresh
Nugget Sapi,Produk Protein,Plastik,Freezer,1,14,5,-2.0,Expired
Sosis Ikan,Produk Protein,PLASTIK,Chiller,0,31,0,31.0,Fresh
Nugget Sayuran,Produk Protein,Plastik,,1,141 hari,6,-3.0,Expired
Biskuit Mentega,Dry Food,Tin,,1,68,9,5.0,Soon
Mie Instan Goreng,Produk Kering,Plastik,Outside,1,160,5,-5.0,Expired
Susu Almond,Produk Olahan Susu,Karton,Kulkas,0,124,0,124.0,Fresh
Yogurt Kefir,Produk Olahan Susu,Botol Kaca,Chiller,1,13,4,,Expired
Mie Instan Goreng,produk kering,Plastic,Outside,1,300,4,-4.0,
Nugget Sayuran,Produk Protein,Plastik,beku,0,134,0,134.0,Fresh
Yogurt Stroberi,,Plastik,Chiller,0,21,0 days,21.0,Fresh
Yogurt Greek,Produk Olahan Susu,Plastik,Chiller,1,10,3,2.0,Soon
Cola Zero Sugar,Produk Minuman,Kaleng,,,166,0,166.0,Fresh
  Susu UHT Full Cream  ,Produk Olahan Susu,Karton,Chiller,0,162,0,162.0,Fresh
Jus Anggur,Produk Minuman,Botol Kaca,Chiller,1,164,6,-999.0,Expired
Susu Bubuk Coklat,Produk Olahan Susu,Karton,,1,360,1,29.0,Fresh
Susu UHT Full Cream,Produk Olahan Susu,Karton,Kulkas,0,120,0,120.0,Fresh
Susu Bubuk Full Cream,Produk Olahan Susu,Karton,Outside,0,511,0,511.0,Fresh
Susu Kental Manis Putih,PRODUK OLAHAN SUSU,Kaleng,Chiller,0,373,0,373.0,OK
Yogurt Mangga,Produk Olahan Susu,Plastik,Refrigerator,1,28,2,1.0,warning
Yogurt Greek,Produk Olahan Susu,Plastik,Chiller,1,6,9,-4.0,Expired
Minuman Energi,Produk Minuman,Kaleng,room temp,,254,2,-1.0,kadaluarsa
Keju Cheddar,Produk Olahan Susu,Plastik,Chiller,0,20,0,20.0,Fresh
Susu Almond,Produk Olahan Susu,karton ,Chiller,0,215,0,215.0,Fresh
Biskuit Oreo,Produk Kering,Plastik,Luar,0,12,0,12.0,Fresh
Minuman Isotonik,Produk Minuman,Plastik,Outside,1,311,6,-5.0,Expired
Jus Sirsak,Produk Minuman,Karton,Chiller,1,77,3 days,0.0,Expired
Leci dalam Sirup,Produk Kaleng,,Outside,1,579,7,-4.0,Expired
Nugget Tempe,,Plastik,Freezer,1,92,7,-4.0,Expired
Soda Jeruk,Produk Minuman,Kaleng,Outside,0,198,0,198.0,Segar
Nugget Tempe,Produk Protein,Plastik,Freezer,0,105,0,105.0,Fresh
Nugget Sapi,Produk Protein,Plastik,Freezer,1,,7,-4.0,Expired
Teh Tarik,,Karton,Chiller,0,17 hari,0,17.0,Fresh
Susu Bubuk Bayi,,KARTON,Outside,1,647,20,10.0,Fresh
Yogurt Greek,Produk Olahan Susu,Plastik,Chiller,0,12,0,12.0,Fresh
Biskuit Sandwich,Produk Kering,Plastik,Outside,0,37,0,37.0,Fresh
Sosis Frankfurter,PRODUK PROTEIN,Plastik,Chiller,1,10,2,5.0,Soon
Susu UHT Stroberi,Produk Olahan Susu,Karton,Chiller,0,127,0,127.0,Fresh
Sarden Minyak Zaitun,Produk Kaleng,Kaleng,Outside,1,966,4,-2.0,Expired
Teh Tarik,Produk Minuman,Karton,Chiller,1,81,1,0.0,Expired
Keju Parmesan,Produk Olahan Susu,Plastik,,0,113,0,113.0,Fresh
Jus Anggur,Produk Minuman,Botol Kaca,Chiller,1,205,10,-5.0,Expired
Teh Kotak Hijau,,Karton,Outside,1,,3,-2.0,Expired
Nugget Sapi,protein,,Freezer,1,109,6,-3.0,Expired
Biskuit Sandwich,Produk Kering,Plastik,Outside,,37,1,4.0,Soon
Yogurt Plain,Produk Olahan Susu,plastic,Chiller,1,28,2,3.0,Soon
Mie Instan Ayam,Produk Kering,Plastik,Outside,1,35,1,-1.0,Expired
Biskuit Wafer,Produk Kering,PLASTIK,Outside,1,52,7,-2.0,Expired
Minuman Isotonik,Produk Minuman,Plastik,Outside,false,179,0,179.0,Fresh
Yogurt Plain,Produk Olahan Susu,Plastik,,0,3,0,3.0,Soon
Teh Botol,produk minuman,Botol Kaca,Outside,0,328,0,328.0,segar
  Sereal Coklat  ,Produk Kering,Karton,Outside,1,19,16,5.0,Soon
Keju Cream Cheese,produk olahan susu,,Chiller,,41,14,0.0,Expired
Yogurt Blueberry,Produk Olahan Susu,Plastik,Chiller,0,7,0,7.0,Soon
Ikan Salmon,Produk Kaleng,Tin Can,Outside,,752,1,1.0,Soon
Susu UHT Full Cream,,Karton,Chiller,1,136,1,6.0,hampir
Teh Lemon,Produk Minuman,Karton,Outside,1,105,,-4.0,Kadaluarsa
Cola Original,Produk Minuman,Tin Can,Outside,yes,192,1,0.0,expired
Sereal Oat,Produk Kering,Karton,Outside,0,94,0,94.0,Fresh
  Susu UHT Coklat  ,Produk Olahan Susu,Karton,Chiller,1,38,4,-3.0,Expired
Jus Nanas,Produk Minuman,Karton,Chiller,1,22,7,-2.0,Expired
NANAS KALENG,Produk Kaleng,Kaleng,Outside,1,634,3,0.0,Expired
Yogurt Greek,Produk Olahan Susu,Plastik,Chiller,1,4,9,-4.0,Expired
Jus Nanas,Produk Minuman,Karton,Chiller,0,123 hari,0,123.0,Fresh
Susu Bubuk Bayi,Produk Olahan Susu,Karton,Outside,0,544,0,544.0,Fresh
Sarden Cabai,Produk Kaleng,Kaleng,Outside,0,615,0,615.0,Fresh
Air Mineral,Produk Minuman,Plastik,Luar,No,144,0,144.0,Fresh
Susu Kedelai,Produk Olahan Susu,Kardus,Chiller,1,152,10,-5.0,Expired
Sereal Cornflakes,Produk Kering,Karton,Outside,1,300,25,5.0,Soon
Leci dalam Sirup,,Kaleng,Outside,1,183,3,0.0,Expired
Keju Edam,Produk Olahan Susu,Plastik,Chiller,1,161,23,-2.0,Expired
Sosis Ayam,Produk Protein,Polimer,Chiller,0,36,0,36.0,OK
 Ikan Tuna,Produk Kaleng,Kaleng,Outside,0,560 hari,,560.0,Fresh
Soda Lemon ,Produk Minuman,Kaleng,Outside,0,153,0,153.0,Fresh
Nugget Sapi,Protin,Plastick,Freezer,0,15,0,15.0,OK
Jus Nanas,Produk Minuman,Karton,Chiller,1,126,7 days,-2.0,Expired
Ikan Tuna,Produk Kaleng,Kaleng,Outside,0,,0 days,569.0,Fresh
Jus Sirsak,Produk Minuman,,Chiller,0,2,0,2.0,Soon
Jus Mangga,Produk Minuman,,Chiller,1,42,2,-1.0,Expired
Sereal Oat,Produk Kering,Karton,Outside,true,46,2,28.0,Fresh
Persik Kaleng,Produk Kaleng,Kaleng,Outside,0,182,0,182.0,Fresh
Susu Kental Manis Putih,Produk Olahan Susu,Kaleng,Chiller,0,572 hari,0,572.0,Fresh
Jus Anggur,Produk Minuman,Botol Kaca,Chiller,0,295,0,295.0,Fresh
Mie Instan Soto,Produk Kering,Polimer,Outside,1,253,5,-5.0,Expired
Jus Mangga,Produk Minuman,karton ,Chiller,1,8,1,0.0,Expired
Sereal Coklat,Produk Kering,Karton,Outside,0,70,0,70.0,Fresh
Jus Jeruk,,Karton,Chiller,1,122,5,0.0,Expired
Biskuit Sandwich,Dry Food,Plastik,Luar,1,42,1,4.0,Soon
Keju Cheddar,Produk Olahan Susu,Plastik,Chiller,yes,142,13,1.0,Soon
Nugget Udang,,Plastik,Freezer,1,159,4,-1.0,Expired
  Jus Jambu  ,Produk Minuman,Kardus,Chiller,1,21,6,-3.0,Expired
Nugget Sayuran,Produk Protein,Plastik,Freezer,1,161,3,0.0,Expired
Minuman Energi,Produk Minuman,Kaleng,Outside,0,100,0,100.0,Fresh
Keju Parmesan,dairy,Plastik,Chiller,false,328,0,328.0,Fresh
Sereal Coklat,Produk Kering,Karton,Outside,0,360,0,360.0,segar
biskuit digestive,dry food,Plastik,Outside,0,40,0,,Fresh
Susu UHT Full Cream,Produk Olahan Susu,karton ,Chiller,0,79,0,79.0,Fresh
Susu Bubuk Bayi,Produk Olahan Susu,Karton,Luar,1,22,21,9.0,Fresh
Sereal Muesli,Produk Kering,Karton,Outside,1,323,16,14.0,
Susu Bubuk Coklat,Produk Olahan Susu,Karton,Outside,1,234,27,3.0,Soon
Sereal Coklat,Produk Kering,Karton,Outside,1,217,1,,Fresh
Sosis Sapi,Produk Protein,Plastick,,0,48,0,48.0,Fresh
Sereal Cornflakes,Produk Kering,Karton,Outside,1,5,26,4.0,Soon
Susu Bubuk Full Cream,Produk Olahan Susu,Karton,,1,425 hari,22,8.0,Fresh
KORNET AYAM,,Kaleng,Luar,0,575,0,575.0,Fresh
Biskuit Oatmeal,Produk Kering,Plastik,Outside,0,50,0,50.0,Fresh
Air Soda,Produk Minuman,Plastik,Outside,1,62,2,-1.0,Expired
sarden minyak zaitun,Produk Kaleng,,Outside,,321,1,1.0,soon
Biskuit Wafer,Produk Kering,Plastik,,0,110,0,110.0,Fresh
Sosis Sapi ,Produk Protein,Plastik,Chiller,0,20,0,20.0,Fresh
 Susu Bubuk Coklat,Produk Olahan Susu,Karton,Outside,1,371,33,-3.0,Expired
Keju Parmesan,Produk Olahan Susu,Plastik,Dingin,0,170,0,170.0,Fresh
Soda Jeruk,Produk Minuman,Kaleng,Outside,1,204,1,0.0,Expired
Buah Cocktail,Produk Kaleng,Kaleng,Outside,0,202,0,202.0,Fresh
Ikan Tuna,Produk Kaleng,Kaleng,Outside,0,749,0,749.0,Fresh
Sosis Sapi,Produk Protein,Plastick,Chiller,1,16,4,1.0,Soon
Jus Jambu,produk minuman,Karton,fridge,0,61,0,61.0,Fresh
Susu UHT Coklat,Produk Olahan Susu,Karton,Chiller,False,126,0,126.0,fresh
Susu Evaporasi,Produk Olahan Susu,Kaleng,Chiller,0,133,0 days,133.0,Fresh
Nugget Tempe,Produk Protein,Plastik,Freezer,no,102,0,102.0,Segar
Sosis Ikan,Produk Protein,Plastik,Chiller,1,39,3,0.0,Expired
Sarden Cabai,Produk Kaleng,Kaleng,Outside,0,,0,1058.0,Fresh
Minuman Energi,Produk Minuman,Kaleng,Outside,0,76,0,76.0,Fresh
Teh Botol,Produk Minuman,Botol Kaca,,0,263,0,263.0,Fresh
Jus Anggur,Produk Minuman,Botol Kaca,Chiller,0,60,0,60.0,Fresh
Biskuit Mentega,Produk Kering,Kaleng,room temp,0,268,0,268.0,Fresh
Susu UHT Coklat,Olahan Susu,Carton,fridge,1,108 hari,6,,Expired
Keju Edam,Produk Olahan Susu,Plastik,Chiller,0,128,0,128.0,Fresh
Susu Bubuk Coklat,Produk Olahan Susu,Karton,Outside,1,230,7,23.0,Fresh
Sosis Ayam,Produk Protein,Plastik,Chiller,1,9,3,2.0,Soon
Sosis Ayam,Produk Protein,Plastik,kulkas,1,44,6,-1.0,Expired
Susu Bubuk Coklat,Produk Olahan Susu,,Outside,1,102,8,22.0,Fresh
Teh Lemon,Produk Minuman,Karton,Outside,1,61,3,-2.0,Expired
Sereal Muesli,Produk Kering,Carton,Room Temp,0,62,,62.0,Fresh
Jus Sirsak,Produk Minuman,Karton,Chiller,true,149,1,2.0,Soon
Sereal Oat,Produk Kering,Karton,,0,28,0,28.0,Fresh
Kornet Sapi,,Kaleng,Outside,0,579,0,579.0,Segar
Biskuit Wafer,Produk Kering,Plastik,Outside,true,110,5,0.0,Expired
Ikan Salmon,Produk Kaleng,Kaleng,Outside,0,194,0,194.0,Fresh
Cola Zero Sugar,Beverage,Kaleng,Outside,0,328,0,,Fresh
Biskuit Crackers,Produk Kering,Plastic,Outside,0,,0,171.0,Fresh
Sarden Minyak Zaitun,Produk Kaleng,Kaleng,Outside,0,426,0,426.0,Fresh
Susu Bubuk Bayi,Produk Olahan Susu,Karton,Outside,0,358,0,358.0,Fresh
Persik Kaleng,Produk Kaleng,Kaleng,Outside,1,132,6,-3.0,Expired
Kornet Sapi,Produk Kaleng,Kaleng,Outside,0,1014,0,1014.0,Fresh
Sereal Oat,Produk Kering,Karton,Outside,0,21,0,21.0,Fresh
Susu UHT Vanila,Produk Olahan Susu,Karton,Chiller,0,65,0,65.0,Fresh
Teh Lemon,Produk Minuman,Karton,Outside,1,76,4,-3.0,Expired
Susu UHT Full Cream,,Karton,Chiller,0,102,0,102.0,Fresh
Nanas Kaleng,Produk Kaleng,Kaleng,Outside,0,152,0,152.0,Fresh
Susu Almond,Produk Olahan Susu,Carton,Chiller,1,51,8,-3.0,Kadaluarsa
Sarden Cabai,Produk Kaleng,,Outside,1,1002,5,-3.0,Expired
Minuman Energi,Produk Minuman,Kaleng,Outside,0,91,0,91.0,Fresh
Biskuit Oatmeal,Dry Food,Plastik,Outside,0,54,0,54.0,Fresh
Nugget Udang,Produk Protein,plastik,Freezer,1,110,6,-3.0,Expired
Jagung Manis Kaleng,Produk Kaleng,Kaleng,Chiller,0,146,0,146.0,Fresh
Ikan Salmon,,KALENG,Outside,0,1024,0,1024.0,Fresh
Biskuit Digestive,Produk Kering,Plastik,Outside,1,236,2,12.0,Fresh
Sereal Muesli,Produk Kering,Karton,Outside,1,267,16,14.0,OK
Nugget Ikan,Produk Protein,Plastik,Freezer,0,,0,92.0,Fresh
Nugget Tempe,Produk Protein,Plastik,Freezer,0,83,0,83.0,Fresh
Biskuit Sandwich,Produk Kering,Plastik,Outside,0,40,0,40.0,Fresh
Sosis Ayam,PRODUK PROTEIN,Plastik,Chiller,1,27,7,-2.0,Expired
Jus Apel,Produk Minuman,karton,Chiller,1,109,7,-2.0,Expired
  Jus Jambu  ,Produk Minuman,KARTON,Chiller,0,24,0,24.0,Fresh
Air Soda,PRODUK MINUMAN,Plastik,Outside,1,169,6,-5.0,expired
Susu UHT Coklat,Produk Olahan Susu,Karton,Chiller,1,209,5,-4.0,EXPIRED
Susu UHT Stroberi,Produk Olahan Susu,Karton,Chiller,1,62,5,-4.0,Expired
Biskuit Marie,Produk Kering,Plastik,Outside,0,19,0,19.0,Fresh
Biskuit Mentega,Produk Kering,Kaleng,Outside,1,354,3,11.0,Fresh
Minuman Energi,Produk Minuman,Kaleng,Outside,1,117,5,-4.0,Expired
Jus Anggur,Produk Minuman,Botol Kaca,Chiller,0,179,0,179.0,Fresh
Nugget Sapi,Produk Protein,plastic,frzer,0,176,0,176.0,Fresh
Jagung Manis Kaleng,Produk Kaleng,Kaleng,chiller,0,103,0,103.0,segar
Sosis Frankfurter,protein,PLASTIK,Chiller,1,63,5,2.0,Hampir
Sosis Bebek,Produk Protein,Plastik,Chiller,1,10,9,-2.0,Expired
Cola Original,Produk Minuman,Kaleng,Outside,1,109,6,-5.0,Expired
Yogurt Blueberry,Produk Olahan Susu,Plastik,Chiller,0,21,0,21.0,Fresh
Keju Cheddar,Produk Olahan Susu,Plastik,Chiller,1,98,13,1.0,Soon
Yogurt Plain,Olahan Susu,Plastik,Chiller,1,27,7,-2.0,expired
Leci dalam Sirup,Produk Kaleng,Kaleng,Outside,1,296,1,2.0,Soon
Susu UHT Coklat,Produk Olahan Susu,Karton,,1,195,6,-5.0,
Susu Bubuk Coklat,Produk Olahan Susu,Karton,Outside,0,96,0,96.0,Fresh
Biskuit Marie,produk kering,Plastik,Outside,1,177,8,-1.0,Expired
Biskuit Marie,Kering,Polimer,Outside,1,,1,6.0,Soon
Nugget Ayam,Produk Protein,Plastik,Freezer,0,180,0,180.0,Segar
Susu Bubuk Coklat,Produk Olahan Susu,Karton,Suhu Ruangan,,71,0,71.0,Fresh
Soda Jeruk,PRODUK MINUMAN,Kaleng,Outside,1,276,1,0.0,Expired
Sarden Cabai,Kaleng,Kaleng,Outside,1,549,5,-3.0,Expired
Air Mineral,produk minuman,Plastik,Outside,0,427,0,427.0,Fresh
Yogurt Stroberi,Produk Olahan Susu,Plastik,Chiller,0,30,0,30.0,Fresh
Sosis Frankfurter,Produk Protein,Plastik,Chiller,0,20,0,20.0,Fresh
Susu Kental Manis Putih,Produk Olahan Susu,Kaleng,Chiller,1,104,17,,Expired
Keju Mozzarella,Produk Olahan Susu,Plastik,Chiller,1,16,5,2.0,Soon
Susu Kental Manis Coklat,produk olahan susu,Kaleng,Chiller,1,458,2,12.0,Fresh
Kornet Sapi,Produk Kaleng,,Outside,1,654,2,1.0,Soon
Nugget Sayuran,Produk Protein,Plastik,Freezer,1,61,6,-3.0,Expired
Sosis Frozen,Produk Protein,Plastik,Freezer,1,153,4,,Expired
Nanas Kaleng,PRODUK KALENG,Kaleng,Outside,1,660,3,0.0,Expired
Jus Apel,Produk Minuman,Karton,Chiller,0,155,0,155.0,segar
Mie Instan Goreng,Produk Kering,Plastik,Outside,1,161,1,-1.0,Expired
Teh Kotak Hijau,Minuman,Karton,suhu ruangan,0,238,0,238.0,Segar
 Nugget Udang,protein,Plastic,Freezer,1,9999,3,0.0,Expired
Susu Evaporasi,Produk Olahan Susu,Kaleng,Chiller,1,305,8,-1.0,Expired
Keju Parmesan,Produk Olahan Susu,Plastik,Chiller,0,179,0,179.0,Fresh
Biskuit Marie,,Plastik,Outside,1,49 hari,3,4.0,Soon
Yogurt Greek,Produk Olahan Susu,Plastik,Chiller,1,19,8,-3.0,Expired
Keju Parmesan,Produk Olahan Susu,Plastik,,0,135,0,135.0,Fresh
Biskuit Oreo,Produk Kering,Plastik,Outside,0,136,0,136.0,Fresh
Teh Botol,,Botol Kaca,Outside,1,109,5,-2.0,Expired
Teh Kotak Jasmine,Produk Minuman,Karton,Outside,Yes,10000,4,-3.0,Expired
Teh Botol,,Botol Kaca,Outside,1,209,5,-2.0,Expired
Jus Sirsak,Produk Minuman,Karton,fridge,0,23,0,23.0,Fresh
Susu Evaporasi,Produk Olahan Susu,Kaleng,Chiller,1,697,9,-2.0,Kadaluarsa
Keju Mozzarella,,Plastik,fridge,0,30,0,30.0,Fresh
Mie Instan Goreng,Produk Kering,Plastik,Outside,0,166 hari,0,166.0,Fresh
Ikan Makerel,Produk Kaleng,Kaleng,Outside,0,363,0,363.0,Fresh
	Sarden Cabai,Produk Kaleng,Kaleng,Outside,1,651,4,-2.0,Expired
Ikan Salmon,Produk Kaleng,Kaleng,,0,619,0,619.0,Fresh
Susu UHT Full Cream,Produk Olahan Susu,Karton,fridge,0,261,0,261.0,Fresh
Biskuit Mentega,Produk Kering,,Outside,1,-5,9,5.0,Soon
Sereal Cornflakes,Produk Kering,Karton,Outside,0,10000,0,161.0,Fresh
	Ikan Makerel,Produk Kaleng,Kaleng,Outside,1,206,2,0.0,Expired
Susu Bubuk Coklat,,Tetrapak,Outside,1,470,2,28.0,Fresh
Teh Botol,Prod. Minuman,Botol Kaca,Outside,0,82,0,82.0,Fresh
Buah Cocktail,Produk Kaleng,Kaleng,Outside,1,654,3,0.0,Expired
Susu Kental Manis Coklat,Produk Olahan Susu,kaleng,Chiller,0,673,0,673.0,Fresh
Biskuit Oatmeal,Produk Kering,Plastik,,0,136,0,136.0,Fresh
Susu Kedelai,Produk Olahan Susu,Karton,Chiller,no,24,0,24.0,segar
Susu UHT Stroberi,Produk Olahan Susu,Carton,Chiller,1,69,4,-3.0,Expired
Kornet Ayam,Produk Kaleng,,Outside,0,125,0,125.0,Fresh
Yogurt Minum Probiotik,Produk Olahan Susu,Botol Kaca,Chiller,0,16,0,16.0,Fresh
Sosis Bebek,Produk Protein,Plastik,Chiller,1,46,11,-4.0,
Yogurt Mangga,Produk Olahan Susu,Plastik,Chiller,0,5,0,5.0,
Mie Instan Soto,Produk Kering,Plastik,Outside,0,209,0,209.0,Fresh
Yogurt Stroberi,Produk Olahan Susu,Plastik,Chiller,1,28,1,2.0,Soon
Teh Botol,Produk Minuman,Botol Kaca,Outside,1,351,2,1.0,Soon
Teh Lemon,Produk Minuman,Karton,Outside,0,91,0,91.0,Fresh
  Biskuit Digestive  ,Produk Kering,Plastik,Outside,1,339,16,-2.0,Expired
Sereal Cornflakes,Produk Kering,Karton,room temp,1,255,6,24.0,Fresh
Jus Jeruk,PRODUK MINUMAN,Karton,,0,117,0,117.0,Fresh
Susu Bubuk Coklat,Dairy,Karton,Outside,1,623,10,20.0,Fresh
Yogurt Kefir,Olahan Susu,Botol Kaca,Refrigerator,1,13,1,2.0,
Susu UHT Full Cream,Produk Olahan Susu,Karton,Chiller,0,160 hari,0,160.0,Fresh
Susu UHT Vanila,Produk Olahan Susu,Karton,Chiller,0,155,0,155.0,Fresh
keju parmesan,Produk Olahan Susu,Plastik,Chiller,0,125,0,125.0,Fresh
Minuman Isotonik,Produk Minuman,Plastik,Outside,0,184,0,184.0,segar
Yogurt Stroberi,Produk Olahan Susu,Plastik,Chiller,0,13,0,9999.0,Fresh
Susu Evaporasi,Produk Olahan Susu,Kaleng,Kulkas,1,255,3,4.0,Soon
Yogurt Greek,Dairy,Plastik,Refrigerator,0,18,0,18.0,Fresh
Persik Kaleng,Produk Kaleng,Kaleng,Outside,1,620,6,-3.0,expired
biskuit wafer,Produk Kering,Plastik,Outside,0,144,0,144.0,Fresh
Nugget Ayam,Produk Protein,plastik,Freezer,0,29,0,29.0,Fresh
Kornet Sapi,Produk Kaleng,Kaleng,Outside,1,452,8 days,-5.0,Expired
Jus Anggur,Produk Minuman,Botol Kaca,Chiller,1,9,6 days,-1.0,Expired
Yogurt Plain,Produk Olahan Susu,Plastik,fridge,1,26,3,2.0,Soon
Biskuit Wafer,Produk Kering,Plastik,Outside,0,167,0,167.0,Fresh
Susu Bubuk Coklat,Produk Olahan Susu,Karton,Outside,1,465,33,-3.0,Expired
Susu Almond,Produk Olahan Susu,Karton,Chiller,0,75,0,75.0,Fresh
Leci dalam Sirup,,Kaleng,,True,514,1,2.0,Soon
Air Soda,Produk Minuman,PLASTIK,outside,1,296,6,-5.0,Expired
Teh Tarik,,Karton,Chiller,0,194,0,194.0,Fresh
Ikan Tuna,Produk Kaleng,Kaleng,Outside,0,1048,0,1048.0,Fresh
Susu UHT Coklat,Produk Olahan Susu,Karton,Chiller,0,190,0,-999.0,
Susu Pasteurisasi,Prod. Susu,Plastik,,0,10,,10.0,Fresh
	Jus Nanas,Produk Minuman,Karton,Chiller,yes,64,10,-5.0,Expired
Jus Mangga,Prod. Minuman,Karton,Chiller,1,30,6,-5.0,Expired
Ikan Salmon,Produk Kaleng,Kaleng,Outside,1,,2 days,0.0,Expired
Teh Botol,Produk Minuman,,Outside,1,186,6,-3.0,Expired
Keju Mozzarella,Produk Olahan Susu,Plastik,Chiller,1,49,6,,Soon
Yogurt Mangga,Produk Olahan Susu,Plastik,Chiller,Tidak,13,0 days,13.0,Fresh
Rambutan Kaleng,,Kaleng,Outside,1,49,6,-3.0,Expired
Yogurt Plain,Produk Olahan Susu,Plastik,Chiller,1,10,8,-3.0,Expired
Keju Cheddar,Produk Olahan Susu,Plastik,Chiller,1,4,1,4.0,Soon
Yogurt Kefir,Produk Olahan Susu,Botol Kaca,Chiller,1,4,1,2.0,Soon
Jus Mangga,Produk Minuman,Karton,Chiller,0,135,0,135.0,Fresh
Nugget Sayuran,Produk Protein,Plastik,Freezer,1,134,2,1.0,warning
Keju Cream Cheese,Produk Olahan Susu,Karton,Chiller,1,1 hari,14,0.0,Expired
Mangga Kaleng,,Kaleng,Outside,1,465,,-4.0,Dead
Yogurt Mangga,Produk Olahan Susu,Plastik,Chiller,0,7,0,7.0,Soon
Mangga Kaleng,Produk Kaleng,Kaleng,Outside,1,155,5,-2.0,Expired
Rambutan Kaleng,Produk Kaleng,Kaleng,Outside,0,121,0,121.0,Fresh
Susu UHT Full Cream,Produk Olahan Susu,Karton,refrigerator,0,137,0,137.0,
Kornet Sapi,Produk Kaleng,Kaleng,Suhu Ruangan,1,251,2,1.0,Soon
Mie Instan Ayam,Produk Kering,Plastik,,1,209,2,-2.0,Expired
Biskuit Oatmeal,Produk Kering,Plastik,Outside,0,5,0,5.0,Soon
Susu UHT Low Fat,Produk Olahan Susu,Karton,Chiller,0,15,0,15.0,Fresh
Minuman Isotonik,Produk Minuman,Plastik,Outside,0,240,0,240.0,Fresh
Jus Jeruk ,Produk Minuman,Karton,Chiller,0,12,0,12.0,Fresh
Nugget Ikan,Produk Protein,Plastik,FREEZER,1,4,5 days,-2.0,Expired
Sarden Minyak Zaitun,Produk Kaleng,Kaleng,Outside,1,241,4,-2.0,Expired
Susu Evaporasi,PRODUK OLAHAN SUSU,Kaleng,Chiller,0,,0,706.0,Fresh
Sereal Muesli,Produk Kering,Karton,Outside,1,146,9,21.0,Fresh
Teh Kotak Jasmine,Produk Minuman,Karton,Outside,0,40,0,40.0,Fresh
Persik Kaleng,Produk Kaleng,Kaleng,OUTSIDE,0,676 hari,0,676.0,Fresh
Sereal Granola,PRODUK KERING,Karton,Outside,0,9999,0,161.0,Fresh
Susu Almond,Produk Olahan Susu,Karton,Chiller,0,61,0,61.0,Fresh
Rambutan Kaleng,Produk Kaleng,Kaleng,Outside,1,432,1,2.0,Soon
Susu UHT Low Fat,Produk Olahan Susu,Karton,Chiller,0,43,0,43.0,Fresh
Soda Lemon,Produk Minuman,Kaleng,Outside,1,83,2,-1.0,Expired
cola original,Produk Minuman,Kaleng,Outside,1,263,5,-4.0,Expired
Biskuit Oreo,Produk Kering,Plastik,Outside,0,-10,0,167.0,Fresh
Soda Jeruk,Produk Minuman,Kaleng,Outside,0,54,0,54.0,Fresh
sosis frozen,protein,Plastic,frozen,0,122,0,122.0,segar
Minuman Isotonik,produk minuman,Plastik,Outside,Yes,,5,-4.0,Kadaluarsa
Sosis Bebek,Produk Protein,plastik,Chiller,0,78,0,78.0,Fresh
Ikan Tuna,Produk Kaleng,Kaleng,Outside,0,402,0,402.0,Fresh
Mie Instan Goreng,Produk Kering,Plastik,Outside,0,305,0,305.0,Fresh
Sarden Tomat,Produk Kaleng,Kaleng,Luar,0,1061,0,1061.0,Fresh
Mie Instan Soto,produk kering,Plastik,Outside,0,9999,0,14.0,Fresh
Nugget Sayuran,Produk Protein,Plastik,Freezer,0,28,0,28.0,Fresh
Keju Mozzarella,Produk Olahan Susu,Plastik,Chiller,1,51,2,5.0,Soon
Cola Zero Sugar,Produk Minuman,Kaleng,,0,,0,316.0,Fresh
Sosis Ayam,Produk Protein,Plastik,Chiller,1,33,9,-4.0,Expired
Biskuit Crackers,Produk Kering,Plastik,,0,82,0,82.0,
Biskuit Oreo,,Plastik,Outside,0,138,0,138.0,Fresh
Jus Jambu,Produk Minuman,Karton,Chiller,1,167,6,-3.0,Expired
Sosis Frankfurter,Produk Protein,Plastik,Chiller,1,58,3,4.0,Soon
Air Soda,Minuman,Plastik,Outside,1,217 hari,2,-50.0,
Mie Instan Goreng,Produk Kering,Plastik,Outside,1,159,5,-5.0,Expired
Mangga Kaleng,,Kaleng,Outside,1,438,7,-4.0,Expired
Sarden Cabai,Produk Kaleng,Kaleng,Outside,0,676,0,676.0,Fresh
Susu Bubuk Coklat,Produk Olahan Susu,Karton,Outside,0,441,0,441.0,
Teh Botol,Produk Minuman,Botol Kaca,Outside,1,144,2,1.0,soon
SARDEN MINYAK ZAITUN,Produk Kaleng,Kaleng,Outside,1,295,7,-5.0,Expired
Keju Edam,Produk Olahan Susu,PLASTIK,Chiller,0,131,0,131.0,Fresh
Susu UHT Vanila ,Produk Olahan Susu,Karton,Chiller,0,51,0,51.0,ok
Jus Nanas,Produk Minuman,Karton,,0,40,0,40.0,Fresh
Jus Apel,Produk Minuman,Karton,,1,65,5,0.0,basi
Susu Pasteurisasi,Produk Olahan Susu,Plastik,Chiller,1,9,8,-5.0,Expired
Jus Jeruk,Produk Minuman,Karton,Chiller,1,45,6,-1.0,Expired
Cola Original,Produk Minuman,Kaleng,Outside,1,21,6,-5.0,Expired
Sereal Granola,Produk Kering,Karton,Outside,1,128,24,6.0,Soon
Mie Instan Ayam,Produk Kering,Plastic,Outside,0,59,0,59.0,Fresh
Rambutan Kaleng,Produk Kaleng,Kaleng,Outside,1,411,,-3.0,Expired
Soda Jeruk,Produk Minuman,Kaleng,Outside,1,222,4,-3.0,Expired
KEJU CREAM CHEESE,Produk Olahan Susu,Karton,Chiller,1,32,5,9.0,Fresh
Minuman Energi,Produk Minuman,Kaleng,Outside,1,187,4,-3.0,Expired
Teh Kotak Jasmine,Produk Minuman,Karton,Outside,0,157,0,157.0,Fresh
	Sereal Muesli,Produk Kering,Karton,Outside,0,185,0,185.0,Fresh
Sosis Bebek,,Plastik,Chiller,0,61,0,61.0,Fresh
Nugget Tempe,Produk Protein,Plastik,Freezer,1,59,8,-5.0,Expired
Keju Parmesan,Produk Olahan Susu,PLASTIK,Chiller,1,215,9,21.0,Fresh
SUSU PASTEURISASI,Produk Olahan Susu,Plastik,Chiller,1,-10,8,-5.0,Expired
Yogurt Plain,Olahan Susu,Plastik,Chiller,True,2,2,2.0,Soon
Yogurt Greek,Produk Olahan Susu,Plastik,Chiller,0,14,0,,Fresh
Nugget Sapi,Produk Protein,Plastik,Freezer,1,160,3,0.0,Expired
Susu Kental Manis Putih,Produk Olahan Susu,Kaleng,CHILLER,,515,17,-3.0,Expired
Teh Lemon,Produk Minuman,Karton,Room Temp,0,36,0,36.0,Fresh
Mie Instan Goreng,Produk Kering,Plastik,Outside,no,233,0,233.0,Fresh
Keju Cream Cheese,Produk Olahan Susu,Karton,fridge,0,16,0,16.0,segar
Nugget Sapi,Produk Protein,Plastik,Freezer,1,144,4,-1.0,Expired
Mie Instan Soto,Produk Kering,Plastik,Outside,0,127,0,127.0,Fresh
Sosis Frozen,Produk Protein,Plastik,Freezer,1,139,5,-2.0,Expired
Keju Parmesan,Produk Olahan Susu,Plastik,Chiller,1,361,5,25.0,
Minuman Isotonik,Produk Minuman,Plastik,room temp,1,218,2,-1.0,Expired
Susu UHT Vanila,Produk Olahan Susu,Karton,Chiller,0,210,0,210.0,Fresh
Jus Mangga,Produk Minuman,Karton,Chiller,1,142,1,0.0,Expired
Air Soda,Produk Minuman,Plastik,Outside,1,258,4,-3.0,Expired
Sosis Frozen,,Plastik,Freezer,1,29,8,-5.0,Expired
Biskuit Crackers,Kering,Plastik,Outside,1,173,12,-5.0,Expired
Nugget Ikan,Produk Protein,Plastik,Freezer,1,155,6,-3.0,Expired
Ikan Makerel,Produk Kaleng,Kaleng,Outside,0,683,0,683.0,Fresh
Teh Tarik,Produk Minuman,carton,Chiller,1,181,3,-2.0,kadaluarsa
Jus Jeruk,Produk Minuman,Karton,Chiller,1,97,10 days,-5.0,Expired
Cola Original,Produk Minuman,Kaleng,Outside,0,,0,124.0,Fresh
Sosis Ayam,Produk Protein,Plastik,Chiller,1,14 hari,10,-5.0,Expired
Minuman Energi,Produk Minuman,Kaleng,Outside,0,45,0,45.0,
Nugget Ayam,Produk Protein,Plastik,Freezer,0,26,0,26.0,Fresh
Jagung Manis Kaleng,Produk Kaleng,Kaleng,Chiller,1,12,2,1.0,Soon
Susu Almond,Produk Olahan Susu,Karton,Chiller,Tidak,195 hari,0,195.0,Fresh
Biskuit Oreo,Produk Kering,plastik,Outside,0,28,0,28.0,Fresh
Sarden Minyak Zaitun,Produk Kaleng,Tin,Outside,0,940,0,940.0,Fresh
Nugget Ayam,,Plastik,Freezer,0,125,0,125.0,Fresh
Teh Lemon,Produk Minuman,Kardus,outside,1,73,1,0.0,Expired
YOGURT MANGGA,Produk Olahan Susu,Plastik,Chiller,1,30,5,-2.0,Expired
Rambutan Kaleng,Produk Kaleng,,Outside,1,86,1,2.0,Soon
Minuman Energi,Produk Minuman,Kaleng,Outside,0,183,0,183.0,Fresh
Jus Mangga,Produk Minuman,Karton,Chiller,1,180,6,-5.0,Expired
Keju Cheddar,dairy,Plastik,Chiller,1,138,10,4.0,Soon
Biskuit Crackers,Produk Kering,Plastik,Outside,1,129,9,-2.0,Expired
Sosis Frozen,Produk Protein,Polimer,Freeze,0,50,0,50.0,Fresh
Susu UHT Low Fat,produk olahan susu,Karton,Chiller,0,98,0,98.0,Fresh
Biskuit Oreo,Produk Kering,Plastik,Outside,0,,0,50.0,Fresh
Mangga Kaleng,Produk Kaleng,Kaleng,Outside,,284,8,-5.0,Expired
Sosis Ikan,Produk Protein,plastik,Chiller,1,38,2,1.0,Soon
Persik Kaleng,Produk Kaleng,Kaleng,,1,629,2,1.0,Segera
Sereal Oat,,Karton,Outside,1,229,25,5.0,Soon
Mie Instan Soto,PRODUK KERING,Plastik,Outside,1,5,2 days,-2.0,Expired
Mie Instan Soto,Produk Kering,Plastic,outside,0,312,0,312.0,Fresh
Yogurt Plain,Produk Olahan Susu,Plastik,CHILLER,0,21,0,21.0,Fresh
Air Mineral,Produk Minuman,PLASTIK,Outside,0,1,0,,Soon
Keju Mozzarella,Produk Olahan Susu,Plastik,Chiller,1,-5,7,0.0,Expired
Biskuit Sandwich,Produk Kering,Plastik,Outside,0,149,0,149.0,Fresh
Ikan Makerel,Produk Kaleng,,Outside,0,559,0,559.0,Fresh
Teh Botol,Produk Minuman,Botol Kaca,Outside,0,114,0,114.0,Fresh
Susu Bubuk Bayi,Dairy,Karton,Outside,0,448,0,448.0,Fresh
Teh Kotak Hijau,produk minuman,Karton,Room Temp,1,30,3,-2.0,
Susu Pasteurisasi,Produk Olahan Susu,Plastik,Chiller,0,8,0,8.0,Fresh
Rambutan Kaleng,Produk Kaleng,Kaleng,Outside,0,93,0,93.0,Fresh
Nugget Ayam,protein,,Freezer,1,60,6,-3.0,Expired
Cola Original,Produk Minuman,Kaleng,Outside,1,204,5,-4.0,Expired
Mie Instan Ayam,Produk Kering,Plastik,Outside,0,268,0,268.0,Fresh
Cola Original,produk minuman,Kaleng,OUTSIDE,1,44,5,-4.0,Expired
Jus Sirsak,Produk Minuman,carton,Chiller,1,25,3,0.0,Expired
Mie Instan Goreng,,Plastik,,0,30,0,30.0,Fresh
Biskuit Crackers,PRODUK KERING,plastic,Luar,0,121,0,121.0,Fresh
Yogurt Blueberry,produk olahan susu,Plastik,Chiller,1,29,1,2.0,
Sosis Ayam,Produk Protein,Plastik,Chiller,0,10,0,10.0,Fresh
Biskuit Mentega,Produk Kering,,Outside,1,274,1,13.0,
Sarden Minyak Zaitun,Produk Kaleng,kaleng,room temp,1,833,7,-5.0,Expired
Sosis Frozen,Produk Protein,Plastik,Freezer,1,79,6,-3.0,
Jus Apel,Produk Minuman,Karton,Chiller,0,138,0,138.0,Fresh
Sosis Frankfurter,Produk Protein,Plastik,Chiller,0,27,0,27.0,Fresh
Susu Kental Manis Putih,Produk Olahan Susu,Kaleng,Chiller,1,242,13 days,1.0,Soon
Sarden Cabai,Produk Kaleng,Kaleng,Outside,0,857,0,857.0,Fresh
Leci dalam Sirup,Produk Kaleng,Kaleng,Outside,1,161,3,0.0,Expired
Nugget Sapi,Produk Protein,Plastik,Freezer,1,115,2,1.0,hampir
 Susu Kental Manis Putih,Produk Olahan Susu,Kaleng,Chiller,0,317,0,317.0,Fresh
Air Mineral,Produk Minuman,PLASTIK,Outside,0,485,0,485.0,Fresh
Mie Instan Goreng,Produk Kering,Plastik,Outside,0,293,0,293.0,fresh
Sereal Cornflakes,Produk Kering,Karton,Outside,0,351,0,351.0,Fresh
Sosis Bebek,Produk Protein,Plastik,Chiller,1,89,,-1.0,Expired
Yogurt Greek,Produk Olahan Susu,Plastik,Chiller,0,16,0,16.0,Fresh
Mie Instan Soto,Prod. Kering,Plastik,Outside,0,276,0,276.0,Fresh
Biskuit Mentega,Produk Kering,Kaleng,Outside,0,27,0,27.0,fresh
Buah Cocktail,Produk Kaleng,Kaleng,Outside,1,115,8,-5.0,Expired
Mie Instan Ayam,Produk Kering,PLASTIK,Outside,1,247,5,-5.0,Expired
Minuman Isotonik,Produk Minuman,Plastik,Outside,0,350,0,350.0,Fresh
Cola Zero Sugar,Produk Minuman,Can,suhu ruangan,1,269,2,-1.0,Expired
jus anggur,Produk Minuman,Botol Kaca,Chiller,1,5,9,-4.0,Expired
Cola Zero Sugar,Produk Minuman,Kaleng,room temp,1,208,1,,Expired
Susu Bubuk Full Cream,Produk Olahan Susu,Karton,,1,419,22,8.0,Fresh
Sosis Frozen,Produk Protein,Plastik,Freezer,0,83,0,83.0,Fresh
Sosis Ayam,Produk Protein,Plastik,Chiller,1,6,6,-1.0,Expired
PERSIK KALENG,Produk Kaleng,Kaleng,Outside,Yes,483,1,2.0,Soon
Susu Bubuk Skim,Produk Olahan Susu,Karton,Outside,0,692,0,692.0,Fresh
Susu UHT Coklat,Produk Olahan Susu,karton,Chiller,,10000,3,-2.0,Expired
Nugget Ayam,Produk Protein,Plastik,frzer,1,29,2,1.0,Soon
Soda Jeruk,Produk Minuman,Kaleng,Outside,1,63,1,0.0,Expired
Susu Almond,Produk Olahan Susu,Karton,Chiller,0,258,0,258.0,Fresh
Biskuit Marie,PRODUK KERING,Plastik,Outside,0,149,0,149.0,Fresh
Teh Kotak Hijau,Produk Minuman,Karton,Room Temp,0,277,0,277.0,ok
Keju Mozzarella,Produk Olahan Susu,Plastik,Chiller,Ya,56,7,0.0,Expired
Susu Kental Manis Coklat,Produk Olahan Susu,Kaleng,Chiller,0,441,0,441.0,Fresh
  Mie Instan Ayam  ,produk kering,plastik,Outside,1,231,4,-4.0,Expired
Sereal Muesli,Produk Kering,Karton,Outside,0,230,0,230.0,Fresh
Yogurt Blueberry,Produk Olahan Susu,Plastik,Chiller,0,27,0,27.0,Fresh
Yogurt Kefir,Produk Olahan Susu,Botol Kaca,Chiller,1,,2,1.0,
Yogurt Blueberry,Produk Olahan Susu,Plastik,Chiller,1,4,2,1.0,Soon
Susu Kedelai,Produk Olahan Susu,Karton,Chiller,0,95,0,95.0,Fresh
Jagung Manis Kaleng,Produk Kaleng,Kaleng,Chiller,1,437,3,0.0,Dead
Mie Instan Goreng,Produk Kering,Plastik,Outside,0,32,0,32.0,Fresh
Sarden Minyak Zaitun,Produk Kaleng,Kaleng,Outside,0,196,0,-50.0,segar
Biskuit Oreo,Produk Kering,Plastik,Outside,,,0,19.0,Fresh
Yogurt Mangga,Produk Olahan Susu,Plastik,Chiller,1,24,8,-5.0,Expired
Minuman Energi,,Kaleng,Outside,Yes,258,6,-5.0,Expired
Sosis Frozen,Produk Protein,Plastic,Freezer,0,69,0,69.0,Fresh
Buah Cocktail,Produk Kaleng,Kaleng,suhu ruangan,0,,0,112.0,Fresh
Susu UHT Stroberi,Produk Olahan Susu,Karton,Chiller,0,11,0,11.0,Fresh
Jus Sirsak,Produk Minuman,Karton,Chiller,0,56,0,56.0,fresh
Soda Jeruk,Produk Minuman,Kaleng,Outside,0,294,0,294.0,Fresh
Teh Kotak Hijau,Produk Minuman,Karton,Outside,0,149,0,149.0,Fresh
	Kornet Ayam,Produk Kaleng,Kaleng,Outside,1,738,6,-3.0,Expired
 Biskuit Oreo,Produk Kering,Plastik,Outside,0,179,0 days,179.0,Fresh
Soda Jeruk,Produk Minuman,Kaleng,Outside,1,310,6,-5.0,Expired
 Rambutan Kaleng,Canned,Kaleng,Outside,1,663,8,-5.0,EXPIRED
Yogurt Mangga,Produk Olahan Susu,Plastik,Chiller,0,6,0,6.0,Soon
Biskuit Marie,Produk Kering,Plastik,Outside,1,166,4,3.0,Warning
Sereal Granola,Dry Food,Karton,Outside,1,329,9,21.0,fresh
Sosis Frankfurter,Produk Protein,Plastik,Chiller,1,51,11,-4.0,Expired
Sosis Ikan,produk protein,Plastik,Chiller,0,34,0,34.0,Fresh
SUSU PASTEURISASI,Produk Olahan Susu,Plastik,Chiller,1,13,5,-2.0,Dead
yogurt mangga,Dairy,Plastik,Chiller,1,,7,-4.0,Expired
Biskuit Mentega,Produk Kering,Kaleng,Outside,0,269 hari,0,269.0,Fresh
Jus Anggur,Produk Minuman,Botol Kaca,Chiller,false,2,0,2.0,Soon
Susu UHT Stroberi,,KARTON,Chiller,1,11,5,-4.0,Expired
Kornet Sapi,Produk Kaleng,Kaleng,Outside,1,378,7,-4.0,Expired
Sarden Minyak Zaitun,Produk Kaleng,Kaleng,Outside,True,762,5,-3.0,expired
Sarden Tomat,Produk Kaleng,KALENG,Outside,0,690,,690.0,Segar
Persik Kaleng,Produk Kaleng,Kaleng,,1,728,8,-5.0,Expired
Sarden Cabai,Produk Kaleng,Kaleng,Outside,0,7,0,7.0,Soon
Sereal Muesli,Produk Kering,,Outside,0,10000,0,104.0,
Sosis Ayam,Produk Protein,Plastik,Chiller,1,36,2,3.0,Soon
Ikan Makerel,Produk Kaleng,Kaleng,Outside,0,518,0,518.0,Fresh
Sarden Minyak Zaitun,Produk Kaleng,Kaleng,Outside,1,517,4,-2.0,Expired
Susu UHT Vanila,Produk Olahan Susu,Karton,Chiller,True,252,1,0.0,
Teh Tarik,Produk Minuman,Karton,Chiller,0,6,0,6.0,Soon
Jus Sirsak,Produk Minuman,Karton,refrigerator,1,90,7,-4.0,
Ikan Tuna ,Produk Kaleng,Kaleng,Outside,0,638,0,638.0,
Yogurt Minum Probiotik,Produk Olahan Susu,Botol Kaca,Chiller,0,20,0,20.0,Fresh
Nugget Udang,Produk Protein,Plastik,Freezer,True,21,1,2.0,Soon
Sosis Frozen,Produk Protein,Plastik,Freezer,0,8,0,8.0,Fresh
Cola Zero Sugar,Produk Minuman,KALENG,Outside,1,153,2,,Expired
Keju Mozzarella,,Plastik,Chiller,1,22 hari,8,-1.0,Expired
Persik Kaleng,Produk Kaleng,Kaleng,Outside,1,384,3,0.0,Expired
Air Soda,Produk Minuman,Plastik,Outside,1,272,5,-4.0,Expired
	Jagung Manis Kaleng,Produk Kaleng,Kaleng,Chiller,1,299,4,-1.0,Expired
Susu UHT Coklat,Produk Olahan Susu,Kardus,Chiller,1,27,1,0.0,Expired
Jus Mangga,Produk Minuman,Karton,Chiller,0,103,0,103.0,OK
Minuman Isotonik,Produk Minuman,Plastik,Outside,1,,6,-5.0,Expired
Teh Kotak Jasmine,Produk Minuman,Karton,Suhu Ruangan,1,363,2,-1.0,Expired
Buah Cocktail,Produk Kaleng,Kaleng,Outside,0,214,0,214.0,Fresh
Jus Mangga,Produk Minuman,Karton,Chiller,0,84,0,84.0,Fresh
Jus Sirsak,Produk Minuman,Karton,Chiller,1,152,7,-4.0,
Susu Bubuk Skim,Produk Olahan Susu,Karton,Outside,0,251,0,251.0,Fresh
Sereal Cornflakes,Produk Kering,KARTON,Outside,0,187,0,187.0,Fresh
Sereal Granola,Produk Kering,Karton,Outside,1,69,17,13.0,Fresh
Sosis Bebek,Produk Protein,Plastic,Chiller,0,-10,0,9.0,
Cola Zero Sugar,Produk Minuman,Tin,Luar,1,211,3,-2.0,Expired
Jus Jambu,Produk Minuman,Karton,Chiller,1,88,4,-1.0,Expired
Susu UHT Stroberi,Produk Olahan Susu,Karton,Chiller,1,164,5,-4.0,Expired
Teh Tarik,Produk Minuman,Karton,Chiller,1,195,2,-1.0,Expired
Air Soda,Produk Minuman,PLASTIK,Outside,0,318,0 days,318.0,Fresh
Susu Kental Manis Coklat,Produk Olahan Susu,Kaleng,Chiller,1,531,13,1.0,Soon
Sereal Muesli,Produk Kering,Karton,Outside,1,117,9,21.0,Fresh
Leci dalam Sirup,Produk Kaleng,Kaleng,Outside,1,706,3,0.0,Expired
Jus Apel,,Karton,Chiller,1,10,9,,Expired
Susu Kedelai,Produk Olahan Susu,Karton,Chiller,1,137,6,,Expired
Susu Bubuk Coklat,Produk Olahan Susu,Karton,Outside,1,539,8,22.0,Fresh
Jus Sirsak,Produk Minuman,Kardus,Chiller,0,97,0,97.0,OK
Nugget Sapi,Produk Protein,Plastik,Freezer,0,84,0,84.0,Fresh
Yogurt Plain,Produk Olahan Susu,Plastik,Chiller,0,6,0,6.0,Soon
Mie Instan Ayam,Produk Kering,Plastik,Outside,0,292,0,292.0,Fresh
Yogurt Stroberi,Produk Olahan Susu,Plastik,Chiller,1,2,1,2.0,Soon
Sosis Frankfurter,Produk Protein,Plastik,Chiller,1,79,5,2.0,Soon
Yogurt Minum Probiotik,Produk Olahan Susu,Botol Kaca,Chiller,0,5,0,5.0,soon
Soda Lemon,Produk Minuman,Tin Can,Outside,0,111,,111.0,Fresh
Susu Kental Manis Coklat,Produk Olahan Susu,Kaleng,Chiller,1,38,7,7.0,Soon
Susu UHT Stroberi,Produk Olahan Susu,Karton,Chiller,1,190,1,0.0,Expired
Buah Cocktail,Produk Kaleng,Kaleng,Outside,1,647,3,0.0,Expired
Yogurt Plain,Produk Olahan Susu,plastik,Chiller,0,14,0,14.0,Fresh
Sosis Frankfurter,,Plastik,Chiller,0,74,0,74.0,Fresh
Jus Nanas,Produk Minuman,,Chiller,1,135,7,-2.0,Expired
Persik Kaleng,Produk Kaleng,Kaleng,OUTSIDE,,468,0,468.0,Fresh
MINUMAN ISOTONIK,Produk Minuman,Plastik,Outside,1,263,1,0.0,Expired
Susu Kedelai,Produk Olahan Susu,Karton,Chiller,1,219,9 days,-4.0,Expired
Sereal Oat,Kering,Karton,Outside,1,185,28,2.0,Soon
Biskuit Digestive,Produk Kering,Plastik,Outside,1,254,19,-5.0,Expired
Susu Bubuk Coklat,Produk Olahan Susu,KARTON,Outside,1,321,17,13.0,Fresh
Ikan Makerel,Produk Kaleng,Kaleng,Outside,1,463,7,-5.0,Expired
Susu UHT Coklat,,Karton,Chiller,0,143,0,143.0,Fresh
Teh Botol,Produk Minuman,Botol Kaca,Outside,1,127,6,-3.0,Expired
Biskuit Mentega,Produk Kering,Kaleng,Outside,1,289,9,5.0,Soon
Jus Anggur,Produk Minuman,Botol Kaca,Chiller,0,247,0,247.0,Fresh
Kornet Ayam,Produk Kaleng,Kaleng,Outside,1,650,1,2.0,Soon
Nugget Sapi,Produk Protein,Plastik,Freezer,1,124,3,0.0,
Buah Cocktail,Produk Kaleng,Kaleng,Outside,1,115,3,0.0,Expired
Yogurt Minum Probiotik,Produk Olahan Susu,Botol Kaca,Chiller,True,19,8,-5.0,Expired
Nugget Sapi,Produk Protein,Polimer,Freezer,1,102,1,2.0,Soon
Teh Tarik,Produk Minuman,Karton,Chiller,0,219,0,219.0,Fresh
Teh Kotak Hijau,Produk Minuman,KARTON,Outside,1,169,3,-2.0,Dead
Keju Mozzarella,Produk Olahan Susu,Plastick,Chiller,1,52,6,1.0,Soon
Keju Cheddar,Produk Olahan Susu,plastic,Chiller,0,145,0,145.0,Fresh
Keju Cheddar,Produk Olahan Susu,Plastik,Chiller,0,168,0,168.0,Fresh
Nugget Ayam,Protein,Plastik,,1,142,3,0.0,Expired
	Susu Bubuk Skim,,Karton,Outside,0,76,0,76.0,Fresh
Susu Bubuk Full Cream,Produk Olahan Susu,Karton,Suhu Ruangan,1,325,32,-2.0,Expired
Yogurt Plain,Produk Olahan Susu,,Chiller,0,29,0,29.0,Fresh
Keju Cheddar,Produk Olahan Susu,Plastik,Refrigerator,1,46,4,10.0,Fresh
Biskuit Oreo,Produk Kering,Plastik,Outside,0,114,0,114.0,FRESH
Mie Instan Soto,Produk Kering,Plastik,Outside,0,,0,10.0,Fresh
Jus Mangga,Produk Minuman,Karton,Chiller,1,40,4,-3.0,Expired
Sereal Muesli,Produk Kering,,Outside,1,102 hari,20,10.0,Fresh
Sosis Sapi,Produk Protein,Plastik,Dingin,0,17,0,,Fresh
Jus Jeruk,Produk Minuman,Karton,Chiller,Ya,46,6,-1.0,Expired
Sereal Cornflakes,Produk Kering,Karton,Outside,True,223,27,,Soon
Minuman Isotonik,Produk Minuman,Plastik,Suhu Ruangan,0,266,0,266.0,Fresh
Keju Cream Cheese,Produk Olahan Susu,Karton,Chiller,1,21,10,4.0,Soon
Susu Kental Manis Coklat,produk olahan susu,Kaleng,Chiller,1,655,2,12.0,Fresh
Sosis Ayam,protein,,Chiller,1,32,1,4.0,Soon
Leci dalam Sirup,Produk Kaleng,,Outside,0,388,0,388.0,Fresh
Sosis Frankfurter,Produk Protein,Plastik,Chiller,1,74 hari,5,2.0,Soon
Jus Jambu,Produk Minuman,Karton,Chiller,1,134,6,-3.0,Expired
Teh Kotak Hijau,Produk Minuman,Karton,,1,55,1,0.0,Expired
Teh Kotak Jasmine,produk minuman,Karton,Outside,0,163,0,163.0,Fresh
Ikan Salmon,Produk Kaleng,Kaleng,Outside,false,1003,0,1003.0,Fresh
Sereal Oat,Produk Kering,,Outside,1,152,4,26.0,Fresh
Susu Almond,Produk Olahan Susu,Karton,Chiller,0,18,0,18.0,segar
Susu UHT Stroberi,Produk Olahan Susu,Karton,Chiller,0,14,0,14.0,Fresh
Sosis Sapi,Produk Protein,Plastik,Chiller,0,17,0,17.0,Fresh
  Jagung Manis Kaleng  ,Produk Kaleng,Kaleng,Chiller,1,346,3,0.0,Expired
Keju Mozzarella ,Produk Olahan Susu,Plastik,Chiller,1,17,4,3.0,Soon
Keju Edam,Produk Olahan Susu,,Chiller,1,43,12,9.0,Fresh
Yogurt Blueberry,Produk Olahan Susu,,Chiller,0,22,0,22.0,Fresh
 Susu Bubuk Coklat,Produk Olahan Susu,Karton,Outside,1,99,24,6.0,Segera
Sosis Sapi,Produk Protein,Plastik,Chiller,0,47,0,47.0,Fresh
Sereal Cornflakes,Produk Kering,Carton,Outside,no,331,0,331.0,Fresh
Biskuit Marie,Produk Kering,plastik,Outside,1,125,2,5.0,Soon
Yogurt Minum Probiotik,Produk Olahan Susu,Botol Kaca,Chiller,1,4,2,1.0,Soon
Keju Cheddar,Produk Olahan Susu,Plastick,Chiller,,14,4,10.0,Fresh
Keju Mozzarella,Produk Olahan Susu,Plastik,Chiller,1,51,7,0.0,Expired
Mie Instan Goreng,Produk Kering,Plastik,suhu ruangan,1,49,4,-4.0,Expired
Biskuit Sandwich,Produk Kering,plastik,Outside,0,152,0,152.0,Fresh
Sereal Granola,Produk Kering,Karton,Outside,1,135,16,14.0,Fresh
Susu Almond,Produk Olahan Susu,Karton,CHILLER,0,236,0,236.0,Fresh
Teh Lemon,beverage,Karton,Outside,1,352,6,-5.0,Expired
Cola Zero Sugar,,Kaleng,Outside,0,36,0,36.0,Fresh
Biskuit Crackers,Produk Kering,Plastik,Outside,1,89,3,4.0,Soon
Susu UHT Coklat,Produk Olahan Susu,Karton,Chiller,1,13,2,-1.0,Expired
Yogurt Greek,Produk Olahan Susu,Plastik,refrigerator,0,10,0,10.0,Segar
Kornet Ayam,Produk Kaleng,Kaleng,suhu ruangan,0,874,0,874.0,Fresh
Biskuit Digestive,,PLASTIK,outside,1,187,14,0.0,Expired
Susu UHT Vanila,Produk Olahan Susu,Karton,Chiller,1,252,4,-3.0,
Nugget Ikan,Produk Protein,Plastik,Freezer,0,129,0,129.0,Fresh
Teh Lemon,Produk Minuman,Karton,Outside,0,227 hari,0,227.0,Fresh
Persik Kaleng,Produk Kaleng,Kaleng,Outside,1,426,4,-1.0,Expired
Biskuit Marie,Produk Kering,Plastik,Outside,1,21,8,-50.0,Expired
Susu UHT Full Cream,,,fridge,0,260,0,260.0,Fresh
Biskuit Crackers,,Plastik,Outside,0,137,0,137.0,
Nugget Tempe,Produk Protein,Plastik,Freezer,1,80,3,0.0,Expired
Biskuit Sandwich,Produk Kering,,Outside,1,36,10,-5.0,Expired
Air Mineral,Produk Minuman,Plastik,Outside,1,433,4,-3.0,Expired
Susu Evaporasi,,,Chiller,0,76,0,76.0,Fresh
Air Mineral,Produk Minuman,Plastik,outside,True,612,3,-2.0,Expired
Cola Zero Sugar,Produk Minuman,Kaleng,Outside,0,46,0,46.0,Fresh
Ikan Salmon,Produk Kaleng,Kaleng,suhu ruangan,1,264,5,-3.0,Expired
Biskuit Digestive,Produk Kering,Polimer,Outside,0,66,0,66.0,Fresh
Minuman Isotonik,Produk Minuman,Plastik,Outside,0,54,0,,Fresh
Mie Instan Ayam,Produk Kering,Plastik,Outside,1,46,2,-2.0,
Susu UHT Full Cream,Produk Olahan Susu,Karton,Chiller,1,158,4,3.0,Soon
Biskuit Sandwich,Produk Kering,Plastik,Outside,1,77,8,-3.0,Expired
Sereal Oat,,karton ,room temp,0,84,0,84.0,Fresh
Susu Kental Manis Putih,Produk Olahan Susu,,Chiller,1,55,13,1.0,Soon
Kornet Sapi,Produk Kaleng,Kaleng,Outside,0,713,0,713.0,Fresh
Biskuit Digestive,Produk Kering,Plastik,Outside,1,304,3,11.0,Fresh
Susu Bubuk Full Cream,Produk Olahan Susu,Karton,Outside,0,323,0,323.0,Fresh
Yogurt Blueberry,Produk Olahan Susu,Plastik,Chiller,1,11,2,1.0,Soon
Jagung Manis Kaleng,Produk Kaleng,Kaleng,Chiller,1,606,4,,Expired
Yogurt Kefir,Produk Olahan Susu,Botol Kaca,Chiller,false,12,0,12.0,Fresh
Sereal Coklat,Produk Kering,Karton,Outside,0,319 hari,0,319.0,FRESH
Ikan Makerel,Produk Kaleng,Kaleng,Outside,1,715,7,-5.0,Expired
	Jus Anggur,Produk Minuman,Botol Kaca,Kulkas,0,171,0,171.0,Fresh
Sosis Ikan,Protein,Plastik,Chiller,1,39,2,1.0,Soon
Biskuit Crackers,Produk Kering,Plastik,Outside,0,103,0,103.0,Fresh
Soda Jeruk,Produk Minuman,Kaleng,OUTSIDE,0,57,0,57.0,Segar
Biskuit Wafer,Produk Kering,Plastik,Outside,1,,7,-2.0,Expired
Susu Bubuk Full Cream,Produk Olahan Susu,Karton,Outside,0,689,0,689.0,Fresh
Air Soda,Produk Minuman,Plastik,Outside,false,296,0,296.0,Fresh
Ikan Salmon,Produk Kaleng,Kaleng,Outside,0,953,0,953.0,Fresh
Susu Pasteurisasi,Produk Olahan Susu,Plastik,Chiller,1,8 hari,8,-5.0,Expired
Nugget Sapi,Produk Protein,Plastik,Freezer,1,12,4,-1.0,Expired
Persik Kaleng,,Kaleng,Outside,0,167,0,167.0,Fresh
Biskuit Oatmeal,Produk Kering,Plastik,Outside,0,57,0,57.0,Fresh
	Kornet Sapi,Produk Kaleng,Kaleng,,0,123,0,123.0,Fresh
Nugget Ikan,Produk Protein,Plastik,Freezer,0,,0,168.0,Fresh
Sarden Cabai,Produk Kaleng,Kaleng,Outside,0,9999,0,196.0,Fresh
Susu UHT Stroberi,Produk Olahan Susu,Karton,Chiller,0,45,0,45.0,Fresh
Teh Tarik,Produk Minuman,KARTON,Chiller,0,41,0,41.0,Fresh
Ikan Makerel,Produk Kaleng,Kaleng,Outside,0,347,0,347.0,Fresh
Leci dalam Sirup,Produk Kaleng,kaleng,Outside,0,652,0 days,652.0,Fresh
Kornet Ayam ,Produk Kaleng,Kaleng,,0,308,0,308.0,Fresh
Keju Cream Cheese,,Karton,Chiller,1,57,10,4.0,Soon
Biskuit Digestive,Produk Kering,Plastik,,0,16,0,16.0,Fresh
Yogurt Minum Probiotik,Produk Olahan Susu,Botol Kaca,Chiller,0,16,0,16.0,Fresh
COLA ZERO SUGAR,Produk Minuman,Kaleng,Outside,1,54,4,-3.0,Expired
Biskuit Wafer,Produk Kering,Plastik,Outside,0,23,0,23.0,Fresh
Jus Mangga,Produk Minuman,Karton,Chiller,1,46,2,-1.0,Expired
Sarden Minyak Zaitun,Produk Kaleng,Kaleng,room temp,0,1065,0,1065.0,Fresh
Keju Edam,Produk Olahan Susu,Plastik,Chiller,1,109,23,-2.0,Expired
Jus Nanas,Produk Minuman,Karton,CHILLER,No,112,0,112.0,Fresh
Yogurt Plain,Produk Olahan Susu,Plastik,Chiller,1,1,7,-2.0,Expired
Susu UHT Vanila,Produk Olahan Susu,Karton,Chiller,true,231,4,-3.0,Expired
Keju Edam,Produk Olahan Susu,Plastik,Chiller,0,,0,102.0,Fresh
Nanas Kaleng,Produk Kaleng,Kaleng,Outside,1,423,6,-3.0,Expired
Mie Instan Soto,Produk Kering,Plastik,Outside,1,190,2,-2.0,Expired
Yogurt Stroberi,Produk Olahan Susu,Plastik,Chiller,1,18,5,-2.0,Expired
Kornet Sapi,canned,Kaleng,Outside,0,1067,,,Fresh
Jus Apel,produk minuman,Karton,Chiller,1,87,4,1.0,Soon
Soda Jeruk,Produk Minuman,Kaleng,Outside,1,303,4,-3.0,Expired
Sosis Ikan,Produk Protein,Plastik,,1,,2,1.0,
Mie Instan Goreng,Produk Kering,Plastik,Outside,0,287,0,287.0,Fresh
Sosis Sapi,PRODUK PROTEIN,Plastik,Chiller,0,43,0,9999.0,Fresh
Keju Cheddar,Olahan Susu,PLASTIK,Chiller,0,100,0,100.0,Fresh
Minuman Energi,Produk Minuman,Kaleng,Outside,1,74,6,-5.0,Expired
Jagung Manis Kaleng,Produk Kaleng,Kaleng,Chiller,0,244,0,244.0,Fresh
Kornet Ayam,Produk Kaleng,Kaleng,,1,237,4,-1.0,Expired
Kornet Ayam,Kaleng,Kaleng,Outside,1,294,1,2.0,Soon
Jus Nanas,PRODUK MINUMAN,,Chiller,0,50,,50.0,FRESH
Teh Tarik,Produk Minuman,Karton,Chiller,0,80,0,80.0,Fresh
SEREAL GRANOLA,Produk Kering,Karton,OUTSIDE,1,364,34,-4.0,Expired
Susu Pasteurisasi,Produk Olahan Susu,Plastik,Chiller,Ya,14,1,2.0,Soon
Yogurt Blueberry,Produk Olahan Susu,,Chiller,1,3,7,-4.0,Expired
Sereal Oat,Produk Kering,Carton,outside,1,79,2,28.0,Fresh
Kornet Sapi,Produk Kaleng,Kaleng,Outside,0,1018,0,1018.0,Fresh
Teh Lemon,Produk Minuman,Karton,suhu ruangan,0,278,0,278.0,Fresh
Minuman Energi,,Kaleng,Outside,1,201,5,-4.0,Expired
Susu Evaporasi,Produk Olahan Susu,Kaleng,Chiller,0,52,0,52.0,Fresh
Ikan Tuna,Produk Kaleng,Kaleng,suhu ruangan,0,170,0,170.0,Fresh
Nugget Udang,Produk Protein,Plastik,Freezer,1,83,8,-5.0,Expired
Mie Instan Soto,Dry Food,Plastik,Outside,1,9,2,-2.0,Expired
Biskuit Mentega,Produk Kering,Kaleng,,true,314,2 days,12.0,ok
Keju Edam,Produk Olahan Susu,Plastik,Chiller,0,121,0,121.0,Fresh
Susu UHT Full Cream,Produk Olahan Susu,Karton,Chiller,0,167,0,167.0,Fresh
Susu UHT Stroberi,Produk Olahan Susu,Karton,Chiller,0,71,0,71.0,Fresh
Keju Cheddar,Produk Olahan Susu,Plastik,Chiller,1,8,9,5.0,hampir
Minuman Energi,Produk Minuman,Kaleng,Outside,1,327,3,-2.0,Expired
Biskuit Digestive,Produk Kering,Plastik,OUTSIDE,1,,7,9999.0,Soon
Teh Kotak Jasmine,Produk Minuman,Karton,Outside,,356,2,-1.0,Expired
Jus Apel,Produk Minuman,Kardus,fridge,1,106,7,-2.0,Expired
Teh Kotak Hijau,Produk Minuman,Karton,Outside,0,223,0,-999.0,Fresh
Cola Original,Produk Minuman,Kaleng,Outside,1,260,4,-3.0,Expired
Nanas Kaleng,Produk Kaleng,Kaleng,Outside,1,394,5,-2.0,Expired
Keju Cream Cheese,,Karton,Refrigerator,0,40,0 days,40.0,Fresh
Susu UHT Full Cream,Produk Olahan Susu,Karton,Chiller,1,37,10,-3.0,Expired
Teh Kotak Hijau,PRODUK MINUMAN,Karton,Outside,,271,0,271.0,Fresh
Sosis Ikan,Produk Protein,Plastik,Chiller,0,11,0,11.0,segar
Yogurt Kefir,Produk Olahan Susu,Botol Kaca,Chiller,0,3,0,3.0,Soon
Air Soda,produk minuman,Plastick,Outside,True,327,4,-3.0,Basi
Jus Mangga,,Karton,Chiller,1,146,4,-3.0,kadaluarsa
Susu Bubuk Bayi,Produk Olahan Susu,Karton,Outside,1,474,3,27.0,Fresh
Rambutan Kaleng,Produk Kaleng,Kaleng,Outside,0,392,0,392.0,Fresh
Sosis Frozen,Produk Protein,Plastik,,1,119,1,2.0,Soon
Ikan Tuna,Produk Kaleng,Kaleng,Outside,0,439,0,439.0,Fresh
Soda Lemon,Produk Minuman,Kaleng,Outside,1,66,6,-5.0,Expired
Air Mineral,Produk Minuman,Plastik,OUTSIDE,1,9999,3 days,,Expired
Nugget Sayuran,Produk Protein,Plastik,Freezer,1,173,8,-5.0,Expired
Mie Instan Soto,Produk Kering,,Outside,1,318,3,-3.0,Expired
Yogurt Mangga,Produk Olahan Susu,Plastik,Chiller,0,24,0,24.0,OK
Mangga Kaleng,Produk Kaleng,Kaleng,Outside,1,156,6,-3.0,Expired
Persik Kaleng,Produk Kaleng,Kaleng,Outside,1,381,7,-4.0,Expired
Sosis Frozen,Produk Protein,Plastik,Freeze,1,70,8,-5.0,Expired
Leci dalam Sirup,Produk Kaleng,Kaleng,Outside,0,384,0,,Fresh
 Mie Instan Soto,,Plastik,Outside,1,133,4,-4.0,Expired
Sarden Cabai ,Produk Kaleng,Kaleng,Outside,0,599,0,599.0,Fresh
	Soda Lemon,Produk Minuman,Kaleng,Outside,0,212,0,212.0,Fresh
Yogurt Mangga,Produk Olahan Susu,Plastik,Chiller,Ya,22,2,1.0,Soon
Sarden Minyak Zaitun,Produk Kaleng,Kaleng,Outside,1,,5,-3.0,Expired
Kornet Ayam,Produk Kaleng,Kaleng,Outside,1,528,1,2.0,Soon
Nugget Udang,,Plastic,Freezer,False,150,0,150.0,fresh
Susu Kedelai,Produk Olahan Susu,Karton,Chiller,0,237,0,237.0,Fresh
Jus Jeruk,Produk Minuman,Karton,Chiller,1,,5,0.0,Expired
Mie Instan Ayam,Produk Kering,Plastik,Outside,1,111,2,-2.0,Expired
Susu Kental Manis Coklat,Prod. Susu,Kaleng,Chiller,1,280,4,10.0,Fresh
Soda Jeruk,Produk Minuman,,Outside,true,220,2,-1.0,Basi
Mie Instan Ayam,dry food,Plastik,Outside,0,278,0,278.0,Fresh
Yogurt Stroberi,Produk Olahan Susu,Plastik,Chiller,0,8,0,8.0,Fresh
Nugget Ayam,protein,Plastik,Freezer,1,49 hari,4,-1.0,Expired
Minuman Isotonik,Produk Minuman,Plastick,Outside,1,219,6 days,-5.0,Expired
Mie Instan Ayam,Produk Kering,Plastik,Outside,0,249,0,249.0,Fresh
Teh Botol,Produk Minuman,Botol Kaca,Outside,1,283 hari,2 days,1.0,Soon
Mie Instan Goreng,Produk Kering,Plastik,Outside,0,268,0,268.0,Fresh
Mie Instan Soto,,plastik,Outside,1,108,4,-4.0,Expired
  Cola Original  ,PRODUK MINUMAN,Kaleng,Outside,1,149,3,-2.0,EXPIRED
Yogurt Greek,produk olahan susu,Plastik,Chiller,0,17,0,17.0,Fresh
Susu Bubuk Skim,Produk Olahan Susu,Karton,Outside,Yes,,35,-5.0,Expired
Sereal Muesli,Produk Kering,Karton,Outside,0,19,0,19.0,Fresh
Teh Botol,Produk Minuman,Botol Kaca,Outside,0,333,0,333.0,Fresh
Sosis Ikan,Produk Protein,Polimer,Chiller,1,9,2,1.0,Soon
Minuman Energi,Produk Minuman,Kaleng,OUTSIDE,1,16,2,-1.0,Expired
Minuman Isotonik,Produk Minuman,Plastik,Outside,1,56,6,-5.0,expired
Mie Instan Ayam,Produk Kering,Plastik,Outside,1,93,4,-4.0,Expired
Yogurt Kefir,Produk Olahan Susu,Botol Kaca,Chiller,False,,0,7.0,Soon
Jus Apel,Produk Minuman,Karton,Chiller,0,26,0,26.0,Fresh
Sarden Cabai,Produk Kaleng,Kaleng,Outside,0,580,0,580.0,Fresh
Nugget Udang,Produk Protein,Plastik,freezer,1,61,4,-1.0,Expired
Nugget Ikan,Produk Protein,Plastik,Freezer,0,,0,60.0,Fresh
Susu UHT Stroberi,Produk Olahan Susu,Carton,fridge,1,138,3,-2.0,Expired
Nugget Udang,protein,plastik,Freezer,1,22 hari,7,-4.0,Expired
	Teh Tarik,Produk Minuman,Karton,Chiller,0,76,0,76.0,Fresh
Susu UHT Stroberi,Produk Olahan Susu,Karton,Chiller,1,173,,,Expired
Rambutan Kaleng,Produk Kaleng,Kaleng,Outside,1,137,7,-4.0,Expired
Minuman Isotonik,Beverage,Plastik,Outside,1,116,,-1.0,Expired
Cola Zero Sugar ,Produk Minuman,Kaleng,Outside,1,196,3,-2.0,Expired
Soda Jeruk,Produk Minuman,Tin Can,Outside,1,353,1,0.0,Expired
Nugget Sayuran,Produk Protein,Plastik,Freezer,0,44,0,44.0,Fresh
Mie Instan Goreng,Produk Kering,PLASTIK,Outside,1,160,1,-1.0,Expired
Susu UHT Vanila,Produk Olahan Susu,Karton,Chiller,1,59,1,0.0,Dead
susu kedelai,Produk Olahan Susu,Karton,Chiller,0,245,0,245.0,Fresh
Jus Sirsak,Produk Minuman,Karton,Chiller,0,25,0,25.0,Fresh
Susu UHT Vanila,Produk Olahan Susu,Karton,,1,145,6,-5.0,Expired
Persik Kaleng,Produk Kaleng,Kaleng,,1,229,2,-50.0,soon
Yogurt Blueberry,Produk Olahan Susu,Plastik,Chiller,1,10,2,1.0,Soon
Susu Almond,Produk Olahan Susu,Karton,Chiller,1,158,5,0.0,Expired
Cola Zero Sugar,Produk Minuman,Can,Outside,1,333,4,-3.0,basi
Ikan Tuna,Produk Kaleng,Kaleng,Outside,0,896,0,896.0,Segar
Persik Kaleng,Produk Kaleng,Can,Outside,1,,8,-5.0,Expired
Jus Sirsak,Produk Minuman,Kardus,Chiller,1,118,3,0.0,Expired
Persik Kaleng,Produk Kaleng,Kaleng,Outside,0,16,0,16.0,Fresh
Buah Cocktail,Produk Kaleng,Kaleng,Outside,1,662,3,0.0,Expired
Jus Apel,Produk Minuman,Karton,Kulkas,0,37,0 days,37.0,Fresh
Keju Mozzarella,Olahan Susu,Plastik,Chiller,1,10,2,5.0,Soon
Biskuit Digestive,Produk Kering,Plastik,Outside,0,260,0,260.0,Fresh
Jus Jambu,Produk Minuman,karton,Chiller,,59,0,59.0,Segar
Sosis Bebek,Produk Protein,Plastik,Chiller,0,34,0,34.0,Fresh
Susu Kedelai,Produk Olahan Susu,Karton,Chiller,0,170,0,170.0,Fresh
Jus Sirsak,Produk Minuman,Karton,chiller,0,167,0,167.0,Fresh
Mie Instan Ayam,Produk Kering,Plastik,OUTSIDE,0,99,0,99.0,Fresh
Biskuit Digestive ,dry food,Plastik,Outside,0,275,0,275.0,Fresh
Mie Instan Soto,Produk Kering,Plastic,outside,0,312,0,312.0,Fresh
Susu UHT Low Fat,Produk Olahan Susu,Karton,Kulkas,0,172,0,172.0,Fresh
Biskuit Oatmeal,Produk Kering,Plastik,,1,,5,2.0,Soon
Yogurt Greek,Produk Olahan Susu,Plastik,Chiller,0,16,0,16.0,ok
Jus Anggur,Produk Minuman,Botol Kaca,Chiller,1,197,5 days,0.0,Expired
Sosis Bebek,Produk Protein,Plastik,fridge,1,51,12,-5.0,
Nanas Kaleng,Produk Kaleng,Kaleng,Outside,0,623,0,623.0,Fresh
Mie Instan Goreng,Produk Kering,Plastik,OUTSIDE,0,,0,217.0,Fresh
Teh Lemon,Produk Minuman,Karton,Outside,1,335,3,-2.0,Expired
Nugget Tempe,Produk Protein,,freezer,0,12,0,12.0,Fresh
Minuman Energi,Produk Minuman,Kaleng,Outside,0,181,0,181.0,Fresh
Susu UHT Vanila,Produk Olahan Susu,Karton,Chiller,1,218,6,,Expired
Susu Kental Manis Putih,Produk Olahan Susu,Kaleng,Chiller,1,347,2,12.0,Fresh
Nugget Sayuran,Produk Protein,Plastik,Freezer,0,24,0,24.0,Fresh
Keju Parmesan,Dairy,Plastik,Chiller,0,294,0,294.0,Fresh
Susu Bubuk Coklat,Produk Olahan Susu,Karton,Outside,1,465,26,4.0,Soon
Sosis Ikan,Produk Protein,Plastik,Kulkas,0,,0,9.0,Fresh
Persik Kaleng,Produk Kaleng,kaleng ,Outside,1,476,7,-4.0,Expired
Biskuit Mentega,PRODUK KERING,Kaleng,Outside,0,,0,143.0,Fresh
Keju Cream Cheese,Produk Olahan Susu,Karton,Chiller,0,41,0,,Fresh
Sosis Ikan,Produk Protein,Plastik,Chiller,1,39,8,-5.0,Expired
Cola Zero Sugar,Produk Minuman,Tin Can,Outside,0,109,0,109.0,Fresh
Mie Instan Ayam,Produk Kering,plastic,Outside,0,-10,0,271.0,Fresh
Teh Kotak Jasmine,beverage,Karton,Outside,1,134,4,-3.0,
Yogurt Greek,Produk Olahan Susu,Plastik,Chiller,0,1,0,1.0,Soon
Susu Almond ,Produk Olahan Susu,Karton,Chiller,1,238 hari,9,-4.0,EXPIRED
Sosis Ayam,protein,Plastik,Chiller,0,4,0,4.0,Soon
Jus Mangga,Produk Minuman,Karton,Chiller,1,98,3,-2.0,Expired
Susu UHT Stroberi,Produk Olahan Susu,Karton,Chiller,true,7,4,-3.0,Expired
Sereal Cornflakes,Produk Kering,Karton,Outside,0,130,0,130.0,Fresh
Keju Parmesan,Produk Olahan Susu,Plastik,Chiller,1,282,33,-3.0,Expired
Susu Bubuk Skim,Produk Olahan Susu,Karton,Outside,0,241,0,241.0,Fresh
Sosis Bebek,Produk Protein,Plastik,Chiller,0,79,0,79.0,Fresh
Jus Mangga,Produk Minuman,Karton,Chiller,,22,0,22.0,Fresh
 Susu Bubuk Coklat,Produk Olahan Susu,Karton,Outside,1,99,24,6.0,Segera
biskuit oreo,Produk Kering,Plastik,Outside,0,31,0,31.0,Fresh
Biskuit Wafer,Produk Kering,Plastik,Outside,1,69,9,-4.0,Expired
Susu Evaporasi,Produk Olahan Susu,Kaleng,Chiller,0,143,0,143.0,
Nugget Ayam,Produk Protein,Plastik,Freezer,0,92,0,92.0,Fresh
Biskuit Digestive,Produk Kering,Plastik,Outside,0,17,0,17.0,Fresh
Sosis Frankfurter,,Plastik,Chiller,1,90,12,-5.0,
 Susu Bubuk Bayi,Produk Olahan Susu,Karton,Outside,1,473,29,1.0,Soon
Jus Jeruk,Produk Minuman,Karton,,0,,0,37.0,fresh
Susu Evaporasi,Produk Olahan Susu,Kaleng,Chiller,0,162,0,162.0,Fresh
Ikan Salmon,Produk Kaleng,Kaleng,Outside,0,1073,0,,Fresh
Nugget Tempe,Produk Protein,Plastik,Freezer,1,24,6,-3.0,kadaluarsa
Minuman Energi,Produk Minuman,kaleng,Outside,1,8,4,-3.0,EXPIRED
Minuman Energi,Produk Minuman,Kaleng,Room Temp,1,10000,5,-4.0,Expired
Jus Nanas,produk minuman,Karton,,0,88,0,9999.0,Fresh
Keju Mozzarella,Produk Olahan Susu,Plastik,Chiller,0,9,0,9.0,fresh
Nanas Kaleng,Produk Kaleng,Kaleng,Outside,yes,513,2,1.0,Soon
Teh Kotak Jasmine,Produk Minuman,Karton,Outside,0,271,0,271.0,Fresh
Jus Apel,,Kardus,Chiller,1,143,1,4.0,Soon
Keju Edam,Produk Olahan Susu,Polimer,Chiller,0,127,0,127.0,Fresh
Nugget Ayam,Produk Protein,Plastik,Freezer,0,52,0,52.0,Fresh
Susu UHT Vanila,,Kardus,Chiller,1,117,3,-2.0,Expired
Mie Instan Soto,Produk Kering,Plastik,Outside,0,64,0,64.0,Fresh
Biskuit Oatmeal,Produk Kering,Plastik,Outside,1,80,12,-5.0,Expired
Teh Botol,Produk Minuman,Glass Bottle,Outside,0,99,0,99.0,Fresh
Sarden Cabai,Produk Kaleng,Kaleng,Outside,0,28,0,28.0,Fresh
Susu UHT Vanila,Produk Olahan Susu,Karton,Chiller,1,167,2,-1.0,Expired
 Jus Sirsak,Produk Minuman,Karton,Chiller,,,0,161.0,Fresh
Sosis Bebek,Produk Protein,Plastik,Chiller,1,77,1,6.0,Soon
Soda Jeruk,Produk Minuman,Kaleng,Suhu Ruangan,0,,0,274.0,Fresh
Sosis Frankfurter,Produk Protein,Plastik,,1,54,11,-4.0,expired
  Sosis Frankfurter  ,protein,plastik,Chiller,1,10000,5,2.0,Soon
Susu Evaporasi,Produk Olahan Susu,Kaleng,Chiller,0,515,0,515.0,Fresh
Teh Kotak Hijau,PRODUK MINUMAN,Karton,Outside,1,223,1 days,0.0,Expired
Biskuit Marie,Produk Kering,Plastik,Outside,0,154,0,154.0,Fresh
Nanas Kaleng,canned,Kaleng,Outside,1,62,5,-2.0,Expired
air soda,Produk Minuman,Plastik,Outside,0,268,0,268.0,Fresh
Yogurt Greek,Produk Olahan Susu,Plastik,Chiller,1,,3,2.0,Soon
Sereal Cornflakes,Produk Kering,Karton,outside,1,344,6,24.0,Fresh
Rambutan Kaleng,Produk Kaleng,Kaleng,Outside,1,519,,-2.0,Expired
Minuman Isotonik,Produk Minuman,Plastik,Outside,0,,0,227.0,Fresh
Biskuit Wafer,Produk Kering,Plastik,Outside,0,,0,164.0,Fresh
Kornet Sapi,Produk Kaleng,Kaleng,,1,62,,2.0,Soon
Sarden Cabai,Produk Kaleng,,Outside,0,662,0,662.0,Fresh
Teh Lemon,Produk Minuman,Karton,Outside,0,132,0,132.0,Fresh
Susu Bubuk Full Cream,Produk Olahan Susu,Karton,Outside,0,468,0,468.0,Fresh
Susu Bubuk Coklat,Produk Olahan Susu,Carton,Outside,1,54,9 days,21.0,Fresh
Susu Kental Manis Coklat,produk olahan susu,tin,chiller,0,469,0,469.0,Fresh
Teh Lemon,Produk Minuman,Carton,Outside,1,11,3,-2.0,basi
sosis ayam,Produk Protein,Plastik,Chiller,1,1,6,-1.0,Expired
Nugget Sapi,Produk Protein,Plastik,Freeze,0,35,0,35.0,Fresh
Sosis Frankfurter,Produk Protein,Plastik,Chiller,0,90,0,90.0,Fresh
Sarden Minyak Zaitun,Produk Kaleng,Tin,Outside,1,1015,2,0.0,Expired
Jus Jambu,Produk Minuman,Karton,kulkas,0,70,0,70.0,Fresh
Kornet Sapi,Produk Kaleng,Kaleng,Outside,Ya,234,1,2.0,Soon
Biskuit Marie,Produk Kering,Plastik,Outside,1,123,7,0.0,Expired
Susu Almond,Produk Olahan Susu,Karton,Chiller,1,48,9,-4.0,Expired
Susu UHT Vanila,Produk Olahan Susu,Karton,refrigerator,0,78,0,78.0,Fresh
Susu Kental Manis Putih,Produk Olahan Susu,Can,Chiller,1,199,12,2.0,Soon
Susu Kental Manis Putih,Produk Olahan Susu,Kaleng,Chiller,1,659,11,3.0,Soon
Cola Original,beverage,Kaleng,Outside,1,296,3,-2.0,Expired
Yogurt Greek,Produk Olahan Susu,Plastik,,1,12,9,-4.0,Kadaluarsa
Biskuit Oreo ,PRODUK KERING,Plastik,Outside,0,46,0,46.0,segar
Yogurt Mangga,Produk Olahan Susu,Plastik,Chiller,1,22,6,-3.0,Expired
Yogurt Blueberry,Produk Olahan Susu,PLASTIK,Chiller,0,24,0,24.0,Fresh
Teh Lemon,Produk Minuman,Karton,Outside,1,74,6,-5.0,EXPIRED
Yogurt Kefir,Produk Olahan Susu,Botol Kaca,Chiller,0,7,0,7.0,Soon
Nugget Ikan,Produk Protein,Plastik,Freezer,0,82,0,82.0,Fresh
Susu Almond,Produk Olahan Susu,Karton,Chiller,1,25,4,1.0,Soon
Susu Evaporasi,Produk Olahan Susu,Kaleng,Chiller,0,166,0,166.0,Fresh
Soda Lemon,Produk Minuman,Kaleng,Outside,0,113,0,113.0,segar
JAGUNG MANIS KALENG,Produk Kaleng,Kaleng,Chiller,0,651,0,651.0,segar
Minuman Energi,PRODUK MINUMAN,,Outside,1,320,5,-4.0,Expired
Susu Bubuk Skim,produk olahan susu,Karton,Outside,0,391 hari,0,,Fresh
Ikan Salmon,Produk Kaleng,Kaleng,Outside,1,807,5,-3.0,Expired
Keju Mozzarella,Produk Olahan Susu,Plastik,Chiller,,44,0,44.0,Segar
Teh Kotak Hijau,Produk Minuman,Karton,Outside,1,248,3,-2.0,Expired
Mie Instan Goreng,,Plastik,Outside,yes,120,5,-5.0,Expired
susu evaporasi,PRODUK OLAHAN SUSU,Kaleng,Chiller,1,684,6,1.0,Soon
Sosis Ikan,Produk Protein,Plastik,Chiller,1,40,5,-2.0,Expired
Teh Kotak Hijau,Produk Minuman,Karton,Outside,1,58,3,-2.0,Expired
Sereal Cornflakes,Produk Kering,Karton,Outside,1,103,27,,Soon
Sarden Cabai,Kaleng,Kaleng,Outside,1,606,1,1.0,Soon
Sarden Cabai,Kaleng,kaleng,Outside,1,732,5,-3.0,Expired
Ikan Tuna,Produk Kaleng,Kaleng,Outside,1,1004,6,-4.0,Expired
Susu Kental Manis Putih,Produk Olahan Susu,Kaleng,kulkas,1,450,17,-3.0,Expired
Nugget Ayam,,Plastik,Freezer,0,168,0,168.0,Fresh
Susu Kental Manis Putih,Produk Olahan Susu,Kaleng,Chiller,0,294,0 days,294.0,Fresh
Rambutan Kaleng,Produk Kaleng,Kaleng,room temp,0,655,0,655.0,Fresh
Biskuit Mentega,Produk Kering,Kaleng,Outside,0,298,0,,Fresh
Buah Cocktail,Produk Kaleng,Kaleng,Outside,1,392,6,-3.0,Expired
Susu Bubuk Coklat,Produk Olahan Susu,KARTON,Outside,1,250 hari,9,21.0,Fresh
Air Mineral,Produk Minuman,Plastik,Suhu Ruangan,1,56,1,0.0,Expired
Susu Evaporasi,Produk Olahan Susu,Kaleng,Chiller,0,531,0,531.0,Fresh
Rambutan Kaleng,Produk Kaleng,Kaleng,Outside,1,270,3,0.0,Expired
Persik Kaleng,Produk Kaleng,can,Outside,1,138,1,2.0,Soon
Nugget Udang,Produk Protein,plastik,Freezer,1,11,7,-4.0,Expired
Yogurt Kefir,Produk Olahan Susu,Botol Kaca,CHILLER,0,2,0,2.0,Hampir
Teh Kotak Hijau,Produk Minuman,Karton,Outside,0,167,0,167.0,Fresh
 Nugget Udang,Produk Protein,Plastik,Freezer,0,109,0,109.0,Fresh
Kornet Sapi,Produk Kaleng,Kaleng,Outside,1,38,8,-5.0,Expired
Ikan Tuna,Produk Kaleng,Kaleng,Outside,1,,3,-1.0,Expired
Jus Mangga,Produk Minuman,Karton,,0,119,0,119.0,Fresh
Susu UHT Stroberi,Produk Olahan Susu,Karton,Chiller,1,231,3,-2.0,Expired
Kornet Sapi,Produk Kaleng,Kaleng,Outside,1,752,5,-2.0,Expired
Yogurt Plain,Produk Olahan Susu,Plastik,Chiller,0,1,0,1.0,Soon
Kornet Sapi,Produk Kaleng,kaleng,Outside,0,902,0,902.0,Fresh
Teh Kotak Hijau,Produk Minuman,Karton,Outside,1,61,4,-3.0,Expired
Jus Apel,Produk Minuman,Karton,Chiller,1,73,4,1.0,Soon
Susu Almond,Produk Olahan Susu,Karton,Chiller,0,112,0,112.0,Fresh
	Sereal Oat,,Karton,Outside,1,154,10,20.0,Fresh
Yogurt Kefir,Produk Olahan Susu,,Chiller,yes,11,5,-2.0,Expired
Susu Bubuk Full Cream,Produk Olahan Susu,Karton,Outside,1,16,10,16.0,Fresh
Susu Bubuk Full Cream,Produk Olahan Susu,Karton,Outside,1,,32,-2.0,EXPIRED
Susu Bubuk Full Cream,Produk Olahan Susu,Karton,Outside,1,53 hari,14,16.0,Fresh
Nugget Udang,Produk Protein,Plastik,Freezer,1,85,7,-4.0,Expired
Jus Apel,Produk Minuman,Karton,Chiller,0,29,0,,Fresh
Susu UHT Vanila,Produk Olahan Susu,Karton,Chiller,0,37,0,37.0,Fresh
KEJU CHEDDAR,Produk Olahan Susu,Plastik,Chiller,0,9999,0,178.0,Fresh
Jus Jambu,Produk Minuman,Karton,Chiller,1,97,3,0.0,Expired
Sarden Tomat,Produk Kaleng,Kaleng,Outside,1,893,3,-1.0,
Biskuit Oreo,Produk Kering,Plastik,room temp,1,142,3,4.0,Soon
Rambutan Kaleng,Produk Kaleng,Kaleng,Outside,0,498,0,498.0,Fresh
Sarden Cabai,Produk Kaleng,Kaleng,Outside,1,1087,6,-4.0,Expired
Sarden Cabai,Produk Kaleng,Kaleng,Outside,1,779,6,-4.0,Expired
Ikan Makerel,Canned,kaleng,Outside,0,889,0,889.0,Fresh
Yogurt Mangga,Produk Olahan Susu,Plastik,Chiller,0,15,0,15.0,Fresh
Air Soda,Produk Minuman,Plastik,Outside,1,55,6,-5.0,Basi
Susu Bubuk Bayi,Produk Olahan Susu,Karton,Outside,1,540,20,10.0,Fresh
Yogurt Stroberi,Produk Olahan Susu,Plastik,,1,12,3,0.0,Expired
Ikan Makerel,Produk Kaleng,Kaleng,suhu ruangan,1,319,5,-3.0,Expired
Yogurt Plain,Produk Olahan Susu,Plastick,Chiller,0,27,0,,Fresh
Sereal Muesli,Produk Kering,Karton,Outside,0,202,0,202.0,Fresh
Susu Kental Manis Coklat,Dairy,Kaleng,Chiller,1,713,16,-2.0,Expired
Jus Nanas,Produk Minuman,Karton,Chiller,1,111,3,2.0,Soon
KEJU PARMESAN,Produk Olahan Susu,Plastik,fridge,0,276,0,276.0,Fresh
Sosis Bebek,Produk Protein,Plastik,Chiller,1,69,10,-3.0,Expired
Keju Mozzarella,produk olahan susu,Plastik,Chiller,1,59,2,5.0,Soon
Ikan Salmon,Produk Kaleng,Kaleng,Outside,1,939,6,-4.0,Expired
Susu Bubuk Bayi,Produk Olahan Susu,Karton,Outside,0,481,0,481.0,Fresh
Nugget Sayuran,Produk Protein,Plastik,Freezer,0,118,0,118.0,Fresh
Susu Bubuk Bayi,Produk Olahan Susu,Carton,OUTSIDE,0,517,0,517.0,
Soda Jeruk,,Kaleng,Outside,1,317 hari,1,0.0,Expired
Susu UHT Low Fat,Produk Olahan Susu,,Chiller,0,72,0,72.0,Fresh
Sereal Cornflakes,produk kering,Karton,Outside,0,217,0,217.0,Fresh
Cola Original,Beverage,Can,Outside,1,240,6,-5.0,Expired
Minuman Isotonik,Produk Minuman,Plastik,Room Temp,1,202,1,0.0,Expired
Biskuit Mentega,Produk Kering,can,Outside,1,222,9,5.0,Soon
Yogurt Stroberi,Produk Olahan Susu,Plastik,Chiller,1,16,8,-5.0,Expired
Nugget Tempe,Produk Protein,Plastik,Freezer,,1,0,1.0,Soon
Susu Bubuk Skim,dairy,Karton,Luar,0,477,0,477.0,Fresh
  Susu Kental Manis Coklat  ,Dairy,Kaleng,,0,32,0,32.0,Fresh
Yogurt Blueberry,Produk Olahan Susu,Plastik,Chiller,,27,7,-4.0,Kadaluarsa
Susu UHT Full Cream,Produk Olahan Susu,Karton,Chiller,True,233,11,-4.0,Expired
  Jagung Manis Kaleng  ,Produk Kaleng,Kaleng,Chiller,1,726,5,-2.0,Expired
Mie Instan Soto,Produk Kering,Plastik,OUTSIDE,1,307,3,-3.0,Expired
Teh Kotak Jasmine,Produk Minuman,carton,Luar,0,205,0,205.0,Fresh
Air Mineral,Produk Minuman,Plastik,Outside,0,,0,652.0,Fresh
Minuman Isotonik,Produk Minuman,Plastick,Outside,0,185,0,185.0,Fresh
Jus Anggur,Produk Minuman,Botol Kaca,Chiller,1,296,1,4.0,Soon
Minuman Isotonik,Produk Minuman,plastic,Outside,1,6,5,-4.0,Basi
Keju Parmesan,Produk Olahan Susu,Plastik,Chiller,0,123 hari,0,123.0,Fresh
Keju Edam,Produk Olahan Susu,Plastik,Chiller,0,40,0,40.0,ok
Teh Lemon,Produk Minuman,Karton,suhu ruangan,1,52,6,-5.0,Expired
Susu Almond,,Karton,Chiller,0,169,0 days,169.0,
Nanas Kaleng,Produk Kaleng,Kaleng,Outside,1,536,6,-3.0,Expired
Susu UHT Coklat,Produk Olahan Susu,Karton,Chiller,0,77,0,77.0,Segar
Jus Mangga,Minuman,Carton,Chiller,0,156,0,156.0,Fresh
SUSU UHT FULL CREAM,Produk Olahan Susu,Karton,refrigerator,1,220,10,-3.0,Expired
Yogurt Greek,,Plastic,Chiller,0,19,0,,Fresh
Ikan Salmon,Produk Kaleng,Kaleng,room temp,1,855 hari,1,1.0,Soon
Teh Lemon,Beverage,Karton,Outside,0,223,0,223.0,Fresh
Nugget Tempe,Produk Protein,Plastik,Freezer,,1,0,1.0,Soon
Ikan Tuna,Produk Kaleng,Tin,Outside,1,,3,-1.0,Expired
Jus Anggur,Minuman,Botol Kaca,Chiller,0,92,0,92.0,
Yogurt Kefir,Produk Olahan Susu,Botol Kaca,Chiller,1,4,8,-5.0,Expired
Teh Kotak Hijau,Produk Minuman,Karton,Outside,true,43,4,-3.0,Expired
Jus Anggur,Produk Minuman,Botol Kaca,,0,359,0,,Fresh
Soda Jeruk,Produk Minuman,Kaleng,Outside,0,102,0,102.0,Fresh
Minuman Energi,Produk Minuman,Kaleng,Outside,0,96,0,96.0,Fresh
susu kedelai,dairy,Karton,Chiller,1,6 hari,5,0.0,Expired
Biskuit Oreo,Produk Kering,Plastik,Outside,0,86,0,86.0,
Sosis Ayam,Produk Protein,Plastik,Chiller,1,5 hari,6,-1.0,Expired
Keju Cheddar,Produk Olahan Susu,Plastik,Chiller,0,159,0,159.0,ok
Air Soda,Produk Minuman,Plastik,Outside,1,123,1,0.0,Expired
Ikan Makerel,Produk Kaleng,Kaleng,Outside,1,891,,-4.0,Expired
Susu UHT Coklat,produk olahan susu,Karton,Chiller,1,110,5,-4.0,Expired
Sereal Oat,Prod. Kering,Karton,Outside,0,149 hari,0,149.0,Fresh
Jus Apel,Produk Minuman,Karton,Chiller,1,60,5,0.0,Expired
Nanas Kaleng,Produk Kaleng,Kaleng,Outside,0,10000,0,592.0,Fresh
Persik Kaleng,Produk Kaleng,Kaleng,Outside,0,510,0,510.0,Fresh
Sosis Sapi,,Plastik,Chiller,1,26,4,1.0,Soon
Ikan Makerel,Produk Kaleng,,Outside,1,940,4,-2.0,Expired
Leci dalam Sirup,Produk Kaleng,Kaleng,Outside,0,346,0,346.0,Fresh
Susu UHT Full Cream,Produk Olahan Susu,Kardus,Chiller,1,72,4,3.0,
Biskuit Wafer,,plastik,Outside,1,62,9,-4.0,Expired
JUS NANAS,produk minuman,Karton,Refrigerator,0,2,0,2.0,Soon
Sosis Ikan,Produk Protein,Plastik,Dingin,1,11,4,-1.0,expired
Teh Tarik,produk minuman,Karton,Chiller,0,29,0,29.0,Fresh
Biskuit Sandwich,Produk Kering,Plastik,Outside,1,176,6,-1.0,Expired
Biskuit Sandwich,Produk Kering,Plastik,Outside,1,4,5,0.0,Expired
  Sosis Bebek  ,Produk Protein,Plastik,Chiller,1,74,1,6.0,warning
Nugget Udang,produk protein,Plastik,Freezer,1,79,5,-2.0,Expired
Kornet Sapi,Produk Kaleng,Kaleng,Outside,0,793,0,793.0,Fresh
Yogurt Stroberi,Produk Olahan Susu,Plastik,Chiller,0,8,0,8.0,Fresh
Jus Apel,,Karton,Chiller,0,85,0,85.0,Fresh
Sarden Tomat,Produk Kaleng,Kaleng,Outside,1,1064,3,-1.0,Expired
Susu UHT Low Fat,produk olahan susu,Karton,fridge,0,222,0,-50.0,Fresh
Mangga Kaleng,Produk Kaleng,Kaleng,Outside,1,127,7,-4.0,Expired
Teh Tarik,,Karton,Chiller,1,69,1,0.0,Expired
Keju Cream Cheese,Produk Olahan Susu,Karton,Chiller,0,51,0,51.0,Fresh
Biskuit Marie,Produk Kering,plastic,room temp,1,18,9,-2.0,Expired
Teh Lemon,Produk Minuman,Karton,Outside,Ya,363,1,0.0,Expired
air soda,Produk Minuman,Plastik,Outside,0,236,0,236.0,Fresh
Jagung Manis Kaleng,,Kaleng,Chiller,0,308,0,308.0,Fresh
Susu Almond,Produk Olahan Susu,karton ,Chiller,1,152,3,2.0,Soon
Keju Cream Cheese,Produk Olahan Susu,Karton,Chiller,1,45,5,9.0,Fresh
Teh Kotak Hijau,Produk Minuman,Karton,Outside,1,282,4 days,-3.0,Expired
Teh Kotak Hijau,Produk Minuman,Karton,Outside,0,359,0,359.0,
Yogurt Plain,Produk Olahan Susu,Plastik,Chiller,0,29,0,29.0,Fresh
Sosis Ayam,Produk Protein,Plastik,Chiller,0,57,0,57.0,Fresh
Ikan Tuna,Produk Kaleng,Kaleng,Outside,0,301,0,301.0,Fresh
Nugget Ikan,Produk Protein,Plastik,Freezer,1,177,3,0.0,Expired
Yogurt Blueberry,Produk Olahan Susu,Plastik,Chiller,,21,3,0.0,Expired
Susu Bubuk Full Cream,Produk Olahan Susu,,Outside,1,103,29,1.0,Soon
Susu UHT Vanila,Produk Olahan Susu,,Chiller,0,137,0,137.0,Fresh
Susu Bubuk Skim,PRODUK OLAHAN SUSU,Tetrapak,,0,455,0,455.0,Segar
Susu Evaporasi,Produk Olahan Susu,Kaleng,Chiller,1,308,3,4.0,Soon
Mie Instan Soto,Produk Kering,Plastik,Outside,1,222,2,-2.0,Expired
Susu UHT Stroberi,,Karton,Kulkas,1,10000,4,-3.0,Expired
Jus Apel,Minuman,Karton,Chiller,0,79,0,79.0,Fresh
	Susu UHT Stroberi,Produk Olahan Susu,Kardus,Chiller,1,229,2,-1.0,Expired
Mangga Kaleng,Produk Kaleng,Kaleng,Outside,1,283,6,-3.0,Expired
Sosis Frozen,Produk Protein,PLASTIK,Freezer,1,161,3,0.0,Expired
Minuman Isotonik,Produk Minuman,Plastik,Outside,0,105,0,105.0,Fresh
Buah Cocktail,Produk Kaleng,Can,Outside,1,428,1,2.0,Soon
nugget ikan,Produk Protein,Plastik,Freezer,1,176,6,-3.0,Expired
Susu UHT Vanila,Produk Olahan Susu,Karton,Chiller,0,81,0,81.0,Fresh
Kornet Ayam,Produk Kaleng,Kaleng,Outside,0,53,0,53.0,Fresh
Teh Kotak Hijau,,Karton,Outside,1,149,3,-2.0,Expired
Jus Anggur,Produk Minuman,Botol Kaca,Chiller,1,162,3,2.0,Soon
Nugget Sapi,Produk Protein,Plastik,Freezer,1,31,4,-1.0,Expired
Susu Pasteurisasi ,Produk Olahan Susu,Plastik,,0,5,0,-999.0,Soon
Susu UHT Stroberi,Produk Olahan Susu,carton,Chiller,1,173,6,-5.0,Expired
Jus Nanas,Produk Minuman,Karton,Chiller,0,48,0,48.0,Fresh
Sereal Oat,Produk Kering,Karton,Outside,1,84,30,0.0,
Jagung Manis Kaleng,Produk Kaleng,Kaleng,Chiller,1,12,8,-5.0,Expired
Keju Cheddar,Produk Olahan Susu,Plastik,Chiller,,48,18,-4.0,Expired
Sarden Minyak Zaitun,Kaleng,can,Outside,0,216,0,216.0,Fresh
Sereal Granola,Produk Kering,Karton,Outside,1,161,6,24.0,
Mie Instan Ayam,Produk Kering,Plastik,Outside,1,206,5,-5.0,Expired
Yogurt Greek,Produk Olahan Susu,Plastik,Dingin,True,1,1,1.0,SOON
Sosis Sapi,Produk Protein,Plastik,Chiller,1,11,1,4.0,Soon
Nugget Ayam,Produk Protein,Plastik,Freezer,0,,0,116.0,ok
Susu Bubuk Bayi,Produk Olahan Susu,Karton,Outside,0,8 hari,0,8.0,Fresh
Biskuit Oreo,Produk Kering,Plastic,OUTSIDE,1,90,7,0.0,Expired
Ikan Makerel,Produk Kaleng,Kaleng,Room Temp,1,592,2,0.0,Expired
Mie Instan Ayam,Produk Kering,Plastik,Outside,1,57,1,-1.0,EXPIRED
Susu Bubuk Skim,Produk Olahan Susu,,Outside,1,169,17 days,13.0,Fresh
Susu Bubuk Coklat,Produk Olahan Susu,Karton,Outside,0,463,0,463.0,ok
Jus Nanas,Produk Minuman,Karton,Chiller,True,10000,2,3.0,Soon
Susu UHT Low Fat,Produk Olahan Susu,Karton,Dingin,0,49,0,49.0,Fresh
Sereal Oat,Produk Kering,Carton,Outside,1,131,6 days,24.0,Fresh
Rambutan Kaleng,Produk Kaleng,Kaleng,Outside,0,617,0,617.0,Fresh
Susu Bubuk Bayi,Produk Olahan Susu,,Outside,1,678,28,2.0,
Susu Kedelai,Produk Olahan Susu,Karton,Chiller,0,235,0,235.0,ok
Yogurt Plain,Produk Olahan Susu,Plastik,Chiller,1,4,4,1.0,Soon
Mie Instan Soto,Produk Kering,,Outside,0,1,0,1.0,Warning
Ikan Makerel,Produk Kaleng,Kaleng,Outside,0,353,0,353.0,Fresh
Mangga Kaleng,Produk Kaleng,Kaleng,Outside,0,78,0 days,78.0,
Biskuit Digestive,Produk Kering,Plastik,Outside,1,180,2,12.0,FRESH
Sosis Bebek,,Plastik,Chiller,0,-5,,36.0,segar
Susu Kedelai,dairy,Karton,Chiller,1,,7,-2.0,Expired
Susu UHT Stroberi,,Karton,Chiller,0,216,0,216.0,Fresh
Sarden Cabai,Produk Kaleng,Kaleng,Outside,Yes,840,2,0.0,Expired
Rambutan Kaleng,Produk Kaleng,Kaleng,Outside,1,622,,-4.0,Expired
Jus Anggur,produk minuman,Botol Kaca,Chiller,1,72,1,4.0,Soon
Buah Cocktail ,produk kaleng,kaleng ,Outside,0,330,0,330.0,Fresh
Nugget Ayam,Produk Protein,Plastik,Freezer,1,17,7,-4.0,Expired
Keju Cheddar,Produk Olahan Susu,Plastik,Chiller,1,,5,9.0,Fresh
Sarden Cabai,Produk Kaleng,Kaleng,Outside,1,654,6,-4.0,Expired
Yogurt Mangga,Produk Olahan Susu,Plastik,Chiller,0,1,0,1.0,Soon
Susu Pasteurisasi,,Plastik,Chiller,1,5,4,-1.0,Expired
Jus Jambu,Produk Minuman,karton,Chiller,0,165,0,165.0,Fresh
mie instan soto,Produk Kering,Plastik,Outside,1,350,3,-3.0,Expired
 Ikan Salmon,Produk Kaleng,,Outside,0,923,0,923.0,Fresh
Susu Evaporasi,Produk Olahan Susu,kaleng,Chiller,1,132,9,-2.0,Expired
Susu Bubuk Full Cream,Produk Olahan Susu,Karton,Outside,0,586,0,586.0,Fresh
Jus Anggur,Produk Minuman,Botol Kaca,Chiller,0,10000,0 days,274.0,Fresh
Mie Instan Soto,Produk Kering,Plastik,Outside,1,229,1,-1.0,Expired
Kornet Ayam,Produk Kaleng,Kaleng,Outside,0,434,0,434.0,Fresh
Air Mineral,Produk Minuman,Plastik,OUTSIDE,1,255,6 days,-5.0,Expired
Susu Kedelai,Produk Olahan Susu,Karton,Chiller,1,55,,-1.0,Expired
Biskuit Oreo,Produk Kering,Plastik,Outside,0,126,0,126.0,Fresh
Sereal Granola,Produk Kering,Karton,Outside,0,305,0,305.0,Fresh
Rambutan Kaleng,Produk Kaleng,can,Outside,0,342,0,342.0,Fresh
Susu Evaporasi,Produk Olahan Susu,Kaleng,Chiller,0,133,0 days,133.0,Fresh
Susu UHT Vanila,,karton,,0,130,0,,Fresh
	Rambutan Kaleng,Produk Kaleng,Kaleng,Outside,1,-10,6,-3.0,Expired
Teh Lemon,Produk Minuman,Karton,Outside,0,53,0,53.0,Fresh
Soda Lemon,Produk Minuman,Kaleng,Room Temp,0,275,0,275.0,Fresh
Cola Original,Produk Minuman,Tin,Outside,0,83 hari,0,83.0,Fresh
Mie Instan Soto,Produk Kering,Plastick,Outside,0,276,0,276.0,
Biskuit Crackers,Produk Kering,Plastik,Outside,0,72,0,72.0,Fresh
Sosis Ikan,Produk Protein,Plastik,Chiller,1,42,7,,Expired
Teh Kotak Hijau,produk minuman,Karton,Outside,1,192,3,-2.0,Expired
Susu Evaporasi,Produk Olahan Susu,Kaleng,Chiller,0,627 hari,0,627.0,segar
Biskuit Crackers,Produk Kering,,Outside,1,47,3,4.0,Soon
Susu Bubuk Skim,Produk Olahan Susu,Karton,Outside,False,301,0,301.0,Fresh
	Teh Lemon,Produk Minuman,Karton,,1,93,6,-5.0,Expired
Soda Jeruk,Produk Minuman,Kaleng,Outside,1,85,2,-1.0,Expired
Keju Cream Cheese,Produk Olahan Susu,Karton,Chiller,1,54,8,6.0,Hampir
Ikan Salmon,Produk Kaleng,tin,Suhu Ruangan,1,793,6,-4.0,Expired
Sosis Bebek,Produk Protein,Plastick,Chiller,0,78,0,78.0,Fresh
Yogurt Greek,Produk Olahan Susu,Plastik,Chiller,1,21,5,0.0,Expired
Teh Kotak Hijau,Produk Minuman,Karton,Outside,0,346,0,346.0,Fresh
Sosis Bebek,Produk Protein,Plastick,,1,33,5,2.0,Soon
Sosis Ikan,Produk Protein,Plastik,Chiller,1,27,6,-3.0,Expired
Yogurt Mangga,Produk Olahan Susu,Plastik,Chiller,1,25,6,-3.0,Expired
Sereal Oat,produk kering,Karton,Outside,1,347,7,23.0,Fresh
Cola Zero Sugar,Produk Minuman,Kaleng,Suhu Ruangan,0,342,0,342.0,Fresh
Jus Jeruk,Produk Minuman,Karton,Chiller,0,171,0,171.0,Fresh
Yogurt Mangga,Produk Olahan Susu,Plastick,Chiller,0,,0,-50.0,Soon
 Soda Jeruk,Produk Minuman,Kaleng,suhu ruangan,1,192,6,-5.0,Expired
Keju Parmesan,Produk Olahan Susu,Plastik,chiller,1,210,32,-2.0,Expired
Susu UHT Full Cream,Prod. Susu,Karton,CHILLER,0,13,0,13.0,
Sereal Oat,Produk Kering,Karton,Outside,1,138,28,2.0,Soon
Sosis Sapi,,Plastik,Chiller,1,40,2,3.0,Soon
Yogurt Greek,Produk Olahan Susu,Plastik,refrigerator,0,21,0,21.0,Fresh
Kornet Ayam,Produk Kaleng,Kaleng,Outside,0,418,0,418.0,Fresh
Teh Botol,Produk Minuman,Botol Kaca,Outside,0,307,0,307.0,Fresh
Sarden Tomat,Produk Kaleng,Kaleng,Outside,0,1001,0,1001.0,Fresh
Jus Apel,Produk Minuman,Karton,Chiller,0,81,0,81.0,Fresh
Nanas Kaleng,Produk Kaleng,can,Outside,0,458,0 days,458.0,Fresh
Nugget Sayuran,Produk Protein,Plastik,Freezer,1,66,2,1.0,Soon
Kornet Ayam,Produk Kaleng,Kaleng,suhu ruangan,1,1063,5,-2.0,Expired
Nugget Sapi,,Plastik,Freezer,1,177,2,1.0,Soon
Susu Almond,,Karton,Chiller,1,74,8,-3.0,Expired
Susu Kental Manis Coklat,Dairy,KALENG,Chiller,1,448,13,1.0,Soon
Susu UHT Vanila,Produk Olahan Susu,Karton,Chiller,1,220,3,-2.0,Expired
Leci dalam Sirup,Produk Kaleng,Kaleng,Outside,0,213,0,213.0,Fresh
Sereal Granola,Produk Kering,Karton,,Tidak,145,0,145.0,Fresh
Biskuit Wafer,Produk Kering,Plastik,Outside,True,15,9,-4.0,Expired
Jus Anggur,Produk Minuman,Botol Kaca,Refrigerator,1,,2 days,3.0,Soon
Nugget Ayam,Prod. Protein,Plastik,Freezer,1,,5,-2.0,Expired
Buah Cocktail,Produk Kaleng,Kaleng,Outside,0,334,0,334.0,Fresh
JUS MANGGA,Produk Minuman,Karton,,0,3,0,,Soon
Minuman Energi,Produk Minuman,Kaleng,OUTSIDE,0,242,0,242.0,Fresh
Nugget Ikan,produk protein,Plastik,Freezer,1,114,5,-2.0,Expired
Sarden Tomat,Produk Kaleng,Kaleng,Outside,1,1011,3,-1.0,
Keju Mozzarella,Produk Olahan Susu,Plastik,Chiller,0,38,0,38.0,Fresh
Biskuit Sandwich,Produk Kering,Plastik,Outside,1,88 hari,3,2.0,Soon
	Ikan Makerel,Produk Kaleng,Kaleng,Room Temp,1,186 hari,,-3.0,Expired
Susu Kedelai,Produk Olahan Susu,Karton,Chiller,0,123 hari,0,123.0,Fresh
Biskuit Sandwich,Produk Kering,Plastik,Outside,1,102,3,2.0,soon
Sarden Cabai,Produk Kaleng,Can,Outside,1,940,2,0.0,Expired
Air Mineral,Produk Minuman,Plastic,Outside,0,257,0,257.0,Fresh
Yogurt Blueberry,Olahan Susu,Plastik,Chiller,0,14,0,14.0,Fresh
Biskuit Wafer,Produk Kering,Plastik,Outside,0,64,0,64.0,Fresh
Yogurt Mangga,Produk Olahan Susu,Plastik,Chiller,1,6,5,-2.0,Expired
Sarden Minyak Zaitun,Produk Kaleng,Kaleng,Suhu Ruangan,1,385,2,0.0,Expired
Cola Zero Sugar,Produk Minuman,Kaleng,Outside,1,111,3,-2.0,Expired
Leci dalam Sirup,Produk Kaleng,Kaleng,room temp,1,186,5,-2.0,Expired
Sosis Bebek,Produk Protein,Plastik,Chiller,0,47,0,47.0,Fresh
Ikan Makerel,Produk Kaleng,Kaleng,Outside,0,616,,616.0,Fresh
Biskuit Wafer,Produk Kering,Plastik,Outside,No,88,0,88.0,Fresh
Biskuit Oatmeal,Produk Kering,Plastik,Outside,1,32,4,3.0,Soon
Nugget Sapi,Produk Protein,Plastic,Freezer,1,40,2,1.0,Soon
Mangga Kaleng,Produk Kaleng,Kaleng,Outside,0,572,0,572.0,Fresh
Sereal Granola,Produk Kering,Karton,Outside,1,44,1,29.0,Fresh
Cola Zero Sugar,Produk Minuman,Kaleng,Outside,0,233,,233.0,Fresh
Air Mineral,Produk Minuman,Plastik,Outside,0,432,0,432.0,Fresh
Sereal Oat,,Karton,Outside,0,236,0,236.0,Fresh
Keju Cream Cheese,Produk Olahan Susu,Karton,kulkas,0,5,0 days,5.0,Soon
Susu Almond,Produk Olahan Susu,Karton,Chiller,1,141,1,4.0,Soon
susu uht coklat,Produk Olahan Susu,Karton,chiller,0,22,0,22.0,OK
Teh Lemon,Produk Minuman,Karton,Outside,0,362,0,362.0,Fresh
Kornet Sapi,canned,Kaleng,OUTSIDE,No,214,0,214.0,Fresh
Sereal Muesli,Produk Kering,Karton,Outside,0,227,0,227.0,Fresh
Nugget Sayuran,Produk Protein,Plastik,Freezer,0,30,0,30.0,Fresh
Susu Kental Manis Coklat,Produk Olahan Susu,,Chiller,1,655,15,-1.0,Expired
Nanas Kaleng,Produk Kaleng,Kaleng,Outside,1,24,7,-4.0,Expired
Mie Instan Goreng,produk kering,Plastik,Luar,1,182,4,-4.0,Expired
Biskuit Wafer,Produk Kering,plastic,OUTSIDE,1,45,9,,
Keju Cream Cheese,produk olahan susu,Karton,Chiller,1,45,12,2.0,Segera
Yogurt Blueberry,Produk Olahan Susu,Plastik,Chiller,1,23,1,2.0,Soon
Susu Bubuk Skim,Produk Olahan Susu,Karton,Outside,1,671,7,23.0,Fresh
Susu Pasteurisasi,produk olahan susu,Plastik,Chiller,0,7,0,7.0,Soon
	Sosis Ikan,Produk Protein,Plastik,Chiller,0,40,0,40.0,Fresh
Mie Instan Ayam,Produk Kering,Plastik,Outside,0,244,0,244.0,Fresh
Yogurt Greek,Produk Olahan Susu,Plastik,Chiller,1,16,6,-1.0,Expired
Jus Jeruk,Produk Minuman,Karton,Chiller,0,6,0,6.0,Soon
Yogurt Blueberry,,Plastik,Chiller,1,9,7,-4.0,Expired
Teh Tarik,Produk Minuman,Karton,Chiller,1,74,5,-4.0,Expired
Jus Nanas,Produk Minuman,Karton,Chiller,0,25,0,25.0,Fresh
Keju Parmesan,,Plastik,Chiller,1,53,16,14.0,Fresh
Jus Jambu,Produk Minuman,Karton,Chiller,0,110,0,110.0,Fresh
Susu UHT Vanila,Produk Olahan Susu,Karton,Chiller,1,6,5,-4.0,Expired
Mie Instan Ayam,Produk Kering,Plastic,Outside,0,356,0,356.0,Fresh
Jus Nanas,Produk Minuman,Karton,Chiller,1,102,10,-5.0,Expired
Sosis Ayam,,Plastik,Chiller,1,25,2,3.0,Soon
Keju Parmesan,Produk Olahan Susu,Plastik,Chiller,0,31,0,31.0,Fresh
Biskuit Oatmeal,Produk Kering,Plastik,Room Temp,1,91,3 days,4.0,Soon
Yogurt Blueberry,Produk Olahan Susu,Plastick,Chiller,true,16,8,-5.0,Expired
Yogurt Greek,,Plastik,fridge,0,15,0,15.0,Fresh
Sereal Cornflakes,Produk Kering,Karton,Outside,1,210,17,13.0,segar
Ikan Salmon,Produk Kaleng,Kaleng,Outside,1,191,3,-1.0,Expired
Susu UHT Stroberi,Produk Olahan Susu,Karton,Chiller,0,160,0,160.0,Fresh
Jus Mangga,Produk Minuman,Karton,Dingin,1,50,4,-3.0,Expired
Cola Zero Sugar,Produk Minuman,Kaleng,Outside,0,280,0,280.0,Fresh
Mangga Kaleng,Produk Kaleng,Tin,Outside,0,547,0,547.0,Fresh
Biskuit Wafer,Produk Kering,Plastik,Outside,0,5,0,5.0,Soon
Yogurt Mangga,dairy,Plastik,Chiller,1,23,7,-4.0,Expired
Susu Kental Manis Coklat,Produk Olahan Susu,,Chiller,1,70,17,-3.0,Expired
Yogurt Plain,Produk Olahan Susu,Plastik,Chiller,0,5,0,5.0,Soon
Teh Kotak Jasmine,Produk Minuman,Karton,outside,1,140,2,-1.0,Expired
Cola Original,Produk Minuman,Kaleng,room temp,0,56,0,56.0,Fresh
Kornet Sapi,Produk Kaleng,Kaleng,Outside,0,793,0,793.0,Fresh
Teh Kotak Jasmine,Produk Minuman,Karton,outside,1,39,5,-4.0,Kadaluarsa
Jus Anggur,Beverage,Botol Kaca,Chiller,1,341,7,-2.0,Expired
Jus Apel,Produk Minuman,Karton,Chiller,0,102,0,102.0,Fresh
Minuman Isotonik,Produk Minuman,Plastik,Outside,no,238,0,238.0,ok
	Teh Botol,produk minuman,botol kaca,Outside,1,269,1,2.0,Soon
Nugget Ayam,,Plastik,Freezer,1,1,7,-4.0,Kadaluarsa
Jus Anggur,Produk Minuman,Botol Kaca,Chiller,1,313,1,4.0,Soon
Teh Kotak Hijau,,Karton,Outside,false,98,0,98.0,Fresh
Biskuit Marie,Produk Kering,Plastik,Outside,0,77,0,77.0,Fresh
Yogurt Greek,Produk Olahan Susu,Plastik,fridge,1,16,3,2.0,hampir
Susu Evaporasi,Produk Olahan Susu,Kaleng,fridge,0,312,0,312.0,Fresh
Jus Nanas,Produk Minuman,Karton,Chiller,1,37,5,0.0,Expired
Teh Kotak Hijau,Produk Minuman,Karton,Outside,0,128,0,128.0,Fresh
Jus Jeruk,Produk Minuman,Karton,,0,,,62.0,
Soda Jeruk,Produk Minuman,Kaleng,Outside,0,330,,330.0,Segar
Sarden Cabai,Produk Kaleng,Kaleng,Outside,0,712,0,712.0,Fresh
Susu Bubuk Skim,Produk Olahan Susu,Karton,Outside,0,271 hari,0,271.0,Fresh
Susu Kental Manis Putih,Produk Olahan Susu,Tin Can,Chiller,0,257,0,257.0,Fresh
Minuman Isotonik,Produk Minuman,Plastik,Room Temp,1,257,3 days,-2.0,Expired
Jus Sirsak,Produk Minuman,KARTON,Chiller,Ya,126,5,-2.0,Expired
Cola Zero Sugar,Produk Minuman,Kaleng,Outside,0,164,0,164.0,Fresh
Soda Lemon,Produk Minuman,Kaleng,Outside,1,224,5,-4.0,Expired
Sarden Minyak Zaitun,Produk Kaleng,Kaleng,Outside,1,990,3,-1.0,
Susu UHT Low Fat,Produk Olahan Susu,Karton,Chiller,1,207,9,-4.0,EXPIRED
SUSU KENTAL MANIS PUTIH,Produk Olahan Susu,Kaleng,Chiller,,421,0,421.0,Fresh
Jus Apel,Produk Minuman,Karton,Chiller,0,71,0 days,71.0,Fresh
Susu Pasteurisasi,Produk Olahan Susu,Plastik,Chiller,1,9,1,2.0,Soon
Cola Original,Beverage,Kaleng,Outside,0,149,0,149.0,Fresh
Mie Instan Goreng,Produk Kering,Plastik,Outside,0,172,0,172.0,Fresh
Ikan Tuna,Produk Kaleng,Kaleng,Outside,1,367,6,-4.0,Expired
Biskuit Marie,Produk Kering,Plastik,Outside,1,174,9,-2.0,Expired
Biskuit Oatmeal,Produk Kering,Plastik,Outside,0,121,0,121.0,Fresh
Jus Nanas,Minuman,Karton,Chiller,1,163,6,-1.0,Expired
Jus Mangga,,Karton,Chiller,1,125,4,-3.0,Expired
Susu UHT Low Fat,Produk Olahan Susu,Karton,Chiller,1,-10,6,-1.0,Expired
Jagung Manis Kaleng,Produk Kaleng,Kaleng,Chiller,0,577,0,577.0,Fresh
Sosis Frozen,Produk Protein,Plastik,Freezer,1,84,,-5.0,Expired
BISKUIT CRACKERS,Produk Kering,Plastik,room temp,0,122,0,122.0,Fresh
Ikan Tuna,Produk Kaleng,Kaleng,Suhu Ruangan,1,1,3,-1.0,Expired
Biskuit Crackers,PRODUK KERING,Plastik,Outside,1,108 hari,8,-1.0,Expired
Nugget Ayam,protein,Plastik,Freezer,0,141,0,141.0,Fresh
	Cola Zero Sugar,Produk Minuman,Kaleng,Outside,1,357,5,-4.0,Expired
Soda Jeruk,Produk Minuman,Kaleng,Outside,1,-10,6,-5.0,Expired
Biskuit Mentega,Produk Kering,Kaleng,Outside,1,197,8,6.0,Soon
Susu Bubuk Full Cream,produk olahan susu,Karton,Outside,1,638,32,-2.0,Expired
Sosis Sapi,PRODUK PROTEIN,Plastik,Chiller,0,12,0,12.0,Fresh
jus anggur,Produk Minuman,BOTOL KACA,Chiller,1,32,10,-5.0,EXPIRED
Ikan Salmon,PRODUK KALENG,Kaleng,Outside,1,436,4,-2.0,Expired
Teh Botol,,glass,Outside,0,115,0,115.0,Fresh
Susu Kedelai,Produk Olahan Susu,Karton,Chiller,1,112,4,1.0,Soon
Sereal Oat,Produk Kering,Karton,Outside,1,339,17,13.0,Fresh
Air Soda,Produk Minuman,Plastik,Outside,0,344,0,344.0,Fresh
Yogurt Plain,PRODUK OLAHAN SUSU,Plastik,CHILLER,1,5,2,3.0,Soon
Nanas Kaleng,Produk Kaleng,Kaleng,Outside,1,701,2,1.0,Soon
Nugget Udang,Produk Protein,Plastik,Freezer,1,85,2,1.0,Soon
Minuman Isotonik,Minuman,Plastik,Outside,0,336,0,336.0,Fresh
Yogurt Kefir,Produk Olahan Susu,Botol Kaca,Chiller,1,8,3,0.0,Expired
Keju Mozzarella,Produk Olahan Susu,Plastik,Chiller,1,1,7,-50.0,Expired
Keju Cheddar,Produk Olahan Susu,Plastik,Chiller,1,114,12,2.0,Soon
Sarden Tomat,Produk Kaleng,tin,Outside,0,272,0,272.0,
Sereal Oat,Produk Kering,Karton,Outside,0,202,0,202.0,Fresh
Sosis Ikan,Produk Protein,Plastik,Kulkas,0,31,0,31.0,OK
Sosis Frozen,protein,Plastik,Freezer,0,39,0,39.0,Fresh
Cola Zero Sugar,Produk Minuman,Kaleng,Outside,1,139,3,-2.0,Expired
Nugget Ikan,Produk Protein,Plastik,Freezer,1,170,5,-2.0,Expired
Sosis Frankfurter,Produk Protein,plastic,Chiller,1,81,3,4.0,Soon
SUSU BUBUK COKLAT,Produk Olahan Susu,Karton,Outside,0,488,0,488.0,Fresh
Keju Cream Cheese,dairy,Karton,Chiller,0,42,0,42.0,Fresh
Yogurt Plain,Produk Olahan Susu,Polimer,Chiller,true,,2,3.0,Soon
Biskuit Oreo,Produk Kering,Plastik,suhu ruangan,0,152,0 days,152.0,Fresh
Persik Kaleng,Produk Kaleng,can,Outside,0,162,0,162.0,Fresh
Susu UHT Full Cream,Produk Olahan Susu,Karton,Chiller,False,112,0,112.0,Fresh
Soda Lemon,Produk Minuman,Kaleng,Outside,1,266,6,,Expired
Sosis Frankfurter,Produk Protein,Plastik,Chiller,1,79,6,1.0,Soon
Sosis Frozen,Produk Protein,Plastik,Freezer,0,7,0,7.0,Warning
Sosis Sapi,Produk Protein,Plastik,Chiller,0,54 hari,0,54.0,Fresh
Teh Kotak Hijau,Produk Minuman,Karton,outside,1,220,5,-4.0,Expired
Yogurt Plain,Produk Olahan Susu,Plastik,Chiller,1,4,9,-4.0,Expired
Susu Bubuk Skim,Produk Olahan Susu,Karton,Outside,1,589,19,11.0,Fresh
Ikan Tuna,Produk Kaleng,Kaleng,room temp,1,355,6,-4.0,Expired
Susu Almond,Produk Olahan Susu,Karton,,1,124,4,,Soon
Susu Bubuk Bayi,Produk Olahan Susu,Karton,Outside,1,520,5,25.0,Fresh
Susu UHT Vanila,Produk Olahan Susu,Karton,,0,222,0,222.0,Fresh
Sosis Frankfurter,Produk Protein,Plastik,Chiller,0,65,0,65.0,Fresh
Teh Lemon,Produk Minuman,Karton,Outside,0,292,0,292.0,Fresh
Sosis Ayam,,Plastik,Chiller,1,33,2,3.0,Soon
Susu Kedelai,Produk Olahan Susu,Karton,Chiller,Ya,82,7,-2.0,Expired
Yogurt Minum Probiotik,Produk Olahan Susu,Botol Kaca,Chiller,1,8,6,-3.0,Expired
Biskuit Digestive,Produk Kering,Plastik,Outside,0,11,0,11.0,Fresh
Jus Nanas,Produk Minuman,Karton,Chiller,1,1,2,1.0,Soon
Yogurt Greek,Produk Olahan Susu,Plastik,Chiller,1,20,10 days,-5.0,Expired
Susu UHT Vanila,Produk Olahan Susu,Karton,Chiller,1,119,1,0.0,Expired
Sereal Muesli,Produk Kering,Karton,Outside,0,295,0,-999.0,Fresh
Teh Tarik,Produk Minuman,Karton,Chiller,0,140,0,140.0,Fresh
Minuman Energi,beverage,Kaleng,Outside,1,220,3,-999.0,Expired
Teh Tarik,Produk Minuman,Karton,Chiller,1,28,6,-5.0,Expired
Jus Mangga,Produk Minuman,KARTON,Chiller,0,46,0,46.0,Fresh
Nugget Tempe,Produk Protein,Plastik,Freezer,1,101,7,-4.0,Expired
Jus Anggur,Produk Minuman,,Chiller,0,199,0,199.0,Fresh
Yogurt Minum Probiotik,Produk Olahan Susu,Botol Kaca,Chiller,0,12,0,12.0,Fresh
Susu Kedelai,Produk Olahan Susu,Carton,Chiller,0,168,0,168.0,Fresh
Rambutan Kaleng,Produk Kaleng,Kaleng,Outside,0,392,0,392.0,Fresh
Yogurt Mangga,Produk Olahan Susu,Plastik,Chiller,1,13,7,-4.0,Expired
Susu Bubuk Full Cream,Produk Olahan Susu,Karton,Outside,0,715,0,715.0,Fresh
Yogurt Mangga,Produk Olahan Susu,Plastik,Chiller,0,21,0,21.0,Fresh
Buah Cocktail,Produk Kaleng,kaleng ,Outside,0,136,0,136.0,fresh
Minuman Isotonik,Produk Minuman,Plastik,OUTSIDE,1,236,6,-5.0,Expired
Biskuit Mentega,Produk Kering,Kaleng,Outside,0,270,0,270.0,Fresh
Jus Jambu,Produk Minuman,Kardus,Chiller,false,163,0,163.0,Fresh
Kornet Sapi,Produk Kaleng,Kaleng,Outside,0,676,0,676.0,Fresh
Teh Kotak Jasmine,Produk Minuman,Karton,Outside,0,44,0,44.0,Fresh
Nugget Tempe,Produk Protein,,Freeze,1,109,3,0.0,
Cola Original,Produk Minuman,Kaleng,Outside,0,183,0,183.0,Fresh
Keju Parmesan,Produk Olahan Susu,Plastik,chiller,1,61,16,14.0,Fresh
Cola Original,Produk Minuman,tin,Outside,0,170,0,170.0,Fresh
Mie Instan Goreng,Produk Kering,Plastik,Outside,1,3,4,-4.0,
Biskuit Oatmeal,Produk Kering,Plastik,Outside,0,130,0,130.0,Fresh
Sereal Granola,Produk Kering,Karton,Suhu Ruangan,1,,7,23.0,Fresh
Biskuit Wafer,Produk Kering,Plastik,Outside,1,70,4,1.0,Soon
Mangga Kaleng,Produk Kaleng,Kaleng,Outside,0,449,0,,Fresh
Kornet Ayam,Produk Kaleng,Kaleng,Outside,1,761,7,-4.0,Expired
Kornet Sapi,Produk Kaleng,Kaleng,Outside,0,286,0,286.0,
Rambutan Kaleng,Produk Kaleng,Kaleng,Outside,1,588,1,2.0,Soon
Kornet Ayam,Produk Kaleng,Kaleng,Outside,0,835,0,835.0,Fresh
Yogurt Kefir,Produk Olahan Susu,Botol Kaca,Chiller,0,14,0,14.0,Fresh
Mie Instan Ayam,Produk Kering,Plastik,Outside,0,10000,0,10.0,Fresh
Susu UHT Low Fat,Produk Olahan Susu,Karton,Chiller,0,130,0,130.0,Fresh
Ikan Tuna,Produk Kaleng,,Outside,0,,0,363.0,Fresh
Jus Sirsak,Produk Minuman,Karton,Refrigerator,0,104 hari,0,104.0,
Sereal Muesli,Produk Kering,Karton,Outside,1,213,1,29.0,Fresh
Biskuit Crackers,Produk Kering,Plastik,Outside,0,30,0,30.0,fresh
Keju Cream Cheese,Produk Olahan Susu,Karton,Chiller,1,1,,1.0,Soon
Jus Mangga,Produk Minuman,Karton,Chiller,1,171,1,0.0,Expired
Susu UHT Stroberi,Produk Olahan Susu,Karton,Chiller,1,249,1,0.0,Expired
Biskuit Oreo,Produk Kering,Plastik,Outside,1,59,2,5.0,Soon
Jus Apel,Produk Minuman,Karton,Chiller,1,36,10,-5.0,Expired
Biskuit Sandwich,Produk Kering,Plastik,,0,171,0,171.0,Fresh
Yogurt Kefir,Produk Olahan Susu,Botol Kaca,Chiller,0,12,0,12.0,Fresh
Nugget Sayuran,Produk Protein,Plastik,,1,106,2 days,1.0,Soon
Nugget Ikan,Produk Protein,Plastik,Freezer,0,34,0,34.0,Fresh
Susu Almond,Produk Olahan Susu,Karton,Chiller,0,212,0,212.0,Segar
Nugget Ayam,Produk Protein,Plastik,Freezer,True,23,4,-1.0,Expired
Susu UHT Vanila,Produk Olahan Susu,Karton,Chiller,0,136,0,136.0,Fresh
Jus Mangga,Produk Minuman,Karton,Chiller,0,43 hari,0,43.0,Fresh
Leci dalam Sirup,Produk Kaleng,,OUTSIDE,0,100,,100.0,Fresh
Susu Kental Manis Putih,Produk Olahan Susu,Kaleng,Chiller,0,687 hari,0,687.0,Fresh
Susu Bubuk Coklat,produk olahan susu,Karton,Outside,1,730,29,1.0,Soon
Nugget Ikan,Protein,Plastic,Freeze,0,97,0,97.0,
Sereal Coklat,Produk Kering,karton ,Outside,1,354,22,-1.0,Expired
Teh Kotak Hijau,Produk Minuman,Karton,suhu ruangan,0,246,0,246.0,Fresh
Nanas Kaleng,Produk Kaleng,Kaleng,Outside,0,174,0,174.0,Fresh
Mangga Kaleng,Produk Kaleng,Kaleng,Outside,0,526,0,526.0,Fresh
Sereal Oat,Produk Kering,Karton,Outside,0,241,0 days,241.0,Fresh
Persik Kaleng,Produk Kaleng,Kaleng,Outside,0,180,0,180.0,Fresh
Teh Tarik,Produk Minuman,Karton,Chiller,1,255,5,-4.0,Expired
Teh Lemon,Produk Minuman,Karton,Outside,1,352,5,-4.0,Expired
Cola Zero Sugar,,Kaleng,Outside,0,278,0,278.0,Fresh
Biskuit Digestive,Produk Kering,Plastik,Outside,1,302,1,13.0,Fresh
Leci dalam Sirup,Produk Kaleng,Kaleng,Outside,1,227,2,1.0,Soon
Keju Edam,Produk Olahan Susu,Plastik,Chiller,0,80,0,80.0,Fresh
Air Mineral,produk minuman,Plastik,Outside,0,309,0,309.0,Segar
Susu UHT Coklat,Produk Olahan Susu,Karton,Chiller,1,92,5,-4.0,Expired
Jus Nanas,Produk Minuman,Karton,Chiller,0,97,0,97.0,Fresh
Sereal Granola,Produk Kering,Karton,Outside,0,46,0,46.0,Fresh
Sosis Frankfurter,Produk Protein,,Chiller,1,24,9,-2.0,Expired
Nugget Sayuran,Produk Protein,Plastik,Freezer,No,120,0,120.0,Fresh
Nugget Sayuran,Produk Protein,Plastik,Freezer,1,10,4,-1.0,Expired
Sereal Oat,Produk Kering,Karton,Outside,1,28,13,17.0,Fresh
Kornet Sapi,Produk Kaleng,Kaleng,Outside,0,710,0,,Fresh
Jagung Manis Kaleng,canned,Kaleng,Chiller,false,411,0,411.0,Segar
Mie Instan Ayam,Produk Kering,Plastik,,1,211,1,-1.0,Expired
Teh Lemon,Produk Minuman,Karton,Outside,1,322,5,-4.0,Expired
Teh Kotak Jasmine,Produk Minuman,Karton,Outside,0,208,0,208.0,Fresh
Nugget Udang,Protin,,Freezer,,10000,,15.0,Fresh
Biskuit Mentega,Produk Kering,Kaleng,Outside,1,182,8,6.0,Soon
Air Mineral,produk minuman,Plastik,Outside,0,540,0,540.0,Fresh
Teh Lemon,Produk Minuman,Karton,OUTSIDE,0,5,0,5.0,Soon
Soda Lemon,Produk Minuman,Kaleng,Suhu Ruangan,,168,0,168.0,Fresh
  Soda Jeruk  ,Produk Minuman,Kaleng,Outside,0,308,0,308.0,
Rambutan Kaleng,Produk Kaleng,Kaleng,Outside,0,596,0,596.0,Fresh
Jus Anggur,Produk Minuman,Botol Kaca,Chiller,1,162,4,1.0,Soon
  Sosis Frankfurter  ,Produk Protein,Polimer,Chiller,0,7,0,7.0,Soon
Air Mineral,Produk Minuman,Plastik,Outside,1,401,4,-3.0,kadaluarsa
Sereal Muesli,Produk Kering,Karton,Outside,0,223,0,223.0,fresh
Susu Kental Manis Coklat,Produk Olahan Susu,Kaleng,Dingin,1,396,11,3.0,Soon
Susu Kedelai,Produk Olahan Susu,Karton,Chiller,0,36,0,-50.0,fresh
Air Mineral,Produk Minuman,Plastik,Outside,0,719,0,719.0,Fresh
Jus Jambu,Produk Minuman,Karton,refrigerator,0,96,0,96.0,Fresh
Biskuit Oatmeal,Produk Kering,Plastik,Outside,,74 hari,9,-2.0,Expired
Jus Anggur,Produk Minuman,Botol Kaca,Chiller,1,-10,10,-5.0,Dead
Yogurt Minum Probiotik,Produk Olahan Susu,Botol Kaca,Chiller,,12,0,12.0,Fresh
BISKUIT OATMEAL,Kering,Plastik,Outside,0,22,0,22.0,Fresh
Susu Kedelai,Produk Olahan Susu,Karton,,0,77,0,77.0,
Susu UHT Vanila,Produk Olahan Susu,Karton,Chiller,1,65,6,-5.0,Expired
Biskuit Digestive,Prod. Kering,Plastick,Outside,1,116,3,11.0,Fresh
Susu Bubuk Full Cream,Produk Olahan Susu,carton,Room Temp,1,449 hari,32 days,-2.0,Expired
Susu Bubuk Full Cream,Produk Olahan Susu,Karton,Outside,1,495,31,-1.0,Expired
Kornet Sapi,Produk Kaleng,Kaleng,Outside,0,422,0,422.0,Fresh
Susu Kedelai,Produk Olahan Susu,karton ,Chiller,1,192,7,-2.0,Expired
Air Mineral,Beverage,Plastik,Outside,0,413,0,413.0,segar
Yogurt Kefir,Produk Olahan Susu,Botol Kaca,Chiller,0,10,0,10.0,Fresh
Sereal Oat,Produk Kering,Karton,Outside,1,166,4,,Fresh
Teh Kotak Jasmine,Produk Minuman,Karton,,1,360,5,-4.0,Expired
Mie Instan Goreng,,Plastik,Outside,Ya,318,4 days,-4.0,Expired
Keju Parmesan,Produk Olahan Susu,Plastik,Chiller,1,315,6,24.0,Fresh
Yogurt Stroberi,Produk Olahan Susu,Polimer,Chiller,1,3,6,-3.0,Expired
Biskuit Wafer,Produk Kering,Plastik,Outside,yes,127,4,1.0,Soon
Cola Zero Sugar,Minuman,kaleng ,Outside,0,45 hari,,45.0,Fresh
Sosis Frozen,Produk Protein,Plastik,Beku,1,33,8,-5.0,Expired
Buah Cocktail,Produk Kaleng,Kaleng,Outside,1,670,7,-4.0,Expired
Biskuit Wafer,produk kering,Polimer,OUTSIDE,1,119,5,0.0,Expired
Soda Lemon,Produk Minuman,can,Outside,1,27,5 days,-4.0,Expired
	Sosis Frozen,Produk Protein,Plastik,beku,0,60,0,60.0,Fresh
Jus Jambu,Produk Minuman,Karton,Chiller,0,114,0 days,114.0,Fresh
Ikan Makerel,Produk Kaleng,Kaleng,Outside,0,272,0,272.0,Fresh
Susu Bubuk Full Cream,Produk Olahan Susu,Karton,Outside,0,94,0,94.0,Fresh
Susu UHT Full Cream,Produk Olahan Susu,Karton,CHILLER,Yes,36,9,-2.0,Expired
Biskuit Digestive,Produk Kering,Plastik,suhu ruangan,1,,13,1.0,Soon
Teh Lemon,PRODUK MINUMAN,Karton,Outside,0,167,0,167.0,Fresh
Biskuit Crackers,Produk Kering,Plastik,Outside,0,79,0,79.0,Fresh
Yogurt Stroberi,Produk Olahan Susu,Plastik,,,5,7,-4.0,Expired
Jus Anggur,Produk Minuman,Botol Kaca,Chiller,1,324,4,1.0,Soon
Susu Bubuk Bayi,Produk Olahan Susu,Karton,Outside,Ya,,10,20.0,Fresh
Nugget Ayam,Produk Protein,Plastik,Freezer,1,68,6,-3.0,Expired
SEREAL MUESLI,Produk Kering,Karton,Outside,1,212,27,3.0,Soon
Sereal Granola,Produk Kering,Karton,Outside,1,311,3,27.0,Fresh
Sereal Cornflakes,Produk Kering,Karton,Outside,1,,,10.0,Fresh
Sereal Muesli,Produk Kering,,Outside,1,64,4,26.0,Fresh
Sosis Frankfurter,Produk Protein,PLASTIK,Chiller,1,84,5,-999.0,
Keju Cream Cheese,Produk Olahan Susu,Karton,Chiller,0,45,0,45.0,Fresh
Sarden Minyak Zaitun,Produk Kaleng,Kaleng,Outside,0,121,0,121.0,OK
Minuman Isotonik,Produk Minuman,Plastik,Outside,1,67,6,-5.0,Expired
Kornet Ayam,Produk Kaleng,Kaleng,Suhu Ruangan,1,,2,1.0,Soon
Nugget Sapi,Produk Protein,PLASTIK,Freezer,0,82,0,82.0,Fresh
Kornet Ayam,Produk Kaleng,Kaleng,Outside,1,840,6,-3.0,Expired
Sosis Frankfurter,Produk Protein,Plastik,Chiller,1,-10,9,-2.0,Expired
Buah Cocktail,Produk Kaleng,kaleng ,Outside,1,625,4,-1.0,Expired
Cola Zero Sugar,Produk Minuman,Kaleng,Outside,1,258,1,0.0,Expired
Susu Almond,Produk Olahan Susu,carton,Chiller,0,29,0,29.0,Fresh
Susu Bubuk Bayi,Produk Olahan Susu,Karton,Outside,0,406,0,406.0,Fresh
Susu Kental Manis Putih,Produk Olahan Susu,Kaleng,CHILLER,,515,17,-3.0,Expired
Nugget Udang,Produk Protein,Plastik,Freezer,0,179,0,179.0,Fresh
Jagung Manis Kaleng,Produk Kaleng,Kaleng,Chiller,0,91 hari,0,91.0,Fresh
Biskuit Oatmeal,produk kering,Plastik,Outside,0,28,0,28.0,Fresh
Keju Mozzarella,Produk Olahan Susu,Plastik,Chiller,1,3,12,,kadaluarsa
Minuman Isotonik,Produk Minuman,Plastik,Outside,0,45,0,45.0,Fresh
Yogurt Blueberry,Produk Olahan Susu,Plastik,Chiller,0,12,0 days,12.0,fresh
Yogurt Plain,Produk Olahan Susu,Plastik,Chiller,1,1,4,1.0,Soon
Biskuit Sandwich,Produk Kering,Plastik,Outside,0,109,0,109.0,Fresh
Sereal Granola,Produk Kering,Karton,Outside,1,293,15,15.0,Fresh
Biskuit Sandwich,Produk Kering,Plastik,Room Temp,0,133,0,133.0,Fresh
  Soda Jeruk  ,Produk Minuman,Kaleng,Outside,1,312,,-5.0,Expired
Jus Anggur,Produk Minuman,Botol Kaca,Chiller,1,,2,3.0,Soon
NUGGET UDANG,Produk Protein,Plastik,Freezer,0,38,0,,Fresh
Jus Nanas,Produk Minuman,Karton,Chiller,0,67,,67.0,Fresh
Susu Almond,Produk Olahan Susu,Karton,Chiller,0,206,0,206.0,Fresh
Yogurt Stroberi,Produk Olahan Susu,Plastik,Chiller,0,25,0,25.0,Fresh
	Sereal Muesli,Produk Kering,Karton,Outside,1,294,1,,Fresh
Soda Lemon,Minuman,Kaleng,Outside,1,6,6,-5.0,Expired
Ikan Tuna,Produk Kaleng,Kaleng,Outside,1,520,5,-3.0,Expired
Sereal Granola,Produk Kering,Karton,Outside,0,130,0,130.0,Fresh
Jus Jeruk,PRODUK MINUMAN,Karton,Chiller,1,59,10,-5.0,Kadaluarsa
Cola Zero Sugar,Produk Minuman,Kaleng,Outside,1,258,5,-4.0,Expired
Susu Kedelai,dairy,Karton,Chiller,0,,0,81.0,Fresh
Susu Bubuk Bayi,Produk Olahan Susu,Karton,Outside,0,-10,0,447.0,Fresh
BISKUIT CRACKERS,Produk Kering,,Outside,1,89,8,-1.0,expired
Biskuit Oreo,Produk Kering,Plastik,Outside,0,4,0,4.0,Soon
Nanas Kaleng,Produk Kaleng,Kaleng,Room Temp,1,303,8,-5.0,Expired
Sosis Frankfurter,Produk Protein,Plastik,Chiller,1,62,9,-2.0,Expired
Susu Bubuk Skim,Produk Olahan Susu,Karton,,0,466,0,466.0,Fresh
Biskuit Oreo,Produk Kering,PLASTIK,,1,108,4,3.0,Soon
Teh Tarik,Produk Minuman,Karton,,1,66,2,-1.0,Expired
Mie Instan Soto,Produk Kering,Plastik,Outside,1,24,2,-2.0,kadaluarsa
Sosis Bebek,Produk Protein,Plastic,Chiller,0,71,0,,Fresh
Air Mineral,Produk Minuman,Plastik,Outside,1,-10,4,-3.0,Expired
Susu UHT Low Fat,Produk Olahan Susu,Carton,Chiller,1,125,8,-3.0,Expired
Susu Pasteurisasi,Produk Olahan Susu,Plastik,Chiller,1,3,7,-4.0,Expired
Sereal Muesli,Produk Kering,Karton,Outside,1,162,26,4.0,Soon
Teh Kotak Hijau,Produk Minuman,,Outside,1,364,2,-1.0,Expired
Sereal Oat,Produk Kering,Karton,Outside,1,212,,23.0,Fresh
Susu UHT Stroberi,dairy,Karton,Chiller,1,113,4,-3.0,Kadaluarsa
Jus Mangga,Produk Minuman,Karton,Chiller,0,114,0,114.0,Fresh
Susu UHT Low Fat,Produk Olahan Susu,Karton,Chiller,1,34,5,0.0,Expired
Sereal Coklat,Produk Kering,Karton,Outside,1,,17,4.0,Soon
Sosis Ayam,Produk Protein,Plastik,Chiller,0,35,0,35.0,fresh
Susu Bubuk Coklat,Prod. Susu,Karton,Outside,0,83,0,83.0,Fresh
Biskuit Digestive,Produk Kering,Plastik,Outside,1,194,19,-5.0,Expired
Rambutan Kaleng,Prod. Kaleng,Kaleng,Outside,0,252,0,-50.0,Fresh
Sereal Granola,Produk Kering,Karton,Outside,,216,21,9.0,Fresh
Susu UHT Vanila,,Karton,Chiller,1,207,3,-2.0,Kadaluarsa
Nanas Kaleng,Produk Kaleng,Kaleng,Outside,false,285,0,285.0,Fresh
mie instan goreng,Produk Kering,Plastic,Outside,0,143,0 days,143.0,Fresh
Susu Bubuk Skim,Dairy,Karton,Outside,1,505,8,22.0,Fresh
Teh Lemon,Produk Minuman,Karton,OUTSIDE,1,126,4,-3.0,Expired
Jus Jambu,produk minuman,Karton,Chiller,no,16,0,16.0,Fresh
Nugget Tempe,,Plastik,Freezer,0,19,0,19.0,Fresh
Yogurt Blueberry,Produk Olahan Susu,,Chiller,0,3,0,3.0,soon
Yogurt Kefir,Produk Olahan Susu,Botol Kaca,refrigerator,1,2,,-4.0,Expired
 Nugget Sapi,Produk Protein,Plastik,Freezer,0,20,0,20.0,Fresh
	Jagung Manis Kaleng,Produk Kaleng,Kaleng,Chiller,1,299,4,-1.0,Expired
Jus Nanas,Produk Minuman,Karton,Chiller,0,167,0,167.0,Fresh
yogurt minum probiotik,Produk Olahan Susu,Botol Kaca,Chiller,0,11,0,11.0,Fresh
Mie Instan Soto,Produk Kering,,Outside,0,34,0,34.0,Fresh
Jagung Manis Kaleng,Canned,Kaleng,Chiller,0,546,0,546.0,Fresh
Jus Anggur,Produk Minuman,Botol Kaca,Chiller,1,173,6,-1.0,Expired
Sereal Coklat,Produk Kering,Karton,Outside,0,10 hari,0,10.0,Fresh
Biskuit Crackers,Produk Kering,Plastik,Outside,0,115,0,115.0,fresh
  Yogurt Minum Probiotik  ,Produk Olahan Susu,Botol Kaca,Chiller,0,4,0,4.0,Soon
Yogurt Stroberi,Produk Olahan Susu,Plastik,Chiller,1,26,8,-5.0,Expired
Sereal Muesli,Produk Kering,Karton,Outside,0,9999,0 days,288.0,Fresh
Soda Lemon,Produk Minuman,Kaleng,,0,3,0,3.0,Soon
Yogurt Plain,Produk Olahan Susu,Plastik,Chiller,Ya,25,4 days,1.0,Soon
Nanas Kaleng,Produk Kaleng,Kaleng,Outside,1,,8,-5.0,Expired
Sosis Ayam,Produk Protein,Plastik,Chiller,1,44,2,3.0,Soon
Cola Zero Sugar,Produk Minuman,Kaleng,Outside,0,308,0,308.0,Fresh
Kornet Ayam,Produk Kaleng,Kaleng,Outside,0,742,0,742.0,Fresh
Susu UHT Low Fat,,Karton,Chiller,0,18,0,18.0,Fresh
Keju Edam,Produk Olahan Susu,Plastic,Chiller,1,89,17,4.0,Soon
Jus Sirsak,Produk Minuman,Karton,Chiller,No,174,0,174.0,Fresh
Mangga Kaleng,canned,Kaleng,Outside,1,50,1 days,2.0,Soon
Susu Bubuk Bayi,Produk Olahan Susu,carton,Outside,1,114,19,11.0,Fresh
Biskuit Oreo,Produk Kering,Plastik,Outside,0,110,0,110.0,Fresh
Yogurt Minum Probiotik,Produk Olahan Susu,Botol Kaca,Chiller,0,3,0,3.0,Soon
Sereal Oat,Produk Kering,Karton,Outside,0,62,0,62.0,Fresh
Nugget Ikan,Produk Protein,Plastik,Freezer,1,144,1,2.0,Soon
Mie Instan Ayam,Produk Kering,Plastik,Outside,yes,61,5,-5.0,Expired
Yogurt Greek,Produk Olahan Susu,Plastik,Chiller,0,17,0,17.0,Fresh
Jus Mangga,Produk Minuman,Karton,Chiller,1,44,,0.0,Expired
 Ikan Tuna,Produk Kaleng,Kaleng,Outside,0,560 hari,,560.0,Fresh
Sereal Oat,Produk Kering,Karton,outside,1,253,8,22.0,Fresh
Ikan Makerel,Produk Kaleng,Kaleng,Outside,0,303,0,303.0,Fresh
Keju Mozzarella,Produk Olahan Susu,Plastik,chiller,0,7,0,7.0,Soon
Soda Jeruk,Produk Minuman,Kaleng,Outside,0,129,0,129.0,Fresh
Sereal Cornflakes,Produk Kering,Karton,Outside,1,290,4,9999.0,Fresh
Yogurt Plain,Produk Olahan Susu,Plastik,Chiller,1,,6,-1.0,Expired
Minuman Energi,Produk Minuman,Kaleng,Outside,1,142,3,-2.0,Expired
Air Soda,Produk Minuman,Plastik,suhu ruangan,1,152,6,-5.0,Expired
Biskuit Wafer,Produk Kering,Plastik,Outside,0,94,0,94.0,Fresh
Sosis Ayam,Produk Protein,,Chiller,1,46,6,,Expired
Buah Cocktail,Produk Kaleng,Kaleng,room temp,0,702,0,702.0,segar
Persik Kaleng,Prod. Kaleng,Kaleng,Outside,0,232,0,232.0,Fresh
Sarden Minyak Zaitun,Produk Kaleng,Kaleng,Outside,,692,7,-5.0,
Sosis Ayam,Produk Protein,Plastik,,Ya,36,,4.0,Soon
Minuman Energi,Produk Minuman,Kaleng,Outside,0,222,0,222.0,Fresh
Susu UHT Full Cream,Olahan Susu,Karton,Chiller,,85,5,2.0,warning
Mie Instan Goreng,Produk Kering,Plastik,Outside,False,171,0,171.0,Fresh
Soda Lemon,Produk Minuman,Kaleng,Outside,1,96,2,-1.0,Expired
Sereal Cornflakes,Produk Kering,Karton,Outside,1,9999,16,14.0,Fresh
Minuman Energi,Produk Minuman,Kaleng,Outside,0,52,0,52.0,Fresh
Ikan Tuna,Produk Kaleng,Kaleng,Outside,1,670,3,-1.0,Expired
Nugget Udang,Produk Protein,Plastik,Freezer,1,10,3 days,0.0,Expired
Yogurt Mangga,Produk Olahan Susu,Plastik,Chiller,0,10 hari,0,10.0,Fresh
Yogurt Minum Probiotik,Produk Olahan Susu,Botol Kaca,Chiller,1,21,3,0.0,Expired
Susu Bubuk Skim,Produk Olahan Susu,Karton,Outside,0,145,0,145.0,FRESH
Nanas Kaleng,Produk Kaleng,Kaleng,Outside,0,29,0,29.0,segar
Buah Cocktail,Produk Kaleng,Kaleng,Outside,1,520,8,-5.0,Expired
Mangga Kaleng,Produk Kaleng,Kaleng,Outside,0,336,0,336.0,Fresh
Teh Kotak Hijau,Produk Minuman,Karton,Suhu Ruangan,1,59,3,-2.0,
Air Soda,Produk Minuman,Plastik,Outside,0,67,0,67.0,Fresh
Mie Instan Goreng,Produk Kering,Plastik,,no,243,0,243.0,Fresh
Sereal Muesli,dry food,Karton,,0,286,0,286.0,Fresh
Nugget Ikan,Produk Protein,Plastik,Freezer,1,38,3,0.0,Expired
Biskuit Digestive,Produk Kering,Plastik,Outside,1,291,17,-3.0,Expired
Mie Instan Goreng,Produk Kering,Plastik,Outside,0,36,0,36.0,Fresh
Yogurt Mangga,Produk Olahan Susu,Plastik,Chiller,1,9,7,-4.0,kadaluarsa
Ikan Tuna,Canned,Kaleng,Outside,1,816,1,1.0,Soon
Sosis Frozen,Produk Protein,Plastick,Freezer,1,35,3,0.0,Expired
Jus Sirsak,Produk Minuman,Karton,refrigerator,0,101,0 days,101.0,Fresh
Susu Almond,Produk Olahan Susu,Karton,Chiller,1,132,8,-3.0,Expired
Susu Bubuk Full Cream,produk olahan susu,Karton,Outside,0,566,0,566.0,
Biskuit Wafer,Produk Kering,Plastik,Outside,0,117,0,117.0,Fresh
Minuman Isotonik,Produk Minuman,Plastik,,1,194,2,-1.0,Expired
Susu UHT Low Fat,Olahan Susu,carton,Chiller,0,17,0,17.0,Fresh
Rambutan Kaleng,Produk Kaleng,Can,Outside,1,102,5,-2.0,
Mangga Kaleng,Canned,Kaleng,Outside,1,292,2,1.0,Soon
Susu UHT Low Fat,Produk Olahan Susu,Karton,Chiller,1,63,8,-3.0,Expired
Biskuit Crackers,Produk Kering,plastic,,0,145,0,145.0,Fresh
Rambutan Kaleng,Produk Kaleng,kaleng,Outside,1,321,8,-5.0,Expired
Biskuit Sandwich,Produk Kering,Plastik,Outside,1,146 hari,3,2.0,Soon
Yogurt Stroberi,Produk Olahan Susu,Plastik,Chiller,0,23,0,23.0,FRESH
Jus Mangga,Produk Minuman,Karton,Chiller,0,84 hari,0,84.0,Fresh
Teh Kotak Hijau,,Karton,,0,9999,0,211.0,Fresh
Mie Instan Soto,Produk Kering,Plastik,Outside,1,99,1,-1.0,Expired
Persik Kaleng,Produk Kaleng,can,Outside,0,374,0,374.0,Fresh
Mie Instan Soto,Produk Kering,Plastik,Outside,0,156,0,156.0,Fresh
Sereal Granola,Produk Kering,,Outside,1,352,14,16.0,Fresh
Cola Zero Sugar,Produk Minuman,Kaleng,Outside,true,278,4,-3.0,Expired
Sosis Sapi,Produk Protein,Plastik,Chiller,,55,0,55.0,Fresh
Susu UHT Stroberi,,Karton,CHILLER,1,254,4,-3.0,Expired
Sereal Coklat,Produk Kering,Karton,Outside,,344,15,6.0,Soon
Jus Nanas,Produk Minuman,Karton,Chiller,0,133 hari,0,133.0,Fresh
Jus Mangga,Produk Minuman,Karton,chiller,1,105,4,-3.0,Expired
Keju Mozzarella,Produk Olahan Susu,Plastik,Chiller,1,45,9,-2.0,Expired
Cola Original,Produk Minuman,Kaleng,Outside,1,24,1,0.0,Expired
Yogurt Greek,,Plastik,Chiller,0,8,0,8.0,Fresh
Air Mineral,Produk Minuman,Plastik,Outside,0,578,0,578.0,fresh
Susu UHT Low Fat,Produk Olahan Susu,,Chiller,1,109,9,-4.0,Expired
Teh Lemon,Produk Minuman,carton,Outside,0,43,0,43.0,Fresh
Yogurt Plain,Produk Olahan Susu,Plastik,Chiller,0,14,0,14.0,Fresh
Susu UHT Low Fat,,Karton,Chiller,0,59,0,59.0,Fresh
Biskuit Mentega,produk kering,Kaleng,Outside,1,86,2,12.0,Fresh
Kornet Ayam,Produk Kaleng,Can,Outside,1,589,8,-5.0,Expired
Sosis Sapi,Produk Protein,Plastik,chiller,0,21,0,21.0,Fresh
Teh Botol,Produk Minuman,Botol Kaca,Outside,1,144,2,1.0,soon
Nugget Sapi,Produk Protein,Plastic,,0,63,0,63.0,Fresh
Sosis Ayam,Produk Protein,Plastik,fridge,0,9,0,9.0,Fresh
Yogurt Greek,Olahan Susu,Polimer,Chiller,0,21,0,21.0,Fresh
Jus Mangga,produk minuman,Karton,Kulkas,0,92 hari,0,92.0,Fresh
Air Soda,Produk Minuman,Plastik,Outside,0,137,0,137.0,Fresh
Sosis Frozen,Produk Protein,,Freezer,1,41,1,2.0,Segera
Keju Parmesan,Produk Olahan Susu,Plastik,Chiller,0,316,0,316.0,Fresh
Susu Kedelai,Produk Olahan Susu,Karton,Chiller,1,147,1,4.0,
Biskuit Sandwich,,Plastik,Outside,1,13,5,0.0,Expired
Soda Lemon,Produk Minuman,Kaleng,Outside,1,158,4,-3.0,Expired
Sosis Frozen,produk protein,Plastik,Freezer,1,97,4,-1.0,Expired
Yogurt Mangga,Produk Olahan Susu,Plastik,Chiller,0,28,0,28.0,Fresh
Jagung Manis Kaleng,Produk Kaleng,Kaleng,Chiller,0,650,0,650.0,Fresh
Keju Edam,Produk Olahan Susu,Plastik,Chiller,1,58,11,10.0,Fresh
Sosis Ikan,Produk Protein,Plastik,Chiller,1,10,2,1.0,Soon
Kornet Ayam,Produk Kaleng,Kaleng,Outside,,79,,79.0,Fresh
Sereal Granola,dry food,Karton,Outside,1,363,28,2.0,Soon
Mie Instan Ayam,Produk Kering,Plastik,,0,175,0,175.0,
Teh Botol,Produk Minuman,Botol Kaca,Outside,0,170,0,170.0,ok
Susu Bubuk Skim,Produk Olahan Susu,Karton,Outside,1,23,26,4.0,Soon
Susu Kental Manis Putih,Produk Olahan Susu,Kaleng,Chiller,0,228,0,228.0,Fresh
MIE INSTAN AYAM,Produk Kering,Plastik,Outside,0,229,0,229.0,Fresh
Sereal Muesli,Produk Kering,Karton,Outside,1,191,27,3.0,Soon
Susu Pasteurisasi,Produk Olahan Susu,Plastik,Chiller,1,8,5,-2.0,Expired
Jus Sirsak,Produk Minuman,Karton,Chiller,0,62,0,62.0,Fresh
Keju Parmesan,Produk Olahan Susu,Plastik,Chiller,0,188,0,188.0,Fresh
Susu Bubuk Skim,Produk Olahan Susu,Karton,Outside,1,,28,2.0,Soon
Susu UHT Coklat,Produk Olahan Susu,Karton,Chiller,1,142,1,0.0,Kadaluarsa
sereal cornflakes,Produk Kering,Karton,Outside,0,74,0,74.0,Fresh
  Cola Zero Sugar  ,Produk Minuman,Kaleng,Outside,0,190,0,190.0,Fresh
Minuman Energi,Produk Minuman,,Outside,1,243,5,-4.0,Expired
 Sereal Granola,Produk Kering,Karton,Outside,1,68,3,27.0,fresh
Biskuit Crackers,Produk Kering,Plastik,Outside,1,115,9,-2.0,Expired
Keju Edam,Produk Olahan Susu,PLASTIK,Chiller,1,30,15,6.0,Soon
Air Soda,Produk Minuman,Plastik,Outside,0,76,0,76.0,Fresh
Keju Edam,Produk Olahan Susu,Plastik,Chiller,0,80,0,80.0,fresh
Jus Apel,Produk Minuman,Karton,Chiller,0,173,0,173.0,Fresh
Yogurt Kefir,Produk Olahan Susu,Botol Kaca,Chiller,1,11,5,-2.0,Expired
Susu UHT Full Cream,Produk Olahan Susu,Karton,Chiller,0,53,0,53.0,Fresh
Sarden Minyak Zaitun,Produk Kaleng,Kaleng,Outside,1,476,4,-2.0,Expired
Yogurt Greek,Olahan Susu,Plastik,Chiller,0,10 hari,0,10.0,Fresh
Jus Jeruk,Produk Minuman,Karton,Chiller,0,79,0,79.0,Fresh
Yogurt Blueberry,Produk Olahan Susu,Plastik,Chiller,0,11,0,11.0,Fresh
Keju Parmesan,Produk Olahan Susu,Polimer,Chiller,1,87,30,0.0,Expired
Soda Jeruk,Produk Minuman,Kaleng,Outside,0,311,0 days,311.0,Fresh
Keju Cream Cheese,Produk Olahan Susu,karton ,fridge,1,59,2,12.0,Fresh
Mie Instan Goreng,Produk Kering,Plastik,Room Temp,1,301,2,-2.0,Expired
Minuman Energi,Produk Minuman,Kaleng,Outside,1,172,4,-3.0,kadaluarsa
Sereal Granola,Produk Kering,Karton,Outside,0,215,0,215.0,Fresh
	Susu Evaporasi,Produk Olahan Susu,Kaleng,Chiller,0,176 hari,0,176.0,Fresh
Mangga Kaleng ,Produk Kaleng,Kaleng,Outside,,390,0,-999.0,OK
Nugget Tempe,Produk Protein,Plastik,,1,49,7,-4.0,Expired
Keju Edam,Produk Olahan Susu,Plastik,,false,36,0,36.0,Fresh
Jus Jambu,Produk Minuman,Karton,Chiller,0,154,0,154.0,Fresh
Yogurt Mangga,Produk Olahan Susu,Plastik,chiller,0,21,0 days,21.0,Fresh
Ikan Tuna,Produk Kaleng,Kaleng,Outside,0,354,0,354.0,Fresh
  Jus Jambu  ,Produk Minuman,Karton,,1,40,8,-5.0,Expired
Teh Kotak Jasmine,Produk Minuman,Karton,Outside,1,28,6,-5.0,Expired
Teh Kotak Hijau,Minuman,carton,Outside,0,317,0,317.0,Fresh
Jus Anggur,Produk Minuman,Botol Kaca,Chiller,0,66,0,66.0,Fresh
Nugget Udang,produk protein,Plastik,Freezer,1,79,5,-2.0,Expired
Sosis Sapi,Produk Protein,Polimer,Chiller,1,57,8,-3.0,expired
Susu UHT Low Fat ,Produk Olahan Susu,Karton,Chiller,0,16,0,16.0,Fresh
Keju Cheddar,Produk Olahan Susu,Plastik,Chiller,0,56,0,56.0,
Jus Jambu,Produk Minuman,Karton,Chiller,1,82,1,2.0,Soon
Biskuit Mentega,Produk Kering,Kaleng,Outside,,281,1,13.0,Fresh
Nugget Ikan,Produk Protein,Plastik,Freezer,0,98,0,98.0,Fresh
Susu Bubuk Bayi,dairy,Karton,Outside,1,,12,18.0,Fresh
Sereal Coklat,Produk Kering,Karton,Outside,1,337,24,-3.0,Expired
Susu Bubuk Coklat,produk olahan susu,Karton,Outside,1,-10,,22.0,Segar
Keju Edam,Produk Olahan Susu,Plastik,Chiller,0,121,0,121.0,Fresh
Sosis Frozen,Produk Protein,Plastik,beku,0,141,0,141.0,Fresh
Ikan Tuna,Produk Kaleng,Kaleng,Outside,0,569,0,569.0,Fresh
Teh Kotak Jasmine,Produk Minuman,Karton,Room Temp,0,270,0,270.0,Fresh
Keju Cheddar,Produk Olahan Susu,Plastik,Chiller,0,129,0,129.0,Fresh
Susu UHT Coklat,Produk Olahan Susu,Karton,Chiller,0,91 hari,0,91.0,Fresh
Sosis Ikan,Produk Protein,Plastik,refrigerator,1,3 hari,7,-4.0,Expired
Susu Pasteurisasi,Produk Olahan Susu,Plastik,Chiller,0,12,0,12.0,Fresh
Leci dalam Sirup,Produk Kaleng,Kaleng,Outside,1,476,3 days,0.0,Expired
yogurt blueberry,Produk Olahan Susu,Plastik,refrigerator,1,4,7,-4.0,Expired
Teh Kotak Jasmine,Produk Minuman,Karton,Outside,1,114,4,-3.0,Expired
Sereal Granola,Produk Kering,Karton,Outside,1,88,8,22.0,Fresh
Susu UHT Coklat,Produk Olahan Susu,Karton,Chiller,0,,0,154.0,Fresh
Susu Bubuk Coklat,Produk Olahan Susu,Karton,room temp,0,601,0,601.0,Fresh
 Biskuit Sandwich,produk kering,Plastik,,0,129,0,129.0,Fresh
Nugget Tempe,Produk Protein,Plastik,Freezer,0,75,0,75.0,Fresh
Sereal Coklat,,Karton,Outside,1,236,23,-2.0,Expired
 Biskuit Marie,Produk Kering,Plastik,Outside,1,101,10,-3.0,Expired
Sosis Bebek,Produk Protein,Plastik,Chiller,0,52,0,52.0,Fresh
Teh Botol,,Botol Kaca,Outside,1,24,1,2.0,Soon
Keju Parmesan,Prod. Susu,Plastik,Chiller,1,326,35,-5.0,expired
Susu Bubuk Skim,Produk Olahan Susu,Karton,Outside,0,635,0,635.0,Fresh
air soda,Produk Minuman,Plastik,Outside,1,181,3,-2.0,Expired
Keju Parmesan,Produk Olahan Susu,Plastik,,0,166,0,166.0,Fresh
Mie Instan Goreng,,Plastik,Outside,1,254,3,-3.0,Expired
Biskuit Digestive,Produk Kering,plastic,Outside,1,200,,-2.0,kadaluarsa
Mie Instan Ayam,Produk Kering,Plastik,Room Temp,1,194,4,,Expired
Mangga Kaleng,Produk Kaleng,Kaleng,Outside,1,17,7,-4.0,
Biskuit Marie,Produk Kering,Plastik,Outside,,120,11,-4.0,Expired
KEJU EDAM,dairy,Plastik,Chiller,False,66,0,66.0,Fresh
Susu UHT Low Fat ,Produk Olahan Susu,Karton,Chiller,0,72,0,72.0,Fresh
Sarden Tomat,Produk Kaleng,Kaleng,Outside,1,912,5,-3.0,Expired
Nugget Sapi,produk protein,Plastik,Freezer,1,49,6,-3.0,Expired
Keju Mozzarella,Produk Olahan Susu,Plastik,Chiller,0,29,0,29.0,Fresh
  Kornet Sapi  ,Produk Kaleng,Kaleng,Outside,0,117,0,117.0,Fresh
Sarden Minyak Zaitun,Produk Kaleng,,Outside,1,556,5,-3.0,Expired
Keju Cream Cheese,Produk Olahan Susu,karton,Chiller,1,11,9,5.0,Soon
Keju Parmesan,Produk Olahan Susu,Plastik,Chiller,1,17,29,1.0,Soon
Sosis Frozen,Produk Protein,Plastik,Freezer,1,135,2,1.0,Soon
Biskuit Wafer,Produk Kering,Plastik,Outside,0,29,,29.0,Fresh
Jus Jambu,Produk Minuman,Kardus,Chiller,0,142,0,142.0,Fresh
Sarden Tomat,Produk Kaleng,Kaleng,Outside,1,225,6,-4.0,Expired
Jus Sirsak,Produk Minuman,Karton,Chiller,1,9999,8,-5.0,Dead
Teh Lemon,Produk Minuman,Karton,Outside,0,236,0,236.0,Fresh
Biskuit Mentega,Produk Kering,Kaleng,Outside,0,218,0,218.0,Fresh
Kornet Ayam,Produk Kaleng,Kaleng,Outside,0,934,0,934.0,Fresh
Keju Edam,Produk Olahan Susu,Plastik,Chiller,0,5,0,5.0,Soon
Nugget Sayuran,Produk Protein,Plastic,Freezer,0,176,0,176.0,Fresh
biskuit crackers,Produk Kering,Plastik,Outside,0,67,0,67.0,Fresh
Teh Tarik,Produk Minuman,Karton,Chiller,1,161,6,-5.0,basi
Mangga Kaleng,canned,Kaleng,Outside,0,655,0,655.0,Fresh
Ikan Salmon,Produk Kaleng,Kaleng,Outside,0,584,0,584.0,Fresh
Sosis Frozen,Produk Protein,Plastik,Freeze,1,114,4,-1.0,expired
Nugget Ayam,Produk Protein,Plastik,Freezer,0,33,0,33.0,Fresh
Biskuit Mentega,Produk Kering,Kaleng,Outside,0,75,0,75.0,Fresh
Biskuit Oreo,Produk Kering,Plastick,Outside,1,,3,4.0,
Air Soda,Produk Minuman,Plastik,Outside,1,28,4,-3.0,
Sosis Ayam,Produk Protein,Polimer,Dingin,0,14,0,,Fresh
Buah Cocktail,Produk Kaleng,Kaleng,OUTSIDE,1,188,4 days,-1.0,Expired
Jagung Manis Kaleng,Produk Kaleng,Kaleng,Chiller,0,,0,628.0,Fresh
Susu UHT Coklat,Produk Olahan Susu,Karton,Chiller,1,152,5,-4.0,Expired
Nugget Ayam,Produk Protein,,Freezer,1,,6,-3.0,Expired
Kornet Ayam,Produk Kaleng,can,Outside,0,224,0,224.0,Fresh
Sosis Ikan,Produk Protein,Plastik,Chiller,1,14,7,-4.0,Expired
Susu UHT Coklat,Produk Olahan Susu,Karton,Chiller,0,99,0,99.0,Fresh
Susu Bubuk Bayi,Produk Olahan Susu,Karton,Outside,1,604,26,4.0,Soon
Nugget Tempe,Produk Protein,Plastik,Freezer,0,97,0,97.0,Fresh
Keju Cheddar,,plastik,Chiller,1,96,2,12.0,Fresh
Soda Jeruk,Produk Minuman,Kaleng,Outside,True,329,1,0.0,Expired
Kornet Sapi,Produk Kaleng,Kaleng,,0,189,0,189.0,Fresh
Sereal Cornflakes,Produk Kering,Tetrapak,Outside,0,354,0,354.0,Fresh
Sarden Minyak Zaitun,Produk Kaleng,Kaleng,Outside,false,1018,0,1018.0,Fresh
Yogurt Greek,Produk Olahan Susu,Plastik,Chiller,1,21,7 days,-2.0,Expired
Sosis Frankfurter,Produk Protein,Plastik,fridge,0,33,0,33.0,Fresh
Cola Zero Sugar,Produk Minuman,Kaleng,outside,1,59,2,-1.0,Expired
Sereal Coklat,Produk Kering,Karton,Outside,0,171,0 days,171.0,Fresh
Keju Mozzarella,Produk Olahan Susu,Plastik,Chiller,1,11,11,-4.0,Expired
Susu UHT Full Cream,Produk Olahan Susu,Karton,Chiller,0,256,0,256.0,Fresh
Sosis Ikan,Produk Protein,Plastik,Chiller,0,29,0,29.0,Fresh
Nanas Kaleng,Produk Kaleng,Kaleng,Outside,0,249,0,249.0,Fresh
Nugget Ayam,produk protein,Plastik,Freezer,1,154,3,0.0,Expired
Minuman Energi,Produk Minuman,Kaleng,Outside,,291,0,291.0,Fresh
Sarden Minyak Zaitun,produk kaleng,Kaleng,Suhu Ruangan,0,337,0,337.0,Fresh
	Teh Kotak Jasmine,Produk Minuman,Karton,Outside,0,352,0,352.0,Fresh
Biskuit Mentega,Produk Kering,,Outside,1,297,6,8.0,Fresh
Sosis Sapi,Produk Protein,Plastik,Chiller,0,29,,29.0,Fresh
Ikan Makerel,produk kaleng,Kaleng,Room Temp,1,970,7,-5.0,Expired
Sosis Sapi,Produk Protein,Plastik,Chiller,0,36,0,36.0,Fresh
Jus Jambu,Produk Minuman,Karton,Chiller,0,159,0,159.0,Fresh
Keju Parmesan,Produk Olahan Susu,Plastik,Chiller,1,231,4,26.0,Fresh
  Biskuit Wafer  ,Produk Kering,PLASTIK,Outside,0,159,0,159.0,Fresh
Keju Cream Cheese,Produk Olahan Susu,Karton,Chiller,0,25,0,,Fresh
Minuman Energi,Produk Minuman,Kaleng,Outside,1,2,1,0.0,Expired
Ikan Makerel,Produk Kaleng,Kaleng,Outside,0,9999,0,900.0,Fresh
Susu Almond,Olahan Susu,Karton,,0,179,0,179.0,Fresh
Biskuit Wafer,,Plastik,Outside,1,112,10,-5.0,Expired
Yogurt Kefir,Produk Olahan Susu,Botol Kaca,Chiller,0,4,0 days,4.0,hampir
Kornet Ayam,Produk Kaleng,Kaleng,Outside,0,721,0,721.0,Fresh
Susu Bubuk Full Cream,Produk Olahan Susu,,Luar,0,319,0,319.0,Fresh
Yogurt Blueberry,Produk Olahan Susu,Plastik,Chiller,0,6,0,6.0,
Jagung Manis Kaleng,Produk Kaleng,kaleng ,Chiller,1,238,8,-5.0,Expired
Biskuit Wafer,Produk Kering,Plastik,Outside,1,33,1,4.0,Soon
Leci dalam Sirup,Produk Kaleng,Kaleng,Outside,No,171,0,171.0,segar
Susu UHT Low Fat,Produk Olahan Susu,carton,,,15,1,4.0,Soon
Sereal Cornflakes,Kering,Karton,Outside,1,189,20,10.0,Fresh
Teh Lemon,Produk Minuman,Karton,Outside,0,91,0,9999.0,Fresh
Nugget Sapi,produk protein,Plastik,Freezer,1,49,6,-3.0,Expired
Sosis Bebek,Produk Protein,Plastik,Chiller,False,85,0,85.0,Fresh
Biskuit Marie,dry food,Plastik,Outside,0,,0,157.0,Fresh
Yogurt Blueberry,Produk Olahan Susu,Plastik,Refrigerator,1,4,8,-5.0,Expired
Sosis Sapi,Produk Protein,Polimer,kulkas,1,42,3,2.0,Soon
Nugget Ayam,PRODUK PROTEIN,Plastik,,0,,0,149.0,Fresh
Teh Lemon,Produk Minuman,Karton,Outside,0,13,0,13.0,Fresh
Jus Nanas,Produk Minuman,,,0,121,0,121.0,Fresh
Keju Cream Cheese,Produk Olahan Susu,Karton,Chiller,0,21,0,21.0,Fresh
Susu Kedelai,Prod. Susu,Karton,Chiller,1,69,9,-4.0,Expired
Ikan Salmon,Produk Kaleng,Kaleng,Outside,0,197,0,197.0,Fresh
Mie Instan Soto,Produk Kering,Plastik,Outside,0,248,0,248.0,Fresh
Susu Evaporasi,Produk Olahan Susu,Kaleng,Chiller,1,394,10,-3.0,Expired
Yogurt Plain,Produk Olahan Susu,Plastik,Chiller,1,15,5,0.0,Expired
Nugget Sayuran,Produk Protein,Plastik,Freezer,1,,2,1.0,Soon
Sosis Sapi,Produk Protein,Plastik,,0,49,0,9999.0,
Susu UHT Coklat,Produk Olahan Susu,Karton,Chiller,0,13,0,13.0,Fresh
Susu Bubuk Full Cream,Produk Olahan Susu,Karton,Outside,,522,18,12.0,Fresh
Nugget Sayuran,Produk Protein,PLASTIK,Freezer,0,53,0,53.0,Fresh
Biskuit Marie,Produk Kering,Plastik,Outside,1,69,3,4.0,Soon
Yogurt Minum Probiotik,dairy,Botol Kaca,Chiller,1,16,3,0.0,Expired
Keju Mozzarella,Produk Olahan Susu,PLASTIK,Chiller,1,19,12,,Expired
Susu Kedelai,PRODUK OLAHAN SUSU,Karton,refrigerator,0,239,0,239.0,ok
Air Mineral,Produk Minuman,Plastik,Outside,1,297,3,-2.0,expired
jus nanas,Produk Minuman,Karton,Chiller,0,24,0,24.0,Fresh
BISKUIT MARIE,Produk Kering,Plastik,Outside,0,104,,104.0,Fresh
Susu Bubuk Full Cream,Produk Olahan Susu,Kardus,outside,Tidak,338,0 days,338.0,
Ikan Tuna,Produk Kaleng,Kaleng,Outside,0,,0,12.0,FRESH
	Jus Anggur,Produk Minuman,Botol Kaca,Chiller,0,55,,55.0,Fresh
Keju Cheddar,Produk Olahan Susu,Plastik,Chiller,0,19,0,19.0,Fresh
Susu Bubuk Bayi,Produk Olahan Susu,carton,Luar,1,476,29,1.0,Soon
	Susu UHT Low Fat,Produk Olahan Susu,Karton,Chiller,0,19,0,19.0,Fresh
Minuman Isotonik,Produk Minuman,Plastik,Outside,1,119,1,0.0,Expired
Sarden Minyak Zaitun,Produk Kaleng,Kaleng,,1,159,4,-2.0,Expired
Jus Jeruk,Produk Minuman,Karton,Chiller,1,135,8,-3.0,Expired
	Keju Cream Cheese,Olahan Susu,Karton,Chiller,1,36,19,-5.0,Expired
Jus Jeruk,produk minuman,KARTON,Chiller,1,62,6,-1.0,EXPIRED
Biskuit Sandwich,Produk Kering,Plastik,OUTSIDE,0,,0,49.0,OK
Susu Bubuk Full Cream,Produk Olahan Susu,Karton,Outside,1,233,6,24.0,Fresh
Sosis Frozen,Produk Protein,Plastik,Freezer,0,111,0,111.0,Fresh
  Mie Instan Soto  ,,Plastik,Outside,0,212,0,212.0,Fresh
 Sereal Granola,Produk Kering,Karton,Outside,0,210,0,210.0,Fresh
Sarden Cabai,Produk Kaleng,tin,OUTSIDE,0,41,0,41.0,
Air Mineral,Beverage,Plastik,Outside,0,619,0,619.0,Fresh
Biskuit Sandwich,,Plastik,Room Temp,1,114,5,0.0,Expired
Yogurt Greek,Produk Olahan Susu,Plastik,Chiller,1,6,2,3.0,
	Susu Bubuk Bayi,Produk Olahan Susu,Karton,Outside,0,354,0,354.0,Fresh
Susu Bubuk Coklat,Produk Olahan Susu,Karton,Outside,1,30,12,18.0,Fresh
Susu UHT Vanila,Produk Olahan Susu,Karton,Chiller,0,9999,0,95.0,Fresh
Susu Kental Manis Putih,Produk Olahan Susu,Kaleng,Chiller,1,166,7,7.0,Soon
Minuman Energi,Produk Minuman,Kaleng,Outside,0,305,0,305.0,segar
Teh Kotak Hijau,Produk Minuman,KARTON,suhu ruangan,0,47,0,47.0,Fresh
Mie Instan Goreng,Kering,Plastik,Outside,1,99,1,-1.0,Expired
Mie Instan Ayam,Produk Kering,Plastik,Outside,Ya,199,2,-2.0,Basi
Nugget Udang,Protin,Plastik,Freezer,0,7,0,7.0,Soon
Susu Bubuk Skim,Produk Olahan Susu,Karton,Outside,1,380,35,-5.0,Expired
  Nugget Ikan  ,Produk Protein,Plastik,,1,153,2,1.0,warning
Yogurt Plain,Produk Olahan Susu,Plastik,Chiller,yes,15,3,2.0,Soon
Sarden Minyak Zaitun,Produk Kaleng,Kaleng,Outside,1,583,7,-5.0,
Kornet Sapi,Produk Kaleng,Kaleng,Outside,0,1079,0,1079.0,Fresh
Jus Sirsak,Produk Minuman,Karton,chiller,0,167,0,167.0,Fresh
Susu UHT Vanila,Produk Olahan Susu,Karton,Chiller,false,156,0,156.0,Fresh
Kornet Ayam,Produk Kaleng,Kaleng,Outside,1,,2,1.0,hampir
Sarden Tomat,Kaleng,Kaleng,Outside,1,920,,-2.0,Expired
Ikan Makerel,,Kaleng,Luar,0,957,0,957.0,Fresh
Soda Lemon,Produk Minuman,Kaleng,Outside,1,138,6,-5.0,Expired
Biskuit Oatmeal,dry food,Plastik,Outside,0,17,0,17.0,FRESH
Sereal Muesli,,Karton,Suhu Ruangan,1,78,33,-3.0,Expired
Mangga Kaleng,Produk Kaleng,Kaleng,Outside,Tidak,9,0,,Fresh
Minuman Isotonik,Produk Minuman,Plastik,Outside,1,37,5,-4.0,Expired
Susu Kental Manis Coklat,Produk Olahan Susu,Kaleng,Chiller,1,408,11,3.0,Soon
Susu UHT Vanila,Produk Olahan Susu,Karton,Chiller,1,225,1,,Expired
Biskuit Digestive,Produk Kering,Plastik,Outside,1,137,1,13.0,Fresh
Jus Sirsak,PRODUK MINUMAN,Karton,,0,114,0,114.0,Fresh
Yogurt Minum Probiotik,Produk Olahan Susu,Kaca,Chiller,0,17,0,17.0,Fresh
Nugget Ikan,Produk Protein,Plastik,Freezer,1,,3,0.0,Expired
Biskuit Sandwich,Produk Kering,Plastik,Outside,0,48,0,48.0,Fresh
Kornet Sapi,Produk Kaleng,Kaleng,Outside,0,,0,815.0,Fresh
Yogurt Blueberry,Produk Olahan Susu,plastic,Chiller,0,26,0,26.0,Fresh
Leci dalam Sirup,Produk Kaleng,Kaleng,Outside,1,463,8,-5.0,Expired
Jus Nanas,Produk Minuman,Karton,Chiller,0,179,0,179.0,
Keju Edam,Produk Olahan Susu,PLASTIK,Chiller,1,3,12,3.0,Soon
Biskuit Sandwich,Produk Kering,Plastik,Outside,0,137,0,137.0,Fresh
Keju Parmesan,Produk Olahan Susu,Plastik,Chiller,1,217,,18.0,Fresh
Sosis Ayam,Produk Protein,Plastik,Chiller,1,41,7,-2.0,Expired
Sarden Minyak Zaitun,Produk Kaleng,Kaleng,Outside,1,990,5,-3.0,Expired
Biskuit Crackers,Produk Kering,Plastik,outside,0,71,0,71.0,Fresh
Persik Kaleng,Produk Kaleng,Kaleng,Luar,1,290,2,1.0,
Biskuit Wafer,Produk Kering,Plastik,Outside,1,130,1,4.0,hampir
Keju Cheddar,Produk Olahan Susu,Plastik,Chiller,0,2,0,2.0,SOON
Ikan Makerel,,Kaleng,Outside,Ya,615,1,1.0,Soon
Susu Kental Manis Putih,Produk Olahan Susu,Kaleng,Chiller,1,221,5,9.0,Fresh
Susu Bubuk Coklat,Produk Olahan Susu,Karton,,0,130,0,130.0,Fresh
Sosis Ikan,Produk Protein,Plastik,Chiller,Tidak,37,0,37.0,Fresh
Susu Bubuk Bayi,dairy,Karton,outside,1,586,13,17.0,Fresh
Teh Tarik,Produk Minuman,KARTON,Chiller,1,171,2,-1.0,Expired
Jus Jambu,Produk Minuman,Karton,Chiller,1,162,7,-4.0,Expired
Sosis Sapi,Produk Protein,Plastik,Chiller,0,37,0,37.0,Fresh
Susu UHT Low Fat,Produk Olahan Susu,Karton,Chiller,0,-10,0,104.0,Fresh
Air Mineral,Produk Minuman,Plastik,Outside,No,190,0,190.0,Fresh
Keju Edam,Produk Olahan Susu,Plastik,Chiller,0,69,0,69.0,Fresh
Mie Instan Ayam,Produk Kering,Plastik,Outside,0,62,0,62.0,Fresh
Susu UHT Coklat,,Karton,,1,108,6,-5.0,Expired
Kornet Sapi,Produk Kaleng,Kaleng,Outside,1,119,4,-1.0,
	Nugget Sayuran,Produk Protein,Plastik,Freezer,1,139,8,-5.0,Expired
Keju Cheddar,Produk Olahan Susu,Plastik,Chiller,0,176,0,176.0,Fresh
Biskuit Mentega,Produk Kering,KALENG,outside,0,337,0,337.0,Fresh
Jus Mangga,Beverage,Karton,Chiller,0,174,0,174.0,Fresh
	Biskuit Mentega,Produk Kering,Kaleng,Outside,1,-5,10,4.0,Soon
Ikan Salmon,Produk Kaleng,Kaleng,Outside,1,369,4,-2.0,Expired
Mie Instan Soto,Produk Kering,Plastik,Outside,0,27,0,27.0,Fresh
Sosis Bebek,Produk Protein,,Chiller,0,21,0,21.0,Fresh
Jus Jambu,Beverage,Karton,Chiller,0,-5,0,97.0,fresh
Biskuit Sandwich,Produk Kering,Plastik,Outside,1,119,3,2.0,Soon
Teh Lemon,,Karton,Outside,1,80,4,-3.0,Expired
Ikan Tuna,Kaleng,Kaleng,Outside,0,107,0,107.0,segar
Jus Apel,Beverage,Karton,Chiller,1,7,3,2.0,Segera
Yogurt Kefir,Produk Olahan Susu,Botol Kaca,Chiller,1,11,6,-3.0,Expired
Nugget Ayam,,Plastik,Freezer,0,135,0,135.0,Fresh
Biskuit Oreo,Produk Kering,plastik,suhu ruangan,1,178,3,4.0,Soon
Sarden Tomat,Produk Kaleng,Kaleng,Outside,0,1068,0,1068.0,
Nugget Sayuran,protein,Plastik,Freezer,0,121,0,121.0,Fresh
Nugget Ikan,protein,,Freezer,0,51,0,51.0,Fresh
Jus Mangga,Produk Minuman,Karton,Chiller,0,71,0,71.0,Fresh
Yogurt Blueberry,Produk Olahan Susu,Plastik,Chiller,1,10,4,-1.0,Expired
Susu Bubuk Skim,Produk Olahan Susu,Karton,Outside,0,703,0,703.0,Fresh
Mie Instan Soto,Produk Kering,,Outside,0,73,0,73.0,Fresh
Sosis Ayam,,Plastik,Chiller,0,42,0,42.0,Fresh
Keju Cheddar,Produk Olahan Susu,PLASTIK,CHILLER,true,174,18,-4.0,Expired
Keju Mozzarella,Produk Olahan Susu,,Chiller,1,20,5,2.0,Soon
Biskuit Oreo,Produk Kering,Plastik,outside,1,134,8,-1.0,Expired
Susu UHT Vanila,Produk Olahan Susu,Karton,Chiller,1,175,3,-2.0,Expired
Nugget Ayam,Produk Protein,Plastik,Freezer,0,163,0,163.0,Fresh
Cola Original,Produk Minuman,,Outside,1,50,1,0.0,Expired
Sereal Granola,Produk Kering,Karton,Outside,0,213,0,213.0,Fresh
Mie Instan Soto,Produk Kering,Plastik,Room Temp,1,285,4,-4.0,Expired
Ikan Tuna,Produk Kaleng,Kaleng,Outside,0,547,0,547.0,fresh
Susu Kedelai,Olahan Susu,Karton,Chiller,1,45,7,-2.0,Expired
SOSIS SAPI,Produk Protein,Plastik,Chiller,0,43,0,43.0,Fresh
Sosis Frozen,Produk Protein,Plastik,FREEZER,1,-5,3,0.0,Expired
Sereal Oat,Produk Kering,Karton,Outside,1,263,13,17.0,Fresh
Biskuit Digestive,Produk Kering,Plastik,Outside,1,244,18,-4.0,Expired
Biskuit Wafer,Dry Food,PLASTIK,Outside,1,76,4,1.0,soon
Susu Bubuk Bayi,Produk Olahan Susu,karton ,Outside,1,622,29,1.0,Soon
Ikan Salmon,Produk Kaleng,Kaleng,Outside,0,710,0,710.0,Fresh
Minuman Isotonik,Produk Minuman,Plastik,Outside,0,66,0,-50.0,Fresh
Minuman Isotonik,Produk Minuman,Plastik,Outside,0,197,0,197.0,Fresh
nugget sapi,Produk Protein,Plastik,Freezer,0,73,0 days,73.0,Fresh
Nugget Tempe,Prod. Protein,plastik,Freezer,1,60,3,0.0,Expired
 Cola Zero Sugar,Produk Minuman,Kaleng,Outside,0,97,0,97.0,Fresh
Susu Bubuk Skim,dairy,Karton,Outside,1,335,27,3.0,Soon
Air Mineral,Produk Minuman,Plastik,Room Temp,0,560,0,560.0,Fresh
Yogurt Greek,PRODUK OLAHAN SUSU,Plastik,Chiller,1,14,1,4.0,Soon
Sereal Coklat,Produk Kering,Karton,Outside,false,203 hari,0,203.0,
Nugget Ayam,Protin,Plastik,Freezer,0,147,0,147.0,Fresh
Jus Jambu,Produk Minuman,Karton,,1,113,7,-4.0,Expired
Biskuit Marie,Prod. Kering,Plastik,Outside,0,1,0,1.0,Soon
Kornet Ayam,Produk Kaleng,Kaleng,,0,956,0,956.0,Fresh
Sosis Frankfurter,Produk Protein,Plastik,Chiller,1,45,1,6.0,Soon
Persik Kaleng,Produk Kaleng,tin,Outside,1,668,5,-2.0,Expired
Sarden Cabai,,Kaleng,Outside,1,860,4,-2.0,Expired
Nanas Kaleng,Produk Kaleng,Kaleng,Outside,1,642,2,1.0,Soon
Susu UHT Stroberi,Produk Olahan Susu,Karton,Chiller,0,223,0,223.0,Fresh
Yogurt Kefir,Produk Olahan Susu,Botol Kaca,Chiller,,12,8,-5.0,Expired
Susu UHT Stroberi,Olahan Susu,Karton,Chiller,1,70,4,-3.0,basi
Mangga Kaleng,Prod. Kaleng,,Outside,,412,0,412.0,Fresh
Ikan Makerel,Produk Kaleng,Kaleng,Outside,0,944,0,944.0,Fresh
Susu Kedelai,Produk Olahan Susu,karton ,Chiller,1,197,4,1.0,Soon
Soda Jeruk,Produk Minuman,Kaleng,Outside,1,126,1,0.0,Expired
Teh Lemon,Produk Minuman,Karton,Outside,0,68,0,68.0,Fresh
Persik Kaleng,Produk Kaleng,Kaleng,Outside,0,124,0,124.0,Fresh
 Susu Bubuk Skim,Produk Olahan Susu,Karton,Outside,0,398,0,398.0,OK
Susu UHT Stroberi,Produk Olahan Susu,Karton,Chiller,1,209,3,,Expired
Teh Botol,Produk Minuman,Botol Kaca,,1,188,8,-5.0,Expired
Sosis Frankfurter,Produk Protein,Plastik,Chiller,1,27,7,0.0,kadaluarsa
Teh Tarik,Produk Minuman,Karton,kulkas,0,191,0,191.0,Fresh
Nugget Udang,Produk Protein,Plastik,Freezer,0,97,0,97.0,Fresh
Nanas Kaleng,Produk Kaleng,Kaleng,Outside,false,338,0,338.0,Fresh
Sarden Minyak Zaitun,Produk Kaleng,Kaleng,Outside,1,368,2,0.0,Expired
Sereal Granola,Produk Kering,Karton,OUTSIDE,0,134,,134.0,Fresh
Susu Pasteurisasi,Produk Olahan Susu,Plastik,Chiller,0,1,0,1.0,Soon
Susu Bubuk Skim,Produk Olahan Susu,Karton,suhu ruangan,0,180,0,180.0,Fresh
Sereal Granola,Produk Kering,Karton,Outside,1,174,30,0.0,Expired
Yogurt Blueberry,Produk Olahan Susu,Plastik,Chiller,1,3,8,-5.0,Expired
Yogurt Minum Probiotik,Produk Olahan Susu,Botol Kaca,Chiller,0,1,0,1.0,Soon
Susu Bubuk Bayi,Produk Olahan Susu,Karton,Outside,1,217,9,21.0,Fresh
Nugget Sapi,Produk Protein,Plastik,freezer,0,40,0,,Fresh
Soda Jeruk,Produk Minuman,Kaleng,,0,18,0,,Fresh
Sereal Cornflakes,Produk Kering,Karton,Outside,1,,8,22.0,Fresh
Rambutan Kaleng,Produk Kaleng,Kaleng,Outside,no,287,0,287.0,Fresh
Yogurt Blueberry,Produk Olahan Susu,Plastik,Chiller,1,23,,-2.0,Expired
teh kotak jasmine,Produk Minuman,Karton,Outside,0,48,0,,Fresh
Ikan Makerel,Produk Kaleng,Kaleng,Outside,0,286,0,286.0,Fresh
Susu Kental Manis Putih,PRODUK OLAHAN SUSU,Kaleng,Chiller,1,158,6,8.0,Fresh
Leci dalam Sirup,Produk Kaleng,Kaleng,Outside,,189,0,189.0,ok
NUGGET TEMPE,Produk Protein,,Freezer,1,39 hari,5,-2.0,Expired
Jus Mangga,Produk Minuman,Karton,Chiller,1,50,6,-5.0,Expired
Sereal Coklat,Produk Kering,Karton,Outside,0,98 hari,0,98.0,Fresh
Sereal Oat,Kering,Karton,Outside,1,92,16,14.0,Fresh
Jagung Manis Kaleng,Produk Kaleng,Kaleng,Chiller,,15,0,15.0,
Susu Bubuk Coklat,Produk Olahan Susu,Karton,Luar,0,491,0,491.0,Fresh
Keju Mozzarella,Produk Olahan Susu,Plastik,Chiller,1,39,10,-3.0,Expired
Yogurt Blueberry,Produk Olahan Susu,Plastik,refrigerator,1,-5,4,-1.0,expired
Teh Kotak Jasmine,Produk Minuman,Karton,Outside,0,186,0,186.0,Fresh
Minuman Isotonik,Produk Minuman,,Outside,1,39,5,-4.0,Expired
Cola Original,PRODUK MINUMAN,Kaleng,Outside,0,226,0,226.0,Fresh
Keju Edam,Produk Olahan Susu,Plastik,Chiller,0,10,0,10.0,Fresh
Biskuit Mentega,Prod. Kering,Kaleng,Luar,0,296,0,296.0,Fresh
Susu Bubuk Skim,Produk Olahan Susu,Karton,Outside,1,,22,8.0,Fresh
Jus Nanas,Produk Minuman,Karton,Chiller,0,,0,129.0,Fresh
Yogurt Plain,Produk Olahan Susu,Plastik,Chiller,1,9999,10,-5.0,Expired
Sereal Muesli,Produk Kering,Karton,Outside,0,44,0,44.0,Fresh
Yogurt Greek,Produk Olahan Susu,PLASTIK,Chiller,0,13 hari,0,13.0,Fresh
Susu Almond,Produk Olahan Susu,Karton,Chiller,0,165,0 days,165.0,Fresh
Cola Original ,produk minuman,Kaleng,Outside,0,35,0,35.0,Fresh
Jagung Manis Kaleng,PRODUK KALENG,Kaleng,Chiller,1,130 hari,6,-3.0,EXPIRED
Biskuit Crackers,Dry Food,Plastik,Outside,1,175,9,-2.0,EXPIRED
Nanas Kaleng,Produk Kaleng,Kaleng,Outside,1,180 hari,8,-5.0,Expired
Susu Kental Manis Putih,Produk Olahan Susu,,Chiller,,,11,3.0,Soon
MIE INSTAN AYAM,Produk Kering,Plastik,Outside,1,25,3,-3.0,Expired
Cola Zero Sugar,Produk Minuman,Kaleng,Outside,0,164,0,164.0,Fresh
Jus Anggur,Produk Minuman,Kaca,Chiller,1,60,5,0.0,Expired
Nugget Sayuran,Produk Protein,Plastik,Freezer,,49,0,49.0,Fresh
Jus Nanas,Produk Minuman,Karton,fridge,Ya,126,5,0.0,Expired
Kornet Ayam,Produk Kaleng,Kaleng,Outside,1,,3,0.0,Expired
Sarden Tomat,Produk Kaleng,,Outside,1,390,7,-5.0,Expired
Persik Kaleng,Produk Kaleng,can,Outside,1,138,1,2.0,Soon
Teh Lemon,,Karton,Outside,1,167,1,0.0,Expired
Jus Sirsak,Prod. Minuman,Karton,,1,19,5,,Expired
Ikan Tuna,Produk Kaleng,Kaleng,Outside,1,245,1,1.0,Soon
Susu UHT Full Cream,Produk Olahan Susu,KARTON,Chiller,0,16,0,16.0,Fresh
Sarden Minyak Zaitun,PRODUK KALENG,Kaleng,Outside,0,897,0,897.0,Fresh
Jus Anggur,Produk Minuman,Botol Kaca,Chiller,0,,0,55.0,Fresh
Biskuit Marie,Produk Kering,Plastik,Outside,1,66,3,4.0,Soon
SUSU EVAPORASI,Produk Olahan Susu,Kaleng,Kulkas,0,,0,68.0,Fresh
Nugget Ayam,Produk Protein,Plastik,Freezer,0,9999,0,46.0,Fresh
Cola Original,Produk Minuman,Kaleng,Outside,1,133,4,-3.0,Expired
Biskuit Oreo,Produk Kering,Plastik,Outside,0,4,0,4.0,Soon
Sosis Bebek,Produk Protein,Plastik,Chiller,0,65,0,65.0,Fresh
  Biskuit Wafer  ,Dry Food,Plastik,Outside,0,152,0,152.0,Fresh
Jus Jambu,Produk Minuman,,Chiller,0,86,0,86.0,Fresh
Keju Cream Cheese,Produk Olahan Susu,Karton,Chiller,0,26,0,26.0,Fresh
Susu Bubuk Skim,Produk Olahan Susu,Karton,Outside,0,93,0,93.0,Fresh
Yogurt Kefir,Produk Olahan Susu,Botol Kaca,Refrigerator,0,4 hari,0,,Soon
Air Mineral,,Plastik,Outside,1,131,5,-4.0,Expired
Susu Kental Manis Coklat,produk olahan susu,Kaleng,Chiller,1,612,18,-4.0,Expired
Cola Original,Produk Minuman,Kaleng,Outside,1,237,6,-5.0,Expired
Sosis Ikan,,Plastik,Chiller,1,42,,-2.0,Expired
Yogurt Mangga,Produk Olahan Susu,Plastik,Chiller,0,15,0,15.0,OK
Susu Kedelai,Produk Olahan Susu,Karton,Chiller,1,177,2,3.0,Soon
Susu Pasteurisasi,PRODUK OLAHAN SUSU,Plastik,,0,10,0,10.0,Fresh
Keju Mozzarella,Produk Olahan Susu,Plastik,Chiller,1,27 hari,5,2.0,Soon
Minuman Isotonik,Produk Minuman,Plastik,Outside,1,33,1,0.0,Expired
Sosis Sapi,Produk Protein,Plastik,Chiller,1,15,2,3.0,Soon
Jus Mangga,Produk Minuman,Karton,Chiller,0,179,0,179.0,
Jus Nanas,Produk Minuman,Karton,Chiller,1,175,3,2.0,Soon
Ikan Tuna,Produk Kaleng,Kaleng,Outside,yes,719,1,1.0,Soon
Jus Jambu,Produk Minuman,Karton,Chiller,0,139,0,139.0,Fresh
Air Soda,Produk Minuman,Plastik,Suhu Ruangan,Tidak,305,0,305.0,Fresh
Ikan Salmon,Canned,Kaleng,Outside,0,,0,816.0,Fresh
Biskuit Digestive,Produk Kering,Plastik,Outside,0,201,0,201.0,Fresh
Kornet Sapi,canned,Kaleng,Outside,0,117,0,117.0,Fresh
Sarden Tomat,Produk Kaleng,Kaleng,Outside,0,312,0,312.0,Fresh
Ikan Tuna,Produk Kaleng,Kaleng,Outside,0,949,0,949.0,Fresh
Keju Cheddar,Produk Olahan Susu,Plastik,Chiller,1,114,12,2.0,Soon
Susu UHT Vanila,Produk Olahan Susu,karton ,Chiller,1,125,4,-3.0,Expired
Susu UHT Full Cream,Produk Olahan Susu,carton,Chiller,1,240,9,-2.0,Expired
Susu UHT Stroberi,Produk Olahan Susu,Karton,Chiller,1,40,6,-5.0,Expired
Biskuit Oatmeal,,Plastik,,True,171,,6.0,Soon
Biskuit Oreo,Produk Kering,Plastik,Outside,0,79,0,79.0,Fresh
Sosis Ayam,Produk Protein,Plastik,Chiller,1,54,2,3.0,
Keju Cream Cheese,Produk Olahan Susu,Karton,Chiller,0,32,0,32.0,Fresh
Biskuit Digestive,Kering,Plastik,Outside,1,179,19,-5.0,
Jus Jeruk,Produk Minuman,Karton,Chiller,1,149,10,-5.0,Expired
Ikan Salmon,Produk Kaleng,Kaleng,Outside,1,580,7,,Expired
Biskuit Crackers,Produk Kering,Plastik,Outside,0,179,0,179.0,Fresh
Sosis Ayam,Produk Protein,Plastik,CHILLER,0,56,0,56.0,Fresh
Mie Instan Ayam,Produk Kering,Plastik,Outside,0,344,0,344.0,ok
Ikan Salmon,Produk Kaleng,Kaleng,OUTSIDE,1,742,3,-1.0,Expired
Keju Cream Cheese,Produk Olahan Susu,Karton,Chiller,0,56,0,56.0,Fresh
Air Soda,Produk Minuman,Plastik,Outside,0,19,0,19.0,Fresh
Sereal Oat,Produk Kering,Karton,Outside,1,252,10,20.0,Fresh
Kornet Sapi,Produk Kaleng,Kaleng,Outside,False,981,0,981.0,Fresh
Biskuit Digestive,Produk Kering,Plastik,Outside,0,256,0,256.0,Fresh
Nugget Sayuran,Produk Protein,plastic,FREEZER,0,54,0,54.0,Fresh
Keju Cream Cheese,Produk Olahan Susu,Karton,Chiller,0,34,0,34.0,Fresh
Biskuit Mentega,,Kaleng,Outside,0,323,0,323.0,Fresh
Keju Cheddar,Produk Olahan Susu,Plastik,Chiller,1,60,3,11.0,Fresh
Susu UHT Vanila,Produk Olahan Susu,Karton,Chiller,1,148,4,-3.0,Expired
Nugget Sapi,Produk Protein,Plastik,Freezer,0,97,0,97.0,Fresh
Susu Evaporasi,Dairy,Kaleng,Chiller,0,506,0,506.0,Fresh
Sereal Granola,Produk Kering,Karton,Outside,1,260,5,25.0,Fresh
  Ikan Salmon  ,,Kaleng,Room Temp,0,229,0,229.0,Fresh
Sosis Bebek,Produk Protein,plastik,Kulkas,0,62,0,62.0,Fresh
Sereal Cornflakes,Produk Kering,Karton,Outside,0,296,0,296.0,Fresh
Jus Apel,Beverage,Karton,Chiller,0,,0,110.0,Fresh
Mangga Kaleng,Produk Kaleng,Tin,Outside,0,435,0,,FRESH
Susu Almond,Dairy,Karton,,1,8,4,1.0,Soon
Soda Lemon,Produk Minuman,KALENG,Outside,0,194,0,194.0,Fresh
Jus Anggur,Produk Minuman,Botol Kaca,Chiller,0,,0,267.0,Fresh
Sosis Bebek,PRODUK PROTEIN,Plastik,Chiller,0,87 hari,0,9999.0,Fresh
Sereal Cornflakes,Produk Kering,Karton,Outside,1,327,35,-5.0,kadaluarsa
Air Mineral,Produk Minuman,Plastik,Outside,1,377,6,-5.0,Expired
cola original,Produk Minuman,Kaleng,Outside,False,179,0,179.0,Fresh
Sarden Tomat,Produk Kaleng,Kaleng,Outside,0,475,0,475.0,Fresh
Sarden Tomat,Prod. Kaleng,Kaleng,Outside,1,777,3,-1.0,Expired
Mie Instan Ayam,Produk Kering,Plastik,Outside,1,106,2,-2.0,Expired
Biskuit Digestive,Produk Kering,Plastik,Outside,1,310,11,3.0,Soon
Susu Kental Manis Coklat,Produk Olahan Susu,Kaleng,Chiller,,560,11,3.0,Soon
Yogurt Blueberry,Produk Olahan Susu,Plastik,Chiller,1,15,5,-2.0,Expired
Keju Edam,Produk Olahan Susu,PLASTIK,Chiller,1,160,8,13.0,fresh
 Susu Bubuk Bayi,Produk Olahan Susu,Karton,Outside,no,64,0,64.0,Fresh
Yogurt Blueberry,PRODUK OLAHAN SUSU,Plastik,Chiller,1,19,1,9999.0,Soon
Nugget Udang,Prod. Protein,Plastik,Freezer,1,46,3,0.0,Expired
Susu Almond,Produk Olahan Susu,Kardus,Chiller,1,212,1,4.0,Soon
 Biskuit Sandwich,Produk Kering,Plastik,Outside,1,164 hari,5,0.0,Expired
Susu Bubuk Skim,Produk Olahan Susu,Karton,Outside,1,635,16,14.0,Fresh
Biskuit Digestive,Produk Kering,Plastik,Outside,1,195,4,10.0,Segar
Susu Kental Manis Coklat,Produk Olahan Susu,Kaleng,Chiller,0,543,0,543.0,Fresh
Susu Kental Manis Coklat,Produk Olahan Susu,Kaleng,Chiller,1,79,19,-5.0,Expired
Yogurt Mangga,Produk Olahan Susu,Plastik,Chiller,1,15,5,-2.0,Kadaluarsa
Keju Cream Cheese,Produk Olahan Susu,Karton,Kulkas,0,42,0,42.0,Fresh
Teh Botol,Produk Minuman,Botol Kaca,Outside,0,350,0,350.0,Fresh
Keju Cheddar,Produk Olahan Susu,Plastik,Chiller,0,,0,59.0,Fresh
Mangga Kaleng,Produk Kaleng,Kaleng,Outside,1,371,6,-3.0,Expired
Nugget Sapi,Produk Protein,Plastik,Freezer,0,88,0,88.0,Fresh
Susu UHT Low Fat,Prod. Susu,Karton,Chiller,1,232,1,4.0,Soon
Sosis Frozen,Produk Protein,Plastik,,1,89,8,-5.0,Expired
Cola Original,Produk Minuman,Kaleng,Outside,1,46,1,0.0,Expired
Susu UHT Full Cream,Produk Olahan Susu,Karton,Chiller,0,126,0,126.0,
Nugget Ayam,Produk Protein,Plastik,Freezer,0,5,0,5.0,Segera
Susu Bubuk Skim,Produk Olahan Susu,Karton,Outside,0,480 hari,0,480.0,Fresh
Yogurt Stroberi,Produk Olahan Susu,Plastik,Chiller,1,25,4,-1.0,Expired
Buah Cocktail,Produk Kaleng,Kaleng,Outside,1,514,5,-2.0,Expired
Sereal Cornflakes,Produk Kering,Kardus,Outside,0,268,0,,Fresh
Teh Kotak Hijau,Produk Minuman,Karton,,1,252,2,-1.0,
Jagung Manis Kaleng ,Produk Kaleng,Kaleng,chiller,0,359,0 days,359.0,Fresh
 Biskuit Crackers,Produk Kering,PLASTIK,Outside,1,23,2,5.0,soon
Ikan Tuna,Produk Kaleng,,Outside,0,79,0,79.0,ok
Nugget Udang,Produk Protein,Plastik,Freezer,1,152 hari,4,-1.0,Expired
Mie Instan Ayam,Produk Kering,Plastik,outside,1,151,4,-4.0,Expired
Yogurt Greek,,Plastik,fridge,0,15,0,15.0,Fresh
Sarden Cabai,Produk Kaleng,Kaleng,Outside,0,70,0,70.0,Fresh
Susu Bubuk Bayi,Produk Olahan Susu,Karton,outside,0,672,0,672.0,Fresh
Jus Sirsak,Produk Minuman,Karton,Chiller,1,178,2,1.0,Soon
Ikan Salmon,Produk Kaleng,Kaleng,Outside,,405,5,-3.0,Expired
Ikan Salmon,Produk Kaleng,Kaleng,,false,91 hari,0,91.0,
Jus Apel,Produk Minuman,Karton,Chiller,1,49,10,-5.0,basi
Susu Bubuk Skim,Produk Olahan Susu,Karton,Outside,0,483,,483.0,Fresh
Teh Kotak Jasmine,Produk Minuman,Karton,Outside,0,316,0,316.0,Fresh
Cola Original,Produk Minuman,Kaleng,Outside,0,289,0,289.0,Fresh
Soda Lemon,Produk Minuman,Kaleng,Outside,1,119,1,0.0,Expired
Rambutan Kaleng,Produk Kaleng,Kaleng,Outside,0,423,0,423.0,Fresh
Yogurt Minum Probiotik,Produk Olahan Susu,Botol Kaca,Chiller,0,,0,15.0,Fresh
Buah Cocktail,Produk Kaleng,,Outside,1,282,5,-2.0,Expired
Nugget Ikan,Produk Protein,Plastik,FREEZER,1,48,7 days,-4.0,Expired
Mie Instan Soto,Produk Kering,Plastik,,0,212,0,212.0,Fresh
Sarden Tomat,Produk Kaleng,Can,Outside,1,311,4,-2.0,Expired
Buah Cocktail,Produk Kaleng,Kaleng,Outside,0,249,0,249.0,Fresh
  Sosis Sapi  ,Produk Protein,Plastik,Chiller,0,19,0,19.0,Fresh
Teh Tarik,Produk Minuman,Karton,Chiller,0,94,0,94.0,Fresh
Nanas Kaleng,Produk Kaleng,Kaleng,Outside,0,450,0,450.0,Fresh
Buah Cocktail,Produk Kaleng,Kaleng,Outside,1,311,6,-3.0,expired
Yogurt Kefir,Produk Olahan Susu,Botol Kaca,Chiller,1,4,8,-5.0,Expired
Nugget Ikan,produk protein,Plastik,Freezer,0,17,,-50.0,Fresh
Susu UHT Full Cream,Produk Olahan Susu,Karton,Chiller,0,217,0,217.0,Fresh
Sarden Minyak Zaitun,produk kaleng,Tin Can,Outside,1,522,5,-3.0,Expired
Susu Kental Manis Putih,Produk Olahan Susu,Kaleng,Chiller,1,626,10,4.0,Hampir
Kornet Ayam,Produk Kaleng,Kaleng,Outside,,472,8,-5.0,Expired
Kornet Ayam,Produk Kaleng,Kaleng,outside,0,562,0,562.0,Fresh
Susu UHT Low Fat,Produk Olahan Susu,Karton,Chiller,0,173,0,173.0,Fresh
Teh Tarik,Produk Minuman,Karton,Chiller,1,118,4,-3.0,
Kornet Ayam,Produk Kaleng,Kaleng,Outside,True,532,8,-5.0,Expired
Mie Instan Goreng,Produk Kering,Plastik,Outside,0,23,0,23.0,Fresh
Biskuit Digestive,,Plastik,room temp,0,91,0,91.0,fresh
Biskuit Marie,Produk Kering,Plastik,Outside,1,56,10,-3.0,Expired
Yogurt Mangga,Produk Olahan Susu,Plastik,Chiller,1,21,6,-3.0,Expired
Kornet Ayam,Produk Kaleng,Kaleng,Outside,0,163,0,163.0,Fresh
Keju Edam,Produk Olahan Susu,Plastik,Chiller,1,110,9,12.0,Fresh
Mangga Kaleng,Produk Kaleng,Kaleng,room temp,1,552,8,,Expired
  Susu Kental Manis Putih  ,Produk Olahan Susu,Kaleng,Chiller,1,291,9,5.0,Soon
Sereal Granola,Produk Kering,Karton,suhu ruangan,0,141,0,141.0,Fresh
Susu Pasteurisasi,Produk Olahan Susu,Plastik,Chiller,1,12,5,-2.0,Expired
Mangga Kaleng,Kaleng,Kaleng,Room Temp,1,71,6,-3.0,Expired
Nanas Kaleng,Produk Kaleng,,Outside,1,609 hari,1,2.0,Soon
Sereal Granola,Kering,karton,Outside,1,102,17,13.0,Fresh
Ikan Salmon,canned,Kaleng,Outside,1,510,2,0.0,Expired
Biskuit Mentega,Dry Food,Kaleng,Outside,No,310,0,310.0,Fresh
Sosis Sapi,Produk Protein,Plastik,Chiller,,18,6,-1.0,Expired
Keju Cream Cheese,Produk Olahan Susu,Karton,Chiller,true,42,3 days,11.0,Fresh
Sosis Ikan,Produk Protein,Plastik,Chiller,1,39,1,2.0,Warning
Kornet Sapi,Produk Kaleng,Kaleng,OUTSIDE,1,397,6,-3.0,Expired
Yogurt Minum Probiotik,Produk Olahan Susu,Botol Kaca,Chiller,0,10000,0,9.0,Fresh
Leci dalam Sirup,Produk Kaleng,Kaleng,Outside,1,669,2,1.0,Soon
Minuman Isotonik,Produk Minuman,Plastik,Outside,0,101,0,101.0,Fresh
Yogurt Blueberry,PRODUK OLAHAN SUSU,Plastik,Chiller,0,5,0,5.0,Soon
Susu Kedelai,Produk Olahan Susu,karton,Chiller,0,148,0,148.0,Fresh
Susu UHT Low Fat,Produk Olahan Susu,Karton,Chiller,1,-5,6,-1.0,Expired
Yogurt Mangga,Produk Olahan Susu,Plastik,Dingin,1,14,7,-4.0,Expired
Mie Instan Goreng,Produk Kering,Plastik,Outside,,34,0,34.0,Fresh
Jus Nanas,Produk Minuman,Karton,Chiller,0,32,0,32.0,Fresh
Jus Apel,PRODUK MINUMAN,Karton,Chiller,1,98,4,1.0,Soon
 Keju Parmesan,dairy,Plastik,Chiller,Yes,323,12,18.0,Fresh
Biskuit Crackers,Produk Kering,Plastik,Outside,1,9999,6,1.0,Soon
Jagung Manis Kaleng,Produk Kaleng,Kaleng,,Yes,463,4,-1.0,Expired
Ikan Salmon,Produk Kaleng,Kaleng,Outside,0,330,0,330.0,Fresh
Air Soda,Produk Minuman,Plastik,Outside,0,349,0,349.0,Fresh
Sarden Minyak Zaitun,Produk Kaleng,Kaleng,Outside,0,927,0,927.0,Segar
Nugget Udang,Produk Protein,Plastik,Freezer,0,157,0,157.0,Fresh
Minuman Energi,,tin,Outside,0,22,0,22.0,Fresh
Susu UHT Low Fat,Produk Olahan Susu,Karton,Chiller,0,2,0,2.0,Soon
  Nugget Udang  ,Produk Protein,Plastik,freezer,1,12,,0.0,Expired
Keju Cheddar,Produk Olahan Susu,Plastik,Chiller,0,2,0,2.0,
Soda Jeruk,Produk Minuman,Kaleng,,1,110,4,-3.0,Expired
Susu UHT Coklat,Produk Olahan Susu,Karton,chiller,1,187,1,0.0,Expired
Jus Anggur,Produk Minuman,Botol,Chiller,0,141,0,141.0,Fresh
Yogurt Plain,Produk Olahan Susu,Plastik,Dingin,0,27,0,27.0,Fresh
Sosis Sapi,produk protein,Plastik,Chiller,1,29,6,-1.0,Expired
Keju Cream Cheese,Produk Olahan Susu,Karton,Kulkas,1,14,14,0.0,Expired
Mangga Kaleng,Produk Kaleng,,Outside,1,480,4,-1.0,Expired
Susu Kental Manis Putih,Produk Olahan Susu,can,Chiller,0,610,0,610.0,
Jus Apel,Produk Minuman,karton ,Chiller,1,54,8,-3.0,Expired
Nugget Udang,Produk Protein,Plastik,Freezer,1,117,7,-4.0,
Sosis Sapi,Produk Protein,Plastik,Chiller,0,,0,13.0,Fresh
Sosis Frozen,Produk Protein,Plastik,Freezer,0,170,0,170.0,Fresh
Susu UHT Low Fat,Produk Olahan Susu,Karton,Chiller,1,6,10,,Expired
Jus Nanas,Produk Minuman,Karton,Chiller,0,110,0,110.0,Fresh
Nanas Kaleng,Produk Kaleng,Kaleng,Room Temp,1,303,8,-5.0,Expired
Nugget Ikan,,Plastik,Freezer,0,110,0,110.0,Fresh
Jus Anggur,,Botol Kaca,Chiller,0,234 hari,0 days,234.0,Fresh
Teh Tarik,,Karton,Chiller,0,197,0,197.0,Fresh
Keju Edam,Produk Olahan Susu,PLASTIK,Chiller,0,72,0,72.0,Fresh
Jus Sirsak,Produk Minuman,Karton,Chiller,0,61,0,61.0,Fresh
Jus Apel,Produk Minuman,Karton,Chiller,,105,6,-1.0,Expired
Jagung Manis Kaleng,Produk Kaleng,Kaleng,Chiller,0,469,0,469.0,Fresh
Cola Zero Sugar,Produk Minuman,Kaleng,Outside,0,241,0,241.0,Segar
 Jus Jambu,Produk Minuman,Karton,Chiller,0,171,0,171.0,Fresh
Susu UHT Low Fat,Produk Olahan Susu,Karton,Chiller,0,232,0,232.0,Fresh
Cola Original,Produk Minuman,Kaleng,Outside,0,13,0,13.0,Fresh
Sosis Frankfurter,,Plastik,Chiller,1,64,3,4.0,Soon
Jagung Manis Kaleng,Produk Kaleng,Kaleng,,no,211,0,211.0,Fresh
Teh Kotak Hijau,Produk Minuman,Karton,Outside,,27,0,27.0,Fresh
Buah Cocktail,Produk Kaleng,Kaleng,Outside,,314,0,314.0,Fresh
Sosis Bebek,Produk Protein,Plastik,Chiller,,23,7,0.0,Expired
Teh Lemon,Produk Minuman,Karton,Outside,0,11,0,11.0,Fresh
Nugget Tempe,Produk Protein,Plastik,Freezer,1,15,6,-3.0,Expired
Soda Lemon,beverage,Kaleng,Outside,0,48,0,48.0,Fresh
Jus Mangga,Produk Minuman,Karton,Chiller,0,62,0,62.0,Fresh
Sarden Cabai,Produk Kaleng,Kaleng,Outside,1,238,2,0.0,Expired
Jus Apel,,Karton,Chiller,0,140,0,140.0,Fresh
Sereal Cornflakes,Produk Kering,karton ,Outside,0,322,0,322.0,Fresh
Biskuit Oatmeal,Produk Kering,Plastik,,1,,8,-1.0,Expired
Sosis Frozen,Produk Protein,PLASTIK,Freezer,,39,0,39.0,Fresh
Jagung Manis Kaleng,Produk Kaleng,Kaleng,Chiller,1,350,8,-5.0,Expired
Nugget Ikan,Produk Protein,Plastik,Freezer,1,141,8,-5.0,Expired
Susu UHT Full Cream,,Karton,Chiller,1,113,8,-1.0,Expired
Nugget Ikan,Produk Protein,Plastik,freezer,1,28,1,2.0,Soon
Keju Parmesan,Produk Olahan Susu,Plastik,Chiller,1,5,32,-2.0,
Minuman Isotonik,Produk Minuman,PLASTIK,Outside,1,166,2,-1.0,Expired
Nugget Ayam,Produk Protein,PLASTIK,Freezer,1,92 hari,3,0.0,Expired
Keju Edam,Produk Olahan Susu,Plastik,Chiller,1,29,8,13.0,Fresh
Ikan Salmon,Produk Kaleng,Kaleng,room temp,1,368 hari,2 days,0.0,Expired
Jus Jeruk,Produk Minuman,Karton,Chiller,1,33,9,-4.0,Expired
Susu UHT Stroberi,Produk Olahan Susu,Karton,Chiller,1,248,4,-3.0,Expired
Sosis Frankfurter,Produk Protein,Plastik,Chiller,0,74,0,74.0,Fresh
jus jeruk,Produk Minuman,Karton,Chiller,0,79,0,79.0,Fresh
Sarden Tomat,Produk Kaleng,Kaleng,Outside,0,601,0 days,601.0,ok
Nanas Kaleng,,kaleng,Outside,1,231,5,-2.0,Kadaluarsa
Susu UHT Vanila,Produk Olahan Susu,Karton,CHILLER,1,241,3,-2.0,
Susu UHT Low Fat,Produk Olahan Susu,Karton,Chiller,1,41,8,-3.0,Expired
Cola Original,Beverage,Kaleng,Outside,0,364,0,364.0,Fresh
Sereal Coklat,Prod. Kering,,Outside,,156,20,1.0,Soon
Mangga Kaleng,Produk Kaleng,Kaleng,Outside,1,10000,8,-5.0,Expired
Rambutan Kaleng,Produk Kaleng,Kaleng,suhu ruangan,1,546,6,-3.0,
Sosis Ayam,Produk Protein,Plastik,Chiller,1,42,,3.0,Soon
Susu Pasteurisasi,Produk Olahan Susu,Plastik,Chiller,0,1,0,1.0,Soon
Jagung Manis Kaleng,Produk Kaleng,Kaleng,Chiller,0,124 hari,0,124.0,Fresh
Biskuit Marie,Produk Kering,Plastik,Outside,1,27,1,6.0,Soon
Nugget Ikan,Produk Protein,Plastik,Freezer,0,113,0,113.0,Fresh
Teh Tarik,Produk Minuman,Karton,Chiller,1,217,6,-5.0,Expired
Sosis Sapi,,Plastik,Chiller,1,55,3,2.0,Soon
Rambutan Kaleng,Produk Kaleng,Tin Can,Outside,false,605,0,605.0,Fresh
Sarden Tomat,Produk Kaleng,kaleng,Outside,1,239,3,-1.0,Kadaluarsa
Nugget Ayam,protein,Plastik,Freezer,1,11,8,-5.0,Expired
Biskuit Crackers,Produk Kering,Plastik,Suhu Ruangan,1,117,3,4.0,Soon
Jus Jambu,Produk Minuman,Karton,Chiller,0,65 hari,0,65.0,OK
jus jambu,Produk Minuman,Karton,Chiller,1,46,4,-1.0,Expired
Susu UHT Coklat,Produk Olahan Susu,Karton,Chiller,1,261,4,-3.0,basi
Sarden Tomat,Produk Kaleng,Kaleng,Outside,0,,0,645.0,Fresh
Jagung Manis Kaleng,Produk Kaleng,Kaleng,Chiller,1,146,,-2.0,Expired
Sarden Minyak Zaitun,Produk Kaleng,Kaleng,,1,512,1,1.0,Soon
Susu UHT Coklat,Produk Olahan Susu,Karton,Chiller,0,135,0,135.0,Fresh
Jus Jambu,Produk Minuman,Karton,Chiller,1,85,3,0.0,Expired
Biskuit Oreo,Produk Kering,Plastik,Outside,1,59,2,5.0,Soon
Sarden Minyak Zaitun,Produk Kaleng,Kaleng,Outside,0,761,0,761.0,Fresh
Mie Instan Soto,Produk Kering,Plastik,Outside,Tidak,154,0,154.0,Fresh
Keju Edam,Produk Olahan Susu,Plastik,Chiller,0,12,0,12.0,FRESH
Jus Jambu,Produk Minuman,Karton,Chiller,0,86,0,86.0,Fresh
Susu Bubuk Coklat,Produk Olahan Susu,Karton,Outside,0,367,0,367.0,Fresh
Keju Cheddar,Produk Olahan Susu,Plastik,Chiller,Tidak,62,0,62.0,Fresh
Nugget Sapi,Produk Protein,,Freezer,0,55,0,55.0,Fresh
Teh Lemon,Produk Minuman,Karton,Outside,0,,0,158.0,Fresh
Susu Almond,Produk Olahan Susu,Karton,Chiller,0,134,0,134.0,ok
Minuman Energi,Produk Minuman,Kaleng,Outside,0,112,0,112.0,Fresh
Susu Kental Manis Coklat,Produk Olahan Susu,Kaleng,fridge,0,620,0,620.0,Fresh
Biskuit Marie,Produk Kering,Plastik,Outside,0,155,,155.0,Fresh
Biskuit Oreo,Produk Kering,Plastik,Outside,1,21,1,6.0,Soon
Sosis Ikan,Produk Protein,Plastik,Chiller,0,27,0,27.0,Fresh
Kornet Sapi,Produk Kaleng,Kaleng,Outside,0,689,0,689.0,FRESH
Susu Evaporasi,Produk Olahan Susu,,Chiller,1,209,6,1.0,Soon
Nugget Sapi ,Produk Protein,Plastik,Freeze,0,25,0 days,25.0,segar
Nugget Ikan,protein,Plastik,Freezer,1,18,2,1.0,Soon
Sosis Ikan,Protein,Plastik,Chiller,1,6,4,-1.0,Expired
Sosis Ayam,Produk Protein,Plastik,Chiller,0,43,0,43.0,Fresh
Susu Evaporasi,Produk Olahan Susu,Kaleng,Chiller,0,126,,126.0,Fresh
Keju Mozzarella,Produk Olahan Susu,Plastik,Chiller,1,54,10,-3.0,Expired
Sosis Frankfurter,,PLASTIK,Chiller,0,89,0,89.0,Fresh
Mie Instan Ayam,Produk Kering,Plastik,Outside,0,,0,363.0,Fresh
Cola Original,Produk Minuman,Kaleng,Outside,0,162,0,162.0,Fresh
Sarden Tomat,Produk Kaleng,Kaleng,Luar,0,342,0,342.0,Fresh
Jus Jambu,Produk Minuman,Karton,Chiller,1,154,8,-5.0,Expired
Keju Edam,Produk Olahan Susu,plastik,Chiller,0,133,0,133.0,Fresh
Biskuit Marie,Produk Kering,Plastik,Outside,1,128,9,-2.0,Expired
Kornet Ayam,Produk Kaleng,Kaleng,Outside,1,552,4,-1.0,
Ikan Salmon,PRODUK KALENG,kaleng,Outside,0,472,0,472.0,Fresh
Teh Kotak Hijau,,Karton,,0,9999,0,211.0,Fresh
Jus Sirsak,Produk Minuman,Karton,Chiller,0,99,0,99.0,Fresh
Jus Jeruk,Produk Minuman,Karton,Chiller,0,46,0,46.0,Fresh
Teh Kotak Jasmine,Produk Minuman,Karton,room temp,0,51,0,51.0,Fresh
Biskuit Digestive,Produk Kering,Plastik,Outside,1,316,12,2.0,Soon
Minuman Isotonik,Produk Minuman,Plastik,Outside,1,193,4,-3.0,Expired
Sereal Coklat,Produk Kering,Karton,Outside,1,361,10,11.0,Fresh
 Sereal Granola,Produk Kering,Karton,Outside,0,323,0,323.0,Fresh
Susu Bubuk Skim,Produk Olahan Susu,KARTON,Outside,0,39,0,39.0,Fresh
Nugget Tempe,Produk Protein,Plastik,beku,0,62,0,62.0,Fresh
Susu Bubuk Full Cream,Produk Olahan Susu,Karton,Outside,0,727,0,727.0,Fresh
Biskuit Crackers,Produk Kering,Plastik,Outside,1,168,11,-4.0,Expired
Susu Almond,Produk Olahan Susu,Karton,Chiller,0,170,0,170.0,Fresh
Buah Cocktail,Produk Kaleng,Kaleng,Outside,1,10000,5,-2.0,
Ikan Salmon,Prod. Kaleng,Kaleng,room temp,1,607,7,-5.0,Expired
Jus Jambu,Produk Minuman,KARTON,Chiller,0,66,0,66.0,Fresh
Teh Tarik,Produk Minuman,,Chiller,0,218,0,218.0,Fresh
Jus Sirsak,Produk Minuman,Karton,Chiller,0,168,0,168.0,Fresh
Sarden Minyak Zaitun,PRODUK KALENG,Kaleng,Outside,1,21 hari,3,-1.0,Expired
Jus Anggur,Produk Minuman,Botol Kaca,,1,120,4,1.0,Soon
Yogurt Kefir,Produk Olahan Susu,Botol Kaca,Chiller,1,4,8,-5.0,Expired
Jus Sirsak,Produk Minuman,Karton,Chiller,1,122,3,0.0,kadaluarsa
Biskuit Mentega,Produk Kering,Kaleng,Outside,0,50,0,50.0,Fresh
Sereal Cornflakes,Produk Kering,Tetrapak,Outside,0,126,0,126.0,Fresh
Susu Bubuk Coklat,Dairy,Karton,Outside,true,612,,-4.0,Expired
Nugget Ayam,,Plastik,Freezer,1,10000,3,0.0,Expired
Keju Edam,Produk Olahan Susu,Plastik,Chiller,1,34,13,8.0,Fresh
Sereal Granola,Produk Kering,Karton,outside,0,308,0,308.0,OK
Mangga Kaleng,Produk Kaleng,Kaleng,Outside,0,152,0,152.0,Fresh
Susu Bubuk Bayi,Produk Olahan Susu,Karton,Outside,0,513,0,513.0,Segar
Soda Jeruk,Produk Minuman,Kaleng,Outside,0,98,0,98.0,
Susu Kedelai,produk olahan susu,,Chiller,1,234,10,-5.0,Expired
Kornet Sapi,Produk Kaleng,kaleng,,0,44,0,44.0,Fresh
Minuman Isotonik,Produk Minuman,,Outside,0,35,0,35.0,Fresh
Keju Cream Cheese,Produk Olahan Susu,Karton,Chiller,1,40,15,-1.0,Expired
Susu UHT Coklat,produk olahan susu,Karton,Chiller,False,198,0,198.0,Fresh
Nanas Kaleng,Produk Kaleng,Kaleng,room temp,0,230,0 days,230.0,Fresh
Susu UHT Stroberi,Produk Olahan Susu,carton,Kulkas,0,76,0,9999.0,Fresh
Biskuit Wafer,Kering,Plastik,Outside,0,176,0,176.0,Fresh
Yogurt Greek,Produk Olahan Susu,Plastik,Chiller,0,5,0,5.0,Soon
Nugget Ikan,PRODUK PROTEIN,Plastik,FREEZER,1,11,4,-1.0,Expired
Nugget Ayam,Produk Protein,Plastik,Freezer,0,33,0,33.0,Fresh
Susu Kedelai,Produk Olahan Susu,Karton,Chiller,,254,3,2.0,Hampir
Susu Kedelai,Produk Olahan Susu,Karton,Chiller,1,93,3,2.0,Soon
Biskuit Mentega,Produk Kering,Kaleng,Outside,1,320,1,13.0,Fresh
Sarden Cabai,Produk Kaleng,Kaleng,Outside,Ya,263,7,-5.0,Expired
Sereal Granola,Produk Kering,Karton,Room Temp,0,12,0 days,12.0,Fresh
Susu Bubuk Full Cream,produk olahan susu,Karton,Outside,0,482,0,482.0,Fresh
Susu Bubuk Coklat,Produk Olahan Susu,Kardus,Outside,1,361,7,23.0,Fresh
Mangga Kaleng,canned,Kaleng,Outside,0,599,0,599.0,Fresh
Sosis Sapi,Produk Protein,Plastik,Chiller,0,15,0,15.0,ok
Keju Cheddar,Produk Olahan Susu,Plastik,Chiller,0,39,0,39.0,Fresh
Minuman Isotonik,Produk Minuman,,outside,0,146,0,146.0,Fresh
Leci dalam Sirup,Produk Kaleng,Kaleng,Outside,1,433,7,-4.0,basi
Sereal Cornflakes,Produk Kering,Karton,Outside,1,33,27,3.0,Soon
Mie Instan Soto,Produk Kering,Plastik,Outside,1,202,5,-5.0,Basi
Leci dalam Sirup,Produk Kaleng,Kaleng,Outside,1,311,4,-1.0,Expired
Yogurt Minum Probiotik,Produk Olahan Susu,Botol Kaca,,1,12,1,2.0,Soon
Nugget Udang,Produk Protein,Plastik,Freezer,0,24,0,24.0,Fresh
Buah Cocktail,Prod. Kaleng,Kaleng,Outside,1,120,8,-5.0,Expired
Sereal Muesli,Produk Kering,Karton,Outside,0,324 hari,0,324.0,Fresh
Cola Zero Sugar,Produk Minuman,Kaleng,Outside,1,216,2,-1.0,Expired
Biskuit Wafer,Produk Kering,Plastik,Outside,0,11,0,11.0,Fresh
Susu Kental Manis Putih,Produk Olahan Susu,Kaleng,Chiller,0,141,0,141.0,Fresh
Jus Nanas,Produk Minuman,Karton,,true,90,9,-4.0,Expired
Mie Instan Soto,Produk Kering,Plastik,Outside,0,327,0,327.0,Fresh
Rambutan Kaleng,Produk Kaleng,Kaleng,room temp,0,304,0,304.0,Fresh
Keju Parmesan,Produk Olahan Susu,Plastik,CHILLER,1,101,30,0.0,Expired
Biskuit Crackers,Produk Kering,Plastik,Outside,0,156,0,156.0,Fresh
Jus Jeruk,Produk Minuman,Karton,Chiller,1,166,9,-4.0,basi
Mangga Kaleng,Produk Kaleng,Kaleng,Outside,0,189,0,189.0,Fresh
Biskuit Sandwich,Produk Kering,Plastik,Outside,1,127,2,3.0,Soon
Yogurt Minum Probiotik,Produk Olahan Susu,Botol Kaca,Chiller,1,4,7,-4.0,Expired
Soda Jeruk,beverage,Kaleng,Outside,1,309,2,-1.0,Expired
Leci dalam Sirup,Produk Kaleng,Kaleng,Outside,1,224,4,-1.0,Dead
Susu Bubuk Full Cream,Produk Olahan Susu,Karton,Outside,0,48,0,48.0,Fresh
Nanas Kaleng,Produk Kaleng,Kaleng,,1,164,4,,Expired
Teh Kotak Jasmine,Produk Minuman,Karton,Outside,0,191,0,191.0,Fresh
Yogurt Greek,Prod. Susu,Plastik,Chiller,0,10,0,10.0,Fresh
Nugget Sapi,Produk Protein,Plastik,Freezer,1,44,6 days,-3.0,Expired
Yogurt Stroberi,Produk Olahan Susu,Plastik,Chiller,0,,0,2.0,Soon
Ikan Tuna,Produk Kaleng,Kaleng,Outside,1,1070,3,-1.0,Expired
Yogurt Minum Probiotik,,glass,Chiller,true,5,2,1.0,Soon
Jus Jambu,Produk Minuman,Karton,Chiller,true,168,6,-3.0,Expired
Susu UHT Stroberi,Produk Olahan Susu,Karton,Chiller,1,123,3,-2.0,Expired
Jus Jeruk,Produk Minuman,Karton,Chiller,1,,6,-1.0,expired
Teh Botol,Produk Minuman,Botol Kaca,room temp,1,155,8,-5.0,Expired
Nugget Udang,PRODUK PROTEIN,Polimer,Freezer,0,,0,124.0,FRESH
	Nugget Sapi,Protein,Plastik,Freezer,0,111 hari,,111.0,Segar
Teh Botol,Produk Minuman,Botol,Outside,1,51,2,1.0,Soon
Biskuit Oreo,Produk Kering,Plastik,Outside,1,174,7,0.0,Expired
Yogurt Stroberi,Produk Olahan Susu,Plastik,Chiller,1,2,1,2.0,Soon
Yogurt Kefir,Produk Olahan Susu,glass,Chiller,0,1,0,1.0,Soon
Yogurt Kefir,Produk Olahan Susu,Glass Bottle,Chiller,0,12,0,12.0,Fresh
Ikan Tuna,Produk Kaleng,Kaleng,Outside,1,562,6,-4.0,Expired
Keju Cream Cheese,Produk Olahan Susu,Karton,Chiller,0,9,0,9.0,Fresh
Susu Kental Manis Putih,Produk Olahan Susu,Kaleng,Chiller,0,597,0,597.0,Fresh
Sereal Oat,Produk Kering,Karton,Outside,0,270,0,270.0,Fresh
Susu Kental Manis Putih,Dairy,Kaleng,Chiller,0,372,0,372.0,Fresh
Susu UHT Full Cream,Produk Olahan Susu,Karton,Chiller,1,10,2,5.0,Soon
Susu Evaporasi,,Kaleng,Chiller,1,711,8,-1.0,Expired
Biskuit Digestive,Produk Kering,Plastick,Outside,0,322,,322.0,Fresh
Persik Kaleng,Produk Kaleng,Kaleng,Outside,0,10000,0,98.0,segar
Susu Bubuk Coklat,Olahan Susu,Karton,Outside,1,437,7,23.0,
Yogurt Stroberi,,plastik,Chiller,0,13,0,13.0,Fresh
Leci dalam Sirup,Produk Kaleng,Kaleng,Outside,1,575,6,-3.0,EXPIRED
Rambutan Kaleng,Produk Kaleng,Tin Can,Outside,1,27,8,-5.0,Expired
Sosis Bebek,Produk Protein,Plastik,Chiller,0,82,0,82.0,Fresh
Teh Kotak Jasmine,Produk Minuman,Karton,Outside,0,295,0,295.0,Fresh
Kornet Ayam,Produk Kaleng,Kaleng,Outside,0,301,0,301.0,Fresh
Jus Nanas,produk minuman,Karton,Chiller,0,16,0,16.0,Fresh
Sosis Frankfurter,Produk Protein,Plastik,,1,79 hari,5,2.0,Soon
Keju Cream Cheese,Produk Olahan Susu,Karton,Chiller,1,50,1,,Fresh
Biskuit Mentega,Produk Kering,Kaleng,Outside,1,139,9,-999.0,Soon
Keju Parmesan,Produk Olahan Susu,Plastic,kulkas,0,161,0,161.0,Fresh
Jus Jeruk,Produk Minuman,karton,Chiller,1,178,8,,Expired
Sarden Minyak Zaitun,Produk Kaleng,Kaleng,Outside,1,138,,1.0,warning
Susu Almond,Produk Olahan Susu,Karton,Chiller,true,125,10,-5.0,Expired
Teh Tarik,Produk Minuman,Karton,Chiller,1,117,4,-3.0,Expired
Yogurt Kefir,Produk Olahan Susu,Botol Kaca,Chiller,0,4,0,4.0,Soon
Nugget Ikan,Produk Protein,Plastik,Freezer,1,16,5,-2.0,Expired
Cola Zero Sugar,Produk Minuman,Kaleng,room temp,1,95,,0.0,Expired
Teh Lemon,Produk Minuman,Karton,Outside,0,219,0,219.0,Fresh
SUSU UHT VANILA,Produk Olahan Susu,Karton,Chiller,0,209,0,209.0,Fresh
	Yogurt Minum Probiotik,Produk Olahan Susu,Botol Kaca,Chiller,1,2 hari,2,1.0,Soon
Yogurt Stroberi,,Plastik,Chiller,1,15,7,-4.0,Expired
Soda Lemon,Produk Minuman,can,Outside,1,17,1,0.0,Expired
Jus Jambu,Produk Minuman,Karton,Chiller,0,158,0,158.0,FRESH
Sosis Sapi,Produk Protein,Plastik,Chiller,0,26,0,26.0,Fresh
Susu Pasteurisasi,Produk Olahan Susu,Plastik,Chiller,0,6,0 days,6.0,Soon
Air Soda,Produk Minuman,plastic,Outside,0,244,0,244.0,Fresh
Jagung Manis Kaleng,Produk Kaleng,Kaleng,,0,600,,600.0,Fresh
Mie Instan Goreng,Produk Kering,plastik,Outside,0,133,0,133.0,Fresh
Jus Nanas,Produk Minuman,Karton,Chiller,1,2,3,2.0,Soon
Sosis Ayam,Produk Protein,Plastik,Chiller,1,39,1,4.0,Soon
Rambutan Kaleng,Produk Kaleng,Kaleng,Outside,0,25,0 days,25.0,fresh
Biskuit Wafer,Produk Kering,Polimer,Outside,1,35,8,-3.0,Expired
Susu Pasteurisasi,Olahan Susu,Plastik,chiller,yes,6,8,-5.0,Expired
Susu Bubuk Coklat,Produk Olahan Susu,Karton,Outside,1,152,1,-50.0,Fresh
Sereal Coklat,Prod. Kering,Karton,,1,284,3,18.0,Fresh
Jus Jambu,Produk Minuman,Karton,Chiller,0,118,0,118.0,Fresh
Biskuit Oatmeal,Produk Kering,Plastik,Outside,0,142,,142.0,Fresh
Yogurt Plain,Produk Olahan Susu,Plastik,Refrigerator,1,3,1,3.0,
Susu Pasteurisasi,Produk Olahan Susu,Plastik,Chiller,1,9,8,-50.0,
Keju Cream Cheese,,Karton,Chiller,1,43,6,,Fresh
Cola Zero Sugar,Produk Minuman,Kaleng,Outside,0,351,0,351.0,Fresh
Susu Bubuk Full Cream,Produk Olahan Susu,Karton,Outside,,687,7,23.0,Fresh
Keju Mozzarella,Produk Olahan Susu,Plastik,Chiller,,21,2,5.0,Soon
Nugget Ayam,Produk Protein,Plastik,Freezer,0,,0,71.0,Fresh
Susu UHT Full Cream,Produk Olahan Susu,Karton,Chiller,1,6,11,-4.0,Expired
Biskuit Oatmeal,Produk Kering,Plastik,outside,0,65,0,65.0,Fresh
Minuman Energi,Produk Minuman,Kaleng,Outside,1,348,3,-2.0,Expired
  Sereal Cornflakes  ,Produk Kering,Karton,Outside,0,83,0,83.0,Fresh
Susu UHT Full Cream,Produk Olahan Susu,Karton,CHILLER,0,151,0,151.0,Fresh
Jus Sirsak,Produk Minuman,Karton,Chiller,0,130,0,130.0,Fresh
Susu UHT Low Fat,Produk Olahan Susu,Karton,Chiller,1,157,9,-4.0,Expired
Nugget Udang,Produk Protein,Plastik,Freezer,1,83,6,,Expired
Sosis Ikan,Produk Protein,Plastik,Chiller,1,2,4,-1.0,Expired
Yogurt Greek,Produk Olahan Susu,Plastik,Chiller,0,2,0,2.0,Soon
Keju Cream Cheese,Produk Olahan Susu,Karton,Chiller,0,-10,0,16.0,Fresh
Sereal Cornflakes,Produk Kering,Karton,Outside,1,33,14,16.0,Fresh
  Biskuit Oreo  ,Produk Kering,Plastik,Outside,0,,0,39.0,Fresh
Biskuit Digestive,Produk Kering,Plastik,Outside,0,233,0,233.0,Fresh
Susu Almond,Produk Olahan Susu,Karton,Chiller,1,210,3,2.0,Soon
Susu UHT Low Fat,Produk Olahan Susu,Karton,Chiller,0,149,0,149.0,Fresh
Keju Cheddar,Prod. Susu,Plastik,Chiller,1,70,2,12.0,Fresh
Air Soda,Produk Minuman,Plastik,Luar,0,9999,0,39.0,Fresh
Jus Mangga,Produk Minuman,Carton,Chiller,0,100,0,100.0,Fresh
Susu Bubuk Full Cream,Produk Olahan Susu,Karton,Outside,1,680,10,20.0,
Jus Nanas,beverage,Karton,Chiller,0,93,0,93.0,Fresh
Ikan Tuna,Produk Kaleng,Kaleng,Outside,false,,0,211.0,Fresh
Biskuit Marie,Produk Kering,Plastik,Outside,0,50,0,50.0,Fresh
Yogurt Mangga,Produk Olahan Susu,Plastik,Chiller,0,27,0,27.0,Fresh
Nanas Kaleng,Produk Kaleng,Kaleng,Suhu Ruangan,0,598,0,598.0,Fresh
Susu Bubuk Skim,Produk Olahan Susu,carton,Outside,0,651,0,9999.0,ok
Susu Bubuk Full Cream,Produk Olahan Susu,Karton,Outside,0,326,0,326.0,Fresh
Yogurt Mangga,Produk Olahan Susu,Plastik,Chiller,0,8,0,8.0,Fresh
Jus Jeruk,Produk Minuman,Karton,Chiller,1,178,6 days,-1.0,Expired
Mie Instan Goreng,Produk Kering,Plastik,Luar,0,76,0,76.0,Fresh
Leci dalam Sirup,Produk Kaleng,Kaleng,Outside,1,6,7,-4.0,Expired
Ikan Makerel,Produk Kaleng,Kaleng,Outside,True,763,5,-3.0,Expired
Soda Lemon,Produk Minuman,Kaleng,Outside,1,186,2,-1.0,Expired
Ikan Makerel,Produk Kaleng,Kaleng,Outside,0,177,0,177.0,Fresh
Cola Zero Sugar,Produk Minuman,KALENG,Outside,0,284,0,284.0,Fresh
Ikan Makerel,Produk Kaleng,Kaleng,Outside,1,630,1,1.0,Soon
Biskuit Wafer,Produk Kering,Plastik,Outside,1,33,1,4.0,Soon
Keju Edam,Produk Olahan Susu,Plastik,Chiller,1,31,17,4.0,Soon
Sosis Sapi,Produk Protein,Plastik,refrigerator,1,50,10,-5.0,Expired
ikan tuna,Produk Kaleng,can,Outside,0,444,0 days,444.0,Fresh
Air Mineral,Produk Minuman,Plastik,Outside,0,603,0,603.0,Fresh
Sosis Bebek,Produk Protein,Plastik,Chiller,1,46,4,,
JUS SIRSAK,Produk Minuman,Karton,chiller,0,77,0,77.0,Fresh
Cola Original,Produk Minuman,Kaleng,Outside,0,149,0,149.0,Fresh
Jus Anggur,Produk Minuman,Botol Kaca,Chiller,1,264,7,-2.0,Expired
Keju Parmesan,Produk Olahan Susu,,Chiller,1,,,15.0,FRESH
Sosis Bebek,Produk Protein,Plastik,Chiller,0,34,0,34.0,segar
Keju Edam,,Plastik,Chiller,1,70,3,18.0,Fresh
Yogurt Blueberry,produk olahan susu,Plastik,kulkas,1,1,6,-3.0,Expired
Teh Tarik,Produk Minuman,Karton,Chiller,0,188,0,188.0,Fresh
AIR MINERAL,Produk Minuman,Plastik,Outside,0,529,0,529.0,Fresh
Susu UHT Full Cream,Produk Olahan Susu,carton,,0,79,,,Fresh
Jus Apel ,Produk Minuman,karton,Chiller,0,117,0,117.0,Fresh
Keju Cream Cheese,PRODUK OLAHAN SUSU,Karton,Kulkas,0,26,0,26.0,ok
Jus Nanas,Produk Minuman,Karton,Refrigerator,0,4,0,4.0,Warning
Nugget Ikan,Produk Protein,Plastik,Freezer,1,122,3,0.0,Expired
Sereal Muesli,Produk Kering,Carton,Outside,0,44,0,44.0,Fresh
Sereal Coklat,dry food,karton,Outside,1,67,6,15.0,ok
Nugget Ayam,Produk Protein,Plastik,Freezer,1,13,6,-3.0,Expired
Teh Kotak Jasmine,Produk Minuman,Kardus,suhu ruangan,0,215,0,215.0,Fresh
Sarden Minyak Zaitun,canned,Kaleng,Outside,0,660 hari,0,660.0,Fresh
Ikan Salmon,Produk Kaleng,Kaleng,Outside,0,621,0,621.0,Fresh
Susu UHT Full Cream,Produk Olahan Susu,Karton,Chiller,0,135,0,135.0,Fresh
Air Mineral,Prod. Minuman,Plastik,Outside,0,674,,674.0,Fresh
Sereal Cornflakes,Produk Kering,Karton,Room Temp,1,280,28,2.0,Soon
Cola Original,produk minuman,Kaleng,Outside,1,82,5,-4.0,
Jus Mangga,Produk Minuman,Karton,Chiller,0,139,0,139.0,fresh
Ikan Tuna,Prod. Kaleng,Kaleng,Outside,0,784,0,784.0,Fresh
Cola Zero Sugar,Produk Minuman,Tin Can,Outside,1,328,5,-4.0,
 Keju Parmesan,Produk Olahan Susu,Plastik,,0,285,0,285.0,Fresh
Persik Kaleng,Produk Kaleng,Kaleng,Outside,0,677 hari,0,677.0,Fresh
Yogurt Plain,Produk Olahan Susu,Plastik,Chiller,no,3,0,3.0,Soon
Biskuit Wafer,Produk Kering,PLASTIK,Outside,no,83,0,83.0,Fresh
Yogurt Blueberry,dairy,Plastik,Chiller,Ya,7,,1.0,Soon
Mangga Kaleng,Produk Kaleng,Can,Outside,1,622,7,-4.0,Expired
Susu Evaporasi,PRODUK OLAHAN SUSU,Kaleng,chiller,0,274,0,274.0,Fresh
Susu UHT Coklat,Produk Olahan Susu,Karton,Chiller,1,87,6,-5.0,Expired
Kornet Ayam,Produk Kaleng,Kaleng,Outside,0,,0,742.0,Fresh
Yogurt Mangga,Produk Olahan Susu,Plastik,Chiller,1,10 hari,5,-2.0,Expired
Biskuit Oreo,Produk Kering,Plastik,Outside,1,107,12,-5.0,Expired
Yogurt Plain,Prod. Susu,plastik,Chiller,0,30,0,30.0,Fresh
Teh Botol,Produk Minuman,Botol Kaca,Outside,0,248,0,,Fresh
Sosis Frankfurter,Produk Protein,Plastik,Chiller,1,80,6,1.0,Soon
Sereal Muesli,Produk Kering,Karton,Outside,0,144,0,144.0,Fresh
Teh Kotak Jasmine,beverage,Karton,Outside,0,64,0,64.0,Fresh
Keju Cheddar,Produk Olahan Susu,Plastik,Refrigerator,1,48,19,-5.0,Expired
Susu Bubuk Bayi,Produk Olahan Susu,Kardus,Outside,no,41,0,41.0,Fresh
Leci dalam Sirup,Produk Kaleng,Tin,Outside,0,690,0,690.0,fresh
Yogurt Stroberi,Produk Olahan Susu,Plastik,Chiller,1,24,5,-2.0,Expired
Sereal Granola,Produk Kering,Karton,Outside,0,,0,-999.0,
Biskuit Crackers,Kering,Plastik,Outside,0,17,0,17.0,Fresh
 Susu Bubuk Bayi,Produk Olahan Susu,Karton,Outside,0,471,0,471.0,Fresh
Susu Kedelai,Produk Olahan Susu,KARTON,CHILLER,1,29,8,-3.0,kadaluarsa
Keju Cream Cheese,Produk Olahan Susu,Karton,Chiller,0,9,0 days,9.0,Fresh
Susu Kental Manis Coklat,Produk Olahan Susu,Kaleng,Chiller,0,114,0,114.0,Fresh
Ikan Makerel,Produk Kaleng,Kaleng,Outside,0,651,0,651.0,Fresh
Biskuit Oatmeal,PRODUK KERING,Polimer,Outside,1,94,12,-5.0,Expired
Sereal Coklat,Produk Kering,Karton,Outside,0,231,0,231.0,Fresh
Air Mineral,Produk Minuman,Plastik,suhu ruangan,1,480,3,-2.0,Expired
Yogurt Mangga,Produk Olahan Susu,Plastik,,Yes,16,8,-5.0,Expired
Jus Sirsak,beverage,Karton,Chiller,1,75,3,0.0,Expired
Nugget Ikan,,Plastik,Freezer,1,156,4,-1.0,Expired
Teh Kotak Hijau,Produk Minuman,Karton,Outside,1,10,5,-4.0,Expired
Nugget Udang,Produk Protein,Plastik,frozen,1,157,3,0.0,Expired
Biskuit Oreo,PRODUK KERING,Plastik,Outside,1,37,7,0.0,Expired
Keju Cheddar,Produk Olahan Susu,Plastik,Chiller,no,136,0,136.0,Fresh
Air Soda,Produk Minuman,Plastik,room temp,0,124,0,124.0,segar
Teh Kotak Jasmine,Minuman,Karton,Outside,1,161,1,0.0,Expired
Biskuit Mentega,Produk Kering,Kaleng,Outside,1,132,1,13.0,Fresh
Persik Kaleng,Produk Kaleng,,Outside,1,490,5,-2.0,Expired
Sosis Ikan,Produk Protein,Plastik,Chiller,1,40,5,-2.0,Expired
Buah Cocktail,Produk Kaleng,Kaleng,Outside,1,7,6,-3.0,Expired
Sosis Ikan,Produk Protein,Plastik,Chiller,0,34,0,34.0,Fresh
Biskuit Marie,Produk Kering,Plastik,outside,0,55,0,55.0,Fresh
	Susu Kental Manis Coklat,Produk Olahan Susu,Kaleng,Chiller,0,702,0,702.0,Fresh
Mie Instan Soto,Produk Kering,Plastik,Outside,0,163,0,163.0,Fresh
Sosis Sapi,Produk Protein,Plastik,Chiller,0,59 hari,0,59.0,Fresh
	Teh Tarik,Produk Minuman,Karton,Chiller,1,15,2,-1.0,Expired
Persik Kaleng,Produk Kaleng,Kaleng,Outside,0,145,0,145.0,Fresh
Susu UHT Stroberi,Olahan Susu,Karton,Chiller,,213,,0.0,Expired
Teh Tarik,Produk Minuman,Karton,,0,,0,139.0,fresh
Susu Bubuk Skim,Produk Olahan Susu,Karton,Outside,0,625,0,625.0,Fresh
Cola Zero Sugar,produk minuman,Kaleng,room temp,1,247 hari,4,-3.0,Expired
Jus Sirsak,Produk Minuman,Karton,Chiller,1,87,7,-4.0,Expired
Biskuit Oatmeal,,Plastick,Luar,0,48,0,48.0,Fresh
Sereal Oat,Produk Kering,Karton,Outside,1,252,28,2.0,Soon
Susu Bubuk Coklat,Produk Olahan Susu,Karton,Outside,0,440,0,440.0,Fresh
Rambutan Kaleng,Produk Kaleng,can,Outside,1,360,6,-3.0,Expired
Jagung Manis Kaleng,PRODUK KALENG,Kaleng,Chiller,False,384,0,384.0,Fresh
MIE INSTAN AYAM,Produk Kering,Plastik,Outside,1,288,1,-1.0,
Sereal Muesli,Produk Kering,Karton,Outside,1,200,9,21.0,Fresh
Minuman Isotonik,Produk Minuman,Plastik,Outside,1,35,1,0.0,Expired
Susu UHT Coklat,Produk Olahan Susu,Karton,Chiller,1,116,,-1.0,Expired
Susu UHT Full Cream,Produk Olahan Susu,Karton,Chiller,1,53,2,5.0,hampir
Biskuit Wafer,Produk Kering,Plastic,,0,148,0,148.0,ok
Jus Sirsak,Produk Minuman,Karton,Chiller,0,49,0,49.0,Fresh
Jagung Manis Kaleng,Produk Kaleng,Kaleng,Chiller,0,203,0,203.0,Fresh
Air Mineral,Produk Minuman,Plastik,outside,0,342,0,342.0,OK
Sarden Tomat,Produk Kaleng,Kaleng,,0,57,0,57.0,Fresh
Susu Kental Manis Putih,Produk Olahan Susu,Kaleng,Refrigerator,0,449,0,449.0,Fresh
Sosis Sapi,Produk Protein,Plastik,Chiller,1,35,9,-4.0,Expired
Biskuit Digestive,Produk Kering,,Outside,0,255,0,255.0,Fresh
Yogurt Greek,Produk Olahan Susu,Plastik,Chiller,1,13,2,3.0,Soon
Biskuit Mentega,Produk Kering,tin,Outside,0,303,0,303.0,Fresh
Teh Kotak Jasmine,Produk Minuman,Karton,Outside,1,142,4,-3.0,Basi
Yogurt Kefir ,Produk Olahan Susu,Botol Kaca,Chiller,0,12,0,12.0,Fresh
Mie Instan Soto,,Plastik,Outside,1,3,1,-1.0,Expired
	Sarden Tomat,Produk Kaleng,can,Outside,0,456,0,456.0,Fresh
Mie Instan Ayam,Produk Kering,Plastik,Outside,1,136,5,-5.0,Expired
Mie Instan Ayam,Dry Food,Plastik,suhu ruangan,1,196,3,-3.0,Expired
Sereal Granola,,Karton,Outside,1,67,28,2.0,Soon
Biskuit Digestive,dry food,Plastic,,1,177,12,2.0,Soon
Biskuit Crackers,Produk Kering,Plastik,OUTSIDE,1,95,3,4.0,Soon
Susu Pasteurisasi,Produk Olahan Susu,Plastik,Chiller,0,4,0,4.0,Soon
Air Soda,Produk Minuman,Plastik,Outside,1,97,4,,Expired
Sereal Granola,Produk Kering,Karton,Outside,1,145,13,17.0,Fresh
Biskuit Marie,produk kering,Plastik,Outside,1,39,11,,Expired
Biskuit Sandwich,Produk Kering,plastik,Outside,0,96,0,96.0,Fresh
Keju Mozzarella,Prod. Susu,Plastik,Chiller,0,17,0,17.0,Fresh
Ikan Makerel,Produk Kaleng,Tin Can,Outside,1,382,7 days,-5.0,Expired
Mie Instan Soto,Dry Food,Plastik,Outside,0,1,0,1.0,
Nugget Sayuran,Produk Protein,Plastik,Freezer,,119,7,-4.0,Expired
	Sosis Ikan,produk protein,Plastik,Chiller,1,43,,0.0,Expired
Buah Cocktail,Produk Kaleng,KALENG,Outside,1,566,5,-2.0,Expired
Susu Pasteurisasi,Produk Olahan Susu,Plastik,Refrigerator,0,10,0,10.0,Fresh
SARDEN TOMAT,Produk Kaleng,Kaleng,Outside,1,451,6,-4.0,Expired
Keju Mozzarella ,dairy,PLASTIK,Chiller,0,43,0 days,43.0,Fresh
Nugget Ikan,Produk Protein,Plastik,Freezer,1,8,5,-2.0,Expired
Biskuit Marie,Produk Kering,Plastik,Outside,1,65,4,3.0,Soon
Soda Jeruk,Produk Minuman,,Outside,0,231,0,,Fresh
Biskuit Digestive,Produk Kering,Plastik,OUTSIDE,0,156,0,156.0,Fresh
Sarden Minyak Zaitun,Canned,Kaleng,Outside,0,677,0,677.0,Fresh
Nugget Ikan,Produk Protein,Plastik,Freezer,0,147,0,147.0,segar
Susu Kedelai,Produk Olahan Susu,Karton,Chiller,1,233,9,-50.0,Expired
Yogurt Kefir,Produk Olahan Susu,Botol Kaca,Chiller,1,11,6,-3.0,Expired
Sosis Sapi,Produk Protein,Plastic,Chiller,1,29,6,-1.0,Expired
Biskuit Mentega,Produk Kering,can,suhu ruangan,1,190,6,8.0,Fresh
Susu Kental Manis Coklat,Produk Olahan Susu,Kaleng,,0,648,0,648.0,Fresh
Nanas Kaleng,Produk Kaleng,Kaleng,Outside,1,373,7,-4.0,Expired
Biskuit Sandwich,Produk Kering,Plastik,Outside,1,93,7,-2.0,Expired
Teh Lemon,Produk Minuman,Karton,Outside,1,77,6,-5.0,Expired
Nugget Tempe,Produk Protein,Plastik,Freezer,,50,8,-5.0,Expired
Jagung Manis Kaleng,PRODUK KALENG,kaleng,Chiller,1,353 hari,,-1.0,Expired
Sereal Coklat,Produk Kering,Karton,Outside,,175,26,-5.0,expired
Biskuit Oatmeal,Produk Kering,Plastik,Outside,0,,0,132.0,Fresh
Nugget Ikan,Produk Protein,Plastik,Freezer,1,177,6,-3.0,Expired
Biskuit Marie,Produk Kering,plastic,Outside,0,19,0,19.0,Fresh
	Sosis Frankfurter,Produk Protein,Plastik,Chiller,1,53,3,4.0,Soon
Keju Cream Cheese,Produk Olahan Susu,Karton,Chiller,1,6,4,6.0,Soon
Jus Jambu,Produk Minuman,Karton,Chiller,1,80,3,0.0,Expired
Soda Lemon,Produk Minuman,Kaleng,Outside,Yes,247,2,-1.0,Expired
Mangga Kaleng,Produk Kaleng,KALENG,Outside,1,7,7,-4.0,Expired
Yogurt Minum Probiotik,Olahan Susu,Botol Kaca,Chiller,0,16,,16.0,Fresh
Nanas Kaleng,Produk Kaleng,Kaleng,Outside,1,159,3,0.0,Expired
Susu Bubuk Bayi,Dairy,Karton,Outside,0,448,0,448.0,Fresh
Mie Instan Soto,Produk Kering,Plastik,Outside,0,144,0,144.0,Fresh
Susu Pasteurisasi,Produk Olahan Susu,Plastik,Chiller,1,11,5,-2.0,Expired
Yogurt Kefir,Olahan Susu,,Chiller,0,1,0,1.0,Soon
Nugget Tempe,Produk Protein,,Freezer,1,76 hari,7,9999.0,Expired
Susu Kedelai,Produk Olahan Susu,Karton,chiller,0,119,0,-50.0,Fresh
Minuman Energi,Beverage,Kaleng,Outside,1,234,2,-1.0,Expired
Sarden Cabai,Produk Kaleng,Kaleng,Outside,0,619,0,619.0,Fresh
Biskuit Crackers,Produk Kering,Plastik,Luar,1,122,5,2.0,Soon
Nugget Sapi,Produk Protein,Plastik,Freezer,0,87,0,87.0,Fresh
Nugget Ikan,Produk Protein,Plastik,Freezer,1,35,8,-5.0,Expired
Nugget Ayam,Produk Protein,Plastik,Freezer,1,113,4,-1.0,Expired
Buah Cocktail,Produk Kaleng,Kaleng,Outside,0,454,0,454.0,segar
Sereal Muesli,Produk Kering,Karton,Outside,1,161,23,7.0,Soon
Mie Instan Goreng,Produk Kering,Plastik,Outside,1,209,3,-3.0,Expired
	Jus Sirsak,Produk Minuman,Karton,Dingin,0,168,0,168.0,Fresh
Sosis Bebek,Produk Protein,Plastik,Chiller,1,77,7,0.0,Expired
Sosis Ayam,Produk Protein,Plastik,Chiller,0,41,0,41.0,Fresh
Sereal Coklat,Produk Kering,,Outside,0,43,0,43.0,Fresh
Susu UHT Low Fat,Produk Olahan Susu,Karton,Chiller,1,81,2,,Soon
Minuman Energi,Produk Minuman,Kaleng,Room Temp,0,88,0,88.0,Fresh
Rambutan Kaleng,Produk Kaleng,Tin Can,Outside,0,215,0,215.0,Fresh
Susu Pasteurisasi,Dairy,Plastik,Chiller,1,10,6,-3.0,Expired
Ikan Makerel,Produk Kaleng,kaleng,Outside,0,326,0,326.0,Fresh
Jus Apel,Produk Minuman,Karton,Chiller,0,9,0,9.0,
Leci dalam Sirup,Produk Kaleng,Kaleng,Outside,1,456,3,0.0,Expired
Susu Kental Manis Putih,Produk Olahan Susu,tin,Chiller,0,384,0,384.0,Fresh
Susu Evaporasi,Produk Olahan Susu,,Chiller,1,515,1,6.0,Soon
Keju Cream Cheese,Produk Olahan Susu,Karton,Chiller,1,17,3,11.0,fresh
Susu Bubuk Coklat,Produk Olahan Susu,Karton,Outside,Ya,17,12,17.0,Fresh
Yogurt Stroberi,Produk Olahan Susu,Plastik,Chiller,0,27,0,27.0,Fresh
Susu Almond,,Karton,Chiller,1,74 hari,,-4.0,Expired
Biskuit Wafer,Produk Kering,Plastik,Outside,0,143,0,143.0,Fresh
Teh Lemon,Produk Minuman,,Outside,0,72,0,72.0,Segar
Susu UHT Full Cream,Produk Olahan Susu,karton ,Chiller,0,24,0,24.0,Fresh
Jus Mangga,produk minuman,Karton,Chiller,1,62,2,-1.0,Expired
Teh Lemon,Produk Minuman,Karton,Suhu Ruangan,0,37,0,37.0,Fresh
Jus Nanas,Beverage,Karton,Chiller,1,2,10,-5.0,Expired
Persik Kaleng,Produk Kaleng,Kaleng,Outside,0,430,0,430.0,Fresh
Nugget Ayam,Produk Protein,Plastik,Freezer,0,177,0,177.0,Fresh
Yogurt Kefir,Olahan Susu,Botol Kaca,Chiller,0,9,0 days,9.0,Fresh
Nugget Tempe,Produk Protein,Plastik,Freezer,1,92 hari,6,-3.0,Expired
Mie Instan Ayam,Produk Kering,,Outside,1,17,2,-2.0,Expired
Persik Kaleng,Produk Kaleng,Kaleng,Room Temp,0,314,0,314.0,Fresh
Nanas Kaleng,Produk Kaleng,tin,Room Temp,1,578,6,-3.0,Expired
Rambutan Kaleng,,Kaleng,Outside,0,272,0,272.0,Fresh
Sereal Cornflakes,Kering,Karton,Outside,0,132,0,132.0,Fresh
COLA ZERO SUGAR,Produk Minuman,Kaleng,Outside,1,59,2,-1.0,
Nugget Tempe,Produk Protein,Plastik,Freezer,1,70,4,-1.0,Expired
Nugget Udang,Produk Protein,Plastik,Freezer,0,49,0,49.0,Fresh
Air Soda,,Plastik,Outside,1,-10,4,-3.0,Expired
Sosis Bebek,Produk Protein,,Chiller,,25,1,6.0,Soon
Sosis Ikan ,PRODUK PROTEIN,Plastik,kulkas,1,38,3,0.0,Expired
Susu Almond,Produk Olahan Susu,,Chiller,1,263,8,-3.0,Expired
  Nugget Sayuran  ,Produk Protein,plastic,Freezer,1,77,6,-3.0,Expired
Susu Bubuk Coklat,Produk Olahan Susu,,Outside,1,687,8,22.0,Fresh
Nugget Ayam,Produk Protein,Plastik,Freezer,0,3,0,3.0,Soon
Air Soda,Produk Minuman,,Outside,1,165 hari,6,-5.0,Expired
Keju Edam,PRODUK OLAHAN SUSU,Plastik,Chiller,0,147,0,147.0,Fresh
Persik Kaleng,PRODUK KALENG,,Outside,1,431,7,-4.0,Expired
Sosis Ayam,Produk Protein,plastik,Chiller,1,2,9,-4.0,Expired
Rambutan Kaleng,Produk Kaleng,Kaleng,Outside,0,451,0,451.0,Fresh
Biskuit Sandwich,,Plastik,Outside,1,144,2,3.0,Soon
Nugget Tempe,Produk Protein,Plastik,Freezer,no,102,0,102.0,Segar
Keju Mozzarella,Produk Olahan Susu,Plastik,Chiller,0,28,0,28.0,Fresh
Keju Cream Cheese,Produk Olahan Susu,karton ,Chiller,1,23,14,0.0,Expired
Persik Kaleng,Produk Kaleng,Kaleng,Outside,1,135,6,-3.0,Dead
Rambutan Kaleng,Produk Kaleng,Can,Outside,1,102,5,-2.0,
Sarden Cabai,Produk Kaleng,tin,Outside,0,322,0,322.0,Fresh
Nugget Sayuran,Produk Protein,Plastik,beku,1,12,2,-999.0,Soon
Sarden Tomat,Produk Kaleng,Kaleng,Outside,0,758,0,758.0,Fresh
MIE INSTAN AYAM,Produk Kering,Plastik,Outside,1,157,3,,Expired
Kornet Sapi,Canned,Kaleng,suhu ruangan,0,555,0,555.0,Fresh
Teh Tarik,produk minuman,Karton,Chiller,0,147,0,9999.0,Segar
Nugget Tempe,Produk Protein,Plastik,Freezer,1,99,6,-3.0,Expired
Air Mineral,Produk Minuman,Plastik,Outside,yes,401,1,0.0,Expired
Jus Apel,Produk Minuman,Karton,Chiller,1,49,8,-3.0,Expired
Air Mineral,Produk Minuman,Plastik,Outside,0,309,0,309.0,Fresh
sarden minyak zaitun,Produk Kaleng,,Outside,,321,1,1.0,soon
Mie Instan Goreng,Produk Kering,Plastik,Outside,0,151,0,,Fresh
Nugget Tempe,Produk Protein,,Freezer,1,111 hari,8,-5.0,Expired
Susu Bubuk Full Cream,Produk Olahan Susu,Karton,suhu ruangan,1,101,7,23.0,Fresh
Keju Mozzarella,,Plastik,Chiller,1,44,8,-1.0,Expired
susu almond,Produk Olahan Susu,Karton,Chiller,1,120,10,-5.0,Basi
Sarden Minyak Zaitun,Produk Kaleng,Kaleng,Outside,0,51,0,51.0,Fresh
sosis ikan,Produk Protein,Plastik,Chiller,1,31,1,2.0,Hampir
Biskuit Wafer,Produk Kering,Plastik,,0,56,0,56.0,Fresh
Susu Bubuk Skim,Prod. Susu,Karton,Outside,1,544,33,-3.0,Expired
Yogurt Plain,Produk Olahan Susu,Plastik,,1,9,3,2.0,Soon
Nugget Udang,Protin,Plastik,Freezer,1,35,2,1.0,Soon
Cola Original,Produk Minuman,Kaleng,suhu ruangan,1,350,1,0.0,Expired
Yogurt Mangga,Produk Olahan Susu,Plastik,Chiller,1,9999,6,-3.0,
TEH TARIK,Produk Minuman,Karton,Chiller,1,147,3,-999.0,Expired
Jus Jeruk,Produk Minuman,Karton,Chiller,1,17,2,3.0,Soon
Susu UHT Vanila,Produk Olahan Susu,Karton,Chiller,1,173,1,0.0,expired
Susu Bubuk Bayi,Produk Olahan Susu,Karton,Outside,0,390,0,390.0,
Susu Kental Manis Coklat,Produk Olahan Susu,Kaleng,,1,366,2,12.0,Fresh
Sosis Sapi,Produk Protein,Plastik,Chiller,0,7,0,7.0,SOON
Keju Mozzarella,Produk Olahan Susu,Plastik,Chiller,1,37,4,3.0,Soon
Susu UHT Low Fat,Produk Olahan Susu,Karton,Chiller,1,,2,3.0,Soon
Yogurt Kefir,Produk Olahan Susu,Botol Kaca,Chiller,1,3,2,1.0,Soon
Mangga Kaleng,Produk Kaleng,Kaleng,Outside,0,152,0,152.0,Fresh
Mie Instan Soto,dry food,Plastik,Outside,1,284,5,-5.0,Expired
Cola Original,Produk Minuman,Kaleng,Outside,1,,2,-1.0,Expired
Susu UHT Stroberi,Produk Olahan Susu,Karton,fridge,1,115,6,-5.0,Expired
Ikan Tuna,Produk Kaleng,Kaleng,Outside,1,970,2,0.0,Expired
Keju Mozzarella,Produk Olahan Susu,Plastik,kulkas,0,19,0,19.0,Fresh
Susu Bubuk Skim,Produk Olahan Susu,Karton,Outside,0,206,,,Fresh
Sarden Cabai,Produk Kaleng,Kaleng,Outside,0,838,0,838.0,Fresh
Sosis Ikan,Protin,Plastik,Chiller,0,33,0,33.0,Segar
Jus Jambu,Produk Minuman,Karton,Chiller,0,176,0,176.0,Fresh
Kornet Sapi,,Kaleng,Outside,1,242,6,-3.0,Expired
Keju Cheddar,Produk Olahan Susu,Plastik,Chiller,0,98,0,98.0,Fresh
Jus Sirsak,,Karton,Chiller,1,63,1,2.0,Segera
Sarden Cabai,Produk Kaleng,Kaleng,Outside,1,534,1,1.0,Warning
Sosis Bebek,Produk Protein,Plastik,Chiller,1,82,1,6.0,Soon
Susu Bubuk Full Cream,Produk Olahan Susu,Karton,Outside,1,467 hari,21,9.0,Segar
Sereal Muesli,dry food,Karton,Outside,1,265,,6.0,Soon
Nugget Ayam,Produk Protein,Plastik,Freezer,0,171,0,171.0,Fresh
 Yogurt Minum Probiotik,Produk Olahan Susu,Botol Kaca,Chiller,0,18,0 days,18.0,Fresh
Sereal Muesli,Kering,Kardus,Outside,1,,14,16.0,
Susu Kedelai,dairy,Karton,Chiller,0,270,0,270.0,Fresh
Yogurt Minum Probiotik,Produk Olahan Susu,glass,Refrigerator,1,2,4,-1.0,Expired
 Nanas Kaleng,Produk Kaleng,Kaleng,OUTSIDE,1,378,4,-50.0,Expired
Biskuit Oreo,Produk Kering,PLASTIK,Outside,0,125,0,125.0,Fresh
Sarden Cabai,canned,Kaleng,Outside,1,,2,0.0,Expired
Jus Jambu,Produk Minuman,,Chiller,0,,0,152.0,Fresh
Teh Kotak Jasmine,Produk Minuman,karton ,Outside,1,195,1,0.0,Expired
Sereal Coklat,Produk Kering,Karton,Outside,0,108,0,108.0,Fresh
Susu UHT Full Cream,Produk Olahan Susu,Karton,fridge,1,109,9,-2.0,Expired
YOGURT KEFIR,Produk Olahan Susu,Botol Kaca,Chiller,0,11 hari,0,11.0,segar
Rambutan Kaleng,Produk Kaleng,Kaleng,Outside,true,716,5,-2.0,Expired
Biskuit Oatmeal,Kering,Plastik,Outside,0,32,0,32.0,Fresh
Ikan Makerel,,Kaleng,Outside,1,1032,5,-3.0,
Yogurt Greek,Produk Olahan Susu,Plastik,Chiller,1,19,5,0.0,Expired
Mangga Kaleng,Produk Kaleng,Kaleng,Outside,0,144 hari,0,144.0,Fresh
Teh Lemon,Produk Minuman,Karton,OUTSIDE,1,272,3,-2.0,Expired
Sarden Tomat,Produk Kaleng,Kaleng,OUTSIDE,1,585,3,-1.0,Expired
Sarden Cabai,Produk Kaleng,Kaleng,Outside,,481,1,1.0,Soon
Sereal Cornflakes,,Karton,Outside,1,70,2,28.0,Fresh
	Sereal Oat,Produk Kering,Karton,Outside,0,351,0,351.0,Fresh
Susu Pasteurisasi,Produk Olahan Susu,Plastik,Chiller,1,11,8,,Expired
Susu Pasteurisasi,Produk Olahan Susu,Plastik,Chiller,1,1,7,-4.0,Expired
Teh Botol,Produk Minuman,Botol Kaca,Outside,1,187,6,-3.0,Expired
Susu UHT Coklat,Produk Olahan Susu,Karton,Chiller,0,53,0,53.0,Fresh
Susu Evaporasi,Produk Olahan Susu,Kaleng,Chiller,1,90,11,-4.0,Expired
yogurt greek,Produk Olahan Susu,Plastik,Chiller,0,5,0,5.0,Soon
Susu Almond,Produk Olahan Susu,Karton,fridge,1,194,10,-5.0,Expired
Jus Jeruk,Produk Minuman,Karton,Chiller,0,34,0,34.0,Fresh
 Keju Cream Cheese,Produk Olahan Susu,Karton,Chiller,1,14,17,-3.0,Expired
Jus Nanas,Produk Minuman,Karton,kulkas,1,79,8,-3.0,Expired
Yogurt Minum Probiotik,Produk Olahan Susu,Botol Kaca,Chiller,0,16,0,16.0,Fresh
Keju Edam,Produk Olahan Susu,Plastik,Chiller,1,131,12,9.0,Fresh
Air Mineral,,Plastik,Outside,0,298,0,298.0,Fresh
Keju Mozzarella,Produk Olahan Susu,Plastik,Chiller,1,24,2,5.0,Soon
yogurt greek,Produk Olahan Susu,Plastik,,0,4,0,4.0,Soon
Minuman Energi,Produk Minuman,Kaleng,Outside,0,251,,251.0,Fresh
Kornet Ayam,Produk Kaleng,Kaleng,Outside,1,224,2,1.0,hampir
Keju Mozzarella,PRODUK OLAHAN SUSU,plastik,Chiller,Yes,12,7 days,0.0,Expired
Ikan Salmon,Produk Kaleng,Kaleng,Outside,0,548,0,548.0,Fresh
Sosis Ikan,Produk Protein,Plastik,Chiller,1,25,4,-1.0,Expired
Nugget Sapi,Produk Protein,Plastik,,1,68,2,1.0,Soon
Biskuit Sandwich,Produk Kering,Plastik,Outside,1,95,7,-2.0,Expired
Minuman Isotonik,produk minuman,Plastik,Outside,1,62,5,-4.0,Expired
Sereal Oat,Produk Kering,Karton,Outside,1,224,11,19.0,Fresh
Air Soda,Produk Minuman,Plastik,Outside,1,,2,-1.0,Expired
Jus Apel,Produk Minuman,Karton,Chiller,0,173,0,173.0,Fresh
Susu UHT Coklat,Produk Olahan Susu,Karton,Chiller,0,224,0,224.0,Segar
Biskuit Marie,PRODUK KERING,Plastik,Outside,0,97,,97.0,Fresh
Air Soda,Produk Minuman,Plastik,Outside,0,333,0,333.0,Fresh
Minuman Energi,Produk Minuman,Kaleng,Outside,1,40,2,-1.0,Expired
Jus Apel,Produk Minuman,Karton,Kulkas,1,151,4,,Soon
Jagung Manis Kaleng,Produk Kaleng,Kaleng,Chiller,yes,165,4 days,-1.0,Expired
Susu UHT Coklat,Produk Olahan Susu,Karton,Dingin,1,15,1,0.0,Expired
Jus Jeruk,Produk Minuman,Karton,Chiller,1,85,3,2.0,Soon
Mangga Kaleng,Produk Kaleng,Kaleng,,1,588,4,-1.0,Expired
Jus Nanas,Produk Minuman,Karton,Chiller,1,102,10,-5.0,Expired
Minuman Energi,Produk Minuman,Tin,OUTSIDE,1,304,1,0.0,Expired
Biskuit Sandwich,Produk Kering,Plastik,Outside,,25,0,25.0,Fresh
Minuman Energi,Produk Minuman,Kaleng,Outside,0,24,0,24.0,Fresh
Nugget Udang,Produk Protein,Plastik,Freezer,0,119,0,119.0,Fresh
Jus Apel,Produk Minuman,,kulkas,1,53,3 days,2.0,Soon
Sereal Muesli,Produk Kering,Karton,Outside,0,6,0,6.0,Soon
Susu Evaporasi,Produk Olahan Susu,Kaleng,Chiller,1,408,12,-5.0,Expired
Jus Mangga,Produk Minuman,Carton,Chiller,1,119,5,-4.0,Expired
Susu Bubuk Skim,Produk Olahan Susu,Karton,Outside,1,598,10,20.0,Fresh
Susu Almond,Produk Olahan Susu,Karton,Chiller,1,193,,2.0,Soon
Susu Kental Manis Coklat,Produk Olahan Susu,Kaleng,Chiller,1,70,12,-50.0,Soon
Kornet Sapi,Produk Kaleng,Kaleng,Outside,0,466,0,466.0,Fresh
Yogurt Greek,Produk Olahan Susu,Plastik,Chiller,1,11,6,-1.0,Expired
Susu UHT Stroberi,Olahan Susu,Karton,,0,268 hari,0,268.0,Fresh
Biskuit Oatmeal,Produk Kering,Plastik,Outside,1,75,7,0.0,Expired
Susu Pasteurisasi,Produk Olahan Susu,Plastik,Chiller,0,7,0,7.0,Soon
Biskuit Crackers,Kering,Plastik,Outside,1,128,3,4.0,Soon
Sosis Frozen,Produk Protein,Plastik,Freezer,1,21,7,-4.0,Expired
Biskuit Sandwich,Produk Kering,Plastik,Luar,1,174,2,3.0,Soon
Susu Bubuk Bayi,Produk Olahan Susu,Karton,Outside,1,320,21,9.0,Fresh
Teh Kotak Hijau,Produk Minuman,Karton,outside,Yes,5,1,0.0,Basi
Keju Parmesan,Produk Olahan Susu,,fridge,0,283,0,283.0,Fresh
	Kornet Sapi,Produk Kaleng,Kaleng,Outside,1,996,5,-2.0,Expired
Sosis Frozen,Produk Protein,Plastik,freezer,0,,0,22.0,Fresh
Susu Kental Manis Putih,Produk Olahan Susu,Tin,Chiller,1,240,18,-4.0,Expired
Sereal Oat,Produk Kering,Karton,Suhu Ruangan,1,224,6,24.0,Fresh
Jus Jambu,Produk Minuman,Karton,Chiller,0,156,0,156.0,Fresh
Cola Original,Minuman,Can,Outside,0,233,0,233.0,Fresh
Ikan Makerel,Produk Kaleng,,Outside,0,958,0,958.0,Fresh
Sosis Frankfurter,Produk Protein,Plastik,Chiller,0,82,0,82.0,Fresh
Biskuit Marie,PRODUK KERING,Plastik,Outside,0,94,0,94.0,Fresh
Yogurt Blueberry,Produk Olahan Susu,Plastik,Chiller,false,26,0,26.0,Fresh
Keju Parmesan,Prod. Susu,Plastik,Chiller,1,60,12,18.0,Fresh
Leci dalam Sirup,Produk Kaleng,Kaleng,Outside,1,651,6,-3.0,Expired
Minuman Energi,Produk Minuman,Kaleng,Outside,1,2,1,0.0,Expired
Mie Instan Ayam,Produk Kering,Plastik,,yes,84,2,,
Nugget Ikan,Produk Protein,Plastik,Freezer,1,106,7,-4.0,Expired
Mie Instan Ayam,Produk Kering,Plastik,Outside,1,67,4,-999.0,Expired
Jus Nanas,Produk Minuman,Karton,Chiller,0,163,,163.0,Fresh
Cola Zero Sugar,Produk Minuman,,Outside,1,4,3,-2.0,Expired
Susu UHT Coklat,Produk Olahan Susu,Karton,Chiller,1,,4,-3.0,Expired
Nugget Ayam,Produk Protein,Plastik,Freezer,0,65,0,65.0,Fresh
Susu UHT Full Cream,Produk Olahan Susu,Karton,Chiller,True,126,4,3.0,Soon
Sereal Muesli,,Karton,Outside,1,124,20,10.0,Fresh
Rambutan Kaleng,Produk Kaleng,Kaleng,Outside,0,22,0,,Fresh
Keju Cheddar,Produk Olahan Susu,Plastik,Chiller,0,2,0,2.0,
Jus Nanas,Beverage,Karton,Dingin,0,105,0,105.0,Fresh
Keju Mozzarella,Produk Olahan Susu,Plastik,Chiller,0,31,0,31.0,Fresh
Susu Bubuk Coklat,Produk Olahan Susu,karton,Luar,0,159,0,159.0,fresh
Biskuit Oreo,Produk Kering,Plastik,Outside,no,121,0,121.0,Fresh
Sereal Muesli,Kering,Karton,Outside,no,359,0,359.0,fresh
Air Mineral,Produk Minuman,Plastik,Outside,0,443,0,443.0,Fresh
Sosis Ikan,Produk Protein,Plastik,Chiller,0,10,0,10.0,Fresh
Susu Bubuk Full Cream,Produk Olahan Susu,Karton,,0,614,0,614.0,Segar
Susu Kedelai,Produk Olahan Susu,Karton,Chiller,1,17,,0.0,Expired
Leci dalam Sirup,PRODUK KALENG,Kaleng,Outside,,393,0,393.0,Fresh
Nugget Udang,Produk Protein,Plastik,,1,50,1,2.0,Soon
Susu UHT Full Cream,Produk Olahan Susu,Karton,refrigerator,0,137,0,137.0,
Yogurt Stroberi,PRODUK OLAHAN SUSU,Plastik,Dingin,false,30,0,30.0,ok
Nanas Kaleng,Produk Kaleng,Kaleng,Outside,1,73,7,-4.0,Expired
Mie Instan Soto,Produk Kering,Plastik,Outside,true,51,3,-3.0,Expired
Yogurt Stroberi,Produk Olahan Susu,Plastik,Chiller,0,9,0,-50.0,Fresh
Jus Nanas,Produk Minuman,Carton,Chiller,1,105,8,-3.0,Expired
Soda Jeruk,Produk Minuman,Kaleng,Outside,0,156,0,156.0,Fresh
Soda Lemon,Produk Minuman,Kaleng,outside,1,89,4,-3.0,Expired
Susu UHT Coklat,Dairy,Kardus,Chiller,0,267,0,,Fresh
Jus Nanas,Produk Minuman,Carton,Chiller,0,16 hari,0,16.0,Fresh
Nugget Ayam,Produk Protein,Plastik,Freezer,0,93,0,93.0,Fresh
Teh Lemon,,Karton,Outside,0,,0,,fresh
Ikan Salmon,Produk Kaleng,Kaleng,OUTSIDE,0,819,0,819.0,Fresh
Keju Cheddar,Produk Olahan Susu,Plastik,Chiller,0,129,0,129.0,Fresh
Jus Jeruk,Produk Minuman,Karton,Chiller,0,43,0,43.0,Fresh
Nugget Sapi,Produk Protein,Plastik,Freezer,0,78,0,78.0,Fresh
Nugget Ikan,Produk Protein,Plastik,Freezer,0,50,0,50.0,Fresh
Susu UHT Stroberi,Produk Olahan Susu,Karton,Chiller,1,121,3,-2.0,Expired
Ikan Tuna,produk kaleng,Tin,,0,-5,0,1036.0,Fresh
Sarden Tomat,,kaleng,Outside,1,459 hari,2,0.0,Expired
Susu Bubuk Skim,,Karton,Outside,1,707,17,13.0,Fresh
Teh Lemon,Minuman,Karton,Outside,0,7,0,7.0,Soon
teh lemon,produk minuman,Karton,Outside,0,276,0,276.0,Fresh
Biskuit Marie,Dry Food,Plastik,Outside,0,7,0,,Soon
Jus Jeruk,Produk Minuman,Karton,Chiller,0,178,0,,Fresh
Ikan Salmon,Produk Kaleng,KALENG,Outside,0,297,0,297.0,Fresh
Sosis Ikan,Produk Protein,Plastik,Chiller,1,39,7,-4.0,Expired
Mie Instan Goreng,Produk Kering,Plastik,Outside,0,9999,0,53.0,Fresh
Keju Mozzarella,Produk Olahan Susu,Plastik,Chiller,0,29,0,29.0,Fresh
Sarden Tomat,Produk Kaleng,Kaleng,Suhu Ruangan,0,578,0,578.0,Fresh
Ikan Makerel,Produk Kaleng,Kaleng,Outside,1,552,5,-3.0,Expired
Biskuit Mentega,,Kaleng,Outside,0,323,0,323.0,Fresh
Biskuit Oatmeal,Produk Kering,Plastik,Luar,0,10000,0,130.0,Fresh
Sereal Oat,Produk Kering,Karton,Luar,1,14,19,11.0,Fresh
Jagung Manis Kaleng,Produk Kaleng,Kaleng,Chiller,1,279,1,2.0,Soon
Jus Apel,Produk Minuman,Karton,Chiller,0,44,0,44.0,Fresh
Yogurt Mangga ,Produk Olahan Susu,Plastik,Kulkas,0,8,0,8.0,FRESH
Susu UHT Stroberi,,Karton,Chiller,no,63,0,9999.0,ok
Sereal Granola,Produk Kering,Karton,Outside,1,164,29,1.0,Soon
Soda Lemon,Produk Minuman,Kaleng,,1,43,2,-1.0,Expired
Nugget Sayuran,Produk Protein,plastic,Freezer,,80,0,80.0,Fresh
Nugget Sayuran,Produk Protein,Plastik,Freezer,0,50,0,50.0,Fresh
Keju Edam,Prod. Susu,Plastik,Chiller,0,4,0,4.0,Soon
Rambutan Kaleng,Produk Kaleng,KALENG,Room Temp,1,643,7,-4.0,Expired
Jus Nanas,Produk Minuman,Karton,chiller,0,134,0,134.0,Fresh
biskuit sandwich,Produk Kering,Plastik,Outside,0,161,0,161.0,Fresh
Teh Kotak Jasmine,PRODUK MINUMAN,Karton,Outside,0,133,0,133.0,Fresh
Teh Tarik,Produk Minuman,Karton,CHILLER,0,216,0,216.0,Fresh
Biskuit Sandwich,Produk Kering,Plastik,OUTSIDE,1,81,5,0.0,EXPIRED
Yogurt Minum Probiotik,Produk Olahan Susu,Botol Kaca,Chiller,true,21 hari,7,-4.0,Expired
Yogurt Minum Probiotik,Produk Olahan Susu,,Chiller,1,21,1,2.0,Soon
Susu Bubuk Full Cream,Produk Olahan Susu,Karton,room temp,0,482,0,482.0,Fresh
Teh Kotak Hijau,Produk Minuman,Karton,Outside,1,96 hari,4,-3.0,Expired
Sosis Frankfurter,Produk Protein,Plastik,Chiller,0,13,0,13.0,Fresh
  Biskuit Sandwich  ,Produk Kering,Plastik,,1,45,9,-4.0,Expired
Minuman Energi,Produk Minuman,Kaleng,Outside,,148,1,0.0,Expired
Kornet Ayam,Produk Kaleng,Kaleng,Outside,1,-10,5,-2.0,Kadaluarsa
Keju Mozzarella,Produk Olahan Susu,Plastik,Chiller,0,31,0,31.0,Fresh
Susu UHT Vanila ,Produk Olahan Susu,Karton,,0,44,0,44.0,Fresh
Jus Apel,Produk Minuman,KARTON,Chiller,0,80,0,80.0,Fresh
Jus Nanas,Produk Minuman,Karton,Chiller,1,10000,2,3.0,Soon
Mie Instan Goreng,Produk Kering,Plastik,Outside,0,-5,0,,Fresh
Biskuit Wafer,Produk Kering,Plastik,Outside,1,179,2,3.0,Soon
Nugget Tempe,Produk Protein,Plastik,,0,11,0,11.0,Fresh
Jagung Manis Kaleng,Produk Kaleng,Kaleng,Chiller,0,77,0,77.0,Fresh
Susu Bubuk Full Cream,Produk Olahan Susu,Karton,Outside,0,539,0,539.0,Fresh
Leci dalam Sirup,Produk Kaleng,Kaleng,Outside,0,681,0,681.0,Fresh
Yogurt Stroberi,Produk Olahan Susu,Plastik,Chiller,Tidak,19,0,19.0,Fresh
Teh Tarik,,,Chiller,0,240,0,240.0,Fresh
Sosis Bebek,Produk Protein,Plastik,Chiller,0,59,0,59.0,Fresh
Air Soda,Produk Minuman,Plastik,Outside,0,57,0,57.0,FRESH
Sereal Coklat,Produk Kering,Karton,Outside,0,9,0,9.0,Fresh
Rambutan Kaleng,Produk Kaleng,tin,Outside,1,450,7,-4.0,Expired
JUS MANGGA,Produk Minuman,Karton,Chiller,1,110,1,0.0,Expired
Sereal Coklat,Produk Kering,Karton,Outside,0,108,0,108.0,Fresh
Susu Pasteurisasi,Produk Olahan Susu,Plastik,Chiller,0,10,0,10.0,Fresh
Yogurt Greek,Produk Olahan Susu,Plastik,CHILLER,0,1,0,1.0,Soon
Jus Anggur,Produk Minuman,Botol Kaca,Chiller,1,45,5,0.0,expired
Biskuit Crackers,Produk Kering,Plastik,Outside,0,60,,60.0,Fresh
Jus Anggur,Produk Minuman,Botol Kaca,Chiller,1,66,6,-1.0,Expired
Nugget Tempe,Produk Protein,Plastik,Freezer,1,15,8,-5.0,Expired
Susu UHT Coklat,Produk Olahan Susu,Karton,Chiller,True,161,6,-5.0,Expired
Jus Anggur,Produk Minuman,Glass Bottle,fridge,0,365,0,365.0,Fresh
Yogurt Plain,produk olahan susu,Plastik,Chiller,1,2,3,2.0,Soon
Sarden Cabai,PRODUK KALENG,Kaleng,Outside,0,777,0,777.0,Fresh
Susu Bubuk Skim,dairy,Karton,outside,1,495,7,23.0,Fresh
Susu Kedelai,Produk Olahan Susu,Karton,Chiller,,186,2,3.0,Soon
Nugget Ayam,Protin,Plastik,Freezer,0,78,0,78.0,Fresh
Yogurt Blueberry,Produk Olahan Susu,Plastik,Chiller,1,2,5,-2.0,Expired
Sereal Coklat,Produk Kering,KARTON,Outside,1,238,5,16.0,Fresh
Biskuit Oatmeal,Produk Kering,Plastik,Room Temp,0,178,0,178.0,Fresh
Sereal Coklat,Produk Kering,Karton,room temp,,301,24,-3.0,Expired
Nugget Sapi,Protein,Plastick,Freezer,1,40,3,0.0,Expired
Susu UHT Coklat,Produk Olahan Susu,Karton,Chiller,,171,0,171.0,Fresh
Sosis Frozen,Protin,Plastik,Freezer,0,127,0,127.0,Fresh
Sosis Frankfurter,Produk Protein,Plastik,Refrigerator,0,49,0,49.0,Fresh
Sarden Cabai,Produk Kaleng,Kaleng,Outside,1,507,6,-4.0,expired
Teh Lemon,Produk Minuman,Karton,Outside,0,29,0,29.0,Fresh
Sereal Cornflakes,Produk Kering,Karton,Outside,1,72,16,14.0,Fresh
Susu UHT Low Fat,Produk Olahan Susu,Karton,Chiller,0,171,0,171.0,segar
Jus Jeruk,Minuman,Karton,Chiller,yes,114,9,-4.0,Expired
Susu UHT Low Fat,Produk Olahan Susu,Karton,Chiller,0,13,0,13.0,Fresh
Biskuit Oatmeal,Produk Kering,Plastik,outside,1,111,1,6.0,Soon
Ikan Tuna,Produk Kaleng,Kaleng,Outside,0,338,0,338.0,fresh
Susu UHT Coklat,,Karton,Chiller,0,103,0,103.0,Fresh
Susu UHT Full Cream,Produk Olahan Susu,Tetrapak,Chiller,1,83,9,-2.0,basi
SODA JERUK,Produk Minuman,Kaleng,Outside,1,116,2,-1.0,Expired
Leci dalam Sirup,Produk Kaleng,Kaleng,,1,-10,7,-4.0,Expired
Mie Instan Goreng,Produk Kering,Plastik,Outside,0,174,0,174.0,Fresh
Teh Tarik,,Carton,Chiller,0,206,0,206.0,
Buah Cocktail,Produk Kaleng,Kaleng,Outside,1,616,5,-2.0,EXPIRED
Jagung Manis Kaleng,Produk Kaleng,Kaleng,Chiller,1,658,1,2.0,Soon
Susu Kental Manis Coklat,Produk Olahan Susu,Kaleng,Chiller,1,557,16,-2.0,Expired
Biskuit Oatmeal,Prod. Kering,Plastik,Outside,0,,0,18.0,Fresh
Susu UHT Low Fat,Produk Olahan Susu,Karton,,1,36,7 days,-2.0,Expired
Kornet Sapi,Produk Kaleng,Kaleng,,0,417,0,417.0,Fresh
Susu Bubuk Coklat,Produk Olahan Susu,Karton,Suhu Ruangan,1,465,22,8.0,Fresh
Yogurt Greek,Produk Olahan Susu,Plastik,Chiller,1,1,4,1.0,Soon
Keju Cheddar,Produk Olahan Susu,plastik,Chiller,0,77,0,77.0,segar
Nugget Tempe,Produk Protein,Plastik,Freezer,1,90,7,-4.0,Expired
Nugget Sayuran,,Plastik,Freezer,yes,71,6,-3.0,Expired
Susu UHT Low Fat,Produk Olahan Susu,Karton,Chiller,0,173,0,173.0,Fresh
Buah Cocktail,Produk Kaleng,Kaleng,Outside,1,63,4,-1.0,
Yogurt Minum Probiotik,Produk Olahan Susu,Botol Kaca,Chiller,true,8,1,2.0,Soon
Sereal Muesli,Produk Kering,Karton,Outside,1,174,16,14.0,Fresh
Buah Cocktail,Produk Kaleng,Kaleng,Outside,,608,8,-5.0,Expired
Soda Lemon,Produk Minuman,tin,suhu ruangan,0,179,,179.0,Fresh
Ikan Salmon,Produk Kaleng,Kaleng,Outside,1,891,1,1.0,Soon
Teh Lemon,Produk Minuman,Carton,Outside,0,353,0,353.0,
Buah Cocktail,Produk Kaleng,Kaleng,Outside,0,327,0,327.0,Fresh
Yogurt Greek,Produk Olahan Susu,Plastic,Chiller,1,15,9,-4.0,Expired
Susu UHT Full Cream,Produk Olahan Susu,Karton,Refrigerator,0,259,0,259.0,Fresh
Biskuit Oreo,Produk Kering,Plastik,Outside,1,31 hari,11,-4.0,
susu uht coklat,Produk Olahan Susu,Karton,Kulkas,1,36,6,-5.0,Expired
Sosis Frankfurter,Produk Protein,Plastik,Chiller,Yes,47,7,0.0,
Teh Tarik,Produk Minuman,Karton,Chiller,1,72,3,-2.0,Expired
Susu Kental Manis Putih,Produk Olahan Susu,Kaleng,Chiller,1,460,,13.0,Fresh
Susu UHT Vanila,produk olahan susu,Karton,Chiller,1,114,4,-3.0,Expired
Teh Botol,Produk Minuman,Botol,Outside,1,144,6,-3.0,Expired
Sereal Granola,Produk Kering,Karton,Outside,1,330,27,3.0,
Teh Lemon,Produk Minuman,Karton,Outside,1,69,4,-3.0,Expired
Jus Jeruk,Produk Minuman,Karton,Chiller,1,113,4,1.0,Soon
Sarden Minyak Zaitun,Produk Kaleng,Kaleng,Suhu Ruangan,0,80,0,80.0,Fresh
Biskuit Digestive,Produk Kering,Plastik,Outside,1,20,15,-1.0,Expired
Air Soda,Produk Minuman,Plastik,Outside,1,116,1,0.0,Expired
Kornet Ayam,Produk Kaleng,,Outside,0,466,0,466.0,Fresh
Jus Anggur,Produk Minuman,Botol Kaca,kulkas,no,132,0,132.0,Fresh
Minuman Energi,Produk Minuman,Kaleng,OUTSIDE,1,270,2,-1.0,Expired
Susu UHT Stroberi,Produk Olahan Susu,Tetrapak,Refrigerator,1,236,6,-5.0,Expired
Biskuit Marie,,Plastik,Outside,1,15,6,1.0,Soon
Yogurt Blueberry,Produk Olahan Susu,Plastik,Chiller,0,7,0 days,7.0,Soon
Yogurt Plain,Produk Olahan Susu,Plastik,Chiller,0,6,,6.0,Soon
Susu UHT Stroberi,Produk Olahan Susu,Karton,Kulkas,0,140,0,140.0,Fresh
Teh Botol,Produk Minuman,Botol Kaca,,0,55,0,55.0,Fresh
Cola Original,Produk Minuman,Kaleng,outside,0,64,0,64.0,Fresh
	Jus Jambu,Produk Minuman,Karton,Chiller,0,60 hari,0,60.0,Fresh
Susu UHT Vanila,Produk Olahan Susu,,Chiller,1,181 hari,6,-5.0,Expired
Susu Bubuk Skim,Produk Olahan Susu,,Outside,1,354 hari,20 days,10.0,Fresh
 Ikan Tuna,Produk Kaleng,Kaleng,Outside,0,260,0,260.0,Fresh
Sereal Granola,Produk Kering,Karton,Outside,0,258 hari,0,258.0,Fresh
Yogurt Kefir,dairy,Botol Kaca,Chiller,1,4,5,-2.0,Expired
Biskuit Marie,Produk Kering,Plastik,Outside,0,114,0,114.0,Fresh
Cola Zero Sugar,Produk Minuman,Kaleng,Outside,1,325,3,-2.0,Expired
Sereal Coklat,Produk Kering,Karton,Outside,1,214,22,-1.0,Expired
Susu UHT Full Cream,Prod. Susu,Karton,chiller,1,81,8,-1.0,EXPIRED
Buah Cocktail,Produk Kaleng,Kaleng,Outside,0,103,0,103.0,Fresh
Keju Cheddar,Produk Olahan Susu,Plastik,Chiller,0,69,0,69.0,Fresh
Yogurt Kefir,Produk Olahan Susu,Botol Kaca,refrigerator,1,12,2,1.0,
Sosis Frozen,Produk Protein,Plastik,Freezer,0,166,0,166.0,Fresh
Buah Cocktail,Produk Kaleng,Kaleng,Outside,0,604,0,604.0,
Minuman Energi,Minuman,Kaleng,Outside,0,129,0,129.0,Fresh
Biskuit Digestive,Produk Kering,Plastik,Outside,1,362,6,8.0,Segar
Susu UHT Coklat,Produk Olahan Susu,Karton,Dingin,0,137,0,137.0,Fresh
Rambutan Kaleng,Canned,Kaleng,Outside,0,408,0,408.0,Fresh
	Keju Parmesan,Produk Olahan Susu,,Chiller,1,149,18,12.0,Fresh
Susu Kental Manis Coklat,Produk Olahan Susu,Kaleng,Chiller,0,509,0,509.0,Fresh
Susu Bubuk Full Cream,,Karton,Outside,0,30,0,30.0,Fresh
Biskuit Sandwich,Produk Kering,Plastik,Outside,1,155,10,-5.0,Expired
Jagung Manis Kaleng,Produk Kaleng,Kaleng,Chiller,1,262,2,1.0,Hampir
Kornet Sapi,Produk Kaleng,Kaleng,Outside,1,,5,-2.0,Expired
Keju Edam,Produk Olahan Susu,Plastik,Chiller,1,166,2,19.0,Fresh
