item_name,item_type,storage_location,days_since_purchase,sisa_hari,label
Jahe,Root Vegetable,Freezer,14,76.0,Fresh
jahe,Root Vegetable,freezer,102 hari,-12.0,Expired
Seledri,,Outside,9999,2.0,Soon
  Pisang  ,Tropical Fruit,Freezer,23,7.0,Fresh
Cabai Merah,Chili Pepper,,1,4.0,Fresh
Tomat,Tropical Fruit,Chiller,4,10.0,Fresh
Bawang Putih,,Chiller,25,65.0,Fresh
Sawi,Leafy Vegetable,Chiller,2,3.0,Soon
Stroberi,Berry,Freezer,10,20.0,Fresh
Melon,Tropical Fruit,,5,0.0,Expired
Semangka,Tropical Fruit,Chiller,13,-3.0,Expired
 Blueberry,Berry,Chiller,9,-2.0,Expired
Jahe,Root Vegetable,Outside,9999,10.0,Fresh
Singkong,Root Vegetable,Chiller,6,1.0,Soon
Pisang,Tropical Fruit,Chiller,6,-1.0,Expired
Cabai Merah,Chili Pepper,refrigerator,6,8.0,Fresh
Bayam,Leafy Vegetable,Chiller,3,2.0,Soon
Pisang,Tropical Fruit,Outside,3,0.0,Expired
Pakcoy,Leafy Vegetable,Outside,1,0.0,Expired
Seledri,Leafy Vegetable,Freezer,27,-6.0,Expired
bawang putih,,Outside,20,25.0,Fresh
Pepaya,Tropical Fruit,Outside,3,1.0,Soon
Nanas,Buah Tropis,refrigerator,3,4.0,Fresh
Jeruk Nipis,Citric Fruit,Chiller,8,6.0,Fresh
Ubi Jalar,Root Vegetable,Outside,6,8.0,Fresh
Jeruk Bali,Citric Fruit,fridge,15,15.0,Fresh
Kangkung,Leafy Vegetable,Chiller,3,1.0,Soon
Singkong,Root Vegetable,Chiller,3,4.0,Fresh
 Kiwi,Temperate Fruit,Chiller,14,0.0,Expired
Seledri,,Freezer,25,-4.0,
Kunyit,Root Vegetable,Chiller,19,11.0,Fresh
	Pisang,Tropical Fruit,Freezer,9999,19.0,Fresh
Kunyit,,Freezer,15,75.0,Fresh
Cabai Merah,,Outside,4,1.0,Soon
Jeruk,Citric Fruit,Freezer,15,45.0,OK
Nanas,Tropical Fruit,Freezer,8,22.0,Fresh
Paprika,Chili Pepper,Chiller,9,5.0,Fresh
Selada,Leafy Vegetable,Chiller,0,7.0,Fresh
Pear,Temperate Fruit,Freezer,75,-15.0,Expired
Bawang Putih,Root Vegetable,Chiller,91,-1.0,Expired
Bawang Merah,Akar-akaran,Freezer,163,17.0,Fresh
Kentang,Root Vegetable,room temp,1,13.0,Fresh
Apel,Temperate Fruit,Freezer,-5,30.0,Fresh
Raspberry,Berry,Chiller,1,4.0,Fresh
Wortel,Root Vegetable,Freezer,47,43.0,Fresh
Selada,Leafy Vegetable,Outside,0,2.0,Soon
Singkong,Root Vegetable,Freezer,1,29.0,fresh
Lemon,Citric Fruit,,67,-7.0,Expired
Anggur,Temperate Fruit,Chiller,9,-2.0,Expired
Apel,Temperate Fruit,,15,6.0,Fresh
Pakcoy,Leafy Vegetable,Outside,1,0.0,Expired
Jeruk Nipis,Citric Fruit,Chiller,12,2.0,Soon
Bayam,,Outside,0,1.0,SOON
Cabai Rawit,Chili Pepper,Chiller,7,3.0,warning
Tomat,Tropical Fruit,Freezer,47,13.0,Fresh
Pepaya,Tropical Fruit,fridge,7,0.0,Expired
Lemon,CITRIC,Outside,2,5.0,Fresh
Paprika,,Outside,2,3.0,Soon
Nanas,Tropical Fruit,Outside,3,9999.0,Soon
Pakcoy,Leafy Vegetable,freezer,27,-6.0,Expired
Tomat,Tropical Fruit,Freezer,5,55.0,Fresh
Bawang Putih,Root Vegetable,Outside,14,31.0,FRESH
Tomat,Tropical Fruit,Chiller,4,10.0,segar
Jeruk Nipis,Citric Fruit,Outside,6,1.0,Soon
Brokoli,Leafy Vegetable,Chiller,5,5.0,Fresh
Brokoli,Leafy Vegetable,chiller,7,3.0,Soon
Selada,Leafy Vegetable,Outside,1,1.0,Soon
Mangga,Tropical Fruit,Outside,1,4.0,Fresh
Jeruk Bali,citrus fruit,Outside,13,1.0,Soon
Blueberry,Berry,,0,7.0,Fresh
Stroberi,Berries,Outside,1 hari,1.0,Soon
Sawi,Leafy Vegetable,Freezer,6,24.0,Fresh
Apel,Temperate Fruit,Chiller,4,17.0,Fresh
Kentang,Root Vegetable,Outside,9,5.0,FRESH
Brokoli,Leafy Vegetable,Outside,0,2.0,Soon
Anggur,Temperate Fruit,Outside,1,2.0,Soon
Pepaya,Tropical Fruit,refrigerator,0 hari,7.0,Segar
Cabai Merah,Chili Pepper,Outside,4,,warning
Cabai Merah,Chili Pepper,Kulkas,9,5.0,Fresh
Pakcoy,Leafy Vegetable,Outside,1 hari,0.0,Expired
Tomat,Tropical Fruit,Freezer,29,31.0,Fresh
Selada,Leafy Vegetable,Freezer,20,10.0,Fresh
Mangga,tropical fruit,Freezer,18,12.0,Fresh
Pakcoy,Leafy Vegetable,Chiller,4,1.0,Soon
	Lemon,Citric Fruit,Chiller,14,7.0,Fresh
Tomat,Tropical Fruit,,1,13.0,Fresh
Cabai Merah,Chili Pepper,,17,-3.0,Expired
Lemon,Citric Fruit,Chiller,11 hari,10.0,Fresh
Cabai Rawit,chili pepper,Chiller,9,1.0,Soon
Tomat,Tropical Fruit,Freezer,56,4.0,Fresh
Nanas,Tropical Fruit,Chiller,9,-2.0,Expired
Jahe,Root Vegetable,Freezer,82,8.0,Fresh
Wortel,Root Vegetable,Freezer,101,-11.0,
Mangga,Tropical Fruit,Outside,2,3.0,Soon
Mangga,Tropical Fruit,Chiller,5,2.0,Soon
Anggur,Temperate Fruit,Freezer,3,27.0,Fresh
	Ubi Jalar,ROOT VEG,Chiller,35,-5.0,Expired
Anggur,Temperate Fruit,outside,0,3.0,Soon
Alpukat,Buah Tropis,Chiller,7,0.0,
Kangkung,Leafy Vegetable,Refrigerator,1,3.0,Soon
Raspberry,Berry,Chiller,5 hari,0.0,Expired
Singkong,root vegetable,Outside,2,1.0,Soon
Raspberry,Berry,Outside,2,0.0,Basi
Pear,,Outside,0,5.0,Fresh
Brokoli,Leafy Vegetable,Freezer,10 hari,20.0,segar
Kol,Leafy Vegetable,Outside,3,0.0,Expired
Kiwi,Temperate Fruit,Outside,5,0.0,Expired
Raspberry,Berry,Outside,-1,1.0,Soon
Seledri,Leafy Vegetable,Outside,0,2.0,Soon
Jeruk Nipis,Citric Fruit,Outside,1,-999.0,Fresh
kiwi,Temperate Fruit,Outside,4,1.0,Soon
Pisang,Tropical Fruit,Freezer,3,27.0,Fresh
Jahe,,Outside,10,4.0,Fresh
Kiwi,Temperate Fruit,Outside,2,3.0,Soon
Lemon,citrus fruit,Freezer,41,19.0,Fresh
Sawi,Daun-daunan,Outside,1,0.0,Expired
Bawang Putih,Root Vegetable,Outside,11,34.0,Segar
Jeruk,Citric Fruit,Freezer,44,16.0,Fresh
lemon,Citric Fruit,Outside,2,5.0,Fresh
Bayam,Leafy Vegetable,Chiller,1,4.0,Fresh
Lemon,Citric Fruit,Freezer,58,2.0,SOON
Selada,Leafy Veg,Outside,1 hari,1.0,Soon
Tomat,Tropical Fruit,Chiller,17,-3.0,Expired
Kiwi,Temperate Fruit,Chiller,8,6.0,Fresh
Ubi Jalar,Root Vegetable,Chiller,25,5.0,Fresh
Melon,Tropical Fruit,Outside,1,4.0,
Bawang Putih,Root Vegetable,Outside,6,39.0,Fresh
Lemon,Citric Fruit,Outside,,4.0,Fresh
Tomat,Tropical Fruit,Outside,6,,Expired
Tomat,Tropical Fruit,Outside,1,4.0,Fresh
Seledri,Leafy Vegetable,Freezer,16,5.0,Fresh
Sawi,Leafy Vegetable,Outside,1,0.0,Expired
Alpukat,Tropical Fruit,Freezer,3,27.0,Fresh
Nanas,Tropical Fruit,Freezer,0,30.0,Fresh
Bawang Putih,Root Vegetable,Freezer,127,53.0,Fresh
Mangga,Tropical Fruit,beku,8,22.0,Fresh
Lemon,Citric Fruit,,0,7.0,Fresh
Pisang,Tropical Fruit,Outside,0,3.0,Soon
Kentang,Root Vegetable,Chiller,2,28.0,Fresh
Kangkung,Leafy Vegetable,Freezer,2,28.0,Fresh
Jeruk Nipis,Citrus,Chiller,11,3.0,
Anggur,Temperate Fruit,Freezer,23,7.0,Fresh
Bawang Merah,Root Vegetable,Freezer,90,90.0,Fresh
Jeruk,Citric Fruit,Freezer,,9.0,segar
Cabai Merah,Chili Pepper,Outside,3,2.0,
Singkong,Root Vegetable,Freezer,9,21.0,Fresh
Raspberry,Berry,Freezer,22,-1.0,Expired
Stroberi,BERRY,Outside,2 hari,0.0,Expired
Singkong,,Outside,2,,warning
Apel,Temperate Fruit,Chiller,17,4.0,Fresh
Singkong,Root Vegetable,Outside,1,2.0,soon
Singkong,Root Vegetable,Freezer,28,2.0,Soon
Stroberi,Berry,Chiller,2,3.0,Soon
Bawang Putih,Root Vegetable,Outside,45,0.0,Expired
Paprika,Chili Pepper,Outside,6,-1.0,Expired
Bayam,Leafy Vegetable,Outside,0,1.0,Soon
Stroberi,Berry,Beku,0,9999.0,Fresh
Singkong,Root Vegetable,Chiller,8,-1.0,Expired
Sawi,Leafy Vegetable,Outside,1,0.0,Expired
Bawang Merah ,ROOT VEG,Outside,19,11.0,Fresh
Ubi Jalar,Root Vegetable,Freezer,5,85.0,Fresh
Tomat,Tropical Fruit,Outside,1,4.0,Fresh
  Pear  ,,Outside,6,-1.0,Expired
Blueberry,Berry,Outside,1,1.0,Soon
Pepaya,Tropical Fruit,Refrigerator,2,5.0,Fresh
Pear,Temperate Fruit,Chiller,3,11.0,Fresh
Semangka,Tropical Fruit,Outside,5,2.0,Soon
Seledri,Leafy Vegetable,Chiller,9,-2.0,Expired
Apel,Temperate Fruit,Freezer,86,4.0,Fresh
Pepaya,Tropical Fruit,Freezer,17,13.0,Fresh
Cabai Merah,,Chiller,0,14.0,Fresh
Blueberry,Berry,Chiller,5,2.0,Hampir
Mangga,Tropical Fruit,Chiller,4,,Soon
Kunyit,Root Vegetable,Freezer,41,49.0,Fresh
Pear,Temperate Fruit,Outside,0,5.0,OK
Ubi Jalar,Root Vegetable,Outside,10,4.0,Fresh
Pisang,Tropical Fruit,Freezer,8,22.0,Fresh
Kunyit,Root Vegetable,Kulkas,21,9.0,fresh
Alpukat,Tropis,Chiller,6,1.0,Soon
Apel,Temperate,Outside,1,-50.0,Fresh
Paprika,Chili Pepper,Outside,3,,Soon
	Bawang Merah,Root Veg,Chiller,2,58.0,Fresh
Jahe,,Outside,13,1.0,Soon
Bawang Putih,Root Vegetable,Outside,27,18.0,Fresh
Cabai Rawit,Chili Pepper,Chiller,1,,FRESH
Melon,Tropical Fruit,CHILLER,3,4.0,Fresh
Bayam,Leafy Vegetable,Beku,20,10.0,Fresh
Semangka,Tropis,Outside,7,0.0,Expired
Alpukat,Tropical Fruit,Outside,2,1.0,Soon
Selada,Leafy Vegetable,Freezer,5,25.0,Segar
Kangkung,leafy vegetable,Chiller,3,1.0,Soon
jeruk nipis,Citrus,Chiller,17,-3.0,
 Blueberry,Berry,Outside,0,2.0,Soon
Raspberry,berrys,Freezer,19,9999.0,Soon
Jeruk,Citric Fruit,,9,-2.0,Expired
Jeruk Bali,Buah Citrus,Freezer,15,45.0,Fresh
Pear,Temperate Fruit,Chiller,,8.0,Fresh
Lemon,citrus fruit,Luar,3,4.0,Segar
Singkong,Root Vegetable,Outside,1,2.0,Soon
Kangkung,,Freezer,7,23.0,
Paprika,Chili Pepper,FREEZER,57,,Soon
Kiwi,Temperate Fruit,beku,28,32.0,Fresh
SELADA,Leafy Vegetable,Freezer,,15.0,Fresh
Ubi Jalar,Root Vegetable,,12,,Soon
Wortel,ROOT VEG,freezer,58,32.0,Fresh
Jeruk Bali,Citric Fruit,,15,15.0,Fresh
Jeruk Bali,Citrus,Freezer,65,-5.0,Basi
Brokoli,Leafy Vegetable,Outside,1,1.0,Soon
Raspberry,Berry,Outside,2,0.0,Expired
Brokoli,Leafy Vegetable,Freezer,35,-5.0,Expired
	Bawang Putih,Root Vegetable,Outside,17,,OK
Kentang,Root Vegetable,Chiller,20,10.0,Fresh
Kol,Leafy Vegetable,Freezer,30,0.0,Expired
Kunyit,Root Vegetable,Chiller,38,-8.0,Expired
Bawang Putih,,Outside,15,30.0,Fresh
Bawang Merah,Root Vegetable,Outside,16,14.0,Fresh
Pisang,,frzer,22,8.0,Fresh
Raspberry,Berry,Outside,2,0.0,Expired
Melon,Tropical Fruit,Outside,3,,Soon
Jeruk,Citric Fruit,Outside,7,0.0,Expired
Alpukat,Tropical Fruit,Chiller,4,3.0,Soon
Sawi,,Outside,0,1.0,Soon
Blueberry,Berry,Outside,2,0.0,Expired
Jeruk Bali ,Citric Fruit,Chiller,14,16.0,Fresh
Bawang Merah,Root Vegetable,Outside,8,22.0,Fresh
Alpukat,Tropical Fruit,Refrigerator,1,6.0,Fresh
  Ubi Jalar  ,Root Vegetable,Chiller,18,12.0,Fresh
Ubi Jalar,Root Vegetable,Outside,0,14.0,Fresh
Pepaya,Tropical Fruit,Outside,3,-50.0,Soon
Kiwi,,Outside,5,-999.0,Expired
Seledri,Leafy Vegetable,Outside,0,2.0,Soon
Kiwi,Temperate Fruit,Outside,1,,Fresh
Paprika,Chili Pepper,Outside,1,4.0,Fresh
BAWANG PUTIH,Root Vegetable,Chiller,75,15.0,Fresh
Blueberry,Berry,Room Temp,0,2.0,Soon
Seledri,Leafy Vegetable,Freezer,26,-5.0,Expired
Kol,Leafy Vegetable,Outside,3,0.0,Expired
SAWI,Leafy Vegetable,Chiller,2,3.0,Soon
Ubi Jalar,Root Vegetable,Freezer,27,63.0,Fresh
Cabai Rawit,Chili Pepper,Outside,2,9999.0,Soon
Melon,Tropical Fruit,Outside,0,5.0,Fresh
Raspberry,Berry,Freezer,23,-2.0,Expired
Cabai Merah,Chili Pepper,Outside,1,4.0,Fresh
Blueberry,Berry,outside,1,1.0,Soon
Lemon,Citric Fruit,,26,-5.0,Expired
Seledri,Leafy Vegetable,Freezer,14,7.0,Fresh
Singkong,Sayur Akar,Outside,0,3.0,Soon
Apel,Temperate Fruit,FREEZER,27,63.0,Fresh
 Tomat,Tropical Fruit,Outside,3,2.0,Soon
Jahe,Root Vegetable,Outside,2,12.0,Fresh
Wortel,Root Vegetable,Outside,5,0.0,Expired
Jeruk,Citric Fruit,Outside,9,-2.0,Expired
Lemon,Citric Fruit,Outside,4,3.0,SOON
Bayam,leafy vegetable,Outside,0 hari,1.0,Soon
Nanas,Tropical Fruit,Chiller,2,5.0,Fresh
Kentang,Root Vegetable,Outside,14,0.0,Expired
Kangkung,Leafy Vegetable,Outside,1,0.0,Expired
Cabai Rawit,Chili Pepper,Outside,3,1.0,Soon
Pakcoy,Leafy Vegetable,Outside,0,1.0,Warning
Jahe,Root Vegetable,Freezer,5,85.0,FRESH
Cabai Rawit,,Kulkas,7,3.0,Soon
Jahe,Root Vegetable,fridge,28,2.0,SOON
Pisang,tropical fruit,Freezer,31 hari,-1.0,Expired
Kentang,Root Vegetable,Outside,17,-3.0,Expired
Pakcoy,Leafy Vegetable,Chiller,4,1.0,Soon
Cabai Rawit,Chili Pepper,OUTSIDE,0,4.0,Fresh
Anggur,Temperate Fruit,Chiller,4,3.0,Soon
Stroberi,Berry,Chiller,5,0.0,Expired
Cabai Rawit,Cabe,Outside,0,4.0,Fresh
Alpukat,Tropis,Chiller,,2.0,Segera
Cabai Merah,Chili Pepper,Chiller,11,3.0,Soon
Tomat,Tropical Fruit,Freezer,31,29.0,Fresh
Kentang,Root Vegetable,outside,2,12.0,Fresh
 Kunyit,Root Vegetable,Outside,0,14.0,Fresh
Brokoli,Leafy Vegetable,Chiller,4,6.0,Fresh
Raspberry,Berry,Freezer,4,17.0,Fresh
Bayam,Leafy Vegetable,Chiller,0,5.0,fresh
Pear,Temperate Fruit,Freezer,57,3.0,Soon
Tomat,Tropical Fruit,Chiller,16,-2.0,Expired
Mangga,Tropical Fruit,Outside,0,5.0,Fresh
Wortel,Root Vegetable,Kulkas,3,18.0,Fresh
 Bawang Merah,Root Vegetable,Chiller,78,-18.0,Expired
Ubi Jalar,Root Vegetable,Freezer,47,43.0,Fresh
Jeruk Bali,Citric Fruit,Freezer,29,31.0,Fresh
Selada,Leafy Vegetable,,5,2.0,Soon
Pisang,Tropical Fruit,Outside,1,2.0,Soon
Anggur,Buah Sedang,Freezer,22,8.0,Fresh
SELADA,Leafy Veg,Freezer,20,10.0,Fresh
Stroberi,Berry,Freeze,9,21.0,Fresh
Kol,Leafy Vegetable,Chiller,17,-3.0,Expired
Pakcoy,Leafy Vegetable,Chiller,1,4.0,FRESH
Brokoli,Leafy Vegetable,Chiller,6,4.0,OK
Jeruk Bali,Citric Fruit,Chiller,14,16.0,Fresh
Jahe,Root Vegetable,Outside,0,14.0,
Stroberi,Berry,Outside,1,1.0,Soon
Ubi Jalar,Root Vegetable,Chiller,36,-6.0,Expired
Singkong,Root Vegetable,Outside,2,1.0,Soon
Pakcoy,Leafy Vegetable,Outside,0,1.0,Soon
Pakcoy,Leafy Vegetable,Outside,1000,0.0,Expired
Pisang,Tropical Fruit,Outside,2,1.0,Soon
Mangga,Tropical Fruit,Freezer,27,3.0,Soon
Apel,,Freezer,115,-25.0,Expired
Pakcoy,Leafy Vegetable,Outside,0,1.0,SOON
Paprika,,Outside,2,3.0,Segera
Lemon,,Chiller,3,18.0,Fresh
Kentang,Root Vegetable,Chiller,0,30.0,Fresh
Cabai Rawit,Chili Pepper,Outside,3 hari,1.0,Soon
Raspberry,Berry,Chiller,1,4.0,Fresh
Apel ,Temperate Fruit,Freezer,51,39.0,Fresh
Apel,Temperate Fruit,Chiller,0,,Fresh
Brokoli,leafy vegetable,Outside,2,0.0,Kadaluarsa
Jeruk,Citric Fruit,Chiller,12,9.0,Fresh
Mangga,,Freezer,5,25.0,Fresh
Kangkung,Leafy Vegetable,Outside,0,1.0,Soon
Lemon,Citric Fruit,Freezer,59,1.0,Soon
Kangkung,Leafy Vegetable,Freezer,24,6.0,Fresh
Semangka,Tropical Fruit,Chiller,13,-3.0,Expired
Bawang Merah,Root Vegetable,Freezer,93,87.0,Fresh
Semangka,,Freezer,21,9.0,Fresh
Nanas,Tropical Fruit,Outside,-1,2.0,Soon
 Kentang,Root Vegetable,Outside,17,,Expired
seledri,Leafy Vegetable,Kulkas,1,6.0,Fresh
	Tomat,,Freezer,28,32.0,
Kangkung,Leafy Vegetable,Outside,0,1.0,Soon
Pepaya,,Freezer,13,,Fresh
Bawang Putih,Root Vegetable,Freezer,54,126.0,Fresh
Jeruk Nipis,,Chiller,9,5.0,Fresh
Blueberry,Berry,Chiller,7,0.0,Expired
Apel,Temperate Fruit,Outside,6,1.0,Soon
Jeruk Nipis,Citric Fruit,Chiller,10,4.0,Fresh
Selada,Leafy Vegetable,Chiller,5,2.0,Soon
Nanas,Tropical Fruit,Outside,5,0.0,Expired
Seledri,Leafy Vegetable,chiller,1,6.0,
Raspberry,Berry,,1,1.0,Soon
Selada,Leafy Vegetable,Freezer,8,22.0,Fresh
Jeruk Bali,Citric Fruit,Chiller,10,20.0,Fresh
Singkong,Sayur Akar,Chiller,0,7.0,Fresh
Tomat,Tropical Fruit,Luar,1,4.0,Fresh
Pakcoy,Leafy Vegetable,Outside,0 hari,1.0,Soon
Lemon,Citric Fruit,Outside,4,3.0,Soon
Apel,Temperate Fruit,Chiller,21,,Expired
Jeruk Bali,Citric Fruit,Freezer,46,,Segar
Cabai Merah,Chili Pepper,Freezer,55,5.0,Fresh
Jahe,Root Vegetable,Outside,7,7.0,Fresh
Pisang,Tropical Fruit,Luar,,2.0,Warning
Kunyit,Root Vegetable,Chiller,15,15.0,Fresh
Jeruk Nipis,Citric Fruit,,21,39.0,Fresh
Mangga,tropical,Freezer,9 hari,21.0,Fresh
Semangka,,Freezer,31,-1.0,Expired
Blueberry,Berry,refrigerator,6,1.0,Soon
	Paprika,Chili Pepper,Chiller,7,7.0,
Semangka,Tropical Fruit,fridge,9,1.0,Soon
Pisang,,Freezer,5,25.0,
Pear,Temperate Fruit,Chiller,9,5.0,Fresh
KENTANG,Root Vegetable,Chiller,10,20.0,Fresh
Kunyit,Root Vegetable,,93,-3.0,Expired
Seledri,Sayur Daun,Outside,1,1.0,
ubi jalar,Root Vegetable,Outside,3,11.0,Fresh
Jeruk Bali,Citric Fruit,Freezer,55,,
Pear,Temperate Fruit,Freezer,34,26.0,Fresh
Kol,Leafy Vegetable,Outside,0,3.0,Soon
Kangkung,Leafy Vegetable,Chiller,1,3.0,SOON
Nanas,Tropical Fruit,Outside,4,1.0,Soon
	Wortel,Root Vegetable,,101,-11.0,Expired
Pisang,Tropical Fruit,Outside,1,2.0,Soon
  Anggur  ,,Chiller,6,1.0,Soon
Seledri,Leafy Vegetable,Freezer,25,-4.0,Expired
Alpukat,Tropical Fruit,Room Temp,1,2.0,Soon
Pepaya,Tropical Fruit,Outside,2,2.0,Soon
Jeruk Bali,Citric Fruit,Chiller,37,-7.0,Expired
Stroberi,BERRY,Freezer,25,5.0,Fresh
Pepaya,Tropical Fruit,,2,5.0,Fresh
Jeruk Nipis,citric fruit,Chiller,6,8.0,Fresh
Jeruk,Citric Fruit,Chiller,25,-4.0,Expired
Melon,Tropical Fruit,Freezer,11,19.0,Fresh
Pisang,Tropical Fruit,Chiller,6,-1.0,Expired
Melon,Tropical Fruit,frozen,,22.0,Fresh
Anggur,Temperate Fruit,Outside,3,0.0,
Bayam,Leafy Vegetable,Chiller,2,3.0,Soon
  Raspberry  ,Berry,Freezer,9,12.0,Fresh
Jeruk Bali,Citric Fruit,Freezer,5,55.0,Fresh
Bawang Merah,ROOT VEG,Freezer,130,50.0,Fresh
Ubi Jalar,Root Vegetable,Room Temp,11,3.0,
Tomat,Tropical Fruit,Chiller,18,-4.0,Expired
Kiwi,Temperate Fruit,Outside,2,3.0,Soon
Blueberry,Berry,Freezer,19,11.0,Fresh
Jeruk Bali,citrus fruit,Chiller,21,9.0,Fresh
Jeruk,Citric Fruit,Outside,5,2.0,Soon
Pepaya,Tropical Fruit,Chiller,5,2.0,Soon
Bawang Putih,Root Vegetable,FREEZER,64,116.0,Fresh
Cabai Rawit,Chili Pepper,Outside,0,4.0,Fresh
Alpukat,Tropical Fruit,Chiller,,7.0,Fresh
Apel,Temperate Fruit,Chiller,15 hari,,Fresh
Pakcoy,,Outside,0,1.0,soon
Bawang Putih,Root Vegetable,beku,18,162.0,Fresh
Cabai Rawit,Chili Pepper,frzer,52,8.0,Fresh
Pepaya,Tropical Fruit,,3,1.0,Soon
Seledri,Leafy Vegetable,Freezer,6,15.0,ok
Apel,Temperate Fruit,Outside,6,1.0,Soon
Pear,Temperate Fruit,Freezer,35,25.0,Fresh
Jeruk,Citric Fruit,Freezer,34,,Fresh
Melon,Tropical Fruit,Freezer,30,0.0,Expired
Pear,Temperate Fruit,Freezer,62,-2.0,Expired
Pear,Temperate Fruit,Outside,6,-1.0,Expired
Semangka,Tropical Fruit,FREEZER,34,-4.0,Expired
Kol,Leafy Vegetable,Freezer,27,3.0,Soon
Raspberry,Berry,Outside,1,1.0,Soon
Stroberi,Berry,Chiller,4,1.0,SOON
Kangkung,Leafy Vegetable,Chiller,,1.0,Soon
Brokoli,Sayur Daun,Chiller,9,1.0,Soon
Singkong,Root Vegetable,Freezer,15,15.0,Fresh
Pepaya,Tropical Fruit,Outside,2,2.0,Soon
Anggur,Temperate Fruit,Freezer,5,25.0,Fresh
Apel,Temperate Fruit,Chiller,25,-50.0,Expired
Bayam,Leafy Vegetable,Outside,0,1.0,Soon
Pakcoy,Leafy Vegetable,Outside,0,1.0,Soon
Melon,Tropical Fruit,Outside,0,5.0,Fresh
  Cabai Rawit  ,Chili Pepper,Outside,3,1.0,Soon
Raspberry,Berry,Chiller,2,3.0,Soon
Cabai Merah,Chili Pepper,Chiller,3,11.0,Fresh
Bawang Putih,root vegetable,Chiller,48,42.0,segar
Kunyit,,Chiller,14,16.0,Fresh
Pepaya,Tropical Fruit,Outside,2,2.0,Soon
Raspberry,Berry,refrigerator,2,3.0,Soon
Jeruk,Citric Fruit,Freezer,50,10.0,Fresh
Bawang Merah,Root Vegetable,refrigerator,,-10.0,Expired
Selada,Leafy Vegetable,Chiller,1,6.0,Fresh
Cabai Merah,Chili Pepper,Outside,4,1.0,Soon
Wortel,Root Vegetable,Freezer,47,,Fresh
Melon ,Tropical Fruit,Outside,4,1.0,Soon
Pepaya,Tropical Fruit,beku,39,-9.0,Expired
Paprika,Chili Pepper,Chiller,14,0.0,Expired
Paprika,CHILI,Chiller,,1.0,Soon
singkong,Root Vegetable,Outside,3,0.0,Expired
Brokoli,Leafy Vegetable,Chiller,10,0.0,Basi
Jahe,root vegetable,Outside,3,11.0,Fresh
Jeruk Bali,Citric Fruit,Chiller,31,-1.0,Expired
Bayam,Leafy Vegetable,Freezer,,27.0,Fresh
Apel,Temperate Fruit,Freezer,43,47.0,Fresh
Stroberi,berrys,Chiller,3,2.0,Soon
Cabai Merah,chili,Chiller,8,6.0,Fresh
Kol,Sayur Daun,Freezer,-1,5.0,OK
Kunyit,Root Vegetable,Outside,5,9.0,FRESH
Melon,Buah Tropis,Freezer,17,13.0,Fresh
Jahe,Root Vegetable,,6,24.0,Fresh
Jahe,Root Vegetable,Outside,3,11.0,Fresh
Jeruk,citric fruit,Kulkas,-5,9.0,FRESH
Lemon,Citric Fruit,Freezer,44,16.0,Fresh
Bawang Merah,Root Vegetable,,14,16.0,Fresh
Nanas,Tropical Fruit,Freezer,11,19.0,Fresh
Pisang,Tropical Fruit,Freezer,39,-9.0,Expired
pear,Temperate Fruit,Outside,6,-1.0,Expired
Raspberry,Berry,Freezer,2,,Fresh
Bayam,Leafy Vegetable,Chiller,6,-1.0,Expired
Singkong,,Outside,3,0.0,Expired
Melon,Tropical Fruit,Room Temp,4,1.0,Soon
Cabai Rawit,Chili Pepper,Chiller,10,0.0,Expired
Brokoli,Leafy Vegetable,Chiller,12,-2.0,Expired
Kiwi,Temperate Fruit,Freezer,72,-12.0,Expired
Tomat,Tropical Fruit,Outside,3,2.0,Soon
Pepaya,Tropical Fruit,Outside,3,1.0,Soon
Kangkung,Leafy Vegetable,Outside,1,0.0,Basi
Kunyit,Root Vegetable,Freezer,73,17.0,Fresh
Semangka,Tropical Fruit,Room Temp,9,-2.0,Expired
Tomat,,Chiller,10,4.0,Fresh
Semangka,Tropical Fruit,Chiller,2,8.0,ok
Jahe,Root Vegetable,Chiller,0,30.0,Fresh
Paprika,Chili Pepper,Freezer,49,11.0,Fresh
Pear,Temperate Fruit,Chiller,1,13.0,Fresh
Kentang,Root Vegetable,,40,50.0,Fresh
Nanas,,Outside,2,3.0,Soon
Selada,Leafy Vegetable,Chiller,0,7.0,Fresh
Mangga,Tropical Fruit,Freezer,23,7.0,segar
	Pear,Temperate,Outside,6,-1.0,Expired
Stroberi,,Outside,0,2.0,Soon
Anggur,Temperate Fruit,Freezer,16,14.0,Fresh
Kunyit,,Chiller,18,12.0,Fresh
Stroberi,Berry,Chiller,1,4.0,Fresh
Pakcoy,Leafy Vegetable,Freezer,21,0.0,Expired
Selada,,Chiller,2,5.0,fresh
Jeruk Bali,Citric Fruit,Freezer,32,28.0,Fresh
Blueberry,Berry,Suhu Ruangan,0,2.0,Soon
Tomat,Tropical Fruit,Chiller,16,-2.0,Expired
Wortel,Root Vegetable,Chiller,12,9.0,Fresh
Cabai Merah,Chili Pepper,Chiller,0,14.0,Fresh
Sawi,Leafy Vegetable,freezer,18,12.0,Fresh
Blueberry,,Freezer,20,10.0,
Tomat,Tropical Fruit,Outside,2,3.0,Soon
Jahe,Root Veg,Outside,4,10.0,Fresh
Alpukat,Tropical Fruit,Outside,0,3.0,hampir
Mangga,tropical,Freezer,16,14.0,Fresh
Kunyit,Akar-akaran,Chiller,8,22.0,Fresh
Jeruk Nipis,Citric Fruit,Chiller,2,12.0,Fresh
Anggur,Temperate Fruit,Freezer,16,14.0,Fresh
Nanas,Tropical Fruit,Chiller,1,6.0,Fresh
Cabai Rawit,Chili Pepper,Freezer,34,26.0,Fresh
Semangka,Buah Tropis,Freezer,2,28.0,Fresh
Brokoli,Leafy Vegetable,Outside,0,2.0,Soon
Kiwi,Temperate Fruit,Freezer,0,60.0,Fresh
Sawi,,Outside,1,0.0,Expired
Cabai Rawit,CHILI,Freezer,11,49.0,
Lemon,Citric Fruit,Freezer,65,-5.0,Expired
Mangga,Tropical Fruit,Outside,0,5.0,Fresh
Bayam,Leafy Vegetable,Freezer,3,27.0,segar
Melon,Buah Tropis,Outside,2,3.0,Soon
Kiwi,Temperate Fruit,Freezer,10,50.0,Fresh
Paprika,Chili Pepper,Outside,3,2.0,Soon
Pepaya,Tropical Fruit,Chiller,0,7.0,Fresh
Pisang,Tropical Fruit,,0,5.0,Fresh
Semangka,tropical,Outside,2,5.0,Fresh
Cabai Rawit,Chili Pepper,Outside,4,0.0,Expired
Mangga,Tropical Fruit,Freezer,38,-8.0,Expired
  Pepaya  ,Tropical Fruit,Suhu Ruangan,1,3.0,Soon
Kol,Sayur Daun,freezer,,-7.0,Expired
Kol,Leafy Vegetable,Outside,3,0.0,Expired
  Pisang  ,Tropical Fruit,Outside,3,0.0,Expired
Pisang,Tropical Fruit,Chiller,4,1.0,Soon
Jeruk Nipis,Citric Fruit,Freezer,,0.0,Expired
Raspberry,Berry,Freezer,27,-6.0,EXPIRED
Mangga,Tropical Fruit,Chiller,3,4.0,Fresh
Kol,Leafy Vegetable,Freezer,6,24.0,Fresh
Jeruk Bali,Citric Fruit,Outside,9,5.0,Fresh
Cabai Rawit,Chili Pepper,room temp,2,2.0,Soon
Alpukat ,Tropical Fruit,Outside,3,-999.0,Expired
Jeruk Nipis,Citric Fruit,Freezer,29,31.0,Fresh
Kol,Leafy Vegetable,Outside,1,2.0,Soon
Brokoli,Leafy Vegetable,Outside,-5,2.0,Soon
Kangkung,Leafy Vegetable,Chiller,5,-1.0,Expired
Singkong,,Freezer,2 hari,28.0,Fresh
Singkong,,Outside,9999,2.0,warning
Anggur,Buah Sedang,Freezer,27,3.0,Soon
Jeruk,Citric Fruit,Freezer,70,,Expired
Jeruk Nipis,Citric Fruit,Freezer,62,-2.0,Expired
Kunyit,Root Vegetable,Chiller,3,27.0,Fresh
Lemon,Citric Fruit,Outside,9,-2.0,Expired
Jeruk Nipis,,Chiller,5,9.0,Fresh
	Bawang Putih,Root Veg,Outside,34,11.0,Fresh
Sawi,Leafy Vegetable,Chiller,5,0.0,Expired
Semangka,Tropical Fruit,Chiller,13,-3.0,Expired
Paprika,,Outside,4,9999.0,Soon
Seledri,LEAFY VEGETABLE,Freezer,16 hari,5.0,Fresh
Semangka,Tropical Fruit,Refrigerator,6,,Fresh
Cabai Merah,Chili Pepper,,0,5.0,fresh
Bayam,Sayur Daun,Outside,1,0.0,Expired
Jeruk Bali,Citric Fruit,Outside,18,-4.0,Expired
Melon,Tropical Fruit,Chiller,9,-2.0,Expired
Nanas,,Outside,2,3.0,Soon
Nanas,Tropical Fruit,freezer,35,-5.0,Expired
Jeruk,Citric Fruit,Outside,9,-2.0,Expired
Bawang Merah,Root Vegetable,Room Temp,39,-9.0,Expired
Stroberi,,Freezer,32,-2.0,Expired
Pakcoy,,beku,19,2.0,Soon
Alpukat,Tropical Fruit,Kulkas,3,4.0,Fresh
Kunyit,Root Vegetable,Chiller,32,-2.0,basi
Stroberi,Berry,Outside,2,0.0,Expired
Wortel,Root Vegetable,,16,5.0,Segar
Ubi Jalar,Root Vegetable,Freezer,53,37.0,Fresh
Jeruk Bali,CITRIC,Chiller,24,6.0,Fresh
Selada,Leafy Vegetable,Chiller,5,2.0,Soon
Bawang Merah,Root Vegetable,Freezer,222,-42.0,Expired
Sawi,Leafy Vegetable,Freezer,0,30.0,Fresh
Melon,Tropical Fruit,,4,1.0,Soon
Paprika,Chili Pepper,Chiller,8,6.0,Fresh
Raspberry,Berries,Freezer,16,,Fresh
Kangkung,Leafy Vegetable,Chiller,,2.0,Soon
Semangka,Tropical Fruit,Freezer,17,13.0,Fresh
Bayam,Leafy Vegetable,Freezer,9 hari,21.0,ok
Melon,Tropical Fruit,Chiller,9,-2.0,Expired
Bawang Merah,,Outside,33,-3.0,Expired
Cabai Rawit,Chili Pepper,refrigerator,11,-1.0,Basi
Bayam,Leafy Vegetable,Chiller,2,3.0,Soon
Kentang,Root Vegetable,Outside,18,-4.0,
Semangka,tropical fruit,Kulkas,13,,Expired
Anggur,Temperate Fruit,Freezer,37,-7.0,Expired
Blueberry,Berry,Outside,2,0.0,Expired
Bawang Merah,Root Vegetable,Chiller,71,-11.0,Expired
Selada,Sayur Daun,Chiller,9,-2.0,Expired
Pear,Temperate,Outside,6,-1.0,Expired
MANGGA,Tropical Fruit,Chiller,6,1.0,warning
Kunyit,Root Vegetable,Outside,9 hari,5.0,Fresh
Bawang Putih,Sayur Akar,Outside,30,15.0,Fresh
Pepaya,Tropical Fruit,Freezer,1,29.0,Fresh
Seledri,Leafy Vegetable,kulkas,4,3.0,Soon
Mangga,Tropis,Outside,5,0.0,expired
Bawang Merah,root vegetable,Chiller,11,,Fresh
Pisang,Tropical Fruit,Freezer,28,2.0,Soon
Cabai Rawit,Chili Pepper,Beku,14,46.0,Fresh
Semangka,Tropical Fruit,Outside,8,-1.0,Dead
	Jeruk Bali,Citric Fruit,Freezer,15 hari,45.0,Fresh
Anggur,Temperate Fruit,Freezer,10,20.0,Fresh
Nanas,Buah Tropis,Chiller,4,3.0,Soon
Pisang,Tropical Fruit,Outside,3,0.0,kadaluarsa
Semangka,Tropical Fruit,Freezer,24,6.0,Fresh
Nanas,Tropical Fruit,Outside,0 hari,5.0,Fresh
Jeruk,Citric Fruit,Chiller,19,2.0,Soon
Jahe,Sayur Akar,Freezer,35,55.0,Fresh
Pepaya,Tropical Fruit,Outside,5 hari,-1.0,Expired
Selada,Leafy Vegetable,Chiller,9,-2.0,Expired
Brokoli,,room temp,0,2.0,Soon
Ubi Jalar,Root Vegetable,,16,-2.0,Expired
Bawang Merah,Akar-akaran,Outside,17,13.0,Fresh
Apel,Temperate Fruit,Chiller,22,-1.0,Expired
Kiwi,Temperate Fruit,Freezer,70,-10.0,Expired
Bawang Putih,Root Vegetable,Freezer,205,-25.0,Expired
Kiwi,Temperate Fruit,Chiller,12,2.0,Soon
Seledri,Leafy Vegetable,Outside,0,2.0,Soon
	Stroberi,Beri,Freezer,38,-8.0,Expired
Nanas,Tropical Fruit,,37,-7.0,Expired
Melon,Tropical Fruit,Freezer,11,19.0,Fresh
Jeruk Bali,Citric Fruit,Outside,6,8.0,Fresh
Cabai Merah,Chili Pepper,Chiller,6,8.0,Fresh
Jeruk Nipis,Citric Fruit,Luar,1,6.0,Fresh
Apel,Temperate Fruit,Freezer,81,9.0,Fresh
Jeruk Nipis,Citric Fruit,Chiller,4,10.0,Fresh
Paprika,Chili Pepper,Chiller,5,9.0,OK
Bawang Merah,Root Vegetable,Outside,12,18.0,Fresh
Cabai Merah,Chili Pepper,Freezer,69,-9.0,Expired
Kol,Leafy Vegetable,freezer,25,5.0,Fresh
Wortel,root vegetable,Freezer,74,16.0,Fresh
TOMAT,Tropical Fruit,Chiller,17,-3.0,Expired
Semangka,Tropical Fruit,Freezer,23,7.0,Fresh
Alpukat,Tropical Fruit,Chiller,5 hari,2.0,Warning
Melon,Tropical Fruit,,5,25.0,
Lemon,,beku,38,22.0,Segar
Anggur,Temperate Fruit,fridge,2,5.0,Fresh
Jeruk,Citric Fruit,Chiller,17,4.0,Fresh
Anggur,temperate fruit,Outside,2,,warning
Tomat,Tropis,Outside,3,2.0,Soon
Jeruk Nipis,Citric Fruit,Outside,3,4.0,OK
Pisang,tropical,Outside,3,0.0,Expired
Lemon,Citric Fruit,Chiller,3,18.0,Fresh
Kunyit,,Chiller,,28.0,Fresh
Nanas,Tropical Fruit,Freezer,2 hari,28.0,Fresh
Singkong,Root Vegetable,Freezer,15,15.0,Fresh
Jeruk Nipis,Citric Fruit,Chiller,15,-1.0,Expired
Bayam,Leafy Vegetable,Freezer,19,11.0,FRESH
Singkong,Root Vegetable,Chiller,2,5.0,Fresh
Apel,Temperate Fruit,Outside,9,,Expired
Jahe,Root Vegetable,Freezer,81,9.0,Fresh
Wortel,Root Vegetable,Chiller,1 hari,20.0,Fresh
Kunyit,Root Vegetable,Chiller,33,-3.0,Expired
Kangkung,Leafy Vegetable,Chiller,4,0.0,Expired
Nanas,Tropical Fruit,Freezer,17,13.0,Fresh
Mangga,Tropical Fruit,Room Temp,0,5.0,FRESH
Bawang Putih,Root Vegetable,Chiller,107,-17.0,Expired
Bawang Merah,Root Vegetable,Freezer,153,27.0,Fresh
Pepaya,,Freezer,1 hari,29.0,Fresh
Raspberry,Berry,Freezer,15,6.0,Segar
Kunyit,,Chiller,30,0.0,Expired
Tomat,Tropical Fruit,beku,31,29.0,Fresh
Kol,Leafy Vegetable,Freezer,4,26.0,
Kunyit,Root Vegetable,,2,28.0,Fresh
Stroberi,Berry,Chiller,4,1.0,Soon
Sawi,Leafy Vegetable,Outside,1,0.0,Expired
Pepaya,Tropical Fruit,Chiller,7,0.0,EXPIRED
Pepaya,Tropical Fruit,Outside,3,1.0,Segera
Stroberi,Berry,Outside,1,1.0,Soon
Pakcoy,Leafy Vegetable,Chiller,0,5.0,Fresh
Cabai Rawit,Chili Pepper,Chiller,7,3.0,Soon
Ubi Jalar,Root Vegetable,freezer,82,8.0,Fresh
Tomat,tropical fruit,Chiller,8,6.0,Fresh
Kentang,Root Vegetable,,10,4.0,OK
Bawang Merah,Root Vegetable,Chiller,11,49.0,Fresh
Pear,Temperate Fruit,Freezer,26,34.0,Fresh
Raspberry,Berry,Freezer,16,5.0,Fresh
  Brokoli  ,Leafy Vegetable,,10,,kadaluarsa
Tomat,Tropical Fruit,beku,31,29.0,Fresh
	Jeruk Bali,Citric Fruit,Outside,1,13.0,Fresh
Kentang,Root Vegetable,Freezer,110,-20.0,Expired
Kiwi,Temperate Fruit,Freezer,41,19.0,Fresh
Semangka,Tropical Fruit,Outside,1,6.0,Fresh
Sawi,Leafy Vegetable,Freezer,8,22.0,fresh
KIWI,Temperate Fruit,Outside,6,-1.0,Expired
Jeruk Nipis,Citric Fruit,Outside,8,-1.0,Expired
Mangga,Tropical Fruit,Suhu Ruangan,1,4.0,Fresh
Jeruk Bali,,Freezer,,27.0,Fresh
 Blueberry,Berry,Freezer,5,25.0,Fresh
Lemon,Buah Citrus,Chiller,0,21.0,
Stroberi,berry,Freezer,7,23.0,OK
  Pepaya  ,Tropical Fruit,Chiller,5,2.0,hampir
Semangka,Tropical Fruit,Freezer,17,13.0,Fresh
Cabai Merah,Chili Pepper,Chiller,,10.0,Fresh
Bawang Putih,Sayur Akar,Chiller,26,64.0,Fresh
Bawang Merah,Root Vegetable,Freezer,136,44.0,Fresh
Bayam,Leafy Vegetable,Chiller,6,-1.0,Expired
Bawang Putih,Root Vegetable,Chiller,79,11.0,segar
Kol,Leafy Vegetable,Freezer,6,24.0,Fresh
Pakcoy,Leafy Vegetable,Chiller,2,3.0,Soon
Kangkung,Leafy Vegetable,Outside,0,1.0,Soon
Brokoli,Daun-daunan,Outside,2,0.0,Expired
Selada,Leafy Vegetable,Outside,0,2.0,Soon
Melon,Tropical Fruit,Chiller,7,0.0,Expired
Anggur,,Chiller,0,7.0,Fresh
Raspberry,Berry,Outside,0,2.0,Soon
Apel,TEMPERATE,Chiller,27,-6.0,Expired
Pisang,Tropical Fruit,Chiller,6,-1.0,Expired
Pear,Temperate,Chiller,1,13.0,Fresh
Raspberry,Berry,Chiller,1,4.0,Fresh
Seledri,Leafy Vegetable,frozen,7,14.0,Fresh
Selada,Leafy Vegetable,Chiller,4,3.0,Soon
Cabai Rawit,Chili Pepper,suhu ruangan,5,-1.0,
Paprika,Chili Pepper,Chiller,13,1.0,Soon
Kiwi,Temperate Fruit,Freezer,16,44.0,Fresh
 Ubi Jalar,Root Vegetable,outside,5,9.0,Fresh
Kol,leafy vegetable,Outside,3,0.0,Expired
Bayam,Leafy Vegetable,Freezer,27,3.0,Soon
Pakcoy,Leafy Vegetable,Freezer,8,13.0,Fresh
Pepaya,Tropical Fruit,Freezer,12,18.0,Fresh
Blueberry,Berry,Freezer,34,-4.0,Expired
Raspberry,Berry,beku,,21.0,
Paprika,Chili Pepper,Outside,0 hari,5.0,Fresh
Pear,temperate fruit,Outside,4,1.0,Soon
Seledri,Leafy Vegetable,Chiller,6,1.0,Soon
Tomat,Tropical Fruit,Freezer,8,52.0,Fresh
Semangka,Tropical Fruit,Outside,3,4.0,Fresh
Jeruk Nipis,Citric Fruit,Outside,0,7.0,Fresh
Cabai Merah,Cabai,Chiller,17,-3.0,Expired
Lemon,Citric Fruit,Freezer,65,-5.0,Expired
Paprika,Chili Pepper,Chiller,2,12.0,Fresh
Ubi Jalar,Root Vegetable,Freezer,70,20.0,Fresh
  Semangka  ,tropical,Outside,2,5.0,Fresh
Singkong,Root Vegetable,Outside,1,,
Brokoli,Leafy Vegetable,Chiller,1000,-1.0,Expired
Alpukat,Tropical Fruit,,-1,12.0,Fresh
Alpukat,Tropical Fruit,Suhu Ruangan,0,3.0,Soon
Seledri,Leafy Vegetable,Chiller,2,5.0,Fresh
	Kangkung,Leafy Vegetable,Freezer,14,16.0,Fresh
Kentang,Root Vegetable,Chiller,1000,19.0,Fresh
Selada,Leafy Vegetable,Outside,2,0.0,Expired
Pepaya,Tropical Fruit,Freezer,3,27.0,Fresh
Semangka,Tropical Fruit,Freezer,15 hari,15.0,Fresh
Jeruk,Citric Fruit,Chiller,23,-2.0,Expired
	Jeruk Nipis,Citric Fruit,Chiller,5,9.0,Fresh
Cabai Merah,Chili Pepper,Freezer,49,11.0,Fresh
	Kiwi,Temperate Fruit,Chiller,5,9.0,Fresh
Pisang,Tropical Fruit,Outside,1,2.0,Soon
Nanas,Tropical Fruit,Freezer,36,-6.0,Expired
Melon,Tropical Fruit,Chiller,3,4.0,FRESH
Pakcoy,,Freezer,18,3.0,Soon
Jeruk Bali,Citric Fruit,beku,,26.0,Fresh
 Pear,Temperate Fruit,Chiller,18,-4.0,Expired
Wortel,Root Vegetable,Chiller,2,19.0,Fresh
 Jeruk,Citric Fruit,Freezer,36 hari,24.0,Fresh
Apel,Temperate Fruit,Outside,0,7.0,segar
Kunyit,Root Vegetable,Chiller,0,30.0,Fresh
  Pepaya  ,Tropical Fruit,Freezer,36,-6.0,Expired
Kol,Leafy Vegetable,Outside,1,2.0,Soon
kol,Leafy Vegetable,Chiller,14,0.0,Expired
Semangka,Tropical Fruit,Freezer,14,16.0,Fresh
Jeruk,Citric Fruit,Outside,6,1.0,Hampir
Alpukat,Tropical Fruit,,6,1.0,Soon
Cabai Merah,,Outside,0,5.0,Fresh
Kentang,,,28,2.0,warning
Lemon,Citric Fruit,Chiller,9,12.0,Fresh
Lemon,,Outside,4,3.0,Soon
Paprika,chili,Chiller,10,4.0,Fresh
Blueberry,Berry,Chiller,3,4.0,FRESH
Raspberry,Berry,Chiller,3,2.0,Soon
Jeruk,Citric Fruit,Freezer,41,19.0,Fresh
Nanas,Tropical Fruit,Outside,3,-50.0,Soon
Ubi Jalar,Root Vegetable,Chiller,15,15.0,Fresh
Seledri,Leafy Vegetable,Chiller,8,-1.0,
Bawang Merah,Sayur Akar,Chiller,15,45.0,Fresh
Kentang,Root Vegetable,Outside,7,7.0,Fresh
CABAI MERAH,Chili Pepper,Freezer,60,0.0,Expired
Cabai Merah,Cabe,Outside,4,1.0,Warning
Tomat,Tropical Fruit,Chiller,3,11.0,Fresh
Cabai Rawit,CHILI,Beku,57,3.0,Soon
Jeruk Nipis,Citrus,,7,0.0,Expired
Kunyit,Root Vegetable,Freezer,87,3.0,Soon
Wortel,Root Vegetable,,9,12.0,Fresh
Pakcoy,Leafy Vegetable,Freezer,25,-4.0,expired
Cabai Rawit,Chili Pepper,Chiller,1,,
Nanas,Tropical Fruit,Chiller,8,-1.0,Expired
Stroberi,Berry,room temp,,1.0,Soon
Paprika,Chili Pepper,Chiller,7,7.0,Fresh
Tomat,Tropical Fruit,Chiller,3,11.0,Fresh
Jeruk Nipis,Citric Fruit,Outside,5,2.0,Soon
Selada,Leafy Vegetable,Freezer,37,,Expired
Kol,Leafy Vegetable,Suhu Ruangan,0,3.0,Soon
Cabai Rawit ,Chili Pepper,Outside,2,2.0,Soon
Jeruk Bali,Citric Fruit,Outside,8,6.0,Fresh
Seledri,Leafy Vegetable,Chiller,9,-2.0,Expired
Seledri,Leafy Vegetable,outside,0,2.0,Soon
Brokoli,Leafy Vegetable,room temp,2,0.0,Expired
Anggur,Temperate Fruit,Luar,3,0.0,Expired
Jeruk,Citric Fruit,Chiller,11,10.0,Fresh
	Kiwi,Temperate Fruit,Chiller,13 hari,1.0,Soon
Jahe,Sayur Akar,Chiller,19,11.0,Fresh
Wortel,Root Vegetable,Freezer,70,20.0,Fresh
Pear,Temperate Fruit,Outside,3,2.0,Soon
Ubi Jalar,Root Vegetable,Freezer,,33.0,Fresh
Nanas,tropical fruit,Freezer,28,2.0,Soon
Nanas,Tropical Fruit,Freezer,,21.0,Fresh
Jeruk,Citric Fruit,Freezer,17,43.0,Fresh
Melon,Tropical Fruit,Freezer,3,27.0,Fresh
MANGGA,Tropical Fruit,Chiller,9,-2.0,Expired
Kol,Leafy Vegetable,Freezer,16,14.0,Fresh
Kangkung,Leafy Vegetable,Freezer,39,-9.0,
Kunyit,Root Vegetable,freezer,36,54.0,Fresh
Anggur,temperate fruit,Chiller,4,3.0,Segera
Bayam,Leafy Vegetable,Freezer,37,-7.0,Expired
	Sawi,,suhu ruangan,1,0.0,Expired
	Paprika,Chili Pepper,room temp,2,3.0,Soon
Brokoli,Leafy Vegetable,Chiller,2,8.0,OK
Brokoli,,Outside,1,,Soon
Singkong,Root Vegetable,Outside,1,2.0,Soon
Kiwi,Temperate Fruit,Chiller,3,11.0,Fresh
Blueberry,Berry,Freezer,0,30.0,OK
CABAI RAWIT,Chili Pepper,Outside,2,2.0,Soon
Bawang Merah,Root Vegetable,Outside,36,-6.0,Expired
Brokoli,,Chiller,1,9.0,Fresh
Sawi,Leafy Vegetable,Chiller,1,4.0,Fresh
Cabai Merah,Chili Pepper,FREEZER,66,-6.0,Expired
	Sawi,Leafy Vegetable,,5,0.0,Expired
Kunyit,Root Vegetable,Freezer,13,77.0,Fresh
Brokoli,Leafy Vegetable,Chiller,0,10.0,Fresh
Pepaya,Tropical Fruit,OUTSIDE,5,-1.0,Expired
Pisang,Tropical Fruit,Freezer,16,14.0,Fresh
Apel,Temperate Fruit,Chiller,6,15.0,segar
Apel,Temperate Fruit,Outside,2,5.0,Fresh
Apel,Temperate Fruit,Freezer,23,67.0,Fresh
Singkong,Root Vegetable,Freezer,24,6.0,Fresh
Sawi,Leafy Vegetable,Chiller,2,3.0,Soon
Mangga,Tropical Fruit,Freezer,13,17.0,Fresh
Alpukat,Tropical Fruit,Freezer,2,28.0,Fresh
 Kol,Leafy Vegetable,fridge,18,-4.0,Expired
Cabai Merah,Chili Pepper,Freezer,48,12.0,Fresh
Jeruk Bali,Citric Fruit,Outside,4,10.0,Fresh
Semangka,,Chiller,7,3.0,Soon
Selada,Leafy Vegetable,Outside,2,0.0,Expired
Cabai Merah,Chile,Outside,0,5.0,
Bayam,Leafy Vegetable,Outside,,0.0,Expired
Ubi Jalar,Root Vegetable,Chiller,31,,Expired
Pisang,Tropical Fruit,Chiller,6,-1.0,Expired
Raspberry,Berry,Freezer,,6.0,Fresh
kangkung,Leafy Vegetable,Outside,1,0.0,Dead
Lemon,Citric Fruit,Freezer,36,24.0,Fresh
Jeruk,Citric Fruit,frzer,42,18.0,Fresh
Tomat,Tropical Fruit,Chiller,5,9.0,Fresh
Pepaya,Tropical Fruit,FREEZER,39,-9.0,Expired
Jeruk Bali,Citric Fruit,Freezer,30,30.0,Fresh
Cabai Rawit,Chili Pepper,Chiller,,5.0,Fresh
Apel,TEMPERATE,Outside,6 hari,1.0,Soon
Jeruk Nipis,Citric Fruit,Outside,5,2.0,Soon
Semangka,Tropical Fruit,Freezer,37,-7.0,Expired
Pepaya,Tropical Fruit,,7,0.0,Expired
Melon,Tropical Fruit,Outside,5,0.0,Expired
Jeruk Nipis,Citric Fruit,Outside,1,6.0,Fresh
Bawang Merah,Root Vegetable,room temp,15,15.0,Fresh
Kentang,Root Vegetable,Freezer,9,81.0,Fresh
Nanas,Tropical Fruit,Outside,0,5.0,Fresh
Sawi,Leafy Vegetable,Chiller,5,0.0,Expired
Pepaya,Tropical Fruit,Freezer,27,3.0,Soon
Lemon,Citric Fruit,Outside,9,-2.0,Expired
Stroberi,Berry,Chiller,1,4.0,fresh
Tomat,Tropical Fruit,Freeze,50,10.0,FRESH
Bawang Merah,Root Vegetable,Freeze,229,-49.0,Expired
Pakcoy,Leafy Vegetable,Outside,0,1.0,Soon
Lemon,Citric Fruit,frzer,22,38.0,Fresh
Jeruk Bali,Citric Fruit,Chiller,14,9999.0,Fresh
Blueberry,Berry,Freezer,13,17.0,Fresh
Mangga,Tropical Fruit,Freezer,36,-6.0,Expired
Jeruk,Citric Fruit,Chiller,25,-4.0,
Nanas,Tropical Fruit,Outside,1,4.0,Fresh
Apel,Temperate Fruit,Chiller,14,7.0,Fresh
Kentang,Root Vegetable,chiller,6,24.0,Fresh
Pisang,Tropical Fruit,Chiller,4,1.0,Soon
Kol,Leafy Veg,,2,1.0,Warning
Sawi,LEAFY VEGETABLE,refrigerator,2,3.0,
Ubi Jalar,Sayur Akar,Chiller,26,4.0,Fresh
Seledri,Leafy Vegetable,outside,,0.0,Expired
Blueberry,Berry,Chiller,5,2.0,
Paprika,Chile,Outside,1,4.0,Fresh
Melon,Tropical Fruit,Freezer,10,20.0,Fresh
Kol,Leafy Vegetable,Freezer,28,2.0,Soon
Jeruk Nipis,Citric Fruit,Freezer,23,37.0,Fresh
Kentang,Root Vegetable,room temp,15,-1.0,kadaluarsa
Selada,Leafy Vegetable,beku,11,19.0,Fresh
Jahe,Root Vegetable,Outside,9,5.0,Fresh
Cabai Merah,Chili Pepper,Freezer,6,54.0,Fresh
Singkong,Root Vegetable,Freezer,17,13.0,FRESH
Blueberry ,,Beku,19,11.0,Fresh
Anggur,Temperate Fruit,Suhu Ruangan,1,2.0,Soon
Raspberry,Berry,Outside,0 hari,2.0,Soon
 Pear,Temperate,Chiller,2,12.0,Fresh
Kangkung,Leafy Vegetable,Freezer,16,14.0,Fresh
Lemon,Citric Fruit,Chiller,1,20.0,Fresh
Raspberry,Berry,frzer,17,4.0,OK
Wortel,Root Vegetable,Chiller,19,2.0,Soon
Apel,Temperate Fruit,Outside,1,6.0,Fresh
Raspberry,Berry,Outside,2,0.0,kadaluarsa
Jahe,Root Vegetable,Chiller,11,19.0,
Bawang Putih,,Chiller,98,-8.0,Expired
Jahe,Root Vegetable,Outside,17,-3.0,Expired
Melon,,Chiller,6,1.0,Soon
Kiwi,Temperate Fruit,Freezer,43,17.0,Fresh
Lemon,Citric Fruit,Freezer,9999,56.0,Fresh
Nanas,Tropical Fruit,Outside,5,0.0,Expired
Ubi Jalar,Root Vegetable,Freezer,81,9.0,ok
Bayam,Leafy Vegetable,Freezer,36,-6.0,Expired
Melon,Buah Tropis,Outside,3,2.0,Soon
Mangga,,,33,-3.0,Expired
SEMANGKA,Tropical Fruit,Outside,5,2.0,Soon
Kol,,Outside,3,0.0,
Ubi Jalar,Root Vegetable,,15,-1.0,EXPIRED
Pepaya,Tropical Fruit,frzer,24,6.0,Fresh
Pakcoy ,leafy vegetable,Outside,1,0.0,Expired
Anggur,Temperate Fruit,Freezer,34,-4.0,Expired
	Wortel,Root Vegetable,Chiller,24,-3.0,Expired
Kiwi,Temperate Fruit,Freezer,5,55.0,Fresh
  Melon  ,Tropical Fruit,Chiller,5,2.0,Segera
Pepaya,Tropical Fruit,Freezer,3,27.0,Fresh
Kentang,Root Vegetable,Chiller,7,23.0,Fresh
Semangka,Tropical Fruit,Chiller,1,9.0,Fresh
Jeruk Bali,Citric Fruit,OUTSIDE,11,3.0,Soon
Jeruk Nipis,Citric Fruit,Freezer,58,2.0,Warning
Anggur,Temperate Fruit,Chiller,8,-1.0,Expired
Bawang Merah,Root Vegetable,Room Temp,1,29.0,Fresh
Kol,leafy vegetable,Freezer,14,,Fresh
Lemon,Citric Fruit,Outside,,-50.0,Expired
Alpukat,Tropical Fruit,Freezer,37,,Dead
Cabai Rawit,Chili Pepper,,4,6.0,Fresh
Kangkung,Leafy Vegetable,Outside,,-999.0,Expired
Stroberi,Berry,Freezer,13,17.0,Fresh
Wortel,Root Vegetable,Freezer,113,-23.0,Expired
Tomat,Tropical Fruit,Chiller,15,-1.0,
  Stroberi  ,Berry,Outside,1,1.0,Soon
Bayam,Leafy Vegetable,Freezer,1,29.0,Fresh
Kentang,Sayur Akar,Chiller,15,15.0,Fresh
Ubi Jalar,Root Veg,Outside,18,-4.0,Expired
Raspberry,Berry,Outside,0,2.0,Soon
Seledri,Leafy Vegetable,Freezer,19,2.0,Soon
Singkong,Root Vegetable,Freezer,30,0.0,Expired
Kangkung,Leafy Vegetable,Refrigerator,4,0.0,Dead
Pisang,Tropical Fruit,Chiller,3,2.0,Soon
Jeruk,Citric Fruit,Chiller,21,0.0,Expired
Nanas,Tropical Fruit,,5,0.0,Expired
Kiwi,Temperate Fruit,Refrigerator,16,-2.0,basi
Raspberry,Berry,Chiller,4,1.0,Soon
blueberry,Berry,Chiller,4,3.0,Soon
Cabai Rawit,Chili Pepper,Outside,4,0.0,Expired
Kangkung,Leafy Vegetable,Chiller,5,-1.0,Expired
Paprika,Chili Pepper,Freezer,5,55.0,Fresh
Kol,Leafy Vegetable,Outside,0,3.0,Soon
Pear,Temperate Fruit,Chiller,6,8.0,fresh
Jeruk Nipis,citrus fruit,Outside,2,5.0,Fresh
  Seledri  ,Leafy Vegetable,Outside,1,1.0,Soon
Cabai Merah,Cabai,Outside,3,2.0,Soon
Paprika,Chili Pepper,Outside,0,5.0,Fresh
Stroberi,Berry,Outside,0,2.0,SOON
Melon ,Tropical Fruit,Outside,3,2.0,Soon
Pear,Temperate Fruit,Outside,1000,4.0,Fresh
Jeruk Nipis ,Citric Fruit,Freezer,34,,
Kentang,Root Vegetable,,8,6.0,Fresh
Ubi Jalar,Root Vegetable,Chiller,23,7.0,Fresh
Kol,Leafy Vegetable,Chiller,2,12.0,Fresh
Bayam,Leafy Vegetable,,0,5.0,Fresh
Wortel,Root Vegetable,Chiller,15,6.0,Fresh
Blueberry,Berries,Outside,1,1.0,Soon
Kangkung,Leafy Vegetable,Freezer,4,26.0,Fresh
Bawang Putih,Root Vegetable,suhu ruangan,8,37.0,Fresh
Wortel,Akar-akaran,Chiller,18,3.0,Soon
Kunyit,Root Vegetable,Outside,18,-4.0,Expired
	Pakcoy,Leafy Vegetable,Freezer,13,8.0,Fresh
Pakcoy,Leafy Vegetable,fridge,2,3.0,Soon
  Apel  ,Temperate Fruit,FREEZER,1,89.0,
Sawi,leafy vegetable,Freezer,18,12.0,segar
Bawang Merah,Root Vegetable,Freezer,51,129.0,FRESH
Wortel,Root Vegetable,Freezer,91,-1.0,Expired
Selada,Leafy Vegetable,Freezer,7,23.0,
Tomat,Tropical Fruit,refrigerator,5,9.0,Fresh
Ubi Jalar,Root Vegetable,Outside,16,-2.0,Dead
Singkong,Root Vegetable,Chiller,0,7.0,Segar
Anggur,Temperate Fruit,Outside,1,2.0,Soon
Lemon,Citric Fruit,Chiller,23,-2.0,Expired
Stroberi,Berry,Outside,2,0.0,Expired
Lemon,Citric Fruit,Freezer,63,-3.0,Expired
Kunyit,,Outside,0,14.0,Fresh
Pear,temperate fruit,Freezer,78,-18.0,Expired
Selada,leafy vegetable,Outside,2,0.0,Expired
Jahe,Root Vegetable,Room Temp,8,6.0,Fresh
Kiwi,Temperate Fruit,Freezer,23,37.0,Fresh
Stroberi,Berry,Kulkas,2,3.0,
Seledri,Leafy Vegetable,Chiller,1000,3.0,Soon
Pear,Temperate Fruit,Chiller,8,6.0,Fresh
Tomat,Tropical Fruit,,1,4.0,Fresh
Wortel,Root Vegetable,Outside,2,3.0,
Pakcoy,Leafy Vegetable,Chiller,2,3.0,Soon
Melon,Buah Tropis,Outside,1,4.0,Fresh
Kol,Leafy Vegetable,Outside,2,1.0,Soon
Sawi,leafy vegetable,kulkas,-1,-1.0,Expired
Melon,Tropical Fruit,Freezer,11,19.0,Fresh
Bawang Merah,Root Vegetable,Outside,28,2.0,
Brokoli,Leafy Vegetable,Chiller,2,8.0,Fresh
Selada,Leafy Vegetable,Chiller,9999,2.0,Soon
Pisang,tropical fruit,Freezer,33,-3.0,Expired
Anggur,Temperate Fruit,Chiller,8,-1.0,Expired
Seledri,Leafy Vegetable,Freezer,12,9.0,Fresh
Bayam,Leafy Vegetable,Chiller,4,1.0,Soon
Tomat,Tropical Fruit,Outside,3,2.0,Soon
Nanas,TROPICAL,Freezer,23,-50.0,segar
Lemon,Citrus,Outside,9,-2.0,Expired
Cabai Rawit,Chili Pepper,Room Temp,1,3.0,Soon
Sawi,,Freezer,24,6.0,Fresh
Selada,Leafy Vegetable,Chiller,,3.0,Soon
Sawi,Daun-daunan,room temp,1,0.0,Expired
Jeruk Bali,Citric Fruit,Outside,3,11.0,Fresh
Ubi Jalar,Root Vegetable,Outside,17,-3.0,Expired
Bawang Merah,,Outside,6,24.0,Fresh
Raspberry,Berry,Chiller,0,5.0,Fresh
Melon ,Tropical Fruit,Luar,5,0.0,Expired
Paprika,CHILI,Outside,6,-1.0,Expired
Sawi,Leafy Vegetable,Chiller,3,2.0,Soon
Raspberry,Berry,Outside,0,2.0,Soon
Alpukat,tropical fruit,Chiller,7,0.0,Expired
Kentang,Root Vegetable,Outside,1,13.0,Fresh
  Jeruk Bali  ,Citric Fruit,Freezer,44,16.0,Fresh
	Selada,Leafy Vegetable,OUTSIDE,0,2.0,Soon
Jahe,Root Vegetable,suhu ruangan,4,10.0,Fresh
Mangga,Tropical Fruit,beku,6,,Fresh
Blueberry,Berry,Chiller,2,5.0,Fresh
	Kol,Leafy Vegetable,Chiller,12,2.0,Soon
Nanas,Tropical Fruit,Freezer,2,28.0,Fresh
Melon,Tropical Fruit,Chiller,3,4.0,Fresh
Cabai Merah,Chili Pepper,Chiller,18,-4.0,Expired
Lemon,Citric Fruit,Outside,9,-2.0,Expired
Semangka,TROPICAL,Chiller,10,0.0,
Pisang,Tropical Fruit,Outside,2,1.0,Soon
Cabai Rawit,CHILI,Outside,5,-1.0,Expired
Melon,Tropical Fruit,Outside,0,5.0,Fresh
Tomat,Tropical Fruit,FREEZER,6,54.0,Fresh
Singkong,Root Vegetable,Chiller,9,-2.0,Expired
Nanas,Tropical Fruit,Freezer,9,21.0,Fresh
Jeruk,,fridge,12 hari,9.0,Fresh
Singkong,Root Vegetable,Chiller,8,-1.0,
Singkong,Root Vegetable,Outside,0,3.0,SOON
Kentang,Root Vegetable,Chiller,11,19.0,
Jeruk Bali,Citric Fruit,Outside,1,13.0,Fresh
Melon,,Freezer,5,25.0,Fresh
Bayam,Leafy Vegetable,Freeze,36,-6.0,Expired
Pisang,Tropical Fruit,Freezer,23,7.0,Fresh
Raspberry,Berry,,0,2.0,Soon
Kunyit,Root Vegetable,Chiller,32,-2.0,Expired
Jahe,Root Vegetable,Chiller,18,12.0,Fresh
Wortel,Root Vegetable,Chiller,,-1.0,Expired
Singkong,Root Vegetable,Outside,1,2.0,Soon
Brokoli,Leafy Vegetable,Chiller,12,-2.0,Expired
Bayam,Leafy Vegetable,Chiller,,5.0,Fresh
Raspberry,Berry,Refrigerator,5,0.0,Expired
Stroberi,Berry,Freezer,27,3.0,Soon
Sawi,Leafy Vegetable,,1,0.0,Expired
Kiwi,Temperate Fruit,beku,76,-16.0,Expired
Raspberry ,Berry,Freezer,16,5.0,Fresh
Mangga,Tropical Fruit,Chiller,6,1.0,Soon
Anggur,Temperate Fruit,Freezer,2,28.0,Fresh
Blueberry,Berry,Luar,0,2.0,Soon
KANGKUNG,Leafy Vegetable,Chiller,0,4.0,
kentang,Root Vegetable,Chiller,10,20.0,Fresh
Selada,Sayur Daun,Chiller,6 hari,1.0,
Apel,Temperate Fruit,Outside,2,5.0,FRESH
Alpukat,Tropical Fruit,Outside,-5,3.0,Soon
Bawang Putih,Root Vegetable,Freezer,16,164.0,Fresh
Seledri,Leafy Vegetable,Chiller,4,3.0,Soon
Paprika,Chili Pepper,Chiller,4,10.0,Fresh
Jeruk,Citric Fruit,Chiller,18,3.0,Soon
Sawi ,Leafy Vegetable,room temp,0,1.0,Soon
Raspberry,Berry,Chiller,3,2.0,Soon
Jeruk Bali,Citric Fruit,kulkas,20,10.0,Fresh
 Bawang Merah,Root Vegetable,Chiller,70,-10.0,Expired
Raspberry,Berry,Freezer,17,4.0,Fresh
Tomat,Tropical Fruit,Chiller,17 hari,-3.0,Expired
Sawi,Leafy Vegetable,Freezer,19 hari,,Fresh
Mangga,Tropical Fruit,Outside,1,4.0,Fresh
Melon,Tropical Fruit,Chiller,3,4.0,Fresh
Sawi,Leafy Vegetable,Outside,0,1.0,Soon
Stroberi,Berry,Outside,2,0.0,Expired
Kentang,Root Vegetable,kulkas,0,30.0,Fresh
Bawang Putih,Root Vegetable,Outside,13,32.0,Fresh
Bayam,Leafy Vegetable,Chiller,2,3.0,Soon
Jahe,Root Vegetable,Freezer,16,74.0,Fresh
Kunyit,Root Vegetable,Chiller,21,9.0,Fresh
Semangka,Buah Tropis,Outside,4,3.0,Soon
Semangka,Tropical Fruit,Outside,6 hari,1.0,Soon
Bawang Merah,Root Vegetable,Chiller,23,37.0,Fresh
Melon,Tropical Fruit,Chiller,4,3.0,Soon
Blueberry,,Chiller,7,0.0,Expired
Kentang,,Freezer,90,0.0,Expired
Jeruk,Citric Fruit,Freezer,4,56.0,Fresh
Ubi Jalar,Root Vegetable,Freezer,61,29.0,Fresh
Wortel,Root Vegetable,Outside,1,4.0,Fresh
Pear,Temperate Fruit,Freezer,76,-16.0,Expired
Nanas ,Tropical Fruit,Freezer,26,4.0,Fresh
Raspberry,Beri,Chiller,1,4.0,Fresh
Mangga,Tropical Fruit,,7,23.0,Fresh
Pisang ,Tropical Fruit,Outside,0,3.0,Soon
Kangkung,,Outside,0,1.0,Soon
Raspberry,Berry,Chiller,6,-1.0,Expired
Nanas,Tropical Fruit,Chiller,2,5.0,Fresh
RASPBERRY,Berry,Freezer,6,15.0,Fresh
Ubi Jalar,Root Veg,Chiller,27,3.0,Soon
Brokoli,Leafy Vegetable,Freezer,19,11.0,Fresh
Tomat,Tropical Fruit,Freezer,3,57.0,fresh
Melon,tropical,Outside,4,1.0,Soon
Selada,Leafy Vegetable,Outside,0,-50.0,Soon
Nanas,Tropical Fruit,Chiller,5,2.0,Soon
Cabai Merah,Cabe,Outside,6,-1.0,Expired
Seledri,Leafy Vegetable,Freezer,22,-50.0,Expired
	Paprika,Chili Pepper,Freezer,68,-8.0,basi
Kol,,Freezer,1,29.0,Fresh
Apel,Temperate Fruit,Chiller,1,20.0,Fresh
Sawi,Leafy Vegetable,Outside,0,1.0,Soon
Bayam,Leafy Vegetable,Freezer,1,29.0,Fresh
Alpukat,Tropical Fruit,Freezer,8,22.0,Fresh
Anggur,Temperate Fruit,Outside,3,0.0,Expired
Anggur,Temperate Fruit,Freezer,16,14.0,Fresh
Alpukat,Tropical Fruit,Freezer,9,21.0,Fresh
Seledri,leafy vegetable,Freezer,0,21.0,Fresh
Jeruk Nipis,Citric Fruit,Chiller,14,0.0,Expired
Jeruk,Citric Fruit,Freezer,36,24.0,Fresh
Wortel,Root Vegetable,Outside,3,2.0,Soon
Cabai Merah,Chili Pepper,Freezer,21,39.0,Fresh
Kunyit,Root Vegetable,Outside,,6.0,Fresh
Singkong,Root Vegetable,Outside,2,1.0,Soon
Cabai Merah,Chili Pepper,Outside,4,1.0,Soon
Nanas,Tropical Fruit,Chiller,1,6.0,Fresh
Semangka,Tropis,Freezer,24 hari,6.0,Fresh
Blueberry,Berry,OUTSIDE,0,2.0,Soon
Bawang Merah,Root Vegetable,Outside,31,-1.0,Expired
Wortel,Root Vegetable,,96,-6.0,Expired
Singkong,Root Vegetable,CHILLER,7,0.0,Expired
Tomat,TROPICAL,Outside,0,5.0,
Kunyit,,Freezer,91,-1.0,Expired
Kiwi,Temperate Fruit,Outside,0,5.0,Fresh
SEMANGKA,Tropical Fruit,Freezer,19 hari,11.0,Fresh
Blueberry,Berry,frzer,13,17.0,Fresh
Jahe,Root Vegetable,Freezer,17,73.0,Fresh
Kiwi,Temperate Fruit,Outside,6,-1.0,Expired
Blueberry,Berry,Chiller,9,-2.0,Expired
Pepaya,Tropical Fruit,Outside,4,0.0,
TOMAT,Tropical Fruit,Freezer,52,8.0,Fresh
  Mangga  ,Tropical Fruit,,24,6.0,Fresh
Kentang,Root Vegetable,Chiller,31,-1.0,Expired
Mangga,Tropical Fruit,Outside,4,1.0,Soon
Wortel,Root Vegetable,Outside,,,Fresh
Tomat,Tropical Fruit,Outside,2,3.0,Soon
Jeruk Bali,Citric Fruit,Chiller,25,5.0,Fresh
Pisang,Tropical Fruit,Freezer,8,22.0,Fresh
Brokoli,,,35,-5.0,Expired
Apel,Temperate Fruit,Outside,3,4.0,Fresh
  Paprika  ,CHILI,Outside,4,1.0,Soon
Kentang,Root Vegetable,Outside,16,-2.0,Kadaluarsa
Anggur,Temperate Fruit,Outside,0,3.0,Soon
Kunyit,Root Vegetable,Freezer,10,80.0,Fresh
Ubi Jalar,Root Vegetable,Outside,17,-3.0,basi
Kol,Leafy Vegetable,freezer,25,5.0,Fresh
Cabai Rawit,Chili Pepper,Freezer,29,31.0,Fresh
Singkong,Root Vegetable,Freezer,20,10.0,Fresh
Apel,temperate fruit,Chiller,13,8.0,Fresh
Sawi,Leafy Vegetable,Freezer,36 hari,-6.0,Expired
Melon,Tropical Fruit,Freezer,9,21.0,Fresh
Semangka,Tropical Fruit,Freezer,23,7.0,Fresh
Kol,Leafy Vegetable,Freezer,25,5.0,Fresh
Jahe,Root Vegetable,Chiller,10,20.0,Fresh
	Raspberry,Berry,Freezer,7,14.0,Fresh
Bawang Putih,Root Vegetable,Chiller,84,6.0,Fresh
Kunyit,,Outside,3,11.0,Fresh
Kunyit,Root Vegetable,Outside,12,2.0,Soon
Cabai Rawit,CHILI,Outside,1,3.0,Soon
Bayam,Leafy Vegetable,Chiller,5,0.0,Expired
Blueberry,Berry,Freezer,1000,,Fresh
Cabai Merah,Chili Pepper,Outside,4,1.0,Soon
Seledri,Leafy Vegetable,Chiller,7,0.0,Expired
Selada,Leafy Vegetable,Freezer,21,9.0,Fresh
SELADA,Leafy Vegetable,Freezer,33,-3.0,Expired
tomat,TROPICAL,frozen,64,-4.0,Expired
Pepaya,tropical fruit,Freeze,11 hari,19.0,Fresh
Paprika,Chili Pepper,Chiller,5,9.0,Fresh
Pakcoy,Leafy Vegetable,Chiller,2,3.0,Soon
Bayam,Leafy Vegetable,Freezer,35,-5.0,Expired
Blueberry,Beri,Chiller,2,5.0,Fresh
Kentang,Root Vegetable,Outside,15,-1.0,Expired
Wortel,Root Vegetable,,99,-9.0,Expired
Apel,,Outside,0,7.0,fresh
Raspberry,Berry,Chiller,0,5.0,Fresh
Pear,Temperate Fruit,,18,-4.0,Expired
Tomat,,Freezer,75,-15.0,Expired
Pepaya,Tropical Fruit,Freezer,24,6.0,segar
Lemon,Citric Fruit,Outside,0,7.0,Fresh
Seledri,Leafy Vegetable,Freezer,17,4.0,Fresh
Apel,Temperate Fruit,Outside,1,6.0,Fresh
Stroberi,Berry,Freezer,7,23.0,ok
Wortel,Root Vegetable,Chiller,13,8.0,Fresh
Jeruk Bali,Citric Fruit,Chiller,5,,Fresh
Bayam,Leafy Vegetable,Chiller,4,1.0,Soon
Pakcoy,Leafy Vegetable,Beku,10,11.0,Fresh
Kol,Leafy Vegetable,Suhu Ruangan,0,3.0,Soon
Ubi Jalar,Root Vegetable,Freezer,115,-25.0,Expired
Alpukat,Tropical Fruit,Beku,,2.0,
Pakcoy,Leafy Vegetable,chiller,2,3.0,Soon
Paprika,Chili Pepper,Room Temp,2,3.0,Soon
Bayam,Leafy Vegetable,Chiller,5,0.0,Expired
Pakcoy,Leafy Vegetable,Outside,0,1.0,Soon
Jeruk ,Citric Fruit,Chiller,9,12.0,Fresh
Paprika,Chili Pepper,Freezer,26,34.0,Fresh
Alpukat,Tropical Fruit,room temp,3 hari,0.0,Expired
Ubi Jalar,Root Vegetable,Freezer,88,,Soon
Mangga,Tropical Fruit,Outside,-5,1.0,Soon
Stroberi,Berry,Outside,0,2.0,hampir
Bawang Putih,Root Vegetable,Chiller,1,89.0,Fresh
Brokoli,Leafy Vegetable,Chiller,,2.0,Soon
Semangka,TROPICAL,Chiller,12,-2.0,Expired
Stroberi,Berry,Chiller,3,2.0,Soon
Anggur,Temperate Fruit,Outside,1,2.0,Soon
Stroberi,Berry,Chiller,2,3.0,Soon
Singkong,Root Vegetable,Chiller,9 hari,-2.0,Expired
Melon,,Chiller,7,0.0,Dead
Bawang Putih,Root Vegetable,Freezer,-1,79.0,Fresh
Singkong,Root Vegetable,Outside,0,3.0,Soon
Kunyit,Root Vegetable,Outside,13,1.0,Soon
Kangkung,Leafy Vegetable,Outside,0,1.0,soon
Kangkung,Leafy Vegetable,Chiller,5,-1.0,Expired
Brokoli,Leafy Vegetable,Freezer,18,12.0,
Nanas,Tropical Fruit,Chiller,4,3.0,Soon
Singkong,Sayur Akar,Freezer,38,-8.0,Expired
Selada,Leafy Vegetable,OUTSIDE,0,2.0,Soon
Anggur,Temperate Fruit,Chiller,3,4.0,Fresh
Stroberi,Berry,Outside,1,1.0,Soon
Lemon,Citric Fruit,,41,19.0,Fresh
Blueberry,Berry,Outside,2,0.0,
Blueberry,Berry,Outside,1,1.0,Soon
Sawi,Leafy Vegetable,Chiller,2,3.0,Soon
Kol,Leafy Vegetable,Chiller,5,9.0,Fresh
Paprika,Chili Pepper,Outside,1,4.0,Fresh
Apel,Temperate Fruit,Freezer,,9999.0,Fresh
Pakcoy,Leafy Vegetable,Chiller,5,0.0,Expired
Cabai Rawit,Chili Pepper,Freezer,16,44.0,Fresh
Blueberry,Berry,Freezer,30,0.0,Expired
	Bawang Putih,Akar-akaran,Freezer,,93.0,Fresh
Jeruk Nipis,Citric Fruit,Freezer,37,23.0,Fresh
ANGGUR,Temperate Fruit,,7,0.0,Expired
Jahe,Root Vegetable,Freezer,12,78.0,Fresh
Blueberry,Berry,Outside,0,,Warning
Alpukat,Tropical Fruit,Outside,0,3.0,Soon
Anggur,Temperate Fruit,Freezer,9,21.0,Fresh
Jahe,Root Vegetable,Chiller,5,25.0,Fresh
Cabai Merah,Chili Pepper,Outside,2,3.0,Soon
Jeruk,,Freezer,16,-50.0,
Bawang Putih,Root Vegetable,Freezer,201,-21.0,Expired
Jeruk Bali,Citric Fruit,Freezer,1,59.0,Fresh
PEPAYA,Tropical Fruit,Outside,0,-999.0,Fresh
Stroberi,Berry,Freezer,13,17.0,Fresh
Apel,Temperate,Chiller,25,-4.0,Expired
Pear,Temperate Fruit,Freezer,68,-8.0,Expired
Singkong,Root Vegetable,Freezer,38,-8.0,Kadaluarsa
Lemon,Citric Fruit,Chiller,20,,Soon
Bayam,Leafy Vegetable,Freezer,22,8.0,fresh
Jeruk Nipis,Buah Citrus,Chiller,14,0.0,Expired
Singkong,Root Vegetable,Freezer,32,-2.0,Expired
Pepaya,Tropical Fruit,Freezer,23,7.0,segar
Wortel,Root Vegetable,Chiller,1,20.0,Fresh
Brokoli,Leafy Vegetable,Suhu Ruangan,2,-50.0,Expired
Apel,Temperate Fruit,Outside,6 hari,1.0,Soon
Pear,Temperate Fruit,Freezer,45,15.0,Fresh
Bayam,Leafy Vegetable,Chiller,0,5.0,Fresh
Kunyit,Root Vegetable,Freeze,117,-27.0,Expired
Bawang Putih,Root Vegetable,Outside,2,43.0,Fresh
Kentang,Root Vegetable,Chiller,37,-7.0,Expired
Stroberi,berrys,Freezer,1,29.0,Fresh
Pakcoy,Leafy Vegetable,Chiller,0,5.0,Fresh
Nanas,Buah Tropis,Freezer,37,-7.0,Expired
Brokoli,Leafy Vegetable,Refrigerator,3,7.0,Fresh
Nanas,Tropis,Outside,5,0.0,Expired
Nanas,Tropical Fruit,Outside,2,3.0,Soon
Kentang,Root Vegetable,frozen,19,71.0,Fresh
Pisang,Tropical Fruit,Chiller,2,3.0,Soon
Wortel,Root Vegetable,Outside,4,1.0,Soon
Jeruk,Citric Fruit,Freezer,,37.0,Fresh
Pear,Temperate Fruit,Chiller,8,6.0,fresh
Apel,Temperate Fruit,Outside,,-1.0,
Wortel,Root Vegetable,Freezer,58,32.0,Fresh
Cabai Merah,Chili Pepper,Freezer,,-3.0,Expired
Pisang,Tropical Fruit,Outside,1,2.0,Soon
Kangkung,Leafy Vegetable,Outside,1,0.0,Expired
Jeruk,Citric Fruit,Chiller,,13.0,Fresh
Kunyit,Root Veg,Freezer,49,41.0,Fresh
pakcoy,Leafy Vegetable,Chiller,9999,-50.0,Soon
Singkong,Root Veg,Chiller,8,-1.0,Expired
Mangga,Tropical Fruit,Outside,6 hari,-1.0,Expired
Semangka,Tropical Fruit,Chiller,6,4.0,Fresh
Brokoli,Leafy Vegetable,Outside,2,0.0,Expired
Apel,Temperate Fruit,Outside,0,7.0,Fresh
Mangga,Tropical Fruit,Freezer,9,21.0,Fresh
Alpukat,Tropical Fruit,Freezer,20,10.0,Fresh
Wortel,Root Vegetable,room temp,5,0.0,kadaluarsa
Raspberry,,Freezer,19,2.0,Soon
Brokoli,Leafy Veg,Chiller,0,10.0,Fresh
Cabai Rawit,Chili Pepper,Outside,9999,4.0,Fresh
Raspberry,Berry,Outside,2,0.0,Expired
Anggur,Temperate Fruit,Freezer,8,22.0,Fresh
Apel,Temperate Fruit,Outside,6,1.0,Soon
Tomat,tropical fruit,Outside,4,1.0,Soon
Mangga,Tropical Fruit,Freezer,13,17.0,Fresh
Brokoli,Leafy Vegetable,Freezer,13,17.0,Fresh
Tomat,Tropical Fruit,Chiller,12,2.0,Soon
Wortel,Root Vegetable,Freezer,21,69.0,Fresh
Ubi Jalar,Root Vegetable,Chiller,12,18.0,Fresh
Singkong,Root Vegetable,,0,3.0,Soon
Mangga,Tropical Fruit,Chiller,3,4.0,Fresh
Jahe,Root Vegetable,Freezer,69,21.0,Segar
Sawi,Leafy Vegetable,Chiller,2,3.0,Soon
Bawang Merah,Root Vegetable,Freezer,35,145.0,Fresh
Nanas,Tropical Fruit,,4,1.0,Soon
Paprika,Chili Pepper,Outside,2,3.0,Soon
Blueberry,Berry,Outside,2,0.0,expired
Jeruk,Citric Fruit,Freezer,50,10.0,Fresh
Nanas,Tropical Fruit,Outside,4,1.0,Soon
Kunyit,Root Vegetable,Outside,12,2.0,Soon
Pakcoy,,Outside,1,0.0,Expired
Selada,Leafy Vegetable,Outside,1,1.0,Soon
Nanas,Tropical Fruit,Freezer,8,22.0,Fresh
Apel,Temperate Fruit,Freezer,100,-10.0,Expired
Blueberry,Beri,Freezer,18,12.0,Fresh
Apel,Temperate Fruit,Outside,6,1.0,Soon
Kangkung,Leafy Vegetable,Freezer,23,7.0,Fresh
Kentang,Root Vegetable,Room Temp,7,7.0,Fresh
  Lemon  ,Citric Fruit,Outside,,7.0,Fresh
Nanas,Tropical Fruit,Outside,5,0.0,Basi
Pepaya,tropical,Freezer,12,18.0,Fresh
	Blueberry,berry,Room Temp,0,2.0,Soon
Jeruk Nipis,Citric Fruit,Refrigerator,17,-3.0,Expired
Kentang,Root Vegetable,refrigerator,,18.0,Fresh
Jeruk Bali,Citric Fruit,Freezer,71,-11.0,Expired
Alpukat,Tropical Fruit,Chiller,,7.0,Fresh
Kiwi,Temperate Fruit,Freezer,7,53.0,Fresh
Kunyit,Root Vegetable,Outside,8,6.0,Fresh
Pisang,Tropical Fruit,FREEZER,4,26.0,Fresh
Pakcoy,Leafy Vegetable,Freezer,13,8.0,Fresh
Pisang,Tropical Fruit,Chiller,4,1.0,Soon
Seledri,Leafy Vegetable,Room Temp,0,2.0,Soon
Jeruk,Citric Fruit,Chiller,6,15.0,Fresh
Ubi Jalar,ROOT VEG,Beku,101,-11.0,Expired
Kentang,Root Vegetable,Freezer,36,54.0,segar
Stroberi,,fridge,0,5.0,Fresh
Blueberry,Berry,Chiller,5,2.0,Soon
Bawang Merah,Root Vegetable,Chiller,21,39.0,Fresh
Kiwi,Temperate Fruit,Kulkas,6,8.0,Fresh
Pakcoy,Leafy Vegetable,freezer,26,-5.0,Expired
Apel,Temperate Fruit,Freezer,53,37.0,Fresh
Kangkung,Leafy Vegetable,Chiller,3,1.0,Soon
Kiwi,Temperate Fruit,Kulkas,5,9.0,Fresh
Stroberi,Berry,Chiller,3,2.0,Soon
Pepaya,Tropical Fruit,Chiller,9,-2.0,Expired
Jeruk,,Freezer,22,38.0,Fresh
Kangkung,Leafy Vegetable,Refrigerator,5,-1.0,Expired
Raspberry,Berry,,21,0.0,Expired
Jeruk Bali,Citric Fruit,Outside,14,0.0,Expired
Kentang,root vegetable,Freezer,70,20.0,Fresh
Kunyit,Root Vegetable,Outside,1,13.0,Fresh
Pepaya,Tropical Fruit,Outside,2,2.0,Soon
Blueberry,Berry,Outside,1,1.0,Soon
Alpukat,TROPICAL,Beku,24,6.0,Fresh
Ubi Jalar,Root Vegetable,Freezer,92,-2.0,Expired
Bawang Putih,root vegetable,Chiller,95,-5.0,Expired
Brokoli,Leafy Vegetable,Outside,2,0.0,Expired
Brokoli,Leafy Vegetable,Outside,1,1.0,Soon
Brokoli,Leafy Vegetable,Outside,2,0.0,Expired
Sawi,Leafy Vegetable,OUTSIDE,0,1.0,Soon
  Pakcoy  ,Daun-daunan,Freezer,26,-5.0,Expired
Kiwi,Temperate Fruit,Outside,6,-1.0,Expired
Anggur,Temperate Fruit,Outside,1,2.0,Soon
Pepaya,Tropical Fruit,Chiller,8,-1.0,Expired
Apel,Temperate Fruit,Chiller,21,0.0,Expired
Bawang Putih,Akar-akaran,Chiller,67,23.0,Fresh
Selada,Leafy Vegetable,Outside,1,1.0,Soon
Jeruk Bali,,Chiller,37,-7.0,Expired
Tomat,tropical fruit,Freezer,21,39.0,Fresh
Paprika,Chili Pepper,Chiller,10,4.0,Fresh
Raspberry,Berry,Outside,0,2.0,Soon
Seledri,Leafy Vegetable,Outside,0,,Soon
Kol,Leafy Vegetable,Chiller,11,3.0,Soon
Blueberry,Berry,Suhu Ruangan,1,1.0,Soon
Apel,Temperate Fruit,Outside,1,6.0,Fresh
Semangka,Tropical Fruit,Freezer,26,4.0,Fresh
Apel,Temperate Fruit,Chiller,2,19.0,Fresh
bawang merah,Root Vegetable,Outside,4,26.0,Fresh
Bawang Merah,Root Vegetable,Chiller,0,60.0,Fresh
	Cabai Rawit,Chili Pepper,Outside,3,1.0,Soon
Ubi Jalar,Root Vegetable,Freezer,101,-11.0,Expired
Pisang,Tropical Fruit,Freezer,0,30.0,Fresh
Kiwi,Temperate Fruit,Chiller,17,-3.0,Expired
Jeruk Bali,CITRIC,Chiller,3,27.0,
Nanas,Tropical Fruit,Chiller,3,4.0,Fresh
Jeruk Bali,Citrus,Outside,15,-1.0,Expired
Kentang,Root Vegetable,Freezer,73,17.0,Fresh
Jeruk Bali,Citric Fruit,Room Temp,3,11.0,Fresh
Anggur,Temperate Fruit,CHILLER,9,,Expired
Kentang,Root Vegetable,beku,96,,Expired
Jeruk Bali,Citrus,Chiller,31,-1.0,Expired
Cabai Merah,Chili Pepper,Beku,16,44.0,
Pepaya,Tropical Fruit,Outside,,4.0,Fresh
Kentang,Root Vegetable,,99,-9.0,Expired
Anggur,TEMPERATE,Freezer,14,16.0,Fresh
Jeruk Bali,Citrus,Freezer,38,22.0,Fresh
Jahe,Root Vegetable,Freezer,27,63.0,Fresh
Alpukat,TROPICAL,Freezer,8,22.0,Fresh
Apel,Temperate Fruit,Chiller,8,13.0,Fresh
Anggur,Temperate Fruit,Outside,2,1.0,
Tomat,Tropical Fruit,Outside,6,-1.0,Expired
Melon,Tropical Fruit,Outside,3,-999.0,Soon
Jeruk Nipis,Citric Fruit,frzer,18 hari,42.0,Fresh
  Raspberry  ,Berry,Chiller,4,1.0,Soon
Jahe,Root Vegetable,chiller,20,10.0,Fresh
Bawang Merah,Root Vegetable,Room Temp,6,24.0,Fresh
Bawang Merah,Root Vegetable,Chiller,38,22.0,Fresh
Nanas,Tropical Fruit,Chiller,3,4.0,Fresh
Lemon,Citric Fruit,Chiller,12,9.0,Fresh
Kol,Leafy Vegetable,FREEZER,3,,Fresh
Tomat,Tropical Fruit,Outside,0,5.0,Fresh
Apel,Temperate Fruit,Outside,9,,Expired
Singkong,Root Vegetable,Outside,3,0.0,Basi
Kol,,Outside,2,1.0,Segera
Anggur,Temperate Fruit,frzer,26,4.0,fresh
Blueberry,,room temp,-5,0.0,Expired
Paprika,chili,Freezer,28,32.0,Fresh
Lemon,Citric Fruit,Freezer,27,33.0,Fresh
	Cabai Rawit,Chili Pepper,Freezer,11,49.0,Fresh
Anggur,Temperate Fruit,Room Temp,1,2.0,Soon
Wortel,Root Vegetable,Freezer,72,18.0,Fresh
	Kunyit,Root Vegetable,Outside,8 hari,6.0,Fresh
Bawang Putih,Root Vegetable,Freezer,132,48.0,Fresh
Cabai Rawit,Chili Pepper,,0,10.0,Fresh
Cabai Rawit,Chili Pepper,Chiller,13,-3.0,Expired
Blueberry,Berry,Chiller,7,0.0,Expired
Bayam,Leafy Vegetable,Freezer,11,19.0,Fresh
Singkong,Root Vegetable,Chiller,4,3.0,Hampir
Selada,Leafy Vegetable,Suhu Ruangan,1,1.0,Soon
Jeruk Bali,Citric Fruit,Chiller,14,16.0,Fresh
Jeruk Nipis,Citric Fruit,Outside,5,2.0,Soon
Cabai Rawit,Chili Pepper,Outside,4,0.0,
  Brokoli  ,Leafy Vegetable,Freezer,2,28.0,Fresh
Mangga,Tropical Fruit,Outside,2,3.0,soon
Anggur,Temperate Fruit,,6,1.0,
Jahe,Root Vegetable,Freezer,107,-17.0,Expired
Kiwi,Temperate Fruit,Freezer,14,46.0,Fresh
Sawi,Leafy Vegetable,Chiller,6,-1.0,Expired
Bawang Putih,Root Vegetable,Freezer,0,180.0,
Nanas,Tropical Fruit,Room Temp,6,-1.0,Expired
Lemon,Citric Fruit,Outside,2,5.0,FRESH
Bawang Merah,Root Vegetable,Outside,18,12.0,ok
Anggur,Temperate Fruit,Outside,1,2.0,Soon
Kentang,Root Vegetable,Freezer,61,29.0,Fresh
Pakcoy,,,0,1.0,Soon
Kunyit,Root Vegetable,Luar,8,6.0,Fresh
Nanas,Buah Tropis,,5,0.0,Expired
Selada,Leafy Vegetable,Chiller,1,6.0,Fresh
Lemon,CITRIC,Outside,1,6.0,Fresh
Pepaya,tropical fruit,Freezer,1000,-5.0,Expired
Paprika,Chili Pepper,Outside,0,5.0,Fresh
Raspberry,Berry,Freezer,18,3.0,Soon
Raspberry,Berry,,24,-3.0,Expired
Jeruk Bali,Citric Fruit,Chiller,5,25.0,Fresh
Seledri,Leafy Vegetable,Freezer,22,-1.0,Kadaluarsa
Anggur,Temperate Fruit,suhu ruangan,0,3.0,Soon
Seledri,Leafy Vegetable,Outside,2,0.0,Expired
Semangka,Tropical Fruit,Kulkas,6,4.0,Fresh
Seledri,Leafy Vegetable,Freezer,21,0.0,kadaluarsa
Bawang Merah,Root Vegetable,Freezer,139,41.0,ok
Kunyit,Root Vegetable,freezer,109,-19.0,Expired
Selada,Leafy Vegetable,Freezer,12,18.0,Fresh
Seledri,Leafy Vegetable,Freezer,24,-3.0,Expired
Cabai Rawit,Chili Pepper,fridge,2,8.0,Fresh
Jeruk Bali,citric fruit,Outside,11,3.0,
 Jeruk,CITRIC,Freezer,,47.0,Fresh
Kol,Leafy Vegetable,Freezer,8,22.0,Fresh
Pepaya,Tropical Fruit,Chiller,0,7.0,Fresh
Stroberi ,Berry,Outside,0,2.0,Soon
Bawang Merah,Root Vegetable,Chiller,9999,16.0,Fresh
Semangka,Tropical Fruit,Freezer,21,9.0,Fresh
Singkong,Root Vegetable,,9,-2.0,Expired
Sawi,Leafy Vegetable,Chiller,5,0.0,Expired
  Pakcoy  ,Leafy Vegetable,Freezer,23,-2.0,Expired
Bawang Merah,Root Vegetable,Freezer,41,,Fresh
Cabai Rawit,Chili Pepper,Kulkas,3,7.0,Fresh
Selada,leafy vegetable,Freezer,17,13.0,Fresh
Wortel,Root Vegetable,Chiller,8,13.0,Fresh
Pisang,Tropical Fruit,Freezer,13,17.0,Fresh
Jeruk Bali,Citric Fruit,frozen,75,-15.0,Expired
Pepaya,Tropical Fruit,Chiller,4 hari,3.0,Soon
Tomat,Tropical Fruit,Freezer,53,7.0,
Pisang,Tropical Fruit,Outside,3,0.0,Expired
Cabai Rawit,chili,Outside,1,3.0,Soon
Pisang,Tropical Fruit,Outside,1,2.0,Soon
Lemon,CITRIC,Chiller,24,-3.0,Expired
Brokoli,Leafy Vegetable,Chiller,11,-1.0,Expired
Jahe,Root Vegetable,Outside,7,7.0,Fresh
Raspberry,Berry,Freezer,10,11.0,Fresh
Anggur,TEMPERATE,Freezer,9,21.0,Fresh
Pear,,Freezer,50,10.0,segar
Wortel,Root Vegetable,Freezer,81,9.0,Fresh
semangka,Tropical Fruit,Outside,4,3.0,Warning
Brokoli,Leafy Vegetable,Freezer,12,18.0,Fresh
Jeruk,Citric Fruit,Freezer,55,5.0,Fresh
	Kunyit,Root Vegetable,Freezer,64,26.0,Fresh
Mangga,Tropical Fruit,Outside,5,0.0,Expired
Stroberi,Berry,Chiller,4,1.0,Soon
Wortel,Root Vegetable,Chiller,15,6.0,Fresh
Wortel,Root Vegetable,Freezer,72,18.0,Fresh
Melon,Tropical Fruit,Outside,3,2.0,soon
Selada,Leafy Vegetable,Chiller,6,1.0,Soon
Selada,Leafy Vegetable,Freezer,36,-6.0,Expired
Anggur,Temperate Fruit,Outside,2,1.0,Warning
Stroberi,Berry,Freezer,,-1.0,Expired
Bawang Merah,Root Vegetable,Outside,6 hari,24.0,Fresh
Cabai Rawit,Chili Pepper,Freezer,1,,Fresh
Kangkung,Leafy Vegetable,Suhu Ruangan,1,0.0,Expired
Alpukat,Tropical Fruit,Chiller,,4.0,Fresh
Pepaya,Tropical Fruit,Outside,2,2.0,Soon
Blueberry,Berry,Chiller,4,3.0,Soon
 Lemon,Citric Fruit,Chiller,23,-2.0,Expired
Melon,Tropical Fruit,,14,16.0,Fresh
Blueberry,Berry,Chiller,9,-2.0,Expired
Melon,Tropical Fruit,fridge,2,5.0,Fresh
Lemon,Citric Fruit,Freezer,19,41.0,Fresh
Singkong,Root Vegetable,outside,0,3.0,Soon
Semangka,Tropical Fruit,Freezer,2,-999.0,Fresh
Jeruk,Citric Fruit,,20,1.0,Soon
Jeruk Nipis,Citric Fruit,suhu ruangan,8,-1.0,Expired
Semangka,Tropical Fruit,Outside,2,5.0,Fresh
Pepaya,Tropical Fruit,Chiller,0,7.0,Fresh
Semangka,Tropical Fruit,Freezer,12,18.0,Segar
Kentang,Root Vegetable,Outside,9,5.0,Fresh
Alpukat,Tropical Fruit,Outside,3,0.0,Expired
Tomat,Tropical Fruit,,43,17.0,Fresh
Jeruk Nipis,Citric Fruit,chiller,15,-1.0,Expired
Jahe,Root Vegetable,Freezer,80,10.0,Fresh
Bawang Putih,Root Vegetable,Chiller,26,64.0,Fresh
Kentang,Root Vegetable,Chiller,10,20.0,Fresh
Cabai Merah,Chili Pepper,Freezer,38,22.0,Fresh
Pisang,Tropical Fruit,Luar,3,0.0,Expired
Ubi Jalar,root vegetable,Chiller,5,25.0,Fresh
Selada,Leafy Vegetable,Chiller,8,-1.0,Expired
Mangga,Buah Tropis,Chiller,2,5.0,Fresh
Singkong,Root Vegetable,Chiller,7,0.0,Expired
Nanas,Tropical Fruit,kulkas,3,4.0,segar
Apel,Temperate Fruit,Beku,72,18.0,Fresh
Pepaya,Tropical Fruit,Freezer,23,7.0,Fresh
Lemon,Citric Fruit,Freezer,44,16.0,Fresh
Sawi,Sayur Daun,Chiller,4,1.0,Soon
Pepaya,TROPICAL,Chiller,4,3.0,Soon
Jeruk Nipis,Citric Fruit,Outside,4,3.0,Soon
Kiwi,Temperate Fruit,Kulkas,17,-3.0,Expired
SINGKONG,Akar-akaran,Outside,3,0.0,Expired
Singkong,Root Vegetable,Chiller,1,6.0,Fresh
Seledri,Leafy Vegetable,Freezer,19,2.0,Soon
Kentang,root vegetable,Freezer,,67.0,FRESH
 Anggur,Temperate Fruit,,9999,0.0,Expired
Ubi Jalar,ROOT VEG,Freezer,29,61.0,Fresh
Kiwi,Temperate Fruit,Freezer,,39.0,Fresh
Kunyit,Root Vegetable,Chiller,11,19.0,Fresh
Melon,Tropical Fruit,Chiller,6,1.0,Soon
Wortel,Root Vegetable,Chiller,11,10.0,Fresh
Raspberry,Berry,suhu ruangan,2,0.0,Expired
Paprika,Chili Pepper,Freezer,47,13.0,Fresh
Seledri,Leafy Vegetable,Freezer,9,12.0,Fresh
Pepaya,Tropical Fruit,Chiller,4,3.0,Soon
Kiwi,Temperate Fruit,Chiller,7,7.0,Fresh
Tomat,Tropical Fruit,Chiller,,,Fresh
Melon,Tropical Fruit,Outside,1,4.0,Fresh
Bayam,Leafy Vegetable,Outside,1,0.0,Expired
Wortel,Root Vegetable,suhu ruangan,5,0.0,Expired
Kol,Leafy Vegetable,Outside,3,0.0,Expired
Bawang Merah,Root Vegetable,freezer,205,-25.0,Expired
Kangkung,Leafy Veg,Outside,1,0.0,Expired
Seledri,Leafy Vegetable,Chiller,5,2.0,Soon
Semangka,Tropical Fruit,Chiller,10,0.0,Expired
Nanas,Tropical Fruit,Outside,1,4.0,Fresh
Cabai Merah,Chili Pepper,Freezer,58,2.0,Soon
Pepaya,,Freezer,27,3.0,Soon
Tomat,Tropical Fruit,Outside,0,5.0,Fresh
Kunyit,Root Vegetable,Freezer,94,-4.0,Basi
Lemon,Citric Fruit,Outside,7,0.0,Expired
Cabai Merah,Chili Pepper,Freezer,53,7.0,Fresh
Pepaya,Tropical Fruit,Freezer,37,-7.0,Expired
Ubi Jalar,Root Vegetable,Chiller,35,-5.0,Expired
 Pear,Temperate Fruit,Outside,0 hari,5.0,Fresh
Nanas,Tropical Fruit,Freezer,36,-6.0,Expired
Pear,Temperate Fruit,Chiller,9,5.0,Fresh
Bawang Putih,Root Vegetable,Freezer,19,161.0,Fresh
Seledri,Leafy Vegetable,Outside,0,2.0,Soon
Pear,temperat,freezer,61,-1.0,Expired
Cabai Merah,Chili Pepper,Outside,6 hari,-1.0,Dead
Ubi Jalar,Root Vegetable,FREEZER,17,73.0,Fresh
Jahe,Root Vegetable,Outside,8,6.0,OK
Pakcoy,Leafy Vegetable,Outside,1,0.0,Expired
Kentang,Root Vegetable,Outside,5,9.0,
Nanas,Tropical Fruit,Freezer,30,0.0,Expired
Cabai Rawit,Chile,Outside,0,4.0,Segar
Kentang,Root Vegetable,Chiller,26,4.0,Fresh
Cabai Rawit,Chili Pepper,Outside,9999,0.0,Expired
Kunyit,Root Vegetable,Freezer,114,-24.0,Expired
Seledri,Leafy Vegetable,Chiller,2,5.0,Fresh
Kangkung,,Freezer,16,14.0,Fresh
Kiwi,Temperate Fruit,Outside,0,5.0,Fresh
Bayam,,Outside,0,1.0,Soon
Apel,Temperate Fruit,Outside,2,5.0,Fresh
Pepaya,Tropical Fruit,Beku,21,9.0,Fresh
Singkong,,Chiller,0,7.0,Fresh
Wortel,Root Vegetable,Outside,6,-1.0,
Kiwi,Temperate Fruit,Freezer,0,60.0,Fresh
Tomat ,Tropical Fruit,Freezer,64,-4.0,Expired
Apel,Temperate Fruit,Chiller,17,4.0,Fresh
Wortel,Root Vegetable,Outside,4,1.0,Hampir
nanas,tropical,Freezer,7,23.0,Fresh
Tomat,Tropical Fruit,Freezer,33,-50.0,Fresh
Kol,Leafy Vegetable,Freezer,21,9.0,Fresh
Sawi,Sayur Daun,Chiller,4,1.0,Soon
Jeruk Bali,Citric Fruit,Outside,17,-3.0,Expired
Stroberi,Berry,Freezer,38,-8.0,Expired
Kentang,Root Vegetable,Freezer,,65.0,Fresh
Alpukat,Tropical Fruit,Chiller,5,2.0,Soon
Pisang,Tropical Fruit,,6,-1.0,Kadaluarsa
Singkong,Akar-akaran,Chiller,9,-2.0,Expired
Jeruk,Citric Fruit,Outside,7,0.0,Expired
  Kol  ,Leafy Vegetable,Beku,21,9.0,Fresh
Pepaya,tropical fruit,Freezer,19,11.0,Fresh
Alpukat,Tropical Fruit,Freezer,38,-8.0,Expired
Lemon,citrus fruit,,12,9.0,Fresh
Brokoli,Leafy Vegetable,Outside,0,2.0,Soon
Cabai Rawit,Chili Pepper,Outside,5,-1.0,Expired
Pear,Temperate Fruit,Chiller,16,-2.0,Expired
Singkong,Root Vegetable,Chiller,,5.0,fresh
Jeruk,Citric Fruit,Chiller,24,-3.0,Expired
Seledri,Leafy Vegetable,Chiller,,-1.0,Expired
Kol,Leafy Vegetable,Freezer,1,29.0,fresh
Bayam,Leafy Vegetable,Freezer,32,-2.0,
Pepaya,tropical fruit,Chiller,7,0.0,Expired
Pisang,Buah Tropis,Freezer,23,7.0,Fresh
Jeruk,Citric Fruit,Freezer,46,14.0,Fresh
Bawang Merah,Root Vegetable,Outside,21,9.0,Fresh
Brokoli,Leafy Vegetable,Refrigerator,1,9.0,Fresh
Sawi,Leafy Vegetable,room temp,1,0.0,Expired
Paprika,Chili Pepper,Outside,5,0.0,Basi
Raspberry,Berry,Chiller,6,-1.0,Expired
Sawi,,Outside,1,0.0,Expired
Tomat,Tropical Fruit,Freezer,69 hari,-9.0,Expired
Raspberry,Berry,Outside,2,0.0,Expired
Tomat,Tropical Fruit,Chiller,8,6.0,Fresh
Paprika,Chili Pepper,kulkas,-5,-999.0,Fresh
Alpukat,Tropical Fruit,,7,0.0,Expired
Blueberry,Berry,Freezer,11,19.0,Fresh
Bawang Putih,Root Vegetable,Freezer,53,127.0,Fresh
Raspberry,Berry,,1,1.0,warning
Apel,Temperate Fruit,frozen,47,43.0,Fresh
Pear,Temperate Fruit,Chiller,18,-4.0,Expired
Cabai Merah,Chili Pepper,Chiller,6,8.0,Fresh
Alpukat,Tropical Fruit,Outside,2,,Soon
Sawi,LEAFY VEGETABLE,Outside,1,0.0,Expired
 Kol,Leafy Vegetable,Outside,2,1.0,Soon
Stroberi,Berry,Outside,1,1.0,Soon
Pisang,Tropical Fruit,freezer,12,18.0,Fresh
Singkong,Root Vegetable,,1,2.0,Soon
Pepaya,Tropical Fruit,Chiller,9 hari,-2.0,Expired
Pakcoy,Leafy Vegetable,Freezer,17,4.0,Fresh
Semangka,Tropical Fruit,,19,11.0,Fresh
Kangkung,Leafy Vegetable,Chiller,5,-1.0,Expired
Kangkung,Leafy Vegetable,Chiller,1,-50.0,Soon
Semangka,Tropical Fruit,Freezer,32,-2.0,
Kangkung,Leafy Vegetable,Outside,0,1.0,Soon
Seledri,Leafy Vegetable,Chiller,2,5.0,Fresh
Pepaya,tropical fruit,beku,5,25.0,Fresh
Brokoli,Leafy Vegetable,Luar,0,,hampir
Bawang Merah,Root Vegetable,Freezer,143,37.0,Fresh
Selada,Leafy Vegetable,Freezer,16,14.0,Fresh
Anggur,Temperate Fruit,Freezer,7,23.0,Fresh
Pakcoy,,Outside,1,0.0,Expired
Pepaya,tropical,Suhu Ruangan,5,-1.0,Expired
Kentang,Root Vegetable,Chiller,2,28.0,Segar
Kunyit,Root Vegetable,Chiller,26,4.0,Fresh
Blueberry,Berry,Freezer,30,,Expired
Stroberi,Berry,Room Temp,1,1.0,Soon
STROBERI,Berry,Beku,34,-4.0,Expired
Raspberry,Berry,Freezer,9,12.0,Fresh
Paprika,Chili Pepper,Freezer,,27.0,Fresh
Bayam,Leafy Vegetable,Freezer,,9.0,Fresh
Singkong,Root Vegetable,Freezer,28,2.0,hampir
Singkong,Root Vegetable,Outside,2,1.0,
Raspberry,Berry,Chiller,2,3.0,Soon
Paprika,Chili Pepper,Freezer,11,49.0,Fresh
Melon,Tropical Fruit,outside,5,0.0,Expired
Selada,Leafy Vegetable,Outside,1,1.0,Soon
Kunyit,Root Vegetable,Chiller,7,23.0,ok
Melon,Tropical Fruit,Outside,2,,Soon
Nanas,Tropical Fruit,Freezer,,24.0,Fresh
Bayam,Leafy Vegetable,Chiller,0,-999.0,Fresh
Stroberi,Berry,Outside,2,0.0,Expired
Jahe,Root Vegetable,Outside,0,14.0,Fresh
Blueberry,Berry,Chiller,4,3.0,Soon
Kangkung,Leafy Vegetable,Outside,0,1.0,warning
Cabai Merah,Chili Pepper,Chiller,12,2.0,Soon
Bawang Putih,Root Vegetable,Freezer,57,123.0,Fresh
Kol,Leafy Vegetable,kulkas,-1,11.0,Fresh
Pisang,Tropical Fruit,Freezer,39,-9.0,
Nanas,Tropical Fruit,Chiller,8,-1.0,Expired
Seledri ,Sayur Daun,Outside,2,0.0,Expired
Pakcoy,Leafy Vegetable,Freezer,5,16.0,Fresh
Pakcoy ,,Freezer,21,0.0,Expired
Kangkung,,frzer,1,29.0,Fresh
Bawang Merah,Akar-akaran,Outside,17,13.0,Fresh
Jeruk Nipis,Citric Fruit,Freezer,53,7.0,Fresh
Bawang Putih,ROOT VEG,Chiller,63,27.0,Fresh
Jeruk Bali,Citric Fruit,Chiller,1,29.0,Fresh
Kentang ,Root Vegetable,Freezer,9,81.0,Fresh
Brokoli,Leafy Vegetable,Outside,0,2.0,Soon
Blueberry,Berry,Chiller,9,-2.0,Expired
 Jeruk,Citric Fruit,Chiller,1,20.0,Fresh
Blueberry,Berry,Outside,1,1.0,Soon
Stroberi,BERRY,Freezer,37,-7.0,Expired
Alpukat,Tropical Fruit,Freezer,11,19.0,Fresh
Blueberry,Berry,Outside,1,1.0,Soon
Lemon,Citric Fruit,,0,7.0,Fresh
Kentang,Root Vegetable,Chiller,9,21.0,Fresh
Jeruk,Citric Fruit,Chiller,24 hari,-3.0,Expired
Semangka,Tropical Fruit,Freezer,32,-2.0,Expired
Cabai Rawit,Chili Pepper,Outside,1,3.0,Soon
Stroberi,Berry,Chiller,0,5.0,Fresh
stroberi,Berry,Outside,0,,Soon
Raspberry,Berry,Freezer,4,17.0,Segar
Bawang Putih,Root Vegetable,Freezer,219,-39.0,Expired
Raspberry,Berry,Chiller,6,-1.0,Expired
Seledri,Leafy Vegetable,Freezer,5,16.0,Fresh
Bayam,Leafy Vegetable,Chiller,2,3.0,soon
Pepaya,Tropical Fruit,Freezer,18,-999.0,Fresh
Singkong,Root Vegetable,Freezer,20,10.0,Fresh
Nanas,Tropical Fruit,Outside,1,4.0,Fresh
Bayam,Leafy Vegetable,Freezer,35,-5.0,Expired
Stroberi,Berry,Chiller,4,1.0,Soon
Pepaya,Buah Tropis,freezer,19,11.0,Fresh
Tomat,Tropical Fruit,frozen,68,-8.0,Expired
Kol,Leafy Vegetable,Chiller,13,1.0,
Blueberry,Berry,Freezer,22,8.0,Fresh
Nanas,Tropical Fruit,frzer,0,30.0,Fresh
Bayam,Leafy Vegetable,Outside,0 hari,,Soon
Pakcoy,Leafy Vegetable,Outside,1,0.0,Expired
Jeruk Bali,Citric Fruit,Chiller,26,4.0,Fresh
Bawang Putih,ROOT VEG,Freezer,142,38.0,Fresh
Apel,Temperate Fruit,Kulkas,15,6.0,Fresh
  Kiwi  ,Temperate Fruit,Freezer,43,17.0,Fresh
Seledri,Sayur Daun,Chiller,3,4.0,Fresh
Jeruk Bali,Citric Fruit,Outside,2,12.0,Fresh
Pepaya,Tropis,Outside,1,3.0,Soon
Wortel,Root Vegetable,Refrigerator,15,6.0,Fresh
Jahe,Root Vegetable,Freezer,80,10.0,Fresh
Stroberi,Berry,Chiller,2,3.0,Soon
Raspberry,Berry,Chiller,0,5.0,Fresh
Pakcoy,Leafy Vegetable,Outside,0,1.0,Soon
Seledri,Leafy Vegetable,Outside,2,0.0,Expired
Semangka,Tropical Fruit,Outside,9,,
Pakcoy,Leafy Vegetable,Outside,1,0.0,Expired
Pakcoy,Leafy Vegetable,Freezer,12,9.0,Fresh
Sawi,Leafy Vegetable,Chiller,0,5.0,Fresh
Cabai Merah,Chili Pepper,Chiller,,9.0,Fresh
Ubi Jalar,Root Vegetable,Freezer,95,-5.0,Expired
Blueberry,Berry,,-1,12.0,Fresh
Bawang Putih,Root Vegetable,Outside,46,-1.0,Expired
Alpukat,Tropis,beku,16,14.0,Fresh
Bawang Merah,Root Vegetable,Outside,23,7.0,
Pisang,Tropical Fruit,Chiller,0,5.0,Fresh
Apel,Temperate Fruit,Outside,6,1.0,Soon
Alpukat,Tropical Fruit,Freezer,27,3.0,Soon
Bawang Merah,Root Vegetable,Outside,33,-3.0,Expired
Cabai Merah,Chili Pepper,,1,4.0,Fresh
Kunyit,root vegetable,Freezer,99,-9.0,Expired
Lemon,Citric Fruit,Outside,5,2.0,Soon
Bawang Merah,Root Vegetable,Chiller,22,38.0,Fresh
Jeruk Nipis,,Freezer,11,49.0,OK
Kol,Leafy Vegetable,Freezer,36,-6.0,Expired
Stroberi,Berry,Chiller,1000,3.0,
Apel,Temperate Fruit,Freezer,82,8.0,Fresh
Tomat,Tropical Fruit,Outside,5,0.0,Expired
Pear,temperate fruit,Outside,2,3.0,Soon
 Tomat,Tropical Fruit,freezer,16,44.0,Fresh
Bayam,,Freezer,20,10.0,Fresh
Sawi,Leafy Vegetable,Chiller,6,-1.0,Expired
Bawang Putih,Root Vegetable,Chiller,110,-20.0,Expired
Pear,Temperate Fruit,Outside,1,4.0,Fresh
Bawang Merah,Root Vegetable,Outside,2,28.0,Fresh
Kiwi,Temperate Fruit,Freezer,30,30.0,Fresh
Pakcoy,Leafy Vegetable,,25,-4.0,
Singkong,Root Vegetable,,2,5.0,Fresh
Pear,Temperate,Outside,2,3.0,Soon
  Pisang  ,Tropical Fruit,Freezer,36,-6.0,Kadaluarsa
Kiwi,temperat,Outside,,0.0,Expired
Pear,Temperate Fruit,Outside,0,5.0,Fresh
Tomat,Tropical Fruit,frzer,48,12.0,Fresh
Kiwi,Temperate Fruit,,1,4.0,Fresh
Mangga,TROPICAL,kulkas,8,-1.0,Expired
Alpukat,Tropical Fruit,Freezer,7,23.0,Fresh
Kangkung,Leafy Veg,Freezer,,6.0,segar
Jeruk Nipis,,frzer,13,47.0,Fresh
Semangka,Tropical Fruit,refrigerator,9,1.0,Soon
Kiwi,Temperate Fruit,Freezer,19,41.0,Fresh
 Kiwi,Temperate Fruit,Outside,5,0.0,Expired
Kiwi,Temperate Fruit,Freezer,78,-18.0,Expired
Jahe,Root Vegetable,Freezer,55,35.0,Fresh
kiwi,Temperate Fruit,Freezer,-1,40.0,Fresh
Mangga,TROPICAL,Chiller,1,6.0,Fresh
Kol,Leafy Vegetable,Freezer,21,9.0,Fresh
Wortel,Root Vegetable,Chiller,4,17.0,Fresh
Kangkung,Leafy Vegetable,Freezer,2,28.0,Fresh
Semangka,Tropical Fruit,Chiller,,0.0,Expired
Stroberi,Berry,Freezer,15,15.0,Fresh
Seledri,LEAFY VEGETABLE,Outside,9999,0.0,Expired
Jahe,Root Vegetable,Freezer,115,-25.0,
Apel,Temperate Fruit,Chiller,17,4.0,Segar
Seledri,Leafy Vegetable,OUTSIDE,0,2.0,Soon
Pisang,Tropical Fruit,Outside,3,0.0,
Sawi,LEAFY VEGETABLE,Kulkas,3,2.0,Soon
Jahe,Root Vegetable,Outside,10,4.0,Fresh
Pepaya,Tropical Fruit,Freezer,8,22.0,Fresh
Cabai Rawit,Chili Pepper,Outside,3,1.0,Soon
Jeruk,Citric Fruit,Outside,3,4.0,Fresh
Kiwi,Temperate Fruit,Freezer,14,46.0,Fresh
Pakcoy,Daun-daunan,Outside,1,0.0,Expired
Semangka,,,0,10.0,Fresh
Apel,Temperate Fruit,Chiller,7,14.0,Fresh
Sawi,Leafy Vegetable,Freezer,34,-4.0,Expired
Cabai Rawit,Chili Pepper,Freezer,2,58.0,Fresh
Apel,Temperate Fruit,Chiller,11,10.0,FRESH
Melon,Tropical Fruit,Freezer,32,-2.0,Expired
Selada,Leafy Vegetable,Chiller,9,-2.0,Expired
 Apel,,Freezer,106,-16.0,Expired
Jeruk Nipis,Citric Fruit,,4,56.0,Fresh
Selada,Leafy Vegetable,Outside,0,2.0,Soon
Anggur,Temperate Fruit,Outside,1,2.0,Soon
Jahe,Root Vegetable,Chiller,1,29.0,Fresh
Bayam,Leafy Vegetable,Outside,1,0.0,Expired
Lemon,Citric Fruit,Freezer,75,-15.0,Expired
Semangka,Tropical Fruit,Chiller,10,0.0,Expired
Nanas,Tropical Fruit,Freezer,29,1.0,Soon
Ubi Jalar,Root Vegetable,Freezer,71,19.0,Fresh
Jeruk Nipis,Citric Fruit,Chiller,4,10.0,Fresh
Anggur,Temperate Fruit,Outside,1,2.0,Soon
Seledri,Leafy Vegetable,,15,6.0,Fresh
Kunyit,Root Vegetable,Chiller,33,-3.0,Basi
Singkong,Root Vegetable,Outside,0,3.0,Soon
Jeruk,citrus fruit,outside,-5,1.0,Segera
Wortel,,Outside,3,2.0,Soon
Pear,Temperate Fruit,Outside,0,5.0,Fresh
Jeruk Bali,Citric Fruit,Freezer,4,56.0,Fresh
Pear,temperat,Freezer,27,33.0,Fresh
Brokoli,Leafy Vegetable,Freezer,26 hari,4.0,Fresh
Paprika,Chili Pepper,CHILLER,18 hari,-4.0,
Jeruk Nipis,Citric Fruit,Freezer,54,6.0,Fresh
Anggur,Temperate Fruit,Chiller,9,-2.0,Expired
BAWANG MERAH,Root Vegetable,Freezer,31,149.0,Fresh
Cabai Rawit,Chili Pepper,Outside,0,4.0,Fresh
Sawi,Leafy Vegetable,Freezer,30,0.0,Expired
Kunyit,Root Vegetable,Outside,9999,-2.0,Expired
Singkong,Root Vegetable,Freezer,20,10.0,Fresh
Melon,Tropical Fruit,Chiller,0,7.0,Fresh
Raspberry,Berry,Outside,2,0.0,Expired
Pisang,Tropical Fruit,Chiller,1,4.0,Fresh
Paprika,Chili Pepper,Outside,0,5.0,Fresh
Kentang,Root Vegetable,Chiller,10,20.0,Fresh
Seledri ,Leafy Vegetable,Chiller,3,4.0,Fresh
Mangga,Tropical Fruit,Freezer,16,14.0,Fresh
Bawang Putih,Root Vegetable,Freezer,48 hari,132.0,Fresh
Semangka,Tropical Fruit,Outside,1,6.0,Fresh
Ubi Jalar,Root Vegetable,Outside,,13.0,Fresh
Pepaya,,Chiller,7,0.0,Kadaluarsa
Jeruk,Citric Fruit,Freezer,21,39.0,Fresh
Selada,Leafy Vegetable,Outside,2,0.0,
Kangkung,Leafy Vegetable,Chiller,4,0.0,expired
Singkong,Root Vegetable,Freezer,9,21.0,Fresh
Kiwi,Temperate,,5,0.0,
Cabai Merah,Chili Pepper,Outside,6,-1.0,Expired
Kunyit,Root Vegetable,Freezer,55,35.0,Fresh
Pisang,Tropical Fruit,Freezer,5,25.0,Fresh
Bawang Merah,Root Vegetable,Freezer,178,2.0,Soon
Kiwi,Temperate Fruit,Outside,3,2.0,Soon
 Bayam,Leafy Vegetable,Freezer,7,23.0,Fresh
Bawang Merah,Root Vegetable,Freezer,139,41.0,ok
Pear,temperat,Chiller,18,-4.0,Expired
Selada,Leafy Vegetable,Outside,1,1.0,Soon
Kangkung,Leafy Vegetable,Freezer,34 hari,-4.0,Expired
Ubi Jalar,Root Vegetable,Outside,16,-2.0,Expired
Cabai Merah,Chili Pepper,Freezer,30,30.0,Fresh
Tomat,Tropical Fruit,Outside,6,-1.0,Expired
Nanas,Tropical Fruit,Outside,0,5.0,Fresh
Mangga,Tropical Fruit,Freezer,25,5.0,Fresh
Mangga,Tropical Fruit,Outside,1,4.0,Fresh
seledri,Leafy Vegetable,Outside,0,2.0,Soon
Nanas,Tropical Fruit,Freezer,33,-3.0,Expired
Jeruk Bali,,,7,7.0,Fresh
Bayam,Leafy Vegetable,Chiller,6,-1.0,Expired
jeruk bali,Citric Fruit,Outside,14,0.0,Expired
jeruk bali,Citric Fruit,Chiller,27,3.0,Soon
Pisang,Tropical Fruit,Outside,2,1.0,Soon
Pear,Temperate Fruit,Chiller,9,5.0,Fresh
Melon,Tropical Fruit,Chiller,3,4.0,Fresh
Paprika,chili pepper,Freezer,33,27.0,Fresh
Lemon,Citric Fruit,Freezer,73,-13.0,Expired
Semangka,Tropical Fruit,Freezer,18,12.0,Fresh
Bawang Merah,Root Vegetable,Chiller,2,58.0,Fresh
Seledri,Leafy Vegetable,Freezer,2,19.0,Fresh
Alpukat,Tropical Fruit,Freezer,33,-3.0,Expired
Kentang,Root Vegetable,Outside,,10.0,Fresh
Kiwi,Temperate Fruit,Chiller,17,-3.0,Expired
Brokoli,Leafy Vegetable,CHILLER,3,7.0,Fresh
Semangka,Tropical Fruit,Outside,5,2.0,Soon
Jeruk Nipis,Citric Fruit,Freezer,15,,
Paprika,Chili Pepper,,4,10.0,Fresh
Pear,Temperate Fruit,Freezer,18,42.0,Fresh
Mangga,Tropical Fruit,Outside,0,5.0,Fresh
Melon,Tropical Fruit,Outside,1,4.0,ok
Jeruk,Citric Fruit,Outside,4 hari,3.0,Soon
Wortel,ROOT VEG,Freezer,17,73.0,Fresh
Kol,Leafy Vegetable,Outside,2,1.0,Soon
Paprika,Chili Pepper,,0,5.0,
Bayam,Leafy Vegetable,Beku,20,10.0,
Jeruk Bali,Citric Fruit,Room Temp,1,13.0,Fresh
Kol,Leafy Vegetable,Outside,3,0.0,Expired
Pisang,Tropis,Outside,1,2.0,Soon
Mangga,Tropical Fruit,,7,0.0,Expired
Pepaya,Tropical Fruit,Luar,,1.0,Soon
Cabai Merah,Chili Pepper,Chiller,6,8.0,Fresh
Jahe,Sayur Akar,Freezer,73,17.0,Fresh
Singkong,Root Vegetable,Outside,2,1.0,Soon
Brokoli,Leafy Vegetable,kulkas,5,5.0,OK
Bawang Merah,Root Vegetable,Freezer,198 hari,,Basi
Stroberi,,frzer,22,8.0,Fresh
Kentang,Root Vegetable,Freezer,92,,Expired
Raspberry,berry,Outside,0,2.0,Soon
Jeruk,Citric Fruit,Chiller,21,0.0,Expired
Kangkung,Leafy Vegetable,Outside,0,1.0,Soon
Anggur,Temperate Fruit,Outside,,0.0,Expired
Brokoli,Daun-daunan,,1,1.0,Soon
Raspberry,Berry,Outside,2,0.0,Expired
Jeruk Nipis,Citric Fruit,frozen,54,6.0,Fresh
Jeruk,Citric Fruit,fridge,,-3.0,Expired
Cabai Rawit,Chili Pepper,,45,15.0,Fresh
  Stroberi  ,Berry,chiller,2,3.0,Soon
Kangkung,Leafy Vegetable,Freezer,28,2.0,Soon
Alpukat,Tropical Fruit,Chiller,5,2.0,Soon
Apel,Temperate Fruit,Chiller,18,3.0,Soon
Apel,Temperate Fruit,Chiller,5,16.0,Fresh
Singkong,Root Vegetable,Freezer,,9.0,FRESH
Kentang,Root Vegetable,Outside,5,9.0,Fresh
Lemon,Citric Fruit,,6,15.0,Fresh
Pisang,Tropical Fruit,Chiller,2,3.0,Soon
Jeruk Nipis,Citric Fruit,Outside,3,4.0,Fresh
Wortel,Root Vegetable,Chiller,2,19.0,Fresh
Lemon,Citric Fruit,OUTSIDE,2,5.0,Fresh
Stroberi,Berry,Outside,0,2.0,Soon
Lemon,Citric Fruit,Chiller,7,14.0,Fresh
Apel,Temperate Fruit,OUTSIDE,2,5.0,Fresh
Seledri,Leafy Vegetable,suhu ruangan,1,1.0,hampir
Brokoli,Leafy Vegetable,Chiller,13,-3.0,Expired
Apel,Temperate Fruit,Freezer,87,3.0,Soon
Kentang,Root Vegetable,beku,65,25.0,Fresh
Melon,Tropical Fruit,Chiller,1,6.0,Fresh
Ubi Jalar,Root Vegetable,Outside,12,2.0,
Kol,Leafy Vegetable,Chiller,11,3.0,Soon
Kunyit,Root Vegetable,Chiller,8,22.0,Fresh
Sawi,Leafy Vegetable,,17,13.0,Fresh
Kentang,root vegetable,Chiller,26,4.0,Fresh
Pisang,Tropical Fruit,Freezer,5,,Fresh
Melon,Tropical Fruit,Outside,6,-1.0,Expired
Mangga,Tropical Fruit,Outside,4 hari,1.0,Soon
Kol,Leafy Vegetable,Outside,0,3.0,Soon
Ubi Jalar,Root Vegetable,frozen,73,17.0,Fresh
Stroberi,Berry,Outside,,0.0,Expired
Kol,Leafy Veg,Freezer,31,-1.0,Expired
Bawang Putih,Root Vegetable,Outside,40,5.0,Fresh
Kol,Leafy Veg,Outside,1,2.0,Soon
Anggur,Temperate Fruit,Outside,-1,9999.0,Soon
Lemon,Citric Fruit,Suhu Ruangan,8,-1.0,Expired
Cabai Merah,Cabe,Chiller,6,8.0,ok
Wortel,Root Veg,Freezer,51,39.0,Fresh
Bawang Putih,Root Vegetable,Chiller,32,58.0,Fresh
Brokoli,Leafy Vegetable,Freezer,10,,Fresh
Kentang,Root Vegetable,frozen,75,15.0,Fresh
Pepaya,Tropical Fruit,Freezer,8,22.0,Fresh
Stroberi,Berry,frozen,21,9.0,Fresh
Raspberry,Berry,Freezer,24,-3.0,Expired
Blueberry,Berry,Chiller,3,4.0,Fresh
Bayam,Leafy Vegetable,Freezer,33,-3.0,Expired
Paprika,Chili Pepper,,3,2.0,Soon
Kunyit,Root Vegetable,Chiller,5,25.0,Fresh
Jahe,Root Vegetable,Refrigerator,17,13.0,
Singkong,Root Vegetable,Chiller,0,7.0,Fresh
Melon,Tropical Fruit,Outside,1,4.0,Fresh
Jeruk Nipis,Citric Fruit,,11,3.0,hampir
 Raspberry,Berry,Freezer,1,20.0,
Bawang Merah,,Freezer,233,-53.0,Expired
Nanas,Tropical Fruit,Outside,2,3.0,Soon
Semangka,TROPICAL,Chiller,13,-3.0,Expired
Kiwi,Temperate Fruit,Freezer,72,-12.0,Expired
Bayam,Leafy Vegetable,Outside,1,0.0,Expired
Seledri,Leafy Vegetable,Outside,0,2.0,hampir
Bawang Putih,Root Vegetable,Refrigerator,18,,Fresh
Selada,leafy vegetable,Outside,2,0.0,Expired
Apel,Temperate Fruit,Chiller,7,14.0,Fresh
Wortel,Root Vegetable,,0 hari,5.0,Fresh
Tomat,Tropical Fruit,Freezer,53,7.0,Fresh
Jeruk,citric fruit,,47,9999.0,Segar
Bayam,Leafy Vegetable,Chiller,1,4.0,Fresh
Seledri,Leafy Vegetable,kulkas,8,-1.0,Expired
Kunyit,Root Vegetable,Freezer,66,24.0,Fresh
Kentang,Root Vegetable,Freezer,-5,12.0,Fresh
Alpukat,Tropical Fruit,Chiller,,0.0,EXPIRED
Singkong,Root Vegetable,Outside,2,1.0,Soon
Bayam,Leafy Vegetable,Freezer,28,,soon
Cabai Rawit,Chili Pepper,Freezer,55,5.0,Fresh
Singkong,Akar-akaran,Chiller,1,6.0,Fresh
Wortel,Root Vegetable,Freezer,4,86.0,Fresh
Tomat,Tropical Fruit,CHILLER,15,-1.0,Expired
Pakcoy,Leafy Vegetable,Outside,1,0.0,Expired
Cabai Rawit,Chili Pepper,Outside,3,1.0,
Selada,Leafy Vegetable,Freezer,5,25.0,Segar
Kiwi,Temperate Fruit,Chiller,6,8.0,Fresh
Singkong,Root Vegetable,,4,3.0,warning
Apel,Temperate Fruit,Chiller,25,-4.0,Expired
Semangka,Tropical Fruit,Chiller,4,6.0,Fresh
Jeruk Bali,Citric Fruit,Chiller,11,,Fresh
Wortel,Root Vegetable,Outside,3,2.0,Soon
Blueberry,Berry,Outside,1,1.0,Soon
Kunyit,Root Vegetable,Freezer,48 hari,42.0,Fresh
Alpukat,Tropical Fruit,Chiller,0,7.0,Fresh
Alpukat,Tropical Fruit,Outside,3,0.0,Expired
Selada,Leafy Vegetable,Chiller,9,-2.0,Expired
Cabai Merah,Chili Pepper,Freezer,4,56.0,Fresh
Jeruk,Citric Fruit,Freezer,,10.0,Fresh
Selada,Leafy Vegetable,Chiller,3,4.0,Fresh
Ubi Jalar,Root Veg,Chiller,35,-5.0,Expired
Bayam,Leafy Veg,Chiller,,1.0,Soon
Cabai Rawit,Chili Pepper,Luar,2,2.0,Soon
Jeruk Nipis,Citric Fruit,Outside,7,0.0,Expired
Jeruk Bali,Citric Fruit,Outside,13,1.0,
Semangka,Tropical Fruit,Chiller,6,4.0,Fresh
Wortel,Root Vegetable,Outside,1,4.0,Fresh
Stroberi,Berry,Outside,1,1.0,Segera
Cabai Rawit,CHILI,Freezer,54,6.0,Fresh
Paprika,Chili Pepper,Outside,3,2.0,Soon
Singkong,Root Vegetable,Outside,3,0.0,Expired
Kunyit,ROOT VEG,,2,12.0,OK
Sawi,Leafy Vegetable,Chiller,6,-1.0,Expired
Raspberry,Berry,Outside,1,1.0,Soon
Pakcoy,Leafy Vegetable,Outside,9999,,Soon
Kentang,Root Vegetable,Chiller,32,-2.0,Expired
Selada,Leafy Vegetable,Chiller,5,2.0,Soon
 Jeruk Nipis,Citric Fruit,Freezer,43,17.0,Fresh
Pear,Temperate Fruit,Chiller,11,3.0,soon
Kol,Leafy Vegetable,freezer,30,0.0,Expired
Bayam,Leafy Vegetable,,1,0.0,Expired
Raspberry,,Room Temp,0,2.0,Soon
Seledri,Leafy Vegetable,Outside,2,0.0,Expired
Sawi,Leafy Vegetable,Outside,0,1.0,Soon
Kangkung,Leafy Vegetable,Freeze,4,26.0,Fresh
Jeruk Nipis,Citric Fruit,Outside,6,1.0,Soon
Alpukat,Tropical Fruit,Chiller,2,5.0,Fresh
Lemon,Citric Fruit,,63,-3.0,Expired
Ubi Jalar,,Freezer,79,11.0,Fresh
Bawang Merah,Root Vegetable,Outside,37,-7.0,Expired
Brokoli,,Outside,0,2.0,Soon
Blueberry,Berry,Chiller,7,0.0,Expired
Kiwi,Temperate Fruit,Freezer,,5.0,Fresh
Alpukat,Tropis,Outside,2,1.0,Soon
Kol,Leafy Vegetable,Suhu Ruangan,3,0.0,Basi
Pakcoy,Leafy Vegetable,Freezer,2,19.0,fresh
Bayam,Leafy Vegetable,Outside,1,0.0,Kadaluarsa
Ubi Jalar,Root Vegetable,Chiller,36,-6.0,Expired
Sawi,Leafy Vegetable,Freezer,18,12.0,Fresh
Stroberi,Berry,Chiller,4,1.0,Soon
Kentang,Root Vegetable,Chiller,,,Fresh
Cabai Rawit ,Chili Pepper,Outside,4,0.0,Expired
Cabai Merah,Chili Pepper,Chiller,,-3.0,Expired
Raspberry,Berry,Chiller,6,-999.0,Expired
Nanas,Tropical Fruit,refrigerator,9,-2.0,Expired
Bawang Merah,Root Vegetable,Freezer,210,-30.0,Expired
Paprika,Chili Pepper,beku,16,44.0,Fresh
Sawi,Leafy Vegetable,Outside,0,1.0,Soon
Blueberry,Berry,Chiller,5,2.0,Soon
Seledri,Leafy Vegetable,Refrigerator,1,6.0,Fresh
Pear,Temperate Fruit,Chiller,6,8.0,Fresh
Jeruk Bali,Citric Fruit,Freezer,56,4.0,Fresh
Jeruk Nipis,Citrus,Chiller,11,3.0,Soon
Pakcoy,Leafy Vegetable,Freezer,1000,6.0,Fresh
Lemon,CITRIC,Outside,9,-2.0,Expired
Kunyit,ROOT VEG,Outside,1,13.0,Fresh
Bawang Merah,Akar-akaran,Outside,31,-1.0,
Jahe,Root Vegetable,Outside,14,0.0,Expired
Kiwi,Temperate Fruit,Freezer,47,13.0,Fresh
Nanas,Tropical Fruit,Freezer,37,-7.0,Expired
Bayam,Leafy Vegetable,Outside,1,0.0,Expired
Raspberry,,,0 hari,5.0,Fresh
Jeruk,Citric Fruit,Chiller,20,1.0,Soon
Jahe,Root Vegetable,Freezer,112,-22.0,Expired
Tomat,tropical fruit,Freezer,10,50.0,Segar
Melon,Tropical Fruit,Outside,2,3.0,Soon
Melon,Tropical Fruit,Chiller,8,-1.0,Expired
Stroberi,Berry,Kulkas,2,3.0,Soon
Anggur,temperat,Chiller,8 hari,-1.0,Expired
Jeruk,Citric Fruit,Chiller,21,0.0,Expired
Paprika,Chili Pepper,suhu ruangan,4,1.0,Soon
Kentang,Root Vegetable,chiller,33,-3.0,expired
Jeruk Bali,,Outside,6,8.0,
Sawi,Leafy Vegetable,Outside,0,1.0,Soon
Kiwi,Temperate Fruit,Outside,3,2.0,Soon
Kentang,,Freezer,63,27.0,fresh
Semangka,Tropical Fruit,Freezer,-1,-2.0,Expired
Kunyit,Root Vegetable,Chiller,35,-5.0,Expired
ALPUKAT,Tropical Fruit,Chiller,7,0.0,Expired
Tomat,Tropical Fruit,Outside,6,-1.0,Expired
Kangkung,,Room Temp,0,1.0,Soon
Kangkung,Leafy Vegetable,kulkas,1,3.0,Soon
Bawang Putih,Root Vegetable,Freezer,,176.0,Fresh
Raspberry,,Outside,2,0.0,Expired
Cabai Merah,Chili Pepper,freezer,51,9.0,Fresh
Nanas,Tropical Fruit,Outside,6,-1.0,Expired
Stroberi,Berry,Outside,0 hari,2.0,Soon
Blueberry,Beri,Freezer,13,17.0,Fresh
Bawang Putih,root vegetable,Chiller,92,-2.0,Expired
Stroberi,Berry,Freezer,36,-6.0,Expired
Tomat,Tropical Fruit,Freezer,57,3.0,Soon
Paprika,Chili Pepper,Freezer,22,38.0,Fresh
Ubi Jalar,Root Vegetable,,12,18.0,Fresh
Lemon,Citric Fruit,Freezer,11,-50.0,Fresh
  Raspberry  ,Berry,Freezer,10,11.0,Fresh
Cabai Merah,Chili Pepper,Outside,3,2.0,Soon
Wortel,Root Vegetable,Outside,0,5.0,FRESH
	Selada,Leafy Vegetable,Chiller,2,5.0,Fresh
Apel,Temperate Fruit,Freezer,63,27.0,Fresh
Pisang,Tropical Fruit,Outside,2,1.0,Soon
Kol,Leafy Vegetable,Outside,3,0.0,Expired
Apel,Temperate Fruit,Chiller,12,9.0,Fresh
Pear,Temperate Fruit,Outside,1,4.0,Fresh
Kol,Leafy Vegetable,Chiller,11,3.0,Soon
Melon,,Chiller,9,-2.0,Expired
Nanas,Tropical Fruit,Chiller,8,-1.0,Expired
Kol,,Freezer,35,-5.0,Expired
Singkong,Root Vegetable,Freezer,16,14.0,Fresh
Pisang,Buah Tropis,Chiller,1,4.0,Fresh
Blueberry,Berry,Chiller,1,6.0,Fresh
Pepaya,Tropical Fruit,Outside,2,2.0,Soon
Bawang Putih,Root Vegetable,Chiller,35,55.0,Fresh
Jeruk,Citric Fruit,Outside,7,0.0,Expired
Kiwi,Temperate Fruit,Chiller,17,-3.0,Expired
Raspberry,Berry,Chiller,2,3.0,Soon
Apel,Temperate Fruit,Outside,,0.0,Expired
Kol,Leafy Vegetable,Chiller,17,-3.0,expired
Kangkung,Leafy Vegetable,Chiller,5,,Expired
Singkong,Root Vegetable,Outside,0,,Soon
Apel,Temperate Fruit,Chiller,9,12.0,Fresh
Bawang Merah,Root Vegetable,Freezer,233,-53.0,Expired
Anggur,Temperate Fruit,Chiller,8,,Expired
Sawi,Leafy Vegetable,Freeze,30,0.0,Expired
Paprika,Chili Pepper,Beku,31,29.0,Fresh
Sawi,Leafy Vegetable,Chiller,6,-1.0,EXPIRED
Wortel,Root Vegetable,Outside,1,4.0,Fresh
Bawang Putih,,Freezer,32,148.0,Fresh
Pear,,beku,50,10.0,Fresh
STROBERI,Berry,Freezer,38 hari,-8.0,Expired
Mangga,Tropical Fruit,Chiller,7,0.0,Expired
kentang,Root Vegetable,Outside,12,2.0,Soon
Blueberry,Berry,Outside,,1.0,Soon
Kangkung,Leafy Vegetable,Outside,1,0.0,Expired
Bayam,Leafy Vegetable,OUTSIDE,0,1.0,Soon
Ubi Jalar,Root Vegetable,Chiller,26,4.0,Fresh
Bawang Putih,Root Vegetable,Freezer,11,169.0,Fresh
Bawang Putih,Root Vegetable,frozen,189,-9.0,Basi
Apel,temperate fruit,Freezer,58,32.0,Fresh
Jeruk,Citric Fruit,Freezer,37,23.0,Fresh
Bawang Merah,Root Vegetable,Freezer,210,-30.0,Expired
Jeruk,Citric Fruit,chiller,6,15.0,Fresh
Kangkung,Leafy Vegetable,Outside,1,0.0,
Jeruk Nipis,Citric Fruit,Outside,3,4.0,Fresh
Lemon,Citric Fruit,Chiller,27,-6.0,Expired
Anggur,Temperate Fruit,Freezer,7,23.0,Fresh
Lemon,Citric Fruit,Outside,0,7.0,Fresh
Semangka,Tropical Fruit,Freezer,0,30.0,
Kentang,Root Vegetable,Freezer,45,45.0,Fresh
Melon,Tropical Fruit,Freezer,29,1.0,Soon
Tomat,Tropical Fruit,Outside,,2.0,Soon
 Alpukat,Tropical Fruit,Freezer,37,-7.0,Expired
Mangga,Tropical Fruit,Chiller,1000,6.0,Fresh
  Cabai Rawit  ,Chili Pepper,freezer,46,14.0,fresh
Kol,Leafy Vegetable,Outside,3,0.0,Dead
Apel,Temperate Fruit,Outside,0,7.0,Fresh
Blueberry,Berry,CHILLER,0,7.0,ok
Nanas,Tropical Fruit,frzer,36,-6.0,Expired
Bawang Merah,Root Vegetable,Outside,33,-3.0,Expired
Paprika,Chili Pepper,Chiller,4,10.0,Fresh
Alpukat,Tropical Fruit,room temp,0,3.0,Soon
Nanas,Tropical Fruit,Outside,,5.0,Fresh
Blueberry,Berry,Outside,1,1.0,Soon
Blueberry,Berry,,2,0.0,Expired
Kangkung,Leafy Vegetable,Outside,0,1.0,Soon
Ubi Jalar,Root Vegetable,Outside,10,4.0,Fresh
Jahe,Root Vegetable,Freezer,21,69.0,FRESH
Melon,Tropical Fruit,Chiller,8,-1.0,Expired
Raspberry,Berry,Freezer,21,0.0,Expired
Pakcoy,Leafy Vegetable,Outside,0,1.0,Soon
Apel,Temperate Fruit,Chiller,1,20.0,Fresh
Blueberry,Berries,Outside,1,1.0,SOON
	Kunyit,Root Vegetable,Freezer,23,67.0,Fresh
Jeruk Bali,Citric Fruit,CHILLER,12,18.0,Fresh
Pakcoy,,Freezer,17,4.0,Fresh
Cabai Rawit,Chili Pepper,Chiller,6,4.0,Fresh
BROKOLI,Leafy Vegetable,Chiller,6,4.0,Fresh
Kangkung,Leafy Vegetable,Outside,1,0.0,Expired
Alpukat,Tropical Fruit,Freezer,31,-1.0,Expired
Jahe,Sayur Akar,Outside,10,4.0,Fresh
Apel,Temperate Fruit,Chiller,26,-5.0,EXPIRED
Kangkung,Leafy Vegetable,Chiller,0,4.0,Fresh
Mangga,Tropical Fruit,Chiller,7,0.0,Expired
Kol,Leafy Vegetable,Chiller,9999,9.0,Fresh
Nanas,Tropical Fruit,Freezer,30,0.0,Expired
Seledri,Leafy Vegetable,,2,0.0,Expired
Jeruk Nipis,Citric Fruit,Freezer,56,4.0,Fresh
Pakcoy,Leafy Vegetable,Chiller,4,1.0,Segera
Mangga,Tropical Fruit,Chiller,2,5.0,Fresh
Cabai Merah,Chili Pepper,Freezer,74,-14.0,Expired
Semangka,Tropical Fruit,Outside,3,4.0,Fresh
Pakcoy,Leafy Vegetable,Chiller,2,3.0,Soon
Pear,Temperate Fruit,Suhu Ruangan,1,4.0,Fresh
Singkong,Root Vegetable,Freezer,21,9.0,FRESH
Jeruk Nipis,citrus fruit,Outside,9,-2.0,Expired
Singkong,Root Vegetable,Freezer,33,-3.0,Expired
Stroberi,Berry,Freezer,,8.0,Fresh
Bawang Putih,Root Vegetable,Freezer,197,-17.0,Expired
Anggur,Temperate Fruit,Kulkas,6,1.0,Soon
Paprika,Chili Pepper,Freezer,,-14.0,Expired
Bawang Putih,Root Vegetable,Chiller,115,-25.0,Expired
Pear,Temperate,Chiller,13,-50.0,Soon
Pepaya,Tropical Fruit,Outside,4,0.0,Expired
Kiwi,TEMPERATE,Freezer,35,25.0,Fresh
Cabai Rawit,Chili Pepper,Luar,1,3.0,Soon
Singkong,ROOT VEG,,3,0.0,Expired
Apel,Temperate Fruit,Freezer,54,36.0,Fresh
Stroberi,Berry,Freezer,,9999.0,Fresh
Raspberry,Berry,frozen,19,2.0,Soon
Mangga,Tropical Fruit,Freezer,35,-5.0,Expired
Mangga,Tropical Fruit,Chiller,4,3.0,Soon
Cabai Merah,Chili Pepper,Outside,5,0.0,Expired
Ubi Jalar,Root Vegetable,Chiller,9,21.0,Fresh
  Pepaya  ,Tropical Fruit,Freezer,39,-9.0,Expired
Nanas,tropical,Suhu Ruangan,5,0.0,Expired
Bawang Merah,Root Vegetable,,23,157.0,Fresh
Jeruk,Citric Fruit,Outside,5,2.0,Soon
Brokoli,Leafy Vegetable,Chiller,,9.0,Fresh
Semangka,Tropical Fruit,Luar,5,2.0,Soon
Pisang,Tropical Fruit,Outside,3,0.0,Expired
Semangka,Tropical Fruit,Freezer,2,-999.0,Fresh
Kentang,Root Vegetable,OUTSIDE,,2.0,Soon
Jahe,Root Vegetable,Suhu Ruangan,1,13.0,Fresh
Blueberry,Berry,Outside,1,1.0,Soon
Melon,tropical,,2,3.0,Soon
Mangga,,FREEZER,35,-5.0,Expired
Semangka,Tropical Fruit,Outside,5,2.0,Soon
Ubi Jalar,,Freezer,16,74.0,Fresh
Pakcoy,Leafy Vegetable,Freezer,16,5.0,Fresh
Wortel,,Chiller,21,0.0,Expired
Paprika,Chili Pepper,Outside,4,1.0,Soon
Lemon,Citric Fruit,Outside,1,6.0,Fresh
Jeruk,Citric Fruit,Outside,5,2.0,Soon
Selada,Leafy Vegetable,OUTSIDE,0,2.0,Soon
Seledri,Leafy Vegetable,Chiller,6,1.0,Soon
Sawi,Leafy Vegetable,Outside,0 hari,1.0,warning
Sawi,Leafy Vegetable,Outside,0,1.0,Soon
  Stroberi  ,Berry,Chiller,2,3.0,Warning
Cabai Merah,Chili Pepper,Refrigerator,8,6.0,Fresh
Ubi Jalar,Akar-akaran,Outside,5,9.0,Fresh
Cabai Rawit,Chili Pepper,Chiller,4,6.0,segar
Alpukat,Tropical Fruit,Chiller,1,6.0,
Tomat,Buah Tropis,Freezer,22,38.0,Fresh
Apel,,Chiller,18 hari,3.0,Soon
Jeruk Nipis,Citric Fruit,refrigerator,10,4.0,Fresh
Tomat,Tropical Fruit,,18,-4.0,Expired
Mangga,Tropical Fruit,,0,7.0,Segar
Mangga,Tropical Fruit,Outside,2,3.0,Soon
Kunyit ,Root Vegetable,Freezer,73 hari,17.0,Fresh
Kangkung,Leafy Vegetable,Luar,1,0.0,Expired
Jeruk,Citric Fruit,Freezer,65,-5.0,Expired
Seledri,Leafy Veg,Outside,1,1.0,Soon
Apel,temperate fruit,Outside,8,-1.0,Expired
Mangga,Tropical Fruit,Chiller,0 hari,7.0,Fresh
Paprika,Cabai,Outside,6,-1.0,Expired
Singkong,Root Vegetable,Outside,1,2.0,Soon
Bawang Putih,,Freezer,0,180.0,Fresh
Paprika,Chili Pepper,Freezer,22,38.0,Fresh
Alpukat,Tropical Fruit,Freezer,31,-1.0,Expired
Cabai Merah,Chili Pepper,Chiller,6,8.0,Fresh
Anggur,Temperate Fruit,Chiller,0,7.0,Fresh
Cabai Merah,Cabai,Outside,4,1.0,Soon
Wortel,root vegetable,Freezer,63,27.0,Fresh
Seledri,Leafy Veg,Freezer,24,-3.0,Expired
Kunyit,Root Vegetable,outside,6,8.0,Fresh
Ubi Jalar,Root Vegetable,Chiller,-5,11.0,Fresh
Seledri,Leafy Vegetable,Outside,0,2.0,Soon
Nanas,,Outside,4,1.0,soon
Kangkung,Leafy Vegetable,Chiller,4,0.0,Expired
Anggur,,Chiller,2,5.0,Fresh
kiwi,Temperate Fruit,Chiller,5 hari,9.0,Fresh
Jeruk,Citric Fruit,Outside,9,-2.0,Expired
Kangkung,Leafy Vegetable,Chiller,3,1.0,SOON
Stroberi,Berry,Chiller,2,3.0,Soon
Cabai Rawit,Chili Pepper,outside,3,1.0,Soon
Nanas,Tropis,,38,-8.0,Expired
Bawang Putih,Root Vegetable,Outside,41,4.0,Fresh
Jahe,Root Vegetable,Freezer,74,16.0,Fresh
Stroberi,Berry,Outside,1,1.0,Soon
Kangkung,LEAFY VEGETABLE,Freezer,26,4.0,ok
Apel,,Freezer,59,31.0,Fresh
Lemon,Citric Fruit,Freezer,3,57.0,Fresh
Paprika,Chili Pepper,fridge,17,-3.0,Expired
Selada,Leafy Vegetable,Freezer,27 hari,3.0,Soon
singkong,Root Vegetable,Room Temp,2 hari,1.0,Soon
Kiwi,Temperate Fruit,Outside,0,5.0,Fresh
Singkong,Root Vegetable,Freezer,34,-4.0,Expired
Kol,Leafy Vegetable,Beku,9,21.0,Fresh
Raspberry,Berry,Outside,0,2.0,Soon
Melon,Tropical Fruit,Outside,6,-1.0,Expired
Kiwi,Temperate Fruit,Outside,4,1.0,Soon
Apel,temperat,Freezer,98,-8.0,Expired
Kangkung,Leafy Vegetable,Chiller,5,-1.0,Expired
 Bayam,Leafy Vegetable,Chiller,3,2.0,Soon
Paprika,Chili Pepper,Freezer,21,39.0,Fresh
Alpukat,Tropical Fruit,Chiller,8,-1.0,Expired
Pepaya,Tropical Fruit,Outside,3,1.0,Soon
Wortel,Root Vegetable,Chiller,12,9.0,Fresh
Ubi Jalar,Root Vegetable,Freezer,96,-6.0,Expired
Stroberi,berrys,Chiller,4,1.0,Soon
	Kol,Leafy Vegetable,Chiller,6,8.0,FRESH
Bawang Putih,Root Vegetable,Outside,25,20.0,Fresh
Pear,Temperate Fruit,Chiller,0,14.0,Fresh
Pear,temperat,Freezer,,54.0,Segar
Selada,Leafy Vegetable,room temp,1,1.0,Soon
Jeruk Nipis,Citric Fruit,frzer,11,49.0,Fresh
Raspberry,Beri,Chiller,,0.0,Expired
Kentang,Root Vegetable,Beku,101,-11.0,Expired
Pear,Temperate Fruit,Chiller,15,-1.0,Kadaluarsa
Jahe,,Outside,15,-1.0,Expired
Pear ,Temperate Fruit,Chiller,10,4.0,ok
Cabai Merah,chili pepper,Outside,1,4.0,ok
Kentang,Root Vegetable,Freezer,6,84.0,Fresh
Kentang,ROOT VEG,Freezer,23,67.0,Fresh
Jeruk Nipis,,Chiller,5 hari,9.0,Fresh
Paprika,Chili Pepper,Outside,2,3.0,Soon
Kol,Leafy Vegetable,,10,20.0,ok
Paprika,Chili Pepper,Chiller,12,2.0,Soon
Nanas,Tropical Fruit,Freeze,14,16.0,Fresh
Anggur,Temperate Fruit,Outside,0,3.0,Soon
Brokoli,leafy vegetable,Freezer,23,7.0,Fresh
Selada,Leafy Veg,Freezer,11,19.0,Fresh
Bawang Merah,Root Vegetable,Chiller,43,17.0,FRESH
Blueberry,Berry,Chiller,2,5.0,Fresh
Kol,Leafy Vegetable,Chiller,5,9.0,Fresh
Jeruk,Citric Fruit,Chiller,20,1.0,Soon
Wortel,Sayur Akar,Freezer,75,15.0,Fresh
PEPAYA,Tropical Fruit,Freezer,36,-6.0,Expired
Kiwi,Temperate Fruit,Outside,2,3.0,Soon
Semangka,,Chiller,5,5.0,Fresh
Mangga,Tropical Fruit,Freezer,38,-8.0,Expired
Melon,Tropical Fruit,outside,3,,Soon
Pakcoy,Leafy Vegetable,Chiller,6,-1.0,Expired
Cabai Merah,,Freezer,34,26.0,
Melon,Tropical Fruit,Chiller,3,4.0,Fresh
Pakcoy,Leafy Vegetable,Chiller,4,1.0,Soon
Mangga,Tropical Fruit,Freezer,34,-4.0,Expired
Kol,Leafy Vegetable,Freezer,37,-7.0,Expired
Jeruk Bali,Citric Fruit,Freezer,37,23.0,segar
Jeruk Bali,Citric Fruit,Freezer,13,47.0,Fresh
Pisang,Tropical Fruit,Outside,0,3.0,Soon
Brokoli,Leafy Vegetable,,0,2.0,Soon
Jeruk Bali,Citric Fruit,Outside,1,13.0,Fresh
Kangkung,Leafy Vegetable,Outside,0,1.0,warning
Jahe,Root Vegetable,Freezer,19,71.0,Fresh
Sawi,,Chiller,0,5.0,Fresh
Lemon,Citric Fruit,Outside,7,0.0,Expired
Selada,Leafy Vegetable,Chiller,8,-1.0,Expired
Kentang,Root Vegetable,Freezer,28,62.0,Fresh
Apel,Temperate Fruit,,20,1.0,Soon
Pisang,Tropical Fruit,Chiller,4,,Soon
Sawi,Leafy Vegetable,Chiller,6,-1.0,Expired
Seledri ,Leafy Vegetable,Freezer,23,-2.0,Expired
Blueberry,Berry,Outside,0,2.0,Soon
  Cabai Rawit  ,Chili Pepper,Chiller,4,6.0,Fresh
Jeruk,Citric Fruit,Chiller,26,-5.0,Expired
Pepaya,Tropical Fruit,Freezer,11,19.0,Fresh
Alpukat,Tropical Fruit,Outside,0,3.0,Soon
Pear,Temperate Fruit,Freezer,53 hari,7.0,
Alpukat,Tropical Fruit,,0,3.0,Soon
Blueberry,Berry,Outside,2,0.0,Expired
Pear,Temperate Fruit,Outside,1,4.0,Fresh
Stroberi,Berry,Freezer,30,0.0,Expired
Kangkung,Leafy Vegetable,CHILLER,3,1.0,SOON
Singkong,root vegetable,,1,2.0,Soon
Selada,Leafy Vegetable,Beku,11,19.0,Fresh
Semangka,Tropical Fruit,Freezer,39,-9.0,Expired
Raspberry,Berry,Outside,2,0.0,Kadaluarsa
Jeruk,Citric Fruit,Chiller,5,16.0,Fresh
Blueberry,Berry,Outside,2,0.0,Expired
Jeruk,Citric Fruit,Freezer,64,-4.0,Expired
Bayam,leafy vegetable,Freezer,38,-8.0,Expired
Pakcoy,Leafy Vegetable,Chiller,2,3.0,SOON
Jeruk,Citric Fruit,outside,1,6.0,Fresh
Singkong,Root Vegetable,Outside,3,0.0,Expired
Pakcoy,Leafy Vegetable,Chiller,0,5.0,FRESH
Blueberry,Berry,FREEZER,20,10.0,Fresh
Semangka,Tropical Fruit,Chiller,2,8.0,Fresh
Kiwi,Temperate Fruit,Outside,6,-1.0,Expired
Jeruk Bali,Citric Fruit,Chiller,27,3.0,Soon
Kangkung,Leafy Vegetable,kulkas,3,1.0,Soon
Cabai Merah,Chili Pepper,Chiller,15,-1.0,Expired
Stroberi,BERRY,frzer,30,0.0,Expired
Jeruk Nipis,Citric Fruit,CHILLER,,3.0,Soon
Semangka,Tropical Fruit,Freezer,34,-4.0,EXPIRED
Paprika,chili pepper,Freezer,43,17.0,Fresh
Wortel,Root Vegetable,Outside,6,-1.0,Expired
Jahe,root vegetable,Outside,6,8.0,Fresh
Anggur,Temperate Fruit,OUTSIDE,3,0.0,Expired
Pisang,Tropical Fruit,Outside,2 hari,-50.0,Soon
Tomat,Tropical Fruit,Freezer,12,48.0,ok
Blueberry,Berry,Chiller,3,4.0,Fresh
Kunyit,Root Vegetable,Refrigerator,6,24.0,Fresh
Brokoli,Leafy Vegetable,Outside,2 hari,0.0,Expired
Semangka,Tropical Fruit,Chiller,9,1.0,Soon
Pepaya,Tropical Fruit,Outside,1,3.0,Soon
Cabai Rawit,Cabai,freezer,45,15.0,Fresh
Selada,Leafy Vegetable,Freezer,37,-7.0,Expired
Cabai Rawit,Chili Pepper,Outside,3,1.0,Soon
  Kiwi  ,TEMPERATE,Outside,6,-1.0,Expired
Paprika,Chili Pepper,Suhu Ruangan,5,-50.0,Expired
Jeruk,Citric Fruit,Outside,1,6.0,Fresh
cabai merah,chili pepper,Freezer,9,51.0,fresh
Bayam,Leafy Vegetable,Outside,0,1.0,Soon
Kol,Sayur Daun,Chiller,3,11.0,Fresh
Kunyit,Root Vegetable,Chiller,39,-9.0,Expired
Wortel,Root Vegetable,Outside,1,4.0,Fresh
Sawi,Leafy Vegetable,beku,30,0.0,Expired
Kentang,Root Vegetable,Chiller,37,-7.0,Expired
Lemon,Citric Fruit,Freezer,24,36.0,Fresh
Seledri,Leafy Vegetable,Beku,24,-3.0,Expired
Bayam,Leafy Vegetable,Chiller,3,2.0,Soon
Kangkung,Leafy Vegetable,Outside,0,1.0,Soon
Pisang,Tropical Fruit,Outside,1,2.0,Soon
Pakcoy,Leafy Vegetable,Freezer,,17.0,Fresh
Kol,Leafy Vegetable,Chiller,9999,7.0,Fresh
Jeruk,Citric Fruit,Freezer,19,41.0,Fresh
Cabai Rawit,Chili Pepper,Chiller,13,-3.0,Expired
Jeruk,Citric Fruit,freezer,34,26.0,Fresh
	Raspberry,Berry,Outside,-5,0.0,Expired
Pisang,Tropical Fruit,Outside,3,0.0,Expired
Cabai Merah,Chili Pepper,Outside,4,1.0,Soon
Cabai Merah,Chili Pepper,Freezer,45 hari,15.0,Fresh
Kiwi,Temperate Fruit,Freezer,14,46.0,Fresh
	Pear,Temperate Fruit,refrigerator,9,5.0,Fresh
Wortel,Root Vegetable,Kulkas,9,12.0,Fresh
Selada,Leafy Vegetable,Refrigerator,1,6.0,Fresh
Paprika,Chili Pepper,Freezer,42,18.0,Fresh
Stroberi,Berry,,2,3.0,Soon
Jahe,Root Vegetable,Freezer,109,-19.0,Expired
Selada,Leafy Vegetable,Chiller,2,5.0,Fresh
Jeruk Nipis,Citric Fruit,Freezer,39,21.0,Fresh
Blueberry,Berry,Chiller,2,5.0,Fresh
Raspberry,Berry,Chiller,0,5.0,Fresh
Melon,Tropical Fruit,Outside,1,4.0,Fresh
Tomat,Tropical Fruit,Chiller,17,-3.0,Expired
Kunyit,Root Vegetable,Chiller,18,12.0,Fresh
Kol,Leafy Vegetable,Outside,0,3.0,Soon
Jeruk Bali,Citric Fruit,Chiller,11,19.0,Fresh
Stroberi,Berry,,1,4.0,Fresh
Pakcoy,Leafy Vegetable,Suhu Ruangan,1 hari,0.0,Expired
Pear,,Freezer,70,-10.0,Expired
Kangkung,Leafy Vegetable,Outside,0,1.0,Soon
Singkong,Root Vegetable,Freezer,27,3.0,Soon
Jahe,Root Vegetable,beku,42 hari,48.0,Fresh
Pear ,Temperate Fruit,kulkas,13,1.0,Soon
Pisang,Tropical Fruit,Outside,3,0.0,Expired
Kangkung,Leafy Vegetable,Outside,0,1.0,Soon
SEMANGKA,Tropical Fruit,Freezer,19 hari,11.0,Fresh
Apel,Temperate Fruit,Freezer,45,45.0,Fresh
Pakcoy,Leafy Vegetable,Chiller,0,5.0,Fresh
Cabai Rawit,Chili Pepper,Outside,1,3.0,Soon
Jeruk,Citric Fruit,Chiller,5,16.0,Fresh
Jeruk Bali,Citric Fruit,Chiller,6,24.0,Fresh
Jeruk Nipis,Citric Fruit,,9999,6.0,Fresh
Jahe,Root Vegetable,Freezer,24,66.0,Fresh
 Brokoli,LEAFY VEGETABLE,Outside,0,2.0,Soon
Bawang Merah,Root Vegetable,Chiller,39,21.0,Fresh
Sawi,LEAFY VEGETABLE,Chiller,0,5.0,Fresh
Sawi,Leafy Vegetable,Chiller,3,2.0,Soon
Mangga,tropical fruit,Chiller,1000,-1.0,
Stroberi,,Chiller,5,0.0,Expired
Bawang Merah,Root Vegetable,Outside,14,16.0,Fresh
Jeruk Nipis,Citric Fruit,Chiller,4,,Fresh
Ubi Jalar,Root Vegetable,Freezer,13,77.0,Fresh
Tomat,Tropical Fruit,Outside,1000,4.0,Fresh
Blueberry,Berry,Chiller,9,-2.0,Expired
Pakcoy,Leafy Vegetable,Freezer,2,19.0,ok
 Pakcoy,Leafy Vegetable,Outside,1,,Expired
Kangkung,Leafy Vegetable,Freezer,19 hari,11.0,Fresh
Ubi Jalar,Root Vegetable,Freezer,90,0.0,Expired
Tomat,Tropical Fruit,Kulkas,15,-1.0,
Pisang,Tropical Fruit,Freezer,20,10.0,Fresh
Pisang,Tropical Fruit,Freezer,37,-7.0,Expired
Jeruk Nipis,Citric Fruit,Freezer,27,33.0,OK
Ubi Jalar,Root Vegetable,Chiller,25,5.0,Fresh
Bayam,Leafy Vegetable,Chiller,1 hari,4.0,Fresh
Pear,Temperate Fruit,Chiller,2,12.0,Fresh
Kiwi,Temperate Fruit,Outside,6,-1.0,Expired
Alpukat,,Freezer,,-7.0,Expired
Cabai Merah,Chili Pepper,Freezer,22,,Fresh
Cabai Merah,Chili Pepper,Outside,3,2.0,Soon
Singkong,Root Vegetable,Outside,0,3.0,Soon
Bawang Putih,Root Vegetable,Outside,48,-3.0,Expired
Kunyit,Sayur Akar,Outside,6,8.0,Fresh
Nanas,tropical,,8,-1.0,Expired
Mangga,Buah Tropis,Freezer,32,-2.0,Expired
Ubi Jalar,Root Vegetable,Outside,14,0.0,Expired
Singkong,Root Veg,beku,12,18.0,Fresh
Jahe,Root Vegetable,,1,13.0,Fresh
Bawang Putih,Root Vegetable,Outside,27,18.0,Fresh
Kiwi,Temperate Fruit,Freezer,37,23.0,Fresh
Anggur,Temperate Fruit,Chiller,,4.0,Fresh
Kunyit,Root Vegetable,Chiller,15 hari,,Fresh
Brokoli,Leafy Vegetable,Outside,1,1.0,Soon
Anggur,Temperate Fruit,Outside,0,3.0,Soon
Pepaya,,Freezer,27,3.0,Soon
Melon,Tropical Fruit,Freezer,3,27.0,Fresh
Wortel,Root Vegetable,Freezer,8,82.0,Fresh
Lemon,Citric Fruit,Outside,9,-2.0,Expired
Bayam ,Leafy Vegetable,Chiller,5,0.0,Expired
Ubi Jalar,Root Vegetable,Outside,13,1.0,Soon
Ubi Jalar,ROOT VEG,Freezer,89,9999.0,Soon
Anggur,Temperate Fruit,Freezer,24,6.0,Segar
Semangka,Tropical Fruit,,20,10.0,Fresh
Brokoli,Leafy Vegetable,Outside,2,0.0,Expired
Stroberi,Berry,Outside,2,0.0,Expired
Pepaya,Tropical Fruit,Freezer,19,11.0,Fresh
Cabai Rawit,Chile,Freezer,53,7.0,
Jeruk Nipis,Citric Fruit,Freezer,7,53.0,Fresh
Jeruk,Citric Fruit,Outside,1,6.0,Fresh
Anggur,Temperate Fruit,Outside,1000,2.0,Soon
Jeruk Nipis,Citric Fruit,Chiller,16,-2.0,Expired
Pear,Temperate Fruit,Chiller,9,,Fresh
Seledri,Leafy Vegetable,Chiller,5,2.0,Soon
Mangga,Tropical Fruit,Outside,5,0.0,Expired
Pear,Temperate Fruit,Chiller,1,13.0,Fresh
Pear,Temperate Fruit,Chiller,16 hari,-2.0,Expired
Melon,Tropical Fruit,Outside,2,3.0,Soon
Pakcoy,Leafy Vegetable,,25,-4.0,Expired
Jahe,,,109,-19.0,Expired
stroberi,Berry,,1,1.0,Soon
Wortel,Root Vegetable,Outside,3,2.0,Soon
Cabai Rawit,Chili Pepper,Outside,4 hari,0.0,Expired
Pakcoy,LEAFY VEGETABLE,Chiller,3,2.0,
Bayam,Leafy Vegetable,Outside,0,1.0,Soon
Jeruk Bali,Citric Fruit,Outside,,-1.0,Expired
Pisang,Tropical Fruit,Outside,2,1.0,Soon
Pakcoy,Leafy Vegetable,Freezer,13,8.0,Fresh
Tomat,Tropical Fruit,Outside,6,-1.0,Expired
Apel,Temperate Fruit,Freezer,8,82.0,Fresh
 Stroberi,Berry,Freezer,,,ok
cabai rawit,Chili Pepper,Outside,4,0.0,Expired
Kangkung,Leafy Vegetable,Chiller,2,2.0,Soon
Paprika,Chili Pepper,Outside,3,2.0,Soon
  Paprika  ,Chili Pepper,Freezer,17,43.0,Fresh
Alpukat,Tropical Fruit,Outside,2,1.0,Soon
Melon,,Outside,2,3.0,SOON
Selada,Leafy Vegetable,Outside,0,2.0,Soon
Pakcoy,Leafy Vegetable,Freezer,18,3.0,Soon
Jeruk,Citric Fruit,Freezer,41,19.0,Fresh
Wortel,Root Vegetable,Outside,5,0.0,Expired
Jeruk Bali,Citric Fruit,Outside,18,-4.0,EXPIRED
Selada,Leafy Vegetable,,2,0.0,Expired
Jahe,ROOT VEG,Freezer,67,23.0,Fresh
Kangkung,Leafy Vegetable,Freezer,34,-4.0,Expired
Pakcoy,Leafy Vegetable,Outside,0,1.0,Soon
Jahe,Root Vegetable,Freezer,79,11.0,
Alpukat,Tropical Fruit,chiller,2,5.0,FRESH
Pisang,Tropical Fruit,Outside,2,1.0,Soon
Bawang Putih,Root Vegetable,Outside,55,-10.0,Expired
Bawang Putih,Root Vegetable,Freezer,91,89.0,Fresh
Kunyit,,Outside,7,7.0,Fresh
Pear,Temperate Fruit,Chiller,12 hari,2.0,Soon
Bawang Putih,root vegetable,Chiller,38,52.0,Fresh
Jeruk,Citric Fruit,Outside,5,2.0,Soon
Singkong,Root Vegetable,Chiller,8,-1.0,Expired
Kol,Leafy Vegetable,Freezer,10 hari,20.0,Fresh
Paprika,Chili Pepper,Outside,,5.0,Fresh
Jeruk Nipis,Citric Fruit,Freezer,52 hari,,Fresh
Sawi,Leafy Vegetable,Outside,1,0.0,kadaluarsa
Seledri,Leafy Vegetable,Outside,1,1.0,Soon
Pakcoy,Leafy Vegetable,Outside,1,9999.0,Expired
Jahe,Root Vegetable,Freezer,68,22.0,Fresh
Wortel,root vegetable,Chiller,19 hari,2.0,Soon
Brokoli,Leafy Vegetable,Outside,0,2.0,Soon
 Mangga,Tropical Fruit,Freezer,6,24.0,Fresh
Nanas,Tropical Fruit,Chiller,8,-1.0,Expired
Jeruk,Citric Fruit,Freezer,73,-13.0,Expired
Kentang,Root Vegetable,Chiller,15,15.0,Fresh
Jahe,Root Vegetable,Outside,2,12.0,Fresh
Selada,Leafy Vegetable,Freezer,0,30.0,Fresh
Kangkung,Leafy Vegetable,Outside,0,1.0,warning
Stroberi,Berry,Chiller,0,5.0,FRESH
Kunyit,,frzer,82,8.0,Fresh
Anggur,Temperate Fruit,Freezer,24,6.0,Fresh
Seledri,Leafy Vegetable,Outside,1,1.0,Soon
Jahe,Root Vegetable,Outside,8,6.0,Fresh
Jeruk Bali,,,4,10.0,Fresh
Jeruk Nipis,Citric Fruit,outside,6,1.0,Soon
Seledri,Leafy Vegetable,Outside,2,0.0,Expired
Anggur,temperate fruit,Outside,1,2.0,SOON
Wortel,Root Vegetable,Chiller,9,12.0,Fresh
Kangkung,Leafy Vegetable,Chiller,5,-1.0,Expired
Anggur,Temperate Fruit,Beku,1,29.0,Fresh
Wortel,Root Veg,Chiller,6,15.0,fresh
Raspberry,Berry,Freezer,6,15.0,Fresh
Stroberi,Berry,Freezer,6,24.0,segar
Semangka,Buah Tropis,Freezer,24,6.0,FRESH
Apel,Temperate Fruit,Outside,4,3.0,Soon
Wortel,Root Vegetable,Chiller,26,-5.0,Expired
Semangka,Tropical Fruit,Kulkas,2,8.0,Fresh
Blueberry,Berry,Chiller,4,3.0,Soon
Lemon,Citric Fruit,Chiller,26 hari,-5.0,Expired
Cabai Rawit,Chili Pepper,Freezer,77,-17.0,Expired
Pear,Temperate Fruit,Freezer,78,-18.0,Expired
Pisang,Tropical Fruit,Freezer,16,14.0,Fresh
Bawang Putih,Root Vegetable,Outside,47,-2.0,
Jeruk Bali,Citric Fruit,Outside,14,0.0,
Selada,Leafy Vegetable,frzer,11,19.0,Fresh
Singkong,Root Vegetable,Freezer,34,-4.0,Expired
Melon ,tropical,Chiller,0,7.0,Fresh
  Pisang  ,TROPICAL,Chiller,4,1.0,Soon
Kangkung,Leafy Vegetable,Chiller,,4.0,Fresh
Bawang Putih,Root Vegetable,Chiller,75,15.0,Fresh
Stroberi,Berry,Freezer,34,-4.0,Expired
Melon,Tropical Fruit,Chiller,6,1.0,Soon
Alpukat,Tropical Fruit,Chiller,0,7.0,Fresh
Raspberry,Berry,,2,0.0,Expired
Seledri,Leafy Vegetable,Chiller,3,4.0,Fresh
Blueberry,Berry,Chiller,6,1.0,Soon
Stroberi,Berry,Freezer,38,-8.0,Expired
Lemon,Citric Fruit,Outside,4,3.0,Soon
Lemon,Citric Fruit,Suhu Ruangan,2,5.0,ok
Kiwi,temperat,Freezer,0,60.0,Fresh
Apel,Temperate Fruit,Outside,0,7.0,Fresh
PEAR,Buah Sedang,Freezer,46,14.0,Fresh
Sawi,Leafy Vegetable,Chiller,3,2.0,Soon
Kunyit,Root Vegetable,Chiller,33,-3.0,Expired
Blueberry,Berry,Freezer,20,10.0,Fresh
Stroberi,Berry,Chiller,2,3.0,soon
Semangka,Tropical Fruit,Chiller,2,8.0,Fresh
Mangga,Tropical Fruit,Outside,2,3.0,hampir
Cabai Merah,Chili Pepper,Chiller,,14.0,OK
Raspberry,berry,Freezer,9999,-6.0,Expired
Stroberi,Berry,Outside,2,0.0,Expired
Kangkung,Leafy Vegetable,Outside,0,1.0,SOON
Alpukat,Tropical Fruit,Chiller,5,2.0,Soon
Jeruk,Citric Fruit,Freezer,57,3.0,Soon
Alpukat,Tropical Fruit,Outside,0,3.0,Soon
Bawang Putih,Root Veg,Outside,42,3.0,Soon
Pisang,Tropical Fruit,outside,0,-50.0,Soon
Nanas,Tropical Fruit,Chiller,0 hari,7.0,Fresh
Pepaya,,Outside,5 hari,-1.0,Expired
Stroberi,Berry,Chiller,0,5.0,Fresh
Bawang Putih,Root Vegetable,Outside,56,-11.0,Expired
	Pakcoy,,Outside,1,0.0,
Alpukat,Tropical Fruit,Kulkas,9,-2.0,Expired
pear,temperate fruit,Chiller,5,9.0,Fresh
Apel,Temperate Fruit,Chiller,8,13.0,Fresh
Anggur,Temperate Fruit,refrigerator,1,6.0,Fresh
Semangka,Tropical Fruit,CHILLER,2,8.0,Fresh
Blueberry,Beri,Outside,1,1.0,Soon
Cabai Rawit,,Chiller,11,-1.0,Expired
Kol,Sayur Daun,Outside,1,2.0,Soon
Kol,Leafy Vegetable,Freezer,31,-1.0,Expired
Seledri,Leafy Vegetable,Outside,1,1.0,Soon
Brokoli,Leafy Vegetable,Chiller,12,-2.0,
Seledri,Leafy Vegetable,Chiller,7,0.0,Expired
Selada,Leafy Vegetable,Chiller,3,4.0,Fresh
Melon,Tropis,Outside,0,5.0,Fresh
Paprika,Chili Pepper,Outside,6,-1.0,Expired
cabai merah,Chili Pepper,Outside,1,4.0,OK
Pakcoy,Leafy Vegetable,Freezer,2 hari,,Fresh
Selada,Leafy Vegetable,Outside,2,0.0,Expired
Wortel,Root Vegetable,Chiller,0,21.0,Fresh
Mangga,Tropical Fruit,Freezer,14,16.0,Fresh
Ubi Jalar,Root Vegetable,Outside,8,6.0,Fresh
Bawang Merah,Root Vegetable,Chiller,19,41.0,Fresh
  Mangga  ,tropical,Freezer,13,17.0,Fresh
Pakcoy,Leafy Vegetable,Outside,1,0.0,Expired
Singkong,Root Vegetable,Outside,3,0.0,Expired
Ubi Jalar,Root Vegetable,suhu ruangan,14,0.0,Expired
Bawang Merah,Root Vegetable,Outside,35,-5.0,Expired
Jeruk Nipis,Buah Citrus,Chiller,6,8.0,segar
Bayam,Leafy Vegetable,Freezer,2,28.0,Fresh
Sawi,Leafy Vegetable,Outside,1,0.0,Expired
Kunyit,Root Vegetable,Freezer,116,-26.0,
Apel,Temperate Fruit,Freezer,34,56.0,Fresh
Kunyit,Root Vegetable,Outside,16,-2.0,Expired
Pisang,Tropical Fruit,FREEZER,33,-3.0,Expired
Bawang Putih,root vegetable,Chiller,92,-2.0,Expired
Cabai Merah,Chili Pepper,Outside,3,2.0,Soon
Kangkung,LEAFY VEGETABLE,Chiller,3 hari,1.0,Soon
Wortel,Root Vegetable,OUTSIDE,1,4.0,Fresh
Bayam,Leafy Vegetable,Freezer,3,27.0,Fresh
Sawi,Leafy Vegetable,Outside,0 hari,1.0,Soon
Jeruk Nipis,Citric Fruit,Outside,8,-1.0,Expired
semangka,Tropical Fruit,outside,8,-1.0,Kadaluarsa
Jeruk Nipis,,Freezer,70,-10.0,expired
Selada,Daun-daunan,Chiller,,0.0,Basi
Pakcoy,Leafy Vegetable,Chiller,5,0.0,Expired
Jeruk Nipis,Citric Fruit,Freezer,12,48.0,Fresh
Jahe,,Outside,4,10.0,Fresh
Pisang,Tropical Fruit,Freezer,36,-6.0,Expired
Blueberry,,Chiller,1,6.0,Fresh
Kentang,Root Vegetable,frzer,25,65.0,
Ubi Jalar,Root Vegetable,Freezer,114,-24.0,Expired
Mangga,,Chiller,3,4.0,Fresh
Kunyit,Sayur Akar,Outside,7,7.0,Fresh
Semangka,Tropical Fruit,Freezer,19,11.0,Fresh
Anggur,Buah Sedang,Chiller,5,2.0,Soon
 Kiwi,Temperate Fruit,,2,3.0,Soon
Apel,Temperate Fruit,Outside,7,0.0,Expired
Jeruk Nipis,Citric Fruit,Outside,3,4.0,Fresh
Pepaya,Tropical Fruit,Chiller,4,3.0,Soon
Kol,Daun-daunan,Freezer,8,22.0,Fresh
Stroberi,Berry,Freezer,19,11.0,OK
Blueberry,Berry,Freezer,33,-3.0,Expired
PEAR,Temperate Fruit,Chiller,5,9.0,Fresh
Paprika,Chili Pepper,,6,54.0,Fresh
Wortel,Root Vegetable,Chiller,5,,Fresh
 Ubi Jalar,Root Vegetable,Outside,3,11.0,Fresh
apel,Temperate Fruit,Outside,6,1.0,Soon
Semangka,Tropical Fruit,Outside,-5,7.0,Fresh
Blueberry,Berry,frzer,30,0.0,Expired
Kentang,Root Vegetable,Chiller,20,10.0,Fresh
Jeruk,citrus fruit,Freezer,43,17.0,Fresh
Semangka,Tropis,Outside,-5,3.0,Soon
Pisang,Tropical Fruit,Outside,3,0.0,Expired
Kentang,Root Vegetable,Chiller,4,26.0,Fresh
Alpukat,Tropical Fruit,Outside,2,1.0,Soon
Melon,Tropical Fruit,Chiller,2,5.0,Fresh
Jeruk Bali,Citric Fruit,Chiller,18,12.0,Fresh
Stroberi,Berry,Outside,1,1.0,
Apel,Temperate Fruit,Freezer,4,86.0,
Stroberi,Berry,Chiller,,-1.0,Expired
Alpukat,Tropical Fruit,Freezer,39,-9.0,Expired
Bawang Merah,Akar-akaran,Chiller,12,48.0,Fresh
Jeruk Nipis,Citric Fruit,Outside,3,4.0,Fresh
Selada,Leafy Vegetable,Chiller,0,,Fresh
Sawi,Leafy Vegetable,Freezer,4,26.0,Fresh
Kangkung,Leafy Vegetable,Freezer,28,2.0,Soon
Mangga,Tropical Fruit,Outside,2,3.0,Warning
Tomat,Tropical Fruit,Outside,3,2.0,Soon
Anggur,Temperate Fruit,Chiller,-5,6.0,Fresh
Apel,Temperate Fruit,Freezer,85,5.0,Fresh
Sawi,,Outside,0,1.0,Soon
Anggur,Temperate Fruit,Outside,2,1.0,Soon
Bawang Putih,Root Vegetable,Outside,,15.0,segar
Raspberry,Berry,Outside,2,0.0,Expired
Kiwi,Temperate Fruit,suhu ruangan,0,5.0,Fresh
Selada,Leafy Vegetable,Outside,0,2.0,Soon
Mangga,Tropical Fruit,Refrigerator,6,,Soon
Lemon,Citric Fruit,Outside,0,7.0,Fresh
Sawi,Leafy Vegetable,Freezer,31,-1.0,Expired
Selada,Leafy Vegetable,Chiller,5,2.0,Soon
Bayam,Leafy Vegetable,Freezer,5,25.0,Fresh
Semangka,Tropical Fruit,Room Temp,4,3.0,Soon
PEAR,Temperate Fruit,Freezer,42,18.0,Fresh
Sawi,Leafy Vegetable,Outside,1,0.0,
Pear,Temperate Fruit,Outside,6,-1.0,
Cabai Rawit,Chili Pepper,Freezer,51,9.0,Fresh
Ubi Jalar,Root Vegetable,Outside,16,-2.0,Expired
Selada,Leafy Vegetable,Chiller,5,2.0,Soon
Singkong,Root Veg,Outside,1,2.0,Soon
Lemon,Citric Fruit,Chiller,8,13.0,Fresh
Jeruk,Citric Fruit,Freezer,30,30.0,Fresh
Pisang,Tropical Fruit,Freezer,35,-5.0,expired
Alpukat,TROPICAL,Outside,,0.0,Expired
Wortel,Root Vegetable,Chiller,8,13.0,Fresh
Cabai Rawit,Chili Pepper,Outside,1,3.0,Soon
Wortel,Root Vegetable,Chiller,3 hari,18.0,Fresh
Jeruk,Citric Fruit,Freezer,75,-15.0,Expired
Bawang Putih,Root Vegetable,freezer,62,118.0,Fresh
Selada,Leafy Vegetable,Chiller,6 hari,1.0,Soon
Nanas,Tropical Fruit,Outside,6 hari,-1.0,Expired
Kangkung,Leafy Vegetable,Kulkas,0,4.0,
 Semangka,Tropical Fruit,Outside,3,4.0,Fresh
raspberry,Berry,Outside,2,0.0,Expired
Bawang Putih,Root Vegetable,Freezer,47,133.0,Fresh
Apel,Temperate Fruit,outside,8,-1.0,Expired
Melon,Tropical Fruit,,3,2.0,Soon
Apel,Temperate Fruit,,94,-4.0,Expired
Melon,tropical fruit,Chiller,2,5.0,OK
Raspberry,Berry,Chiller,6,-1.0,Expired
mangga,Tropical Fruit,Outside,3 hari,2.0,Soon
Pepaya,Buah Tropis,OUTSIDE,3,1.0,Soon
Wortel,Root Vegetable,Freezer,99,-9.0,Expired
Cabai Rawit,Chili Pepper,Chiller,9,1.0,Soon
Paprika,Chili Pepper,Chiller,0,14.0,Fresh
Alpukat,Tropis,Outside,1,2.0,SOON
Seledri,Leafy Vegetable,Outside,2,9999.0,Expired
Semangka,Tropical Fruit,Chiller,6,4.0,Fresh
Selada,,Chiller,2,5.0,fresh
Jahe,Root Vegetable,Outside,15,-1.0,Expired
Kentang,Root Vegetable,Freezer,73,17.0,
Anggur,temperat,Freezer,9999,28.0,Fresh
Bawang Merah,ROOT VEG,Chiller,43,17.0,fresh
Cabai Rawit,,Outside,5,-1.0,Expired
Selada,Leafy Vegetable,Chiller,6,1.0,
Bayam,Leafy Vegetable,Outside,1,0.0,Expired
Mangga,Tropical Fruit,Outside,4,1.0,Soon
Anggur,Temperate Fruit,Freezer,22,8.0,Fresh
Kangkung,Leafy Vegetable,,1,0.0,Expired
Kentang,Root Vegetable,Freezer,37,53.0,Fresh
Bayam,Leafy Vegetable,Outside,0,1.0,Soon
Brokoli,Leafy Veg,Chiller,0,10.0,segar
Lemon,Citric Fruit,room temp,1,6.0,segar
pisang,Tropical Fruit,Freezer,18,12.0,Fresh
Seledri,Leafy Vegetable,Chiller,5,2.0,Soon
Jeruk Bali,Citric Fruit,Freezer,75,-15.0,Expired
Sawi,Leafy Vegetable,Freezer,20,10.0,Fresh
Selada,Leafy Vegetable,Freezer,13,17.0,Fresh
Lemon,Citric Fruit,Outside,2,5.0,Fresh
Sawi,,Chiller,2,3.0,Soon
Ubi Jalar,Root Veg,Freezer,86,4.0,Fresh
Melon,Tropical Fruit,frozen,,22.0,Fresh
Pepaya,Tropical Fruit,Outside,5,-1.0,Expired
Sawi,Leafy Vegetable,Chiller,2,3.0,Soon
Singkong ,Root Vegetable,Outside,1,2.0,Soon
Pear,Temperate Fruit,Chiller,14,0.0,Expired
Selada,Leafy Vegetable,FREEZER,20,10.0,Fresh
Jahe,Root Vegetable,,34,-4.0,Expired
Semangka,tropical,Chiller,11,-1.0,Expired
Raspberry,Berry,Chiller,2,3.0,Soon
Wortel,Root Vegetable,Freezer,24,66.0,Fresh
Ubi Jalar,Root Vegetable,FREEZER,17,73.0,Fresh
Kol,Leafy Vegetable,Chiller,12,2.0,Soon
Singkong,Root Vegetable,Chiller,6,1.0,Soon
Lemon,,Chiller,20,1.0,SOON
Pepaya,Tropical Fruit,Chiller,5 hari,2.0,Soon
Tomat,Tropical Fruit,Outside,2,3.0,Soon
Pisang,Tropical Fruit,Outside,3,0.0,Expired
Blueberry,berrys,Outside,1,1.0,Soon
Ubi Jalar,Root Vegetable,Freezer,11,79.0,Fresh
 Melon,Tropical Fruit,Freezer,36,-6.0,Expired
Cabai Rawit,Chili Pepper,,3,7.0,Fresh
Cabai Rawit,Chili Pepper,Chiller,0,,Fresh
Blueberry,Beri,FREEZER,3,27.0,OK
Singkong,Root Vegetable,Outside,2,1.0,Soon
Cabai Merah,Chili Pepper,Chiller,3,11.0,Fresh
Pear,Temperate Fruit,Chiller,10,4.0,Fresh
Jeruk Bali,Citrus,Outside,3,11.0,Fresh
Pisang,Tropical Fruit,Chiller,2,3.0,Soon
Paprika,Chili Pepper,Outside,4,1.0,Soon
Mangga,,Chiller,3,4.0,Fresh
Raspberry,Berry,Beku,0,21.0,FRESH
Bawang Merah,Root Vegetable,Chiller,24,36.0,Fresh
Kol,Leafy Vegetable,Outside,3,0.0,Expired
Mangga,Tropical Fruit,Outside,1,4.0,Fresh
Lemon,Citric Fruit,Freezer,1,59.0,Fresh
Alpukat,Tropical Fruit,Freezer,30,0.0,Expired
Paprika,Chili Pepper,Outside,5,0.0,Expired
Pisang,Tropical Fruit,Outside,0,3.0,Soon
Jeruk Nipis,Citric Fruit,Freezer,67,-7.0,Expired
Pepaya,Tropical Fruit,Chiller,5,2.0,Soon
Anggur,Temperate Fruit,Freezer,13,17.0,Fresh
Semangka,Tropical Fruit,Chiller,10,0.0,Expired
Pepaya,Tropical Fruit,,3,1.0,Soon
Jahe,Root Vegetable,Freezer,47,43.0,segar
Jeruk,Citric Fruit,Freezer,69,-999.0,Expired
Pepaya,Tropical Fruit,Outside,0,4.0,Fresh
Apel,Temperate Fruit,Outside,1,6.0,Fresh
Jeruk Nipis,Citric Fruit,Outside,2,5.0,Fresh
Seledri,Leafy Vegetable,Freezer,26,-5.0,Expired
Raspberry,Berry,Chiller,3,2.0,Soon
Jeruk,Buah Citrus,Chiller,18,3.0,Soon
Kangkung,Leafy Vegetable,refrigerator,0,4.0,Fresh
JERUK,citric fruit,Freezer,9 hari,51.0,Fresh
Kol,Leafy Vegetable,Chiller,4,10.0,Fresh
Kentang,Sayur Akar,Outside,4,10.0,Fresh
Selada,Leafy Vegetable,Freezer,0 hari,30.0,Fresh
Tomat,Tropical Fruit,Freezer,28,32.0,Fresh
Mangga,Tropical Fruit,Refrigerator,6,1.0,Soon
Bawang Putih,Akar-akaran,Chiller,14,76.0,Fresh
Kentang,Root Vegetable,room temp,1,13.0,Fresh
Kangkung,Leafy Veg,Outside,1,0.0,Expired
 Nanas,Tropical Fruit,Freezer,13,17.0,Fresh
Lemon,Citric Fruit,Freezer,50 hari,10.0,fresh
JERUK BALI,Citric Fruit,Freezer,51,9.0,Fresh
Kiwi,Temperate Fruit,Outside,2,3.0,Soon
Cabai Merah,Chili Pepper,Chiller,8,6.0,Fresh
Singkong,Root Vegetable,Chiller,9,-2.0,Expired
Kunyit,Root Vegetable,CHILLER,15,15.0,Fresh
Cabai Rawit,chili,Outside,1,3.0,Soon
Cabai Merah,Chili Pepper,Outside,0,5.0,Fresh
Mangga,Tropical Fruit,Chiller,2,5.0,Fresh
Seledri,Leafy Vegetable,Chiller,-5,0.0,Expired
Jahe,Root Vegetable,Chiller,6,24.0,Fresh
Raspberry,Berry,chiller,5,0.0,Dead
Sawi,Leafy Vegetable,Freezer,24,6.0,Fresh
Stroberi,Berry,Chiller,4,1.0,
Bawang Merah,Root Veg,Chiller,73,-13.0,Expired
Ubi Jalar,Root Vegetable,Freezer,116,-26.0,Expired
Raspberry,Beri,Freezer,10,11.0,Fresh
Tomat,,Outside,5,0.0,Expired
Anggur,Temperate Fruit,freezer,10,20.0,Fresh
Bayam,Leafy Vegetable,Freezer,7,23.0,ok
Mangga,Tropical Fruit,Outside,6,-1.0,Expired
Singkong,Root Vegetable,Chiller,7,0.0,Expired
Pepaya,,Freezer,-1,-9.0,Expired
Singkong,Root Vegetable,Freezer,19,11.0,Fresh
Pepaya,Tropical Fruit,Outside,2,2.0,Soon
Bawang Putih ,ROOT VEG,Freezer,221 hari,-999.0,Expired
Tomat,Tropical Fruit,Outside,2 hari,3.0,Soon
Bawang Merah,Root Vegetable,Freezer,89,91.0,Fresh
Pepaya,Tropical Fruit,Freezer,39,-50.0,Expired
Kangkung,,Outside,1,0.0,Expired
Kiwi,Temperate Fruit,Chiller,2,12.0,FRESH
Melon,Tropical Fruit,,38,-8.0,kadaluarsa
Ubi Jalar,Root Vegetable,fridge,14,,Fresh
Jeruk,Citric Fruit,,19,2.0,Soon
Bawang Merah,Root Vegetable,Chiller,69,-9.0,Expired
Apel,Temperate Fruit,Freezer,84,6.0,
Selada,Leafy Vegetable,Outside,1,1.0,Soon
Nanas,Tropical Fruit,FREEZER,13,17.0,Fresh
Cabai Rawit,Chili Pepper,Outside,4,0.0,Expired
Mangga,Tropical Fruit,Freezer,33,-3.0,Expired
Paprika,Cabe,Freezer,39,21.0,Fresh
Tomat,Tropis,Freezer,16,44.0,Fresh
Blueberry,Berry,Outside,1,1.0,
Wortel,Root Vegetable,Chiller,1,20.0,Fresh
Kangkung,Leafy Vegetable,Chiller,1,3.0,Hampir
Pear,Temperate Fruit,Outside,4,1.0,Soon
Kunyit,Root Vegetable,Outside,11,3.0,soon
Anggur,Temperate Fruit,Chiller,9,9999.0,kadaluarsa
Melon,Tropical Fruit,Outside,5,0.0,Expired
Bawang Merah,Root Vegetable,Freezer,74,106.0,fresh
Jahe,Root Vegetable,Outside,6,8.0,Fresh
Alpukat,Tropical Fruit,Chiller,5,2.0,Soon
Pisang,Tropical Fruit,Room Temp,1,2.0,Soon
Mangga,Tropical Fruit,Freezer,,17.0,Fresh
Stroberi,,Freezer,25,5.0,Fresh
Kiwi,Temperate Fruit,,8,52.0,Fresh
Brokoli,Leafy Vegetable,Outside,2,0.0,Expired
  Brokoli  ,Leafy Vegetable,Outside,2,0.0,Expired
Pear,Buah Sedang,Freezer,66,,Expired
Kol,Leafy Vegetable,Room Temp,2 hari,1.0,Soon
Sawi,Leafy Vegetable,Freezer,10,20.0,Fresh
Lemon,Citric Fruit,Outside,0,7.0,Fresh
Jahe,Root Vegetable,Chiller,18,12.0,Fresh
Mangga,Tropical Fruit,Outside,4,1.0,Soon
Alpukat,Tropical Fruit,,4,26.0,Fresh
Pisang,Tropical Fruit,Freezer,2,28.0,Fresh
Jeruk Nipis,Citric Fruit,Freezer,75,-15.0,Expired
Bawang Putih,Root Vegetable,Freezer,132,48.0,Fresh
Pepaya,Tropical Fruit,Outside,2,2.0,Soon
 Blueberry,Berries,freezer,21,9.0,Fresh
Jeruk,citrus fruit,Outside,3,4.0,Fresh
Semangka,Tropical Fruit,fridge,13,-3.0,Expired
Kunyit,Root Vegetable,Outside,10,4.0,Fresh
Pisang,Tropical Fruit,Freezer,5,25.0,Fresh
Seledri,Leafy Vegetable,Chiller,2,5.0,Fresh
Pepaya,Tropical Fruit,Outside,3,1.0,Soon
 Singkong,Root Vegetable,Freezer,26,4.0,Fresh
Pepaya,Tropical Fruit,Outside,1,3.0,Soon
Kangkung,Leafy Vegetable,Outside,1,,Expired
Kol,Leafy Vegetable,Chiller,15,-1.0,Expired
Kentang,Root Vegetable,Freezer,36,54.0,segar
Alpukat,Tropical Fruit,Outside,2,1.0,Soon
	Bayam,Leafy Vegetable,Freezer,11 hari,19.0,Fresh
Sawi,Leafy Vegetable,Freezer,30,0.0,Expired
Wortel,Root Vegetable,outside,2 hari,3.0,Soon
Alpukat,Tropis,Chiller,2 hari,5.0,Fresh
Nanas,Tropical Fruit,Suhu Ruangan,5,0.0,Expired
Pisang,Tropical Fruit,Outside,3,0.0,
Jeruk,Citric Fruit,Freezer,8,52.0,Fresh
Jeruk,CITRIC,Freezer,10,50.0,Fresh
Ubi Jalar,Root Vegetable,Chiller,,22.0,Fresh
Pepaya,Tropical Fruit,Outside,1,3.0,Soon
Tomat,Tropical Fruit,Freezer,53,7.0,Fresh
Alpukat,TROPICAL,Outside,2,1.0,Soon
Semangka,Tropical Fruit,Outside,1,6.0,Fresh
Jeruk,Buah Citrus,Outside,8,-1.0,Expired
Pisang,Tropical Fruit,Chiller,6,-1.0,Expired
Lemon,Citric Fruit,Outside,4,3.0,Soon
Mangga,Tropical Fruit,beku,14,16.0,Fresh
Kangkung,LEAFY VEGETABLE,,30,0.0,Expired
Sawi,Leafy Vegetable,Outside,1,0.0,Basi
Lemon,Citric Fruit,kulkas,15,6.0,Fresh
Lemon,Citric Fruit,Freezer,14,46.0,Fresh
Paprika,Cabe,kulkas,6,8.0,Fresh
Stroberi,BERRY,Freezer,30,0.0,basi
Nanas,Tropical Fruit,Outside,0,5.0,Fresh
Anggur,Temperate Fruit,Chiller,2,5.0,Fresh
Apel,Temperate Fruit,Outside,5,2.0,Soon
Kol,Leafy Vegetable,Chiller,11,3.0,Soon
Seledri,Leafy Vegetable,Outside,2,0.0,Expired
Jeruk Bali,Citric Fruit,Chiller,6,24.0,Fresh
Pear,Temperate Fruit,Outside,0,5.0,Fresh
	Kol,Leafy Vegetable,Chiller,6,8.0,FRESH
Cabai Rawit,Chili Pepper,Freezer,51,9.0,Fresh
  Stroberi  ,Berries,Outside,1,,Soon
Jeruk Bali,Citric Fruit,Chiller,27,3.0,Soon
Seledri,Leafy Vegetable,Freezer,22,-1.0,Expired
Pakcoy,Leafy Vegetable,suhu ruangan,0,1.0,Soon
Sawi,Leafy Vegetable,Outside,0,1.0,Soon
Lemon,Citric Fruit,Outside,0,7.0,Fresh
Pear,Temperate Fruit,Freezer,17,43.0,Fresh
Bayam,,,3,2.0,Soon
Raspberry,Berry,Freezer,5,16.0,Fresh
Pear,Temperate Fruit,Room Temp,4,1.0,
Brokoli,Leafy Vegetable,Freezer,38,-8.0,Expired
Kangkung,Leafy Vegetable,Outside,0,1.0,Soon
Jeruk,Citric Fruit,Outside,1,6.0,Fresh
Blueberry,berry,Chiller,0,7.0,Fresh
Tomat,Tropical Fruit,Outside,6,-1.0,Expired
tomat,,Outside,2,3.0,Soon
Paprika,Chili Pepper,Outside,3,2.0,Soon
Selada,Leafy Vegetable,Outside,0,2.0,Soon
Raspberry,Berry,Chiller,1,4.0,Fresh
Selada,Leafy Vegetable,Freezer,30,0.0,Expired
Brokoli,Leafy Veg,Chiller,0,10.0,segar
Alpukat,Tropical Fruit,Beku,33,-3.0,Expired
Brokoli,Leafy Vegetable,Room Temp,0,2.0,
Wortel,Root Vegetable,Freezer,87,3.0,Soon
Singkong ,Root Vegetable,Chiller,3,4.0,Fresh
Blueberry,Berry,Chiller,8,-1.0,Expired
Cabai Rawit,,Freezer,67,-7.0,Expired
Raspberry,Berry,Outside,1000,0.0,Expired
Seledri,Leafy Vegetable,Freezer,9,12.0,Fresh
Wortel,Root Vegetable,Freezer,93,-3.0,Expired
Bawang Merah,Root Vegetable,Chiller,55,5.0,Fresh
Selada,Leafy Vegetable,Outside,1,1.0,Soon
Brokoli,Leafy Vegetable,Outside,1,1.0,Soon
Wortel,Root Vegetable,Chiller,16,5.0,Fresh
Tomat,Tropical Fruit,Chiller,17,-3.0,Expired
Nanas,Tropical Fruit,Outside,2,3.0,Soon
Alpukat,Tropis,Outside,1,2.0,Soon
 Brokoli,Leafy Vegetable,Outside,0,2.0,Soon
Kunyit,Root Vegetable,Outside,12,2.0,Soon
Selada,Leafy Vegetable,Freezer,5,25.0,Fresh
 Paprika,Cabai,Chiller,13,1.0,Soon
Kangkung,LEAFY VEGETABLE,Chiller,3 hari,1.0,Soon
Jeruk Nipis,Citric Fruit,Outside,8,-1.0,Expired
Alpukat,Tropical Fruit,Refrigerator,7,0.0,Expired
Kunyit,,Freezer,86,4.0,Fresh
Pepaya,Tropical Fruit,Outside,4,0.0,Expired
Pepaya,Tropical Fruit,Chiller,8,-1.0,Expired
Stroberi,Berry,Freezer,15,15.0,Fresh
 Anggur,Temperate Fruit,suhu ruangan,,1.0,Soon
Cabai Rawit,,Outside,4,0.0,Expired
Kentang,Root Vegetable,Freezer,37,53.0,Fresh
PAPRIKA,Chile,Freezer,50,10.0,Fresh
Brokoli,Leafy Vegetable,Outside,0,2.0,Soon
Pepaya,Tropical Fruit,Outside,3,1.0,Soon
Bawang Merah,Root Vegetable,Outside,25,5.0,Fresh
	Mangga,Tropical Fruit,Freezer,4,26.0,Fresh
Melon,Tropical Fruit,Chiller,7,,Expired
Alpukat,Tropical Fruit,Freezer,24,6.0,Fresh
Kentang,Root Vegetable,Outside,15,-1.0,
Jeruk Nipis,Citric Fruit,Freezer,0,60.0,Fresh
Cabai Rawit,Chili Pepper,Freezer,34,26.0,Fresh
Pear ,Temperate Fruit,Outside,1,4.0,Fresh
Kol,Leafy Vegetable,Outside,2,1.0,Soon
Bawang Merah,Root Vegetable,Chiller,59,1.0,Soon
Bayam,LEAFY VEGETABLE,Freezer,12,18.0,Fresh
Bayam,Leafy Veg,frzer,10,20.0,Fresh
Pepaya,Tropis,Freezer,3,27.0,FRESH
Bayam,Leafy Vegetable,Chiller,0 hari,,Fresh
Bawang Putih,Root Vegetable,Outside,24,21.0,ok
Paprika,Chili Pepper,Freezer,64,-4.0,Expired
Cabai Rawit,Chili Pepper,Outside,3,1.0,Soon
Bawang Putih,ROOT VEG,Freezer,142,38.0,Fresh
Kentang,Root Vegetable,Freezer,36,54.0,Fresh
Jeruk,Citric Fruit,Chiller,8,13.0,Fresh
Kol,Leafy Vegetable,Freezer,28,2.0,Soon
Cabai Rawit,Chili Pepper,Outside,1,3.0,Soon
Mangga,Buah Tropis,Outside,2,3.0,Soon
Bayam,Leafy Vegetable,Outside,0,1.0,Soon
Lemon,Citric Fruit,Chiller,2,19.0,
Jeruk Nipis,Citric Fruit,Chiller,18,-4.0,Expired
Cabai Rawit,Chili Pepper,Outside,0,4.0,Fresh
Jahe,,Freezer,18,72.0,Fresh
	Jeruk,Citric Fruit,Freezer,,-3.0,Expired
  Pisang  ,Tropical Fruit,Freezer,36,-6.0,Kadaluarsa
Kentang,Root Vegetable,Chiller,25,5.0,Fresh
Pisang,Tropical Fruit,Freezer,23,7.0,Fresh
Nanas,Tropical Fruit,Outside,5 hari,0.0,
Melon,Tropical Fruit,Freezer,7,23.0,Fresh
Nanas,Tropical Fruit,Chiller,5,2.0,Soon
Jahe,Root Vegetable,Chiller,14,16.0,segar
	Tomat,Tropical Fruit,Outside,5,0.0,Expired
Cabai Merah,Chili Pepper,Freezer,,-5.0,Kadaluarsa
Kentang,Root Vegetable,Chiller,9,21.0,Fresh
Pisang,tropical fruit,,1,4.0,Fresh
Pakcoy,,,4,1.0,SOON
Sawi,leafy vegetable,Freezer,18,12.0,segar
Jeruk Nipis,Citric Fruit,frzer,16,44.0,Fresh
Sawi,Leafy Vegetable,Freezer,,27.0,segar
Kiwi,TEMPERATE,Outside,3,2.0,Segera
Alpukat,Tropical Fruit,Freezer,1,9999.0,Fresh
Apel,Temperate Fruit,Freezer,57,33.0,Fresh
Anggur,Temperate Fruit,Outside,3,0.0,
Anggur,Temperate Fruit,Freezer,,1.0,Soon
Kentang,Root Vegetable,Freezer,43,47.0,Fresh
Jeruk Nipis,Citric Fruit,Freezer,27,33.0,Fresh
Pakcoy,Leafy Vegetable,Outside,1,0.0,Expired
Apel,Temperate Fruit,Chiller,,-5.0,Expired
Kol,Leafy Vegetable,Freezer,9,21.0,Fresh
Blueberry,berry,Chiller,8,,Expired
Pepaya,Tropis,Outside,2,2.0,Soon
Jeruk Nipis,Citric Fruit,Chiller,0,14.0,Fresh
Pepaya,TROPICAL,Outside,2,2.0,Soon
Paprika,Chili Pepper,Outside,1,4.0,Fresh
Bawang Putih,Root Vegetable,Chiller,45,45.0,Fresh
Kol,Leafy Vegetable,Freezer,18,12.0,Fresh
BAYAM,Leafy Vegetable,Chiller,5,0.0,Expired
Sawi,Leafy Vegetable,Freezer,18,12.0,Fresh
Cabai Rawit,Chili Pepper,Outside,2,2.0,
Singkong,Root Vegetable,Chiller,7,0.0,Expired
Bayam,Leafy Vegetable,Chiller,,5.0,Fresh
Cabai Rawit,Chili Pepper,Suhu Ruangan,3,1.0,Soon
Raspberry,berry,Outside,1,9999.0,Soon
tomat,Tropical Fruit,Chiller,9,5.0,Fresh
Singkong,Sayur Akar,Chiller,3,4.0,Fresh
Kol,Leafy Vegetable,Chiller,1,9999.0,Fresh
Kiwi,Temperate Fruit,Outside,6,-1.0,Expired
Sawi,Leafy Vegetable,Outside,0,1.0,Soon
Kiwi,Temperate Fruit,Freezer,67 hari,-7.0,
Sawi,Leafy Veg,FREEZER,3,27.0,Fresh
	Tomat,Tropical Fruit,Freezer,11,49.0,Fresh
Jahe,Root Vegetable,Freezer,116,-26.0,Expired
Jeruk Nipis,Citric Fruit,Chiller,9,5.0,Fresh
Apel,Temperate Fruit,Chiller,2,19.0,Fresh
Jahe,Root Vegetable,Chiller,34,-4.0,Basi
Pear,Temperate Fruit,,41,19.0,Fresh
Tomat,Tropis,Freezer,78,-18.0,Expired
Pisang,Tropical Fruit,Chiller,,1.0,Soon
Jahe,Root Vegetable,Freezer,70,20.0,Fresh
Melon,Tropical Fruit,,1,29.0,Fresh
Lemon,Citric Fruit,Chiller,17,4.0,Fresh
Jahe,Root Vegetable,Freezer,29,61.0,Fresh
Raspberry,Berry,Outside,2,0.0,Expired
Kentang,Akar-akaran,Freezer,28,62.0,Fresh
Jeruk,Citric Fruit,Kulkas,27,-6.0,Expired
Bawang Merah,Root Vegetable,Freezer,76,,Fresh
Seledri,Leafy Vegetable,Outside,0,2.0,Soon
Bawang Merah,Root Vegetable,Chiller,47,13.0,Fresh
Melon ,Buah Tropis,Chiller,3,4.0,Fresh
Jeruk Nipis,Citric Fruit,Chiller,15,-1.0,Expired
Lemon,Citric Fruit,Freezer,46,14.0,Fresh
Raspberry,,kulkas,6,-1.0,Expired
Jahe,Root Vegetable,Outside,14,0.0,Expired
Kol,Leafy Vegetable,Freezer,37,-7.0,Expired
Cabai Merah,Chili Pepper,Chiller,4,10.0,Fresh
Jahe,Root Vegetable,Outside,7,7.0,Fresh
Mangga,Tropical Fruit,Outside,,5.0,Fresh
Kiwi,Temperate Fruit,Outside,5,0.0,Expired
Bawang Merah,Root Vegetable,Outside,37,-7.0,Expired
Bawang Merah ,Root Vegetable,suhu ruangan,32,-2.0,Expired
Kunyit,Root Vegetable,,13,77.0,fresh
Pakcoy,Leafy Vegetable,Freezer,5,16.0,Fresh
Kentang,Root Vegetable,Outside,8,6.0,Fresh
Brokoli,Leafy Vegetable,Freezer,27,3.0,Soon
  Kiwi  ,Temperate Fruit,Freezer,57,3.0,Soon
Kunyit,Root Vegetable,Outside,7,7.0,Fresh
Tomat,Tropical Fruit,Outside,2,3.0,Soon
Sawi,Leafy Vegetable,Freezer,28,2.0,
Wortel,Root Vegetable,Freezer,71,19.0,Fresh
Brokoli,Leafy Vegetable,Freezer,24,6.0,Fresh
Cabai Rawit,chili,Chiller,7,3.0,Soon
Jeruk,Citric Fruit,Outside,3,4.0,Fresh
Jeruk,Citric Fruit,Freezer,42,18.0,Fresh
Cabai Merah,Chili Pepper,Outside,1 hari,4.0,Fresh
Wortel,Root Vegetable,Outside,4,1.0,Soon
Ubi Jalar,Root Vegetable,Outside,9,5.0,Fresh
Brokoli,Leafy Vegetable,chiller,2,8.0,Fresh
Jeruk Bali,Citric Fruit,Freezer,67,-7.0,Basi
Mangga,Tropical Fruit,Outside,2,3.0,Soon
Lemon,Citric Fruit,Outside,9,-2.0,Expired
Blueberry,Berry,Freezer,29,,Soon
Pakcoy,Leafy Vegetable,Chiller,4,1.0,Soon
Kol,Leafy Vegetable,Outside,2,1.0,Soon
Kiwi,Temperate Fruit,Freezer,64,-4.0,Dead
Bayam,LEAFY VEGETABLE,Freezer,34,-4.0,Expired
Kentang,Root Vegetable,,23,7.0,Fresh
Kentang,,,30,60.0,Fresh
Pisang,Tropical Fruit,Freezer,4,26.0,Fresh
Pisang,Tropical Fruit,Outside,0,3.0,Soon
  Kiwi  ,Temperate Fruit,Freezer,20,40.0,Segar
Anggur,Temperate Fruit,Outside,1,2.0,Segera
Alpukat,Tropical Fruit,Chiller,2,5.0,Fresh
Wortel,Root Vegetable,Freezer,85,5.0,Fresh
Cabai Rawit,chili pepper,Freezer,42,18.0,Fresh
Stroberi,Berry,Freezer,7,23.0,Fresh
Kol,Leafy Vegetable,Chiller,8,6.0,Fresh
Mangga,Tropical Fruit,Chiller,3,4.0,Fresh
  Ubi Jalar  ,Root Vegetable,refrigerator,-5,21.0,Fresh
Mangga,Tropical Fruit,beku,3,27.0,Fresh
Semangka,Tropical Fruit,Chiller,3,7.0,Segar
Kangkung,Leafy Vegetable,Outside,1000,1.0,Soon
Wortel,Root Vegetable,Outside,6,-1.0,Expired
Alpukat,Tropical Fruit,freezer,17,-999.0,Fresh
Jeruk Nipis,Citric Fruit,Outside,2,5.0,Fresh
Cabai Rawit,Chili Pepper,Freezer,71,-11.0,Expired
Sawi,Leafy Vegetable,Chiller,0,5.0,segar
Jeruk Nipis,,,28,32.0,Fresh
Brokoli,Daun-daunan,Freezer,,29.0,ok
anggur,temperat,Chiller,4,3.0,Soon
Pakcoy,Leafy Vegetable,Freezer,4,17.0,Fresh
Paprika,Chili Pepper,Outside,-5,-50.0,Soon
Jeruk,Citric Fruit,Freezer,4 hari,56.0,Fresh
Paprika,Chili Pepper,Freezer,54,6.0,Fresh
Nanas,Tropical Fruit,Freezer,9,21.0,Fresh
Mangga,Buah Tropis,Freezer,28,2.0,Soon
Wortel,Root Vegetable,Freezer,51,39.0,FRESH
Raspberry,Berry,Freezer,10,,Fresh
Semangka,Tropical Fruit,Freezer,33,-3.0,Expired
Pepaya,Tropical Fruit,Freezer,3,27.0,Fresh
Ubi Jalar,Root Vegetable,Outside,9,5.0,Fresh
Semangka,Tropical Fruit,Chiller,5,5.0,Fresh
Kentang,Root Vegetable,Outside,2,12.0,Fresh
Bawang Putih,,Outside,27,18.0,Fresh
Ubi Jalar,Root Vegetable,,1,29.0,Fresh
Bawang Merah,Root Vegetable,Outside,0,30.0,Fresh
Stroberi,Berry,refrigerator,3,2.0,Soon
Alpukat,Tropical Fruit,Chiller,2,5.0,
Stroberi,Berry,Refrigerator,9999,,Fresh
Semangka,Tropical Fruit,Freezer,5,25.0,Fresh
Raspberry,Berry,Chiller,2,3.0,Soon
Anggur,Temperate Fruit,Outside,2,1.0,Soon
	Cabai Merah,Chili Pepper,Outside,4,1.0,Soon
Jeruk,Citric Fruit,room temp,9,-2.0,Expired
Pakcoy,Leafy Vegetable,Outside,0,1.0,Soon
Pepaya,Tropical Fruit,Chiller,9999,5.0,Fresh
Singkong,Root Vegetable,Freezer,3,27.0,Fresh
Pisang,Tropical Fruit,Freezer,5,25.0,Fresh
Brokoli,Leafy Vegetable,Chiller,7,3.0,Segera
Lemon,Citric Fruit,Outside,2,5.0,Fresh
Pisang,Tropical Fruit,Chiller,2,3.0,Soon
Sawi,Leafy Vegetable,Outside,0,1.0,Soon
Kol,Leafy Vegetable,Outside,3,0.0,Expired
Kol,Leafy Vegetable,Chiller,1000,13.0,Fresh
Seledri,Leafy Vegetable,Chiller,2,5.0,Fresh
Kentang,Root Vegetable,Outside,4,10.0,ok
Jeruk,Citric Fruit,Freezer,58,2.0,Soon
Apel,Temperate Fruit,Freezer,7,83.0,OK
Kangkung,Leafy Vegetable,Chiller,0,4.0,Fresh
Kentang,Root Vegetable,Freezer,111,-21.0,
Kentang,Root Vegetable,Chiller,,6.0,Fresh
Kunyit,Root Vegetable,Outside,1000,2.0,Soon
Alpukat,Tropical Fruit,,3,0.0,Expired
Kangkung,Leafy Vegetable,Freezer,2,28.0,Fresh
Lemon,Citric Fruit,Chiller,9999,3.0,Soon
Ubi Jalar,Root Vegetable,Chiller,1,29.0,OK
Mangga,Tropical Fruit,Chiller,8,-1.0,Expired
Paprika,Chili Pepper,Chiller,1000,-2.0,
Cabai Rawit,Chili Pepper,outside,3,1.0,Soon
Cabai Merah,Chili Pepper,Chiller,0,14.0,Fresh
Semangka,Tropical Fruit,Chiller,4,6.0,Fresh
Apel,Temperate Fruit,Room Temp,5 hari,2.0,Soon
Paprika,Chili Pepper,Outside,6,-1.0,Expired
Nanas,Tropical Fruit,freezer,38,-8.0,Expired
Kunyit,Akar-akaran,Chiller,18,12.0,Fresh
Kentang,Root Vegetable,Chiller,29,1.0,Soon
Ubi Jalar,Root Vegetable,Outside,5,9.0,Fresh
Kiwi,Temperate Fruit,Chiller,17,-3.0,Expired
Ubi Jalar,Root Vegetable,Freezer,5,85.0,Fresh
Semangka,Tropical Fruit,Outside,7,0.0,Expired
Cabai Merah,Chili Pepper,Chiller,8,6.0,segar
Pear,Temperate Fruit,Chiller,18,-4.0,Expired
Bayam,LEAFY VEGETABLE,Chiller,4,1.0,Soon
Alpukat,Tropical Fruit,Outside,0,3.0,Soon
Paprika,Cabai,Outside,2,3.0,Soon
Pisang,Tropical Fruit,Outside,0,3.0,Segera
Cabai Rawit,Chili Pepper,Freezer,67,-7.0,Expired
Singkong,Root Vegetable,Outside,3,0.0,Expired
Jeruk Nipis,,,28,32.0,Fresh
Kangkung,Leafy Vegetable,Outside,1,0.0,Expired
Kiwi,Temperate Fruit,Outside,1,4.0,Fresh
 Wortel,Root Vegetable,Outside,1,4.0,Fresh
Jahe,Root Vegetable,Chiller,34,-4.0,Basi
Kol,Leafy Vegetable,Chiller,13 hari,1.0,Soon
Seledri,Leafy Vegetable,Chiller,0,7.0,Fresh
Lemon,citrus fruit,Freezer,43,17.0,Fresh
Lemon,Citric Fruit,Freezer,74,-14.0,kadaluarsa
Bayam,LEAFY VEGETABLE,Chiller,3,2.0,Soon
Bawang Merah,Root Vegetable,Refrigerator,21,39.0,Fresh
Nanas,Tropical Fruit,,21,9.0,Fresh
Bawang Merah,Root Vegetable,Outside,37,,Expired
Jahe,Root Vegetable,Freezer,68,22.0,Fresh
Alpukat,Tropical Fruit,Freezer,38,-8.0,Expired
Melon,Tropical Fruit,Freezer,33,-3.0,EXPIRED
Melon,Tropical Fruit,Freezer,25,5.0,Fresh
Lemon,CITRIC,Outside,,-2.0,Expired
Tomat,Buah Tropis,Freezer,,55.0,Fresh
Brokoli,Leafy Vegetable,Freezer,10,20.0,Fresh
Semangka,Tropical Fruit,Outside,9,-2.0,Expired
Raspberry,Berry,Chiller,6,-1.0,Expired
Cabai Rawit,Chili Pepper,Freezer,52,8.0,Fresh
Seledri,Leafy Vegetable,Outside,0,2.0,Soon
Melon,Tropical Fruit,Freezer,16,14.0,Fresh
Semangka,Tropical Fruit,Outside,6,1.0,Soon
Jeruk Bali,Citrus,Chiller,27,3.0,Soon
Kangkung,Leafy Vegetable,freezer,20,10.0,Fresh
Selada,Leafy Vegetable,Freezer,23 hari,7.0,Fresh
Lemon,,Freezer,26,,Fresh
Selada,LEAFY VEGETABLE,outside,1,1.0,soon
Jeruk,Citric Fruit,Chiller,24,-3.0,Expired
Jahe,Root Vegetable,Chiller,10,20.0,Fresh
Tomat,Tropical Fruit,Freezer,58,2.0,Soon
Kol,Leafy Vegetable,Outside,0,3.0,Soon
Kentang,Root Vegetable,Outside,11,3.0,Soon
Apel,Temperate Fruit,,79,11.0,Fresh
Kangkung,Leafy Vegetable,Outside,1,0.0,Expired
Cabai Rawit,chili,Chiller,3,7.0,Fresh
Nanas,Tropical Fruit,Chiller,1,6.0,Fresh
Pear,temperat,Chiller,5,9.0,Fresh
Cabai Rawit,Chili Pepper,Outside,0,4.0,fresh
Bawang Putih,Root Vegetable,Chiller,41,49.0,Fresh
Kentang,Sayur Akar,,18,-4.0,Expired
Kentang,Root Vegetable,Suhu Ruangan,3,11.0,Fresh
Selada,Leafy Vegetable,Outside,1,1.0,Soon
Tomat,tropical fruit,outside,5,0.0,Expired
Melon,Tropical Fruit,Freezer,18,12.0,Fresh
Jahe,Root Vegetable,Freezer,61,29.0,FRESH
Singkong,Root Vegetable,Chiller,1,6.0,Fresh
Bawang Putih,Root Vegetable,Beku,3,177.0,Fresh
Brokoli ,Leafy Vegetable,Freezer,20,10.0,Fresh
Raspberry,Berry,Freezer,10,11.0,Segar
Bawang Putih,Root Vegetable,outside,36,9.0,Fresh
Seledri,Daun-daunan,Freezer,19,2.0,Soon
Semangka,Tropical Fruit,Freezer,12,18.0,Fresh
Sawi,Leafy Vegetable,Refrigerator,0,5.0,Fresh
Mangga,Tropis,Freezer,36,-6.0,basi
Blueberry,Berry,Outside,2,0.0,Expired
Seledri,Leafy Veg,Outside,2,0.0,Expired
Kunyit,Root Vegetable,,7,83.0,Fresh
Blueberry,Berry,Room Temp,2,0.0,Expired
Pear,Temperate Fruit,Freezer,3,57.0,Fresh
Raspberry,Berry,Freezer,2,19.0,
Brokoli,Leafy Vegetable,Freezer,24,6.0,segar
Stroberi,Berry,Freezer,25,5.0,Fresh
Stroberi,Berry,Chiller,,2.0,Soon
Bawang Merah,Root Vegetable,Freezer,185,-5.0,Expired
Nanas,TROPICAL,Outside,4,1.0,Soon
Cabai Rawit,Chili Pepper,Freezer,34,26.0,Fresh
Ubi Jalar,Root Vegetable,Chiller,38,-8.0,Expired
Bawang Merah,Root Vegetable,Chiller,,45.0,Fresh
Alpukat,Tropical Fruit,Chiller,8,-1.0,Expired
Alpukat,Tropical Fruit,Freezer,5,25.0,Fresh
Seledri,Leafy Vegetable,Freezer,19,2.0,Soon
Cabai Rawit,Chili Pepper,Chiller,11,-1.0,Expired
Ubi Jalar,Root Vegetable,Outside,12,2.0,Soon
Semangka,Buah Tropis,Chiller,12,-2.0,Expired
Ubi Jalar,Root Vegetable,Freezer,17,73.0,Fresh
Jahe,Root Vegetable,Freezer,116,-26.0,Expired
Bawang Putih,Root Vegetable,Freezer,,-39.0,Expired
Ubi Jalar,Root Vegetable,Chiller,37,-7.0,Expired
Blueberry,Berry,Kulkas,8,-1.0,Expired
Seledri,Leafy Vegetable,Chiller,7,0.0,Expired
Lemon,Citric Fruit,Outside,3,4.0,
Jeruk Nipis,Citrus,Freezer,18,,Segar
Cabai Merah,Chili Pepper,Chiller,11,3.0,hampir
Singkong,Root Vegetable,Freezer,31,-1.0,expired
Singkong ,Root Vegetable,Freezer,12,,fresh
Paprika,Chili Pepper,Chiller,0,14.0,Fresh
Jeruk,,Outside,5,2.0,Soon
stroberi,Berry,Freezer,1,29.0,Fresh
Bawang Merah,Root Vegetable,Chiller,9,51.0,Fresh
Apel,Temperate Fruit,Chiller,12,9.0,Fresh
Alpukat,Tropical Fruit,Outside,1,2.0,Soon
Sawi,Leafy Vegetable,Outside,1,0.0,Expired
Semangka,Tropical Fruit,Chiller,10,0.0,Expired
Jahe,ROOT VEG,,23,67.0,Fresh
Kangkung,Leafy Vegetable,Outside,0,1.0,
Wortel,Root Vegetable,Outside,3,2.0,Soon
Kentang,,Outside,5,9.0,Fresh
Brokoli,Leafy Vegetable,Chiller,7,3.0,Soon
Jeruk Nipis,CITRIC,Chiller,7,7.0,
PAKCOY,LEAFY VEGETABLE,Freezer,24,-3.0,Expired
Selada,Leafy Vegetable,Outside,2,,Expired
Kangkung,Leafy Vegetable,Outside,1,0.0,Expired
Bayam,Leafy Vegetable,Freezer,16,14.0,Fresh
Seledri,Leafy Vegetable,Chiller,3,4.0,Fresh
Alpukat,TROPICAL,Freezer,28,2.0,Soon
Sawi,Leafy Vegetable,Chiller,,0.0,Expired
Pakcoy,,Freezer,19,2.0,Soon
Seledri,Leafy Vegetable,Freezer,1,20.0,Fresh
Lemon,Citric Fruit,Freezer,17,43.0,ok
Wortel,Root Vegetable,Chiller,26,-5.0,Expired
Cabai Merah,Chili Pepper,Freezer,30,30.0,Fresh
Jeruk Bali,Citric Fruit,Chiller,6,24.0,Fresh
Pakcoy,Leafy Vegetable,Chiller,5,0.0,Expired
  Jeruk Nipis  ,Citric Fruit,Outside,8,-1.0,Expired
Tomat,Tropical Fruit,Outside,4,1.0,Soon
Kunyit,Sayur Akar,,17,-3.0,Expired
Cabai Merah,Chili Pepper,Outside,3,2.0,Soon
Tomat,Tropical Fruit,Freezer,10,50.0,Fresh
MELON,Tropical Fruit,Outside,0,5.0,Fresh
Ubi Jalar,Root Vegetable,Chiller,18 hari,12.0,Fresh
Blueberry,Berry,Chiller,2,5.0,OK
Kangkung,Leafy Vegetable,Freezer,23,7.0,ok
Semangka,Tropical Fruit,,6,1.0,Soon
Kunyit,Root Vegetable,Freezer,76,14.0,Fresh
Paprika,Chili Pepper,Chiller,12,2.0,Soon
Tomat,Tropical Fruit,Outside,3,2.0,Soon
Cabai Rawit,Chili Pepper,Chiller,1,9.0,Fresh
Stroberi,Berry,Outside,0,2.0,Soon
Bawang Merah,Root Vegetable,Luar,4,26.0,Fresh
Kiwi,Temperate Fruit,Chiller,3,11.0,Fresh
Melon,Tropical Fruit,Outside,5,0.0,Expired
Jeruk Nipis ,citric fruit,,8,-1.0,Expired
Blueberry,Berry,Freezer,20,10.0,fresh
Pakcoy,Leafy Vegetable,Outside,1 hari,0.0,Expired
Ubi Jalar,Root Vegetable,outside,7,7.0,Fresh
Lemon,citrus fruit,Outside,2,5.0,Fresh
  Jeruk  ,Citric Fruit,Freezer,5,55.0,Fresh
Melon,Tropical Fruit,Chiller,1,6.0,Fresh
Alpukat,Tropical Fruit,Chiller,8,-1.0,Expired
Semangka,Buah Tropis,Freezer,38,-8.0,Expired
Nanas,Tropical Fruit,CHILLER,7,0.0,kadaluarsa
Paprika,Chili Pepper,Freezer,17,43.0,Fresh
Apel,Temperate Fruit,Outside,2,5.0,Fresh
Melon,Tropical Fruit,,4,1.0,Soon
Wortel,Root Vegetable,Chiller,,-4.0,Expired
Tomat,Tropical Fruit,room temp,1000,1.0,Soon
Selada,Leafy Vegetable,Freezer,4,26.0,
Paprika,Chile,Chiller,14,0.0,Dead
Mangga,Tropical Fruit,Outside,0,5.0,Fresh
Semangka,Tropical Fruit,room temp,2,5.0,Fresh
Jahe,Root Vegetable,Chiller,31,-1.0,kadaluarsa
Pisang,Tropical Fruit,chiller,0,5.0,Fresh
Semangka,Tropical Fruit,Freezer,23,7.0,Fresh
Kunyit,Root Vegetable,Chiller,7,23.0,Fresh
Apel,Temperate Fruit,Outside,5,2.0,Soon
Tomat,Tropical Fruit,Chiller,3,11.0,Fresh
Sawi,Leafy Vegetable,Outside,1,0.0,Expired
Mangga,Tropical Fruit,suhu ruangan,2,3.0,Soon
Semangka,Tropical Fruit,,3,27.0,Fresh
Bayam,Leafy Vegetable,Freezer,23,7.0,Fresh
Pear,Temperate Fruit,Outside,1,4.0,Fresh
Jeruk Bali,Citric Fruit,Chiller,29,-50.0,Soon
Tomat,Tropical Fruit,Freezer,4,56.0,Fresh
Brokoli,Leafy Vegetable,Chiller,4,6.0,Fresh
Nanas,tropical,Kulkas,6,1.0,Soon
Lemon,Citric Fruit,Outside,6,1.0,warning
Brokoli,Daun-daunan,chiller,13,-3.0,Expired
Wortel,Root Vegetable,Chiller,8,,Fresh
Jeruk,Citric Fruit,Freezer,63,-3.0,Expired
Sawi,Leafy Vegetable,Outside,1,0.0,kadaluarsa
Selada,Leafy Vegetable,FREEZER,36,-6.0,Expired
Wortel,Root Vegetable,Freezer,106,-16.0,Expired
Sawi,Sayur Daun,Outside,1,0.0,Expired
kangkung,Leafy Vegetable,beku,12,18.0,Fresh
Jahe,Root Vegetable,FREEZER,96,-6.0,Expired
Kol,LEAFY VEGETABLE,Freezer,6,24.0,Fresh
Alpukat,Tropical Fruit,Outside,2 hari,1.0,Soon
Bawang Merah,Root Vegetable,room temp,7,23.0,ok
Selada,Daun-daunan,Freezer,26,4.0,Fresh
Bayam,Leafy Vegetable,Freezer,,15.0,Fresh
Bawang Putih,Root Vegetable,Chiller,85,5.0,Fresh
Wortel,Root Vegetable,Chiller,,9.0,Fresh
Pear,Temperate Fruit,Outside,4,1.0,Soon
Sawi,Leafy Vegetable,chiller,4,1.0,Soon
Kentang,Root Vegetable,Outside,15,,Expired
Wortel,Root Vegetable,Outside,6,-1.0,Expired
Apel,Temperate Fruit,Outside,2,5.0,Fresh
Bayam,Leafy Vegetable,Outside,0,1.0,Soon
Wortel,Root Veg,Freezer,49,41.0,Fresh
Tomat,Tropical Fruit,Outside,2,3.0,
Stroberi,Berry,Freezer,28,2.0,Soon
Pakcoy,Leafy Vegetable,Chiller,3,2.0,Soon
Anggur,Temperate Fruit,Outside,1,2.0,Soon
Nanas,Tropical Fruit,Chiller,2,5.0,Fresh
Kunyit,Root Vegetable,Chiller,16,,Fresh
Kol,Leafy Vegetable,Freezer,0,30.0,Fresh
Singkong,Root Vegetable,Chiller,8,-1.0,Expired
Pakcoy,Leafy Vegetable,Outside,0,1.0,Soon
  Pisang  ,,Freezer,35,-5.0,Expired
Lemon,citrus fruit,FREEZER,72,-12.0,Expired
Apel,Temperate Fruit,Freezer,46,44.0,Fresh
Mangga,Tropical Fruit,Suhu Ruangan,5,0.0,Expired
Brokoli,Leafy Vegetable,Chiller,12,-2.0,Expired
Wortel,Root Vegetable,freezer,71,19.0,Fresh
Jahe,root vegetable,Outside,18 hari,,Expired
Wortel,Root Vegetable,Chiller,10,11.0,Segar
Blueberry,Berry,Freezer,20,10.0,Fresh
Cabai Merah,Chili Pepper,Outside,6,-1.0,Expired
Jahe,Root Vegetable,Chiller,17,13.0,Fresh
Paprika,Chili Pepper,Chiller,15,-1.0,Expired
Sawi,Leafy Vegetable,Chiller,0,5.0,Fresh
Anggur,Temperate Fruit,Chiller,0,7.0,
Bawang Putih,,Freezer,147,33.0,Fresh
Cabai Rawit,Chili Pepper,Freezer,16 hari,44.0,Fresh
Kiwi,Temperate Fruit,Chiller,13,1.0,Soon
Paprika,Chili Pepper,Freezer,19,,Fresh
Kunyit,Root Vegetable,beku,93,-3.0,Expired
Pear,TEMPERATE,Outside,0,5.0,fresh
Anggur,Temperate Fruit,Outside,0,3.0,Soon
Jeruk Nipis,Citric Fruit,Outside,1,6.0,Fresh
Lemon,Citric Fruit,Chiller,9,12.0,Fresh
Pakcoy,Leafy Vegetable,Freezer,3,18.0,segar
Kentang,Root Vegetable,Freezer,1,89.0,Fresh
Pakcoy,Leafy Vegetable,Chiller,3,2.0,Soon
Kentang,Root Vegetable,Chiller,25,5.0,Fresh
Jeruk,Citric Fruit,,-5,58.0,
Alpukat,Tropical Fruit,CHILLER,5,2.0,Soon
Tomat,tropical fruit,Outside,-1,0.0,Expired
Kangkung,Leafy Vegetable,Outside,0,1.0,Soon
Nanas,Tropical Fruit,Outside,2,3.0,Soon
Bayam,LEAFY VEGETABLE,Chiller,,-1.0,Expired
Paprika,Chili Pepper,refrigerator,2,-50.0,
Seledri,,Outside,0,2.0,Soon
Kiwi,Temperate Fruit,Chiller,6,8.0,Fresh
Ubi Jalar,Akar-akaran,Outside,11,3.0,Soon
 Pepaya,Tropical Fruit,Freezer,12,18.0,Fresh
Kiwi,TEMPERATE,Freezer,39,21.0,Fresh
Brokoli,Leafy Veg,Chiller,4,6.0,Fresh
Alpukat,tropical,Chiller,3,4.0,Fresh
Anggur,Temperate Fruit,Chiller,7,0.0,Expired
	Stroberi,Berry,Outside,2,9999.0,Expired
Stroberi,Berry,Outside,0 hari,2.0,Soon
jahe,Root Vegetable,Freezer,93,-3.0,Expired
Pear,Temperate Fruit,Outside,2,3.0,Soon
Bayam,Leafy Vegetable,Outside,0,1.0,Soon
Ubi Jalar,Root Vegetable,Chiller,36,-6.0,Expired
Seledri,Leafy Vegetable,kulkas,1,6.0,Fresh
Apel,Temperate Fruit,Outside,1,6.0,Fresh
Semangka,Tropical Fruit,Freezer,,26.0,OK
Wortel,Root Vegetable,Chiller,4,17.0,Fresh
Pear,Temperate Fruit,OUTSIDE,6,-1.0,Expired
Brokoli,Leafy Vegetable,Chiller,,7.0,Fresh
Jeruk Bali,Citric Fruit,Freezer,12,,Fresh
Blueberry,Berry,Freezer,16,14.0,Fresh
kentang,Sayur Akar,Outside,10,4.0,Fresh
Bayam,Leafy Veg,Outside,0,1.0,Soon
Ubi Jalar,root vegetable,Freezer,116,-26.0,Expired
Bayam,Leafy Vegetable,,22,8.0,Segar
  Brokoli  ,Leafy Vegetable,Outside,2,0.0,Dead
Kiwi,Temperate Fruit,Chiller,13,1.0,Soon
Cabai Rawit,,Outside,3,1.0,Soon
Tomat,Tropical Fruit,Chiller,16,-2.0,Expired
Wortel,Root Vegetable,Outside,3,2.0,Soon
Blueberry,Berry,Freezer,,-4.0,Expired
Jeruk Nipis,Citric Fruit,,,0.0,Expired
Bayam,Leafy Vegetable,Outside,0 hari,1.0,Soon
Selada,Leafy Vegetable,OUTSIDE,2,0.0,Expired
Cabai Merah,,refrigerator,8,6.0,Fresh
Sawi,Leafy Vegetable,Outside,0,1.0,Soon
Kangkung,Leafy Vegetable,Chiller,1,3.0,Soon
Wortel,Root Vegetable,outside,0,5.0,Fresh
Ubi Jalar,Root Veg,Chiller,7,23.0,Fresh
Sawi,,Outside,1,0.0,Expired
Cabai Rawit,Chili Pepper,Chiller,8,2.0,Soon
Paprika,Chili Pepper,Chiller,,-3.0,Expired
Pakcoy,Leafy Vegetable,Chiller,5,0.0,Dead
Pear,Temperate Fruit,Chiller,13,1.0,Soon
Brokoli,Leafy Vegetable,Freezer,14,16.0,Fresh
Alpukat,Tropical Fruit,,1,2.0,Soon
Singkong,Root Vegetable,Chiller,8,-1.0,Expired
Bawang Putih,Root Vegetable,chiller,,70.0,Fresh
Jahe,Root Vegetable,Chiller,25,5.0,Fresh
Apel,Temperate Fruit,Kulkas,23 hari,-2.0,Expired
Selada,Leafy Vegetable,Freezer,9,21.0,Fresh
Apel,Temperate Fruit,Kulkas,15,6.0,Fresh
Kentang,Root Vegetable,Freezer,39,51.0,Fresh
Kentang,Root Vegetable,Chiller,12,18.0,Fresh
Kunyit,root vegetable,Outside,9,5.0,Fresh
Apel,Temperate,Freezer,41,49.0,Fresh
Raspberry,Berry,Freezer,26,-5.0,Expired
Ubi Jalar,Root Vegetable,Chiller,1,29.0,Fresh
Bayam,Leafy Vegetable,Freezer,9,21.0,Fresh
Brokoli,Leafy Vegetable,Freezer,36,-6.0,Expired
Blueberry,Berry,,3,4.0,Fresh
Jeruk,Citric Fruit,Outside,3,4.0,Fresh
Blueberry,Beri,Chiller,2,5.0,Fresh
Seledri,Daun-daunan,Freezer,8,13.0,Fresh
Jeruk Bali,CITRIC,Chiller,17,13.0,
Cabai Rawit,Chili Pepper,Freezer,60,0.0,Expired
Brokoli,Leafy Vegetable,Chiller,3,7.0,Fresh
Lemon,Citric Fruit,Freezer,67,-7.0,Expired
Kol,Leafy Vegetable,Chiller,11,3.0,Soon
Anggur,Temperate Fruit,Freezer,9,21.0,Fresh
Jeruk Bali,Citric Fruit,Freezer,70,-10.0,Expired
Jahe,Root Vegetable,,26,64.0,Fresh
Brokoli,Leafy Vegetable,Freezer,14,16.0,Fresh
Cabai Merah,Chili Pepper,Outside,2,3.0,Soon
Melon,Tropical Fruit,Freezer,17,13.0,Fresh
Kangkung,Leafy Vegetable,Chiller,1,3.0,warning
Singkong,ROOT VEG,frzer,8,22.0,Fresh
Seledri,Leafy Vegetable,Chiller,2,5.0,Fresh
Pisang,Tropical Fruit,Freezer,3,27.0,Fresh
Anggur,Temperate Fruit,Freezer,18,12.0,Fresh
Kol,Leafy Vegetable,Freezer,10,20.0,Fresh
Pisang,Tropical Fruit,Chiller,0,5.0,Fresh
Sawi,Leafy Veg,Freezer,32,-2.0,Expired
Sawi,leafy vegetable,Beku,39,-9.0,Expired
Kentang,Root Vegetable,fridge,13,17.0,Fresh
Raspberry,Berry,Outside,0 hari,2.0,
Kunyit,Root Vegetable,Outside,12,2.0,
Seledri,Leafy Vegetable,Room Temp,1,1.0,Soon
Blueberry,Berry,Luar,1,1.0,Soon
Pisang,Tropical Fruit,Freezer,38,-8.0,kadaluarsa
Tomat,Tropical Fruit,Chiller,17,-3.0,Expired
Anggur,Temperate Fruit,Outside,2,1.0,Soon
Kentang,,Chiller,2,28.0,Fresh
Bawang Putih,,Freezer,164,16.0,Fresh
Seledri,Leafy Vegetable,Chiller,3,4.0,Fresh
Jeruk Nipis,Citric Fruit,Outside,6,1.0,SOON
Mangga,Tropis,Chiller,5,2.0,Soon
Melon,Tropical Fruit,Freezer,31,-1.0,Expired
	Cabai Rawit,Chili Pepper,Freezer,11,49.0,Fresh
Raspberry,Berry,Chiller,1,4.0,Fresh
Kunyit,,Outside,18,-4.0,Expired
Bawang Merah,Root Vegetable,Outside,32,-2.0,Dead
Anggur,temperat,Chiller,5,2.0,Soon
Jeruk,,Freezer,68 hari,-8.0,Expired
Selada,,Freezer,6,24.0,Fresh
Bayam,Leafy Vegetable,Outside,,0.0,Expired
Paprika,chili pepper,Chiller,0,14.0,Fresh
Raspberry,Berry,,2,19.0,Fresh
Seledri,Leafy Vegetable,Room Temp,-1,2.0,Soon
Pear,temperate fruit,Outside,1,4.0,Fresh
Bawang Putih,Root Vegetable,CHILLER,32,58.0,Fresh
Singkong,Root Vegetable,Outside,3,0.0,basi
Paprika,Chile,Freezer,5,55.0,Fresh
Lemon,Citric Fruit,,3,4.0,Fresh
Paprika,Chili Pepper,Beku,47,13.0,Segar
Kentang,Root Vegetable,Freezer,0,90.0,OK
Jeruk Bali,Citric Fruit,Freezer,0,60.0,
SINGKONG,Akar-akaran,Outside,3,0.0,Expired
Semangka,Tropical Fruit,Chiller,3,7.0,Fresh
MELON,TROPICAL,Freezer,12,18.0,
Melon,Tropical Fruit,Freezer,31,-1.0,Expired
Bawang Merah,Root Veg,,26,34.0,Fresh
Bayam,Leafy Vegetable,Freezer,,8.0,Fresh
Nanas,Tropical Fruit,Beku,2,28.0,Fresh
seledri,leafy vegetable,Freezer,24,-3.0,Expired
Nanas,TROPICAL,Chiller,1 hari,6.0,segar
Cabai Rawit,Chili Pepper,Chiller,12,-2.0,
Bayam,Leafy Vegetable,Outside,1,0.0,Expired
Ubi Jalar,Root Vegetable,Chiller,2,28.0,Fresh
Jeruk Bali,Citric Fruit,chiller,27,3.0,Soon
Raspberry,Berry,Chiller,1,4.0,ok
cabai merah,Chili Pepper,Freezer,4,56.0,segar
Kol,Leafy Vegetable,Chiller,15 hari,-1.0,Expired
Kunyit,Root Vegetable,Outside,3,11.0,Fresh
Cabai Merah,Chili Pepper,Chiller,2,12.0,Fresh
Nanas,TROPICAL,Chiller,1 hari,6.0,segar
Cabai Merah,Chili Pepper,Freezer,59,1.0,Soon
Sawi,Leafy Vegetable,Chiller,4,1.0,Soon
Pakcoy,Leafy Vegetable,Freezer,19,2.0,Soon
Ubi Jalar,Root Vegetable,,11,3.0,Soon
  Bawang Putih  ,Root Veg,Chiller,66,24.0,Fresh
Sawi,Leafy Vegetable,Chiller,1,4.0,Fresh
Mangga,Tropis,Outside,3,2.0,Soon
Kol,Leafy Vegetable,Chiller,17,-3.0,Expired
Kangkung,Leafy Vegetable,Chiller,3,1.0,Soon
Semangka,Tropical Fruit,Outside,6,1.0,Soon
Bawang Merah,Root Vegetable,Suhu Ruangan,19,11.0,Fresh
Ubi Jalar,Root Vegetable,Freezer,114,-24.0,Expired
Kiwi,Buah Sedang,Chiller,4,10.0,Fresh
Nanas,Tropical Fruit,Freezer,10,20.0,Fresh
Bayam,Leafy Vegetable,Chiller,3 hari,2.0,Soon
Singkong,Root Vegetable,Chiller,1,6.0,segar
Seledri,Leafy Vegetable,Outside,2,0.0,expired
Kentang,Root Veg,Chiller,2 hari,28.0,Fresh
Seledri,Leafy Vegetable,Freezer,1,20.0,Fresh
 Ubi Jalar,Root Vegetable,Outside,2,12.0,OK
Sawi,,,0,1.0,Soon
 Kentang,Root Vegetable,Freezer,9999,37.0,Fresh
Kunyit,Root Vegetable,Chiller,39,-9.0,Expired
Seledri,Leafy Vegetable,Outside,0,2.0,Soon
  Pakcoy  ,Leafy Vegetable,Outside,1,0.0,Basi
Pisang,Tropical Fruit,Freeze,35,-5.0,Expired
BAWANG PUTIH,,Outside,1,44.0,Fresh
Jeruk Bali,Citric Fruit,Freezer,8,52.0,Fresh
Blueberry,Berry,Freezer,36,-6.0,EXPIRED
Sawi ,Leafy Vegetable,Room Temp,1,0.0,Expired
Jeruk Bali,Citric Fruit,outside,16,-2.0,Expired
Jahe,Akar-akaran,OUTSIDE,13 hari,1.0,Soon
Apel,Temperate Fruit,Freezer,48,42.0,Fresh
Tomat,Tropical Fruit,Outside,6,-1.0,Expired
Brokoli,Leafy Vegetable,Outside,0,2.0,SOON
Jeruk Nipis,Citric Fruit,Outside,7,0.0,Expired
Kiwi,Temperate Fruit,Kulkas,12,2.0,Soon
Singkong,Root Vegetable,Outside,0,3.0,Soon
Mangga,Tropical Fruit,Chiller,8,-1.0,Expired
Blueberry,Berry,Outside,1,1.0,Soon
Jeruk Nipis,Citric Fruit,Outside,1,6.0,Fresh
Singkong,Root Vegetable,Outside,1000,3.0,Soon
Pepaya,TROPICAL,Outside,4,9999.0,Expired
Pear,Temperate Fruit,Chiller,16,-2.0,Expired
Brokoli,Leafy Vegetable,Chiller,5 hari,5.0,Fresh
Melon,Tropical Fruit,Outside,,5.0,ok
Sawi,,CHILLER,2,3.0,Soon
Lemon,Citric Fruit,Chiller,7,14.0,fresh
Blueberry,,Outside,0,2.0,SOON
Anggur,Temperate Fruit,Freezer,0,30.0,Fresh
Pear,Temperate Fruit,Freezer,40,20.0,Fresh
Cabai Merah,Chili Pepper,Freezer,75,-15.0,Expired
Semangka,Buah Tropis,Freezer,36,-6.0,Expired
Cabai Rawit,Chili Pepper,Chiller,9,1.0,
Kentang,Root Vegetable,frzer,25,65.0,
Selada,Leafy Vegetable,Freezer,17,13.0,Fresh
Semangka,,Chiller,0,10.0,Fresh
Seledri,Leafy Vegetable,frzer,5,16.0,Fresh
Kentang,Root Vegetable,Chiller,2,28.0,Fresh
Selada,Leafy Vegetable,Chiller,5,2.0,Soon
Pakcoy,Leafy Vegetable,Freezer,0,21.0,Fresh
Semangka,,Freezer,5,25.0,Fresh
Pepaya,Tropical Fruit,Freezer,18,12.0,Fresh
	Seledri,Leafy Vegetable,Chiller,2,5.0,Fresh
Cabai Merah,Chili Pepper,Room Temp,2,3.0,Soon
Kol,,Freezer,28,2.0,Soon
Paprika,Chili Pepper,Freezer,63,-3.0,Expired
singkong,Root Vegetable,Outside,1,2.0,Soon
Jeruk,Citric Fruit,Chiller,11,10.0,Fresh
Tomat,Tropical Fruit,Freezer,50,10.0,Fresh
Stroberi,Berry,Outside,1,1.0,Soon
Alpukat,Tropical Fruit,,1 hari,2.0,Soon
Cabai Merah,,Chiller,2,12.0,
Jeruk Bali,Citric Fruit,Freezer,45,15.0,Fresh
Pakcoy,Leafy Vegetable,Freezer,5,16.0,Fresh
Kangkung,Leafy Vegetable,Chiller,1,3.0,Soon
Lemon,Citrus,Freezer,24,36.0,Fresh
Sawi,LEAFY VEGETABLE,Chiller,6,-1.0,Dead
Sawi,Leafy Vegetable,,16,14.0,Fresh
Ubi Jalar,Root Vegetable,Chiller,22,8.0,Fresh
Ubi Jalar,Root Vegetable,Freezer,90,0.0,Expired
Kol,Leafy Vegetable,Outside,2,1.0,Soon
Jeruk Nipis,Citric Fruit,Chiller,4,10.0,Fresh
Pisang,Tropical Fruit,Chiller,5,0.0,Expired
Singkong,Root Veg,,32,-2.0,Expired
Pear,Temperate Fruit,Freezer,33,27.0,Fresh
Anggur,Temperate Fruit,Freezer,22,8.0,Fresh
Ubi Jalar,Root Vegetable,Outside,7,7.0,Fresh
Ubi Jalar,Root Vegetable,Outside,13,1.0,Soon
Bayam,Leafy Vegetable,Chiller,1,4.0,Fresh
Blueberry,Berry,fridge,2,5.0,Fresh
Pepaya,,Chiller,3,4.0,Fresh
Bawang Merah,root vegetable,Outside,37,-7.0,Expired
Paprika,Chili Pepper,,2,3.0,Soon
Apel,Temperate Fruit,Freezer,67,23.0,Fresh
Brokoli,Leafy Vegetable,beku,2,28.0,Fresh
Jeruk,citrus fruit,Freezer,73,-13.0,Expired
Semangka,TROPICAL,Chiller,12,-2.0,Expired
Mangga,Tropical Fruit,Chiller,1000,6.0,Fresh
Semangka,Tropical Fruit,Chiller,0,10.0,Fresh
Alpukat,Tropical Fruit,Chiller,9999,4.0,Fresh
Brokoli,Leafy Vegetable,Outside,1,1.0,Soon
KIWI,temperate fruit,CHILLER,14,0.0,Expired
Sawi,Leafy Vegetable,Outside,1,0.0,Expired
Kol,Leafy Vegetable,Outside,1 hari,2.0,SOON
Kiwi,Temperate Fruit,Outside,5,0.0,Expired
Blueberry,,Outside,0,2.0,Soon
Kol,Sayur Daun,Chiller,6,,Fresh
Kiwi,Temperate Fruit,Chiller,17,-3.0,Expired
Seledri,Leafy Vegetable,Outside,2,0.0,basi
KOL,Leafy Vegetable,Chiller,,-3.0,Expired
Singkong,Root Vegetable,Chiller,4,3.0,hampir
KUNYIT,Root Veg,Outside,15,-1.0,Expired
Tomat,Tropical Fruit,Outside,,-1.0,Expired
Bawang Putih,Root Vegetable,Outside,15,30.0,Fresh
Melon,Tropical Fruit,Freezer,20,10.0,Fresh
Raspberry,Berry,Freezer,27,-6.0,Expired
Bawang Putih,Root Vegetable,Outside,35,10.0,Fresh
Pepaya,Tropical Fruit,Freezer,14,16.0,Fresh
Kangkung,Leafy Vegetable,Freezer,0,30.0,Fresh
Seledri,Leafy Vegetable,Outside,1,1.0,Soon
Pisang,Tropical Fruit,Chiller,3 hari,2.0,Soon
Lemon,Citric Fruit,Kulkas,23,-2.0,Expired
Singkong,ROOT VEG,Outside,1,2.0,
Kentang,Root Vegetable,Freezer,80,10.0,Fresh
Bawang Putih,Root Vegetable,Chiller,13,77.0,Fresh
Tomat,Tropical Fruit,Chiller,15,,Expired
Blueberry,Berry,Chiller,5,2.0,Soon
Pear,Temperate Fruit,Chiller,7,7.0,Fresh
Brokoli,Sayur Daun,Freezer,30,0.0,Expired
Singkong,ROOT VEG,suhu ruangan,1,2.0,Soon
Kentang,Root Vegetable,Outside,16,-2.0,basi
Blueberry,Berry,Freezer,36,-6.0,Expired
  Bayam  ,Leafy Vegetable,Freezer,37,-7.0,Expired
Singkong,Root Vegetable,Chiller,2,5.0,Fresh
Apel,Temperate Fruit,Chiller,9,12.0,Fresh
Kiwi,Temperate Fruit,Freezer,10,50.0,Fresh
Cabai Merah,Chili Pepper,Chiller,0,14.0,Fresh
Jeruk,Citric Fruit,Freezer,78,-18.0,Expired
Apel,Temperate Fruit,Freezer,26,64.0,Fresh
Singkong,Root Vegetable,,17 hari,13.0,OK
Paprika,Chili Pepper,Outside,0,5.0,Fresh
Anggur,Temperate Fruit,Chiller,5,2.0,Soon
Bawang Putih,ROOT VEG,Freezer,10,170.0,
Blueberry,Berry,frzer,38,-8.0,
Stroberi,Berry,Freeze,17,13.0,
Jeruk Nipis,Citrus,Chiller,9,5.0,Fresh
Bawang Putih,Root Vegetable,Outside,36,9.0,Fresh
Kangkung,Leafy Vegetable,Freezer,27,3.0,Soon
Brokoli,Leafy Vegetable,Chiller,,3.0,Soon
Seledri,Leafy Vegetable,Outside,0,2.0,Soon
Kol,Sayur Daun,Outside,2,1.0,Soon
Brokoli,leafy vegetable,Freezer,23,7.0,Fresh
Singkong,Root Vegetable,Chiller,3,4.0,Fresh
Kunyit,Root Vegetable,Chiller,2,28.0,Fresh
  Sawi  ,Leafy Vegetable,Chiller,1,4.0,Fresh
Blueberry,Berry,Chiller,,1.0,Hampir
Cabai Merah,Chili Pepper,Beku,52,8.0,Segar
  Cabai Merah  ,Chili Pepper,Chiller,14,0.0,Expired
Singkong,Root Vegetable,Freezer,4,26.0,Fresh
Lemon,Citric Fruit,Freezer,6,54.0,Fresh
Kol,LEAFY VEGETABLE,Outside,1000,3.0,Soon
Stroberi,Berry,Chiller,1,4.0,Fresh
Mangga,Tropical Fruit,Freezer,30,0.0,Expired
Tomat,,Freezer,64,-4.0,Expired
Bawang Putih,Root Vegetable,Freezer,154,26.0,Fresh
Wortel,Root Vegetable,Chiller,1,20.0,fresh
Cabai Merah,Chili Pepper,OUTSIDE,5,0.0,Expired
Brokoli,Leafy Vegetable,Outside,0,2.0,Soon
Bawang Merah,Root Vegetable,freezer,60,120.0,Fresh
Pepaya,Tropical Fruit,Outside,5,-1.0,Expired
Cabai Rawit,Chili Pepper,chiller,0,10.0,Fresh
Bawang Putih,ROOT VEG,Chiller,116,-26.0,Expired
Kunyit,ROOT VEG,Chiller,10 hari,20.0,Fresh
Bawang Merah,Root Vegetable,Outside,20,10.0,Fresh
Paprika,Chili Pepper,Outside,5,0.0,Expired
Kol,Leafy Vegetable,Chiller,15,-1.0,Expired
Alpukat,Tropical Fruit,Outside,2 hari,1.0,Soon
Pisang,Tropical Fruit,Freezer,32,-2.0,Expired
Anggur,Temperate Fruit,Outside,2,1.0,Soon
Cabai Merah,Chili Pepper,Chiller,12,2.0,Hampir
Seledri,Leafy Vegetable,freezer,26,-5.0,Expired
Selada,Leafy Vegetable,Freezer,,-9.0,Expired
Tomat,TROPICAL,,,-3.0,
Selada,LEAFY VEGETABLE,Freezer,5,25.0,Fresh
Bayam,Leafy Vegetable,Outside,0,1.0,Soon
Cabai Merah,Chili Pepper,Chiller,11,3.0,Soon
Selada,Leafy Vegetable,Kulkas,9,-2.0,Expired
Pepaya,Tropical Fruit,Freezer,38,,Expired
Tomat,Tropical Fruit,Freezer,73,-13.0,Expired
Kangkung,LEAFY VEGETABLE,Outside,1 hari,0.0,
Jeruk Bali,Citric Fruit,Freezer,67,-7.0,Expired
Raspberry,Berry,Chiller,0,5.0,Fresh
Bawang Merah,Root Vegetable,Outside,9,21.0,Fresh
PEAR,Temperate Fruit,kulkas,18,-4.0,Dead
Semangka,Tropical Fruit,Chiller,13,-3.0,EXPIRED
Jeruk Bali,Citric Fruit,Freezer,25,35.0,Fresh
Pepaya,Tropical Fruit,,3,1.0,Soon
Cabai Rawit,chili,Chiller,2,8.0,Fresh
Melon,Tropical Fruit,Freezer,16,14.0,Fresh
Kentang,Root Veg,Chiller,33,-3.0,Dead
Pepaya,Tropical Fruit,Freezer,7,23.0,Fresh
Bawang Putih,Root Veg,Freezer,104 hari,,Fresh
Jahe,Root Vegetable,Freezer,94,-4.0,
Mangga,Tropical Fruit,frozen,5,25.0,Fresh
Jahe,Root Vegetable,Outside,2,-999.0,Fresh
Bawang Putih,Root Vegetable,Chiller,49,41.0,Fresh
Paprika,Chili Pepper,Chiller,12,2.0,Segera
Stroberi,Berry,Freezer,-5,6.0,Fresh
Bayam,Leafy Vegetable,Outside,1,0.0,basi
Nanas,Tropical Fruit,Chiller,3,-999.0,Fresh
Ubi Jalar,Root Vegetable,Freezer,77,13.0,Fresh
Melon,Tropical Fruit,outside,0,5.0,Fresh
Kiwi,Temperate Fruit,Freezer,23,37.0,Fresh
Jeruk Nipis,Citric Fruit,OUTSIDE,5,2.0,Soon
Mangga,Tropical Fruit,Chiller,4,3.0,Soon
Ubi Jalar,Root Vegetable,Outside,,5.0,Fresh
Bayam,Leafy Vegetable,Chiller,0,5.0,Fresh
Apel,Temperate Fruit,Outside,9,-2.0,Expired
Nanas,Tropical Fruit,Freezer,23,7.0,Fresh
Bawang Merah,Akar-akaran,Outside,30,0.0,EXPIRED
Kunyit,Root Vegetable,Freezer,15,75.0,Fresh
Kangkung,Leafy Vegetable,Outside,0,1.0,Soon
Lemon,Citric Fruit,,4,17.0,Segar
Jeruk Bali,Citric Fruit,Chiller,6,24.0,Fresh
Bayam,Leafy Vegetable,,2,28.0,Fresh
Bayam,,Chiller,2,3.0,Soon
Kunyit,Root Vegetable,Freezer,87,3.0,Soon
Cabai Rawit,CHILI,Suhu Ruangan,5,-1.0,Expired
Raspberry,Berry,Outside,2,0.0,Expired
Jeruk,Citric Fruit,Chiller,7,14.0,Fresh
Stroberi,Berry,Outside,2,0.0,Expired
 Tomat,,Chiller,1,13.0,Fresh
Stroberi,Berries,Freezer,34,9999.0,Expired
Bawang Putih,Root Vegetable,Freezer,28,152.0,Fresh
Kunyit,Root Veg,Chiller,37,-7.0,Dead
Melon,Tropical Fruit,Outside,2,3.0,Soon
Kol,Leafy Vegetable,Outside,3,0.0,Expired
Anggur,Temperate Fruit,Chiller,5,2.0,Soon
Alpukat,Tropical Fruit,Freezer,0,30.0,Fresh
Alpukat,Tropis,Chiller,7,-50.0,Basi
Bawang Putih,Root Vegetable,Freezer,46,134.0,Fresh
Semangka,Tropical Fruit,,6,1.0,Soon
Paprika,Chili Pepper,Kulkas,,7.0,Fresh
Jeruk,Citric Fruit,Outside,0,7.0,Fresh
Jeruk Nipis,Citric Fruit,Freezer,74,-14.0,Expired
Kol,Leafy Vegetable,,17,-3.0,Expired
Pakcoy,Leafy Vegetable,Outside,0 hari,1.0,Soon
Kiwi,Buah Sedang,Freezer,51,9.0,Fresh
Brokoli,,Freezer,15,15.0,Fresh
Brokoli,,Outside,0,2.0,Soon
Jahe,Root Vegetable,,7,23.0,Fresh
Pepaya,Tropical Fruit,Chiller,4,3.0,Soon
Alpukat,tropical fruit,,11,19.0,Fresh
Pepaya,tropical fruit,Outside,4,0.0,kadaluarsa
	Tomat,Tropical Fruit,,6,-1.0,Expired
Paprika,Chili Pepper,Freezer,65,-5.0,Expired
Cabai Merah,Chili Pepper,Outside,4,1.0,Soon
jeruk nipis,Citric Fruit,Chiller,16,-2.0,Expired
Alpukat,Tropical Fruit,Freezer,27,3.0,Soon
Pepaya,tropical,Freezer,1,29.0,Fresh
Cabai Merah,,Freezer,29,31.0,Fresh
Pisang,Tropical Fruit,Chiller,3,2.0,Soon
Bayam,Leafy Vegetable,Outside,1,0.0,Expired
Bawang Putih,Root Vegetable,Freeze,116,64.0,Fresh
Mangga,Tropical Fruit,Freezer,37 hari,-7.0,basi
Kol,Leafy Vegetable,Outside,3,0.0,Expired
Pepaya,Tropical Fruit,Freezer,16,14.0,Fresh
Pakcoy,Leafy Vegetable,Outside,1,0.0,Expired
  Melon  ,Tropical Fruit,Outside,2,3.0,Soon
Jahe,Root Vegetable,Chiller,16,14.0,Fresh
Cabai Merah,Chili Pepper,Freezer,71,-11.0,Basi
Cabai Merah,Chili Pepper,Freezer,35,25.0,
Apel,Temperate Fruit,Freezer,98,-8.0,Expired
Raspberry,Berry,Chiller,4,1.0,Soon
Anggur,Temperate Fruit,Freezer,21,9.0,Fresh
Jeruk Bali,Citrus,Refrigerator,39,-9.0,
Jeruk Bali,Citric Fruit,Outside,,9.0,Fresh
Semangka,Tropical Fruit,Outside,4,3.0,Soon
Anggur,Temperate Fruit,Outside,2,1.0,Soon
Alpukat,Tropical Fruit,Outside,2,1.0,Soon
Stroberi,Berry,Chiller,5,0.0,Expired
Bawang Putih,root vegetable,Chiller,32,58.0,Fresh
Kangkung,Leafy Vegetable,Chiller,2,2.0,Soon
Alpukat,Tropical Fruit,Outside,2,1.0,Soon
	Jeruk Bali,Citric Fruit,Outside,2,12.0,Fresh
Pisang,Tropical Fruit,chiller,0,5.0,Fresh
Pear,temperate fruit,Room Temp,0,5.0,Fresh
Lemon,Citric Fruit,Freezer,,46.0,Fresh
Pear,Temperate Fruit,Freezer,57,3.0,Soon
Raspberry,Berry,Chiller,6,-1.0,Expired
Wortel,Root Vegetable,Chiller,14,7.0,Fresh
Singkong,Root Vegetable,Chiller,3,4.0,Fresh
Alpukat,Tropical Fruit,Chiller,2,5.0,Fresh
Alpukat,Tropical Fruit,Chiller,5,2.0,Soon
Nanas,Tropical Fruit,Chiller,4,3.0,Soon
Kentang,Root Vegetable,Outside,0,14.0,Fresh
Alpukat,Tropical Fruit,Chiller,,5.0,fresh
Seledri,Leafy Vegetable,Chiller,6,1.0,Soon
Jahe,Root Vegetable,Outside,17,-3.0,Expired
Ubi Jalar,Root Vegetable,Outside,14,0.0,Expired
Sawi,Leafy Vegetable,,12,18.0,Fresh
Lemon,Citrus,Outside,5 hari,2.0,Soon
Jeruk,Citric Fruit,Freezer,0,60.0,OK
Lemon,Citric Fruit,Beku,47,13.0,Fresh
Semangka,Tropical Fruit,,15,15.0,Fresh
Pear,Temperate Fruit,Outside,2,3.0,Soon
Stroberi,Berry,Chiller,5,0.0,Expired
Pear,Temperate Fruit,Outside,1,4.0,Fresh
Bawang Merah,Root Vegetable,Outside,27,3.0,Soon
Jeruk Nipis,Citric Fruit,Outside,0,7.0,Fresh
Melon,Tropical Fruit,Freezer,9,21.0,Fresh
Anggur,Temperate,Chiller,7,0.0,Expired
Stroberi,Berry,Freezer,0,30.0,Fresh
Seledri,LEAFY VEGETABLE,,7,0.0,
 Anggur,Buah Sedang,Freezer,38,-8.0,Expired
Jahe,,suhu ruangan,5,9.0,Fresh
KOL,Leafy Vegetable,Freezer,27,9999.0,Soon
mangga,Tropical Fruit,Chiller,1,6.0,Fresh
Pakcoy,Leafy Vegetable,Freezer,5,16.0,
Paprika,,,4,1.0,Soon
Singkong,Root Vegetable,Freezer,9,21.0,
Tomat,Tropical Fruit,Freezer,36,24.0,Fresh
 Kunyit,Root Vegetable,Chiller,26,4.0,segar
Anggur,Temperate Fruit,Chiller,1,6.0,Fresh
Bayam,Leafy Vegetable,Outside,0,1.0,Soon
Kentang,Root Vegetable,,100,-10.0,kadaluarsa
Tomat,Tropical Fruit,chiller,9999,10.0,Fresh
Ubi Jalar,Root Vegetable,Outside,2,12.0,Fresh
Cabai Rawit,Chili Pepper,Chiller,5,5.0,Fresh
Brokoli,Leafy Vegetable,Freezer,16,14.0,FRESH
Tomat,Tropical Fruit,Freezer,33,27.0,Fresh
Bawang Merah,Root Vegetable,Chiller,5,55.0,Fresh
Pisang,TROPICAL,Chiller,0,5.0,Fresh
Jeruk Bali,Citric Fruit,Freezer,54,6.0,
Selada,Leafy Vegetable,Chiller,4,3.0,Soon
Pisang,Tropical Fruit,Freezer,23 hari,7.0,Fresh
Bawang Putih,Root Vegetable,Outside,14,31.0,Fresh
Pisang,Tropical Fruit,Chiller,-1,1.0,Soon
Sawi,leafy vegetable,Freezer,12,18.0,Fresh
Pakcoy,leafy vegetable,Chiller,6,-1.0,Expired
Pakcoy,leafy vegetable,Outside,1,0.0,Expired
Apel,Temperate Fruit,frozen,57,33.0,Fresh
Selada,LEAFY VEGETABLE,,24,6.0,OK
Jahe,Root Vegetable,Freezer,89,1.0,Soon
Cabai Rawit,Chili Pepper,Outside,5,-1.0,Expired
Pakcoy,Leafy Vegetable,Chiller,3,2.0,Segera
Sawi,Leafy Vegetable,Freezer,26,4.0,Fresh
Sawi,Leafy Vegetable,Freezer,9,21.0,Fresh
Bayam,Leafy Vegetable,Kulkas,,1.0,soon
Kunyit,Akar-akaran,Outside,3,11.0,Fresh
Bawang Putih,Root Vegetable,refrigerator,92,-2.0,Expired
Pakcoy,Leafy Vegetable,Freezer,17,4.0,
Jahe,Root Vegetable,Outside,1,13.0,Fresh
Kangkung,Daun-daunan,Outside,0,1.0,hampir
Jeruk Nipis,citrus fruit,Freezer,56,4.0,Fresh
Mangga,Tropical Fruit,Freezer,8,22.0,Segar
  Bayam  ,Leafy Vegetable,kulkas,3,2.0,Soon
Apel,Temperate Fruit,Outside,5,2.0,Soon
Jeruk,Citric Fruit,Freezer,61,-1.0,Expired
Pear,Temperate Fruit,Outside,0,5.0,Fresh
Bawang Merah,Root Vegetable,Outside,8,22.0,Fresh
Anggur,Temperate Fruit,Outside,2,1.0,Soon
Jeruk Nipis,citrus fruit,room temp,7,0.0,Expired
Nanas,,Outside,0 hari,,Fresh
Bayam,Daun-daunan,freezer,30,,Expired
Jeruk,Citric Fruit,Outside,8,-1.0,
Kiwi,Temperate Fruit,Freezer,55,5.0,Fresh
Jeruk Nipis,Citric Fruit,Chiller,18,-4.0,Expired
Apel,temperate fruit,Freezer,60,30.0,Fresh
Jeruk,Citric Fruit,Outside,3,4.0,
 Stroberi,Berry,Chiller,6,-1.0,Expired
Mangga,Tropical Fruit,Freezer,0,30.0,Fresh
Paprika,Chili Pepper,Chiller,16,-2.0,Expired
Jeruk,Citric Fruit,Freezer,68,-8.0,Expired
Paprika,Chili Pepper,Freezer,77,-17.0,Expired
Seledri,Leafy Vegetable,Freezer,11,10.0,Fresh
Melon,Tropical Fruit,Outside,0,5.0,Fresh
Pakcoy,Leafy Vegetable,Freeze,21,0.0,
Kangkung,Leafy Vegetable,Chiller,,2.0,Warning
Cabai Rawit,Chili Pepper,Outside,1,3.0,Soon
Pear,Temperate Fruit,OUTSIDE,0,5.0,Fresh
Cabai Merah,Chili Pepper,Chiller,8,6.0,Fresh
Selada,leafy vegetable,outside,2,0.0,Expired
Melon,Tropical Fruit,Freezer,1,29.0,Fresh
Alpukat,Tropical Fruit,Freezer,24,6.0,Fresh
Mangga,Tropical Fruit,Outside,0,5.0,Fresh
Kol,Leafy Vegetable,Freezer,7,23.0,Fresh
	Mangga,Tropical Fruit,Freezer,24,6.0,Fresh
Sawi,LEAFY VEGETABLE,Chiller,2,3.0,Soon
Kol,Leafy Vegetable,Freezer,9,21.0,Fresh
Raspberry,Berry,Freezer,11,-999.0,Fresh
Pear,Temperate Fruit,Chiller,13,1.0,Soon
  Sawi  ,Leafy Vegetable,Outside,1000,0.0,
Sawi,Leafy Vegetable,Freezer,38,-8.0,Expired
Tomat,tropical fruit,Freezer,-1,50.0,ok
Mangga,Tropical Fruit,Chiller,8,-1.0,Expired
Ubi Jalar,ROOT VEG,Chiller,1,29.0,
Kentang,Root Vegetable,beku,87,3.0,
Brokoli ,Leafy Vegetable,Freezer,30,0.0,Expired
Pisang,Tropical Fruit,Freezer,36,-6.0,Expired
Wortel,Root Vegetable,,0,5.0,
Pepaya,Tropical Fruit,Suhu Ruangan,4,0.0,Expired
Kangkung,LEAFY VEGETABLE,OUTSIDE,0,1.0,Soon
Cabai Rawit,CHILI,Outside,4,0.0,Expired
Sawi,Leafy Vegetable,Freezer,0,30.0,ok
Seledri,Leafy Vegetable,Freezer,16,5.0,Fresh
Jeruk Nipis,Citric Fruit,Outside,4,3.0,Soon
Jeruk,,Luar,9,-2.0,Expired
Lemon,CITRIC,Outside,9,-2.0,Expired
Paprika,,Outside,3,2.0,Soon
Kol,Leafy Vegetable,Chiller,13,1.0,Soon
Anggur,Temperate Fruit,Outside,3,0.0,Expired
Selada,Leafy Vegetable,Outside,-5,2.0,Soon
Blueberry,Berry,Outside,0,2.0,Soon
	Cabai Merah,,Freezer,71,-11.0,Expired
Mangga,Tropical Fruit,Chiller,7,0.0,expired
Kentang,Root Vegetable,Chiller,22,8.0,Fresh
Kangkung,Leafy Vegetable,Outside,0,1.0,Soon
Nanas,Tropical Fruit,Chiller,2,5.0,Fresh
Bawang Putih,Root Vegetable,Outside,54,-9.0,Expired
Bawang Merah,,Chiller,46,14.0,Fresh
Pisang,tropical fruit,Outside,3,0.0,Expired
Apel,Temperate Fruit,Outside,1,6.0,Fresh
Jeruk Bali,Citric Fruit,Chiller,18,12.0,fresh
Jeruk Bali,Citric Fruit,Outside,13,1.0,Soon
Kiwi,Temperate Fruit,fridge,17,-3.0,Expired
Cabai Merah,Chili Pepper,Outside,4,1.0,Soon
Alpukat,Tropical Fruit,Chiller,8,-1.0,Expired
Stroberi,Berry,Freezer,26,4.0,Fresh
Nanas,Tropical Fruit,Freezer,5,25.0,Fresh
Kiwi,Temperate Fruit,Outside,1,4.0,Fresh
Raspberry,BERRY,Freezer,15,6.0,Fresh
Nanas,Tropical Fruit,Freezer,3,27.0,Fresh
Apel,Temperate Fruit,Chiller,3,18.0,Fresh
Wortel,Root Veg,Room Temp,3,2.0,Soon
Lemon,Citric Fruit,Chiller,5,16.0,Fresh
Pear,Temperate Fruit,Freezer,71,-11.0,Expired
Raspberry,Berry,Freezer,9,12.0,Fresh
Jeruk Nipis,citrus fruit,Chiller,10,4.0,
Cabai Merah,Chili Pepper,Chiller,4,10.0,Fresh
Jahe,Root Vegetable,Outside,11 hari,3.0,Soon
Wortel,Sayur Akar,Chiller,12,9.0,Fresh
Mangga,Tropical Fruit,Outside,3,2.0,warning
Ubi Jalar,Root Vegetable,Outside,16,-2.0,Dead
Bayam,leafy vegetable,Freezer,32,-2.0,Expired
Singkong,Root Vegetable,Freezer,3,27.0,Fresh
Cabai Rawit,Chili Pepper,Chiller,2,8.0,Fresh
Wortel,Root Vegetable,Chiller,4,17.0,Fresh
Kiwi,TEMPERATE,Chiller,5,9.0,Fresh
Mangga,Tropical Fruit,Freezer,20,10.0,Fresh
Ubi Jalar,Sayur Akar,Chiller,,23.0,Fresh
Nanas,Tropical Fruit,Chiller,4,3.0,Soon
Bayam,Leafy Vegetable,Outside,0,1.0,Soon
	Jeruk,citrus fruit,Outside,2,5.0,Fresh
Ubi Jalar,Root Vegetable,Outside,2,12.0,Fresh
Raspberry,Berry,Freezer,3,18.0,Fresh
Brokoli,Leafy Vegetable,,2,0.0,Expired
Pepaya,Tropical Fruit,Freezer,0,30.0,Fresh
Pear,Temperate Fruit,Freezer,71,-11.0,Expired
Tomat,Tropical Fruit,Outside,2,3.0,Soon
Wortel,Root Vegetable,Chiller,4,17.0,Fresh
Kiwi,Temperate Fruit,Chiller,12,2.0,Soon
Raspberry,Berry,OUTSIDE,0,2.0,Soon
Cabai Rawit,Chili Pepper,Freezer,18,42.0,Fresh
Kol,Leafy Vegetable,Chiller,17,-50.0,Expired
Pisang,Tropical Fruit,Outside,0,3.0,Soon
Jeruk,Citric Fruit,Chiller,6,15.0,Fresh
Kunyit,Root Vegetable,Chiller,2,28.0,Fresh
Mangga,Tropical Fruit,,24,6.0,Fresh
Bawang Putih,,Room Temp,16,29.0,Fresh
Mangga,Tropical Fruit,Outside,4,1.0,Soon
Lemon,Citric Fruit,,20,1.0,Soon
kentang,Root Vegetable,,13,1.0,Soon
Singkong,Root Vegetable,Outside,3,0.0,kadaluarsa
Wortel,Root Vegetable,frozen,42,48.0,Fresh
Selada,Leafy Vegetable,Freezer,14,16.0,Fresh
Seledri,Leafy Vegetable,Chiller,2,5.0,Fresh
Pakcoy,leafy vegetable,,,17.0,Fresh
Bawang Merah,Root Vegetable,Outside,7,23.0,Fresh
	Mangga,Buah Tropis,OUTSIDE,0,5.0,Fresh
Pisang,Tropical Fruit,suhu ruangan,-5,1.0,Soon
Apel,Temperate Fruit,suhu ruangan,5,2.0,Soon
Bawang Merah,Root Vegetable,Chiller,20,40.0,Fresh
Anggur,Temperate Fruit,Chiller,7,9999.0,Expired
Kunyit,Root Vegetable,Outside,11,3.0,Soon
Melon,Tropical Fruit,Chiller,8,-1.0,Expired
Jeruk,Citric Fruit,Freezer,28,32.0,Fresh
Blueberry,BERRY,FREEZER,22,8.0,Fresh
Apel,Temperate Fruit,Outside,0,7.0,Fresh
Lemon,Citric Fruit,Freezer,62,-2.0,Expired
Brokoli,Leafy Vegetable,frzer,31,-1.0,Expired
Sawi,LEAFY VEGETABLE,Freezer,30,0.0,Basi
Kunyit,Root Vegetable,Kulkas,13,17.0,Fresh
Lemon,Citric Fruit,Outside,1,,Fresh
Cabai Merah,Chili Pepper,Outside,6,-1.0,Expired
Pear,Temperate Fruit,Luar,5,0.0,Expired
Kangkung,Leafy Vegetable,Chiller,1,3.0,hampir
Anggur,Temperate Fruit,Outside,0,3.0,Soon
Kunyit,Root Vegetable,Chiller,13,17.0,Fresh
Pepaya,Tropical Fruit,Outside,5,-1.0,Expired
Bawang Putih,Root Vegetable,Outside,24,21.0,Fresh
Mangga,Tropical Fruit,FREEZER,,15.0,Fresh
Bawang Putih,,Outside,1,44.0,Fresh
Pakcoy,Leafy Vegetable,Freezer,16,,segar
Kangkung,Leafy Vegetable,Outside,0,-999.0,Soon
  Cabai Merah  ,Chili Pepper,Beku,10,50.0,Fresh
Semangka,Tropical Fruit,Kulkas,4,6.0,Fresh
Pisang,Tropical Fruit,Freezer,27,3.0,Soon
Kentang,Root Vegetable,Chiller,38,-8.0,Expired
Bawang Putih,Root Vegetable,Freezer,,143.0,Fresh
Jeruk Bali,Citric Fruit,Outside,2,12.0,Fresh
Lemon,Citric Fruit,,41,19.0,Fresh
Cabai Rawit,Chili Pepper,Outside,0,4.0,Fresh
Sawi,Leafy Vegetable,Outside,0,1.0,Soon
Jeruk Bali,Citric Fruit,Outside,13,1.0,Soon
SAWI,Leafy Vegetable,Chiller,3,2.0,Soon
Stroberi,Berry,Chiller,0,5.0,Fresh
Lemon,Citric Fruit,Chiller,9999,3.0,Soon
Ubi Jalar,Root Vegetable,Freezer,97,,Expired
Selada,Leafy Vegetable,Chiller,2,5.0,Fresh
Brokoli,Leafy Vegetable,,20,10.0,Fresh
Cabai Merah,Chili Pepper,Outside,-5,5.0,Fresh
Tomat,Tropical Fruit,,3,2.0,Soon
kol,Leafy Vegetable,Chiller,9,5.0,Fresh
Jeruk Nipis,Citric Fruit,Freezer,23,37.0,Fresh
Kol,Leafy Vegetable,Freezer,34,-4.0,Expired
Alpukat,Tropical Fruit,Freezer,27,3.0,Soon
Kangkung,Leafy Vegetable,Freeze,20,10.0,Fresh
Cabai Merah,Chili Pepper,Freezer,53,7.0,Fresh
Jeruk,Citric Fruit,Outside,7,0.0,Expired
Alpukat,Tropical Fruit,,34,-4.0,Expired
Melon,Tropical Fruit,Chiller,8,-1.0,Expired
Paprika,Chili Pepper,Outside,1,4.0,
 Jeruk,Citric Fruit,Outside,9,-2.0,Expired
Stroberi,Berry,beku,18,12.0,Fresh
Pepaya,Tropical Fruit,Freezer,37,-7.0,Expired
Kiwi,Temperate Fruit,Freezer,68,-8.0,Expired
Pakcoy,LEAFY VEGETABLE,Chiller,5,0.0,Expired
Jeruk Bali,Citric Fruit,Outside,0,14.0,Fresh
Kunyit,Root Veg,Chiller,37,-7.0,Dead
Tomat,Tropical Fruit,Chiller,2,12.0,Fresh
Alpukat,Tropical Fruit,Freezer,6 hari,24.0,Fresh
Jeruk Nipis,Buah Citrus,Chiller,6,8.0,segar
Jeruk,Citric Fruit,Freezer,37,23.0,Fresh
Mangga,Tropical Fruit,Outside,0,5.0,Fresh
Bayam,Leafy Vegetable,Chiller,0,-50.0,Fresh
Sawi,Leafy Vegetable,Freezer,38,-8.0,Expired
PISANG,tropical fruit,Outside,,1.0,Soon
Brokoli,Leafy Vegetable,Chiller,7,3.0,Soon
Paprika,Chili Pepper,,7,7.0,Fresh
Cabai Rawit,Chili Pepper,Freezer,3,57.0,Fresh
Cabai Merah,Chili Pepper,Freezer,34,26.0,Fresh
Kunyit,Root Vegetable,Chiller,15,15.0,Fresh
Wortel,Akar-akaran,Outside,0,5.0,Fresh
 Melon,Tropical Fruit,Chiller,5,2.0,Soon
  Raspberry  ,Berry,Freezer,,14.0,Fresh
	Semangka,Tropical Fruit,Freezer,5,25.0,Fresh
Blueberry,Beri,Chiller,7,0.0,Expired
Kunyit,Root Vegetable,Outside,,14.0,Fresh
Bawang Putih,Root Vegetable,CHILLER,0,90.0,Fresh
Bawang Putih,Root Vegetable,Chiller,49,41.0,Fresh
Cabai Merah,Chili Pepper,refrigerator,5,9.0,OK
Stroberi,Berry,Chiller,1,4.0,Fresh
Pisang,Tropical Fruit,Chiller,2,3.0,Soon
Mangga,Tropical Fruit,Outside,0,5.0,Fresh
Wortel,Root Vegetable,Chiller,15,6.0,Fresh
Apel,Temperate Fruit,Freezer,85,5.0,Fresh
Kunyit,ROOT VEG,Chiller,14 hari,16.0,Fresh
Pisang,Tropical Fruit,chiller,6,-1.0,Expired
Stroberi,Berry,Freezer,35,-5.0,Expired
Singkong,Root Vegetable,,7,0.0,Expired
Mangga,,Freezer,30,9999.0,Expired
Kentang,Root Vegetable,Chiller,-1,-999.0,Expired
Melon,Tropical Fruit,,35,-5.0,kadaluarsa
Mangga,TROPICAL,Outside,4,1.0,soon
Jeruk Nipis,Citric Fruit,Outside,,7.0,Fresh
Semangka,Tropical Fruit,Outside,6,1.0,Soon
Jeruk Nipis,Buah Citrus,Freezer,35,25.0,segar
Jeruk,Citric Fruit,Outside,3,4.0,Fresh
Semangka,Tropical Fruit,Outside,6,1.0,Soon
Seledri,Leafy Vegetable,Chiller,6,1.0,Soon
Mangga,Tropical Fruit,Outside,0,5.0,Fresh
Bayam,Daun-daunan,Freezer,25,5.0,FRESH
Seledri,Leafy Vegetable,Outside,1,1.0,Soon
Melon,,Outside,4,,Soon
Melon,Tropical Fruit,Chiller,8,-1.0,Expired
Paprika,Chili Pepper,Freezer,58,2.0,Soon
Kentang,Root Vegetable,OUTSIDE,17,-3.0,Expired
Jahe,Root Vegetable,Outside,0 hari,14.0,FRESH
Alpukat,TROPICAL,Freezer,3,27.0,Fresh
Jahe,,Outside,4,10.0,Fresh
Ubi Jalar,Root Vegetable,Freezer,5,9999.0,Fresh
Ubi Jalar,Root Vegetable,,4,10.0,
Selada,Leafy Vegetable,Outside,2,0.0,Expired
  Bawang Putih  ,Root Vegetable,outside,54,-9.0,kadaluarsa
Jahe,Root Vegetable,Freezer,104,-14.0,Expired
Jeruk Bali,Citric Fruit,Chiller,33,-3.0,Expired
Apel,Temperate Fruit,freezer,7,83.0,ok
Jeruk,Citric Fruit,Chiller,2,19.0,Fresh
Pear,Temperate Fruit,Outside,4,1.0,Soon
Jeruk Bali,Citric Fruit,Freezer,37,23.0,FRESH
Ubi Jalar,root vegetable,Chiller,2,28.0,Fresh
Singkong,Root Vegetable,Chiller,0,7.0,Fresh
Kiwi,Temperate Fruit,Chiller,4,10.0,Fresh
Tomat,Tropical Fruit,suhu ruangan,,0.0,Expired
Jeruk Bali,Citric Fruit,Freezer,20,40.0,Fresh
Bayam,leafy vegetable,Freezer,31,-1.0,Expired
Alpukat,Tropical Fruit,Outside,3,0.0,Expired
Pisang,Tropical Fruit,room temp,2,1.0,Warning
Kangkung,Leafy Vegetable,Outside,1,0.0,Expired
Alpukat,TROPICAL,Outside,2,1.0,Soon
Pepaya,Tropis,Chiller,9,-2.0,basi
Selada,Leafy Vegetable,Outside,2,0.0,Expired
Jeruk,Buah Citrus,beku,33,27.0,Fresh
Raspberry,Berry,,25,-4.0,Expired
Stroberi,Berry,Chiller,6,-1.0,Expired
Selada,Leafy Vegetable,Outside,2,0.0,Expired
Jeruk,Citric Fruit,Outside,1,6.0,Fresh
	Paprika,Chili Pepper,Chiller,18,-4.0,Expired
Pisang,Tropical Fruit,refrigerator,1,4.0,Fresh
Bayam,Leafy Vegetable,Outside,1,0.0,
Nanas,Tropical Fruit,Freezer,28,2.0,Soon
Brokoli,Leafy Vegetable,FREEZER,16,14.0,fresh
Anggur,Temperate Fruit,kulkas,4,3.0,Soon
Bawang Putih,Root Vegetable,Outside,23,22.0,Fresh
Bayam,LEAFY VEGETABLE,FREEZER,37,-7.0,Expired
Tomat,Tropical Fruit,Freezer,61,-1.0,Expired
Kiwi,Temperate Fruit,Outside,6,-1.0,Expired
Sawi,Leafy Vegetable,Chiller,3,2.0,
Alpukat,Tropical Fruit,Freezer,6,24.0,Fresh
Jahe,Root Vegetable,Freezer,68,22.0,Fresh
Blueberry,Beri,Freezer,19,11.0,Fresh
Bawang Merah,Root Vegetable,Freezer,,-28.0,Expired
Seledri,leafy vegetable,Outside,1 hari,1.0,Soon
Pakcoy,Leafy Vegetable,Outside,0,1.0,Soon
Ubi Jalar,Root Vegetable,,21,9.0,Fresh
Pakcoy,Leafy Vegetable,Chiller,2,3.0,Soon
Pepaya,Tropical Fruit,Outside,0,4.0,Fresh
Pisang,Tropical Fruit,Outside,3,0.0,Expired
Selada,Leafy Vegetable,Chiller,9,-2.0,Expired
Paprika,Chili Pepper,outside,1,4.0,Fresh
Mangga,Tropical Fruit,Chiller,0,7.0,Fresh
Pear,Temperate Fruit,Chiller,9,5.0,Fresh
Pear,Temperate Fruit,Outside,0,5.0,Fresh
Blueberry,Berry,Outside,2,0.0,Expired
Jeruk Nipis,Citric Fruit,Outside,3,4.0,Fresh
Pisang,,Chiller,2,3.0,Soon
semangka,Tropical Fruit,Outside,4,3.0,Warning
SAWI,Leafy Vegetable,Freezer,3,27.0,Fresh
Apel,Temperate Fruit,Chiller,20,1.0,Soon
 Cabai Merah,Chili Pepper,chiller,8,6.0,Fresh
Lemon,Citric Fruit,Outside,7,0.0,Expired
Kol,Leafy Vegetable,Outside,2,1.0,Soon
Anggur,Temperate Fruit,Freezer,29,1.0,Soon
Ubi Jalar,Root Vegetable,Freezer,36,54.0,Fresh
Wortel,Root Vegetable,Outside,1,4.0,FRESH
Selada,Leafy Vegetable,Freezer,28,2.0,Soon
Kentang,Root Vegetable,Outside,-5,12.0,Fresh
Lemon,citric fruit,Outside,1,6.0,Fresh
	Tomat,Tropical Fruit,Chiller,1,13.0,segar
Ubi Jalar,Root Vegetable,Freezer,37,53.0,Fresh
Nanas,Tropical Fruit,,7,23.0,Fresh
Brokoli,Sayur Daun,Luar,0,,Soon
Alpukat,Tropical Fruit,Outside,2,1.0,Soon
Anggur,Temperate Fruit,,2,1.0,Soon
Mangga,Tropis,,4,3.0,Soon
Kunyit,Akar-akaran,Freezer,89,1.0,Soon
Kangkung,Leafy Vegetable,Outside,0,1.0,Soon
Lemon,Citric Fruit,Outside,2,5.0,Fresh
Anggur,Temperate Fruit,Freezer,35,-5.0,Expired
Semangka,Tropical Fruit,OUTSIDE,1,6.0,fresh
Pepaya,tropical,,7,0.0,Expired
Singkong,Root Vegetable,Freezer,,25.0,OK
Sawi,Leafy Vegetable,Freezer,11,19.0,Segar
Cabai Merah,Chile,Chiller,15,-1.0,Expired
Bawang Putih,Root Vegetable,Chiller,24,,Fresh
Mangga,Tropical Fruit,Freezer,4,26.0,segar
Brokoli,Leafy Vegetable,Freezer,9,21.0,
sawi,Leafy Vegetable,Chiller,3,2.0,Soon
JERUK BALI,Citric Fruit,OUTSIDE,11,,Soon
Bawang Merah,Root Vegetable,Freezer,221,-41.0,Expired
Pepaya,Tropical Fruit,Outside,4,0.0,Expired
Raspberry,Berry,Outside,2,0.0,Expired
Paprika,Chili Pepper,Outside,,,Soon
Ubi Jalar,Root Vegetable,Freezer,-5,-5.0,Expired
Jeruk Bali,Citric Fruit,Beku,8,52.0,Fresh
Wortel ,ROOT VEG,Chiller,23,-2.0,Expired
Anggur,Temperate Fruit,Outside,0,3.0,Soon
Anggur,Temperate Fruit,Chiller,1 hari,6.0,Fresh
Brokoli,Leafy Vegetable,Outside,-5,1.0,Soon
Nanas,Tropical Fruit,Freezer,24,6.0,Fresh
CABAI MERAH,Chili Pepper,,2,12.0,Fresh
Kunyit,Root Veg,Freezer,85,5.0,segar
Jeruk Bali,Citric Fruit,outside,6,8.0,Fresh
Seledri,Leafy Vegetable,Outside,1,1.0,Soon
Cabai Rawit,Chili Pepper,Freezer,0,,Fresh
Kangkung,Daun-daunan,Chiller,3,1.0,warning
Kunyit,Root Vegetable,Freezer,110,-20.0,Expired
Kangkung,Leafy Vegetable,Freezer,16,14.0,Fresh
Kangkung,Leafy Vegetable,Freezer,20,10.0,Fresh
CABAI RAWIT,Chili Pepper,Chiller,0,10.0,FRESH
Blueberry,,Freezer,9,21.0,Fresh
Cabai Merah,Chili Pepper,Chiller,11,3.0,Soon
Anggur,Temperate Fruit,Chiller,9,-2.0,Expired
Jeruk,Citric Fruit,Freezer,32,28.0,Fresh
Jeruk Bali,Citric Fruit,Outside,,11.0,Fresh
Raspberry,berry,Outside,0,2.0,Soon
Ubi Jalar,root vegetable,Outside,7,7.0,Fresh
Anggur,Temperate Fruit,Chiller,,5.0,Fresh
	Apel,Temperate Fruit,beku,100,-10.0,Expired
Pepaya,Tropical Fruit,Chiller,9,-2.0,
Brokoli,Leafy Vegetable,Outside,1,1.0,Soon
Bayam,,Freezer,24,6.0,Fresh
Mangga,Tropical Fruit,Chiller,9,-2.0,Expired
Kiwi,temperate fruit,Freezer,37,23.0,Fresh
Bawang Putih,Root Vegetable,Chiller,2,88.0,Fresh
Kangkung,Daun-daunan,Chiller,5,-1.0,Expired
Jeruk Nipis,Citric Fruit,Freeze,44,16.0,Fresh
Jahe,Akar-akaran,Outside,4,10.0,Fresh
Bayam,Leafy Vegetable,Chiller,1 hari,4.0,Fresh
Kunyit,root vegetable,Chiller,26,4.0,Fresh
Kunyit,Root Vegetable,Chiller,1,29.0,Fresh
Paprika,chili,Outside,-5,0.0,Expired
Bawang Merah,Root Vegetable,Freezer,163,17.0,Fresh
Wortel,Root Vegetable,Chiller,13,8.0,Fresh
Jahe,Root Vegetable,Outside,0,14.0,
Tomat,Tropical Fruit,Freezer,12,48.0,Fresh
Alpukat,Tropical Fruit,Outside,1,2.0,Soon
Jahe,Root Vegetable,Outside,17,-3.0,Expired
Tomat,Tropical Fruit,refrigerator,5,9.0,Fresh
Pisang,Tropical Fruit,CHILLER,1,4.0,Fresh
Melon,Tropical Fruit,,6,1.0,Soon
Kentang,Root Vegetable,Outside,1,13.0,ok
Pepaya,Tropical Fruit,Chiller,5,2.0,Soon
Pear,Temperate Fruit,Outside,2 hari,3.0,
Kiwi,Temperate Fruit,Freezer,69,-9.0,EXPIRED
Bawang Putih,Root Vegetable,Chiller,97,-7.0,Expired
Jeruk,Citric Fruit,Outside,7,0.0,Expired
Seledri,Leafy Vegetable,,22,-1.0,Expired
Pear,Temperate Fruit,Outside,1,4.0,Fresh
Cabai Merah,Chili Pepper,Chiller,8,6.0,Segar
Kangkung,Leafy Vegetable,Outside,1,0.0,Expired
Kentang,Root Veg,Freezer,104,-14.0,Expired
Alpukat,Tropical Fruit,Chiller,6,1.0,Soon
Seledri,Leafy Vegetable,Outside,0,2.0,Warning
singkong,Akar-akaran,Freezer,9,21.0,segar
Jeruk,Citric Fruit,Chiller,23,-2.0,Expired
Apel,Temperate Fruit,CHILLER,8,13.0,Fresh
Bawang Merah,Root Vegetable,Freezer,177,3.0,Soon
Jeruk Nipis,Buah Citrus,Chiller,0,14.0,Fresh
Pakcoy,leafy vegetable,Freezer,9999,10.0,Fresh
TOMAT,TROPICAL,Freezer,2 hari,58.0,Fresh
Wortel,Root Vegetable,Outside,6,-1.0,Expired
Jeruk Bali,Citric Fruit,Chiller,27,3.0,Soon
Kiwi,Temperate Fruit,Chiller,1,13.0,Fresh
Brokoli,Leafy Vegetable,Outside,,1.0,Soon
Apel,Temperate Fruit,Outside,6,1.0,Soon
alpukat,Tropical Fruit,Freeze,11,19.0,Fresh
Pear,temperate fruit,Outside,1,4.0,Fresh
Kiwi,Temperate Fruit,Outside,1,4.0,Fresh
 Selada,Leafy Vegetable,Outside,2,0.0,Expired
Bayam,Leafy Vegetable,Chiller,4,1.0,Soon
Jeruk Bali,Citric Fruit,Freezer,0,60.0,Fresh
Jeruk Bali,,Outside,8,6.0,Fresh
Melon,Tropical Fruit,Chiller,3,4.0,Fresh
Anggur,Temperate Fruit,Outside,0,3.0,Soon
BAYAM,Leafy Vegetable,Chiller,6,-1.0,Expired
Jeruk Bali,Citric Fruit,Freezer,76,-16.0,Dead
Kangkung,Leafy Vegetable,Freezer,25 hari,5.0,Fresh
Bayam,Leafy Vegetable,Outside,1 hari,0.0,Expired
Selada,Leafy Vegetable,Outside,2,0.0,Dead
Melon,TROPICAL,Freezer,28,2.0,Soon
Kunyit,Root Vegetable,Outside,11,3.0,Soon
Kol,Leafy Vegetable,,5 hari,9.0,Fresh
Nanas,Tropical Fruit,Chiller,0,7.0,Fresh
Pear,temperat,Outside,1,4.0,Fresh
Sawi,Leafy Vegetable,Freezer,9,21.0,Fresh
Raspberry,Beri,Chiller,0,5.0,Fresh
Wortel,ROOT VEG,Chiller,18,3.0,Soon
Pisang,Tropical Fruit,Outside,0,3.0,Soon
Alpukat,Tropical Fruit,Chiller,4,3.0,Soon
Melon,Tropical Fruit,Chiller,4 hari,3.0,Soon
Anggur,Temperate Fruit,Freezer,33,-3.0,Expired
Jahe,Sayur Akar,,37,-7.0,Expired
Cabai Rawit,,Chiller,9,1.0,
Raspberry ,Berry,Chiller,3,2.0,Soon
Kol,Daun-daunan,,0,3.0,Soon
Nanas,Tropical Fruit,Freezer,6,24.0,Fresh
Semangka,Buah Tropis,Chiller,3,7.0,Fresh
Kol,Leafy Vegetable,Freezer,1,29.0,fresh
Kentang,Root Vegetable,Freezer,47,43.0,Fresh
 Ubi Jalar,Root Vegetable,Chiller,36,,Expired
Apel,Temperate Fruit,Outside,7,0.0,Expired
Semangka,Tropical Fruit,Outside,5,9999.0,Soon
Lemon,Citric Fruit,Outside,5,2.0,Soon
  Singkong  ,Root Vegetable,Freezer,30,0.0,Expired
Paprika,Chili Pepper,Freezer,54,6.0,Fresh
	Cabai Merah,Chili Pepper,Luar,6,-1.0,Expired
Bawang Putih,Root Vegetable,Chiller,20,70.0,
Kol,Leafy Vegetable,Freezer,21,9.0,Fresh
Blueberry,,Freezer,34,-4.0,Expired
  Singkong  ,Root Vegetable,Freezer,30,0.0,Expired
Selada,Leafy Vegetable,Outside,0,2.0,Soon
Kunyit,,Freezer,89,1.0,Soon
Semangka,Tropical Fruit,Freezer,33,-3.0,Expired
Pisang,Tropical Fruit,Outside,0,3.0,Soon
Kiwi,Temperate Fruit,Outside,6 hari,-1.0,Expired
Sawi,Leafy Vegetable,Outside,,1.0,Soon
Stroberi,Berry,Chiller,4,1.0,Soon
Pakcoy,Leafy Veg,Outside,0 hari,1.0,Soon
Wortel,Root Vegetable,Freezer,101,-11.0,
Cabai Rawit,Chili Pepper,Freezer,,-2.0,Expired
Bawang Merah,Root Vegetable,Outside,30,0.0,Expired
Pisang,Tropical Fruit,Outside,3,0.0,Expired
Kiwi,Temperate Fruit,Freezer,7,53.0,Fresh
Sawi,Leafy Vegetable,Chiller,6,-1.0,Expired
Anggur,Temperate Fruit,,6,1.0,Soon
Wortel,Root Vegetable,,0 hari,5.0,Fresh
Stroberi,Berry,Freezer,12,18.0,Fresh
Raspberry,Berry,Outside,2,0.0,Expired
Sawi,,Chiller,5,0.0,Expired
Apel,Temperate Fruit,Freezer,48,42.0,Fresh
Bawang Merah,Root Vegetable,Outside,23,7.0,Fresh
Tomat,Tropical Fruit,freezer,54,6.0,Fresh
Ubi Jalar,Root Vegetable,Freezer,,-15.0,Expired
Stroberi,Berry,FREEZER,36,-6.0,Expired
Anggur,Temperate Fruit,Outside,1,2.0,
Melon,Tropical Fruit,Freezer,9,21.0,Fresh
Kangkung,Leafy Vegetable,Freezer,25,5.0,Fresh
Kol,Leafy Vegetable,Freezer,28 hari,2.0,Soon
Kiwi,Temperate Fruit,Chiller,18,-4.0,Expired
Lemon,Citric Fruit,,14,46.0,Fresh
Blueberry,Berry,Luar,1,1.0,Soon
Jahe,Akar-akaran,Freezer,3,87.0,Fresh
 Pear,Temperate Fruit,Freezer,22,38.0,Fresh
Cabai Merah,Chili Pepper,Outside,5,0.0,Expired
Mangga,Tropical Fruit,Freezer,17,13.0,Fresh
Pepaya,Tropical Fruit,Chiller,4,3.0,Soon
Lemon,,Freezer,41,19.0,Fresh
Blueberry,Berry,Freezer,18,12.0,Fresh
Pakcoy,Leafy Vegetable,Outside,1,9999.0,Expired
Cabai Merah,Chili Pepper,outside,5,0.0,Expired
Alpukat,Tropical Fruit,Outside,3,0.0,Expired
Pakcoy,LEAFY VEGETABLE,Chiller,2,3.0,Soon
Jahe,Root Vegetable,Chiller,31,-1.0,Expired
Blueberry,Berries,Outside,0,2.0,Soon
Stroberi,,Chiller,4,1.0,Soon
Mangga,Tropical Fruit,Freezer,4,26.0,Fresh
Stroberi,Berries,Freezer,33 hari,-3.0,Expired
Bayam,Leafy Vegetable,Freezer,7,23.0,Fresh
Kunyit,Root Vegetable,Outside,2,12.0,Fresh
Melon,Tropical Fruit,Outside,1,4.0,Fresh
Jahe,Root Vegetable,Outside,1,13.0,Fresh
Nanas,Tropical Fruit,Chiller,9,,Expired
Jahe,Root Vegetable,Outside,4,10.0,Fresh
Bawang Putih ,Root Vegetable,,140,40.0,Fresh
Tomat,tropical fruit,Chiller,13,1.0,soon
Lemon,,Freezer,26,,Fresh
Alpukat,Tropical Fruit,outside,1,2.0,Soon
Jeruk Bali,Citric Fruit,Freezer,63,-3.0,Expired
Nanas,Tropical Fruit,Chiller,4,3.0,Soon
Brokoli,Leafy Vegetable,,1,29.0,segar
Pear,Temperate Fruit,Outside,0,5.0,fresh
Bawang Merah,Root Vegetable,Beku,187,,Expired
Jeruk Nipis,Citric Fruit,Freezer,11,49.0,Fresh
Sawi,,Chiller,3,2.0,warning
Kangkung,Leafy Vegetable,Freezer,33,-3.0,Expired
Selada,Sayur Daun,Outside,2,0.0,Expired
Jeruk Bali,citric fruit,Outside,11,3.0,
Lemon,Citric Fruit,Outside,4,3.0,Soon
Anggur,Temperate Fruit,Chiller,1,6.0,Fresh
Anggur,Temperate Fruit,Outside,2 hari,9999.0,Soon
Jahe,Root Vegetable,Freezer,71,19.0,Fresh
Melon,Tropical Fruit,Freezer,9999,-5.0,Expired
Pear,Temperate Fruit,Outside,4,1.0,Soon
Lemon,Citric Fruit,room temp,5,2.0,Soon
Pepaya,Tropical Fruit,Outside,0,4.0,Fresh
Jahe,Root Vegetable,Chiller,,17.0,segar
Mangga,TROPICAL,Chiller,5,2.0,Soon
Bayam,Leafy Vegetable,frozen,11,19.0,Fresh
Lemon,Citric Fruit,Freezer,13,47.0,fresh
mangga,Tropical Fruit,Chiller,6 hari,1.0,Soon
Kunyit,Root Veg,Freezer,71,19.0,OK
Tomat,Tropical Fruit,freezer,65,-5.0,Expired
Anggur,Temperate Fruit,Outside,3,,Expired
Wortel ,Root Vegetable,Chiller,25,-4.0,Expired
Seledri,Leafy Vegetable,Outside,0 hari,2.0,Soon
Kunyit,Root Vegetable,Chiller,9,21.0,Fresh
Bawang Merah,Root Vegetable,OUTSIDE,26,4.0,Fresh
Kiwi,Temperate Fruit,Outside,4,1.0,Soon
Anggur,Temperate Fruit,Chiller,1,,Fresh
Pear,Temperate Fruit,Chiller,13,1.0,Soon
Jeruk Bali,Citric Fruit,,-5,60.0,Fresh
Jeruk,Citric Fruit,Chiller,16,5.0,Fresh
Semangka,Tropical Fruit,Chiller,10,0.0,Expired
Blueberry,Berry,Chiller,6,1.0,Soon
Bawang Merah,Root Vegetable,Freezer,85,95.0,Fresh
Lemon,Citric Fruit,Outside,3,4.0,Fresh
Brokoli,Leafy Vegetable,Outside,0,2.0,Soon
Jeruk Bali,Citric Fruit,Chiller,33,-3.0,Expired
Sawi,Leafy Vegetable,Chiller,,-1.0,Expired
Kol,Leafy Vegetable,Chiller,18,-4.0,Expired
	Mangga,Buah Tropis,Outside,2,3.0,Soon
Brokoli,Leafy Vegetable,freezer,10,20.0,Fresh
Jeruk,Citric Fruit,Outside,5,2.0,Soon
Kiwi,Temperate Fruit,Luar,0,5.0,Fresh
Selada,Leafy Vegetable,Outside,2,0.0,Expired
Nanas,Tropical Fruit,Outside,3,2.0,Soon
Pisang,tropical fruit,Freezer,20,10.0,
Anggur,Temperate Fruit,Outside,2,1.0,Soon
Alpukat,Tropical Fruit,Freezer,28,2.0,Soon
Kiwi,Temperate Fruit,Chiller,5,9.0,Fresh
Lemon,citric fruit,Outside,7,0.0,Expired
Lemon,Citric Fruit,Freezer,25,35.0,Fresh
Jeruk Nipis,,Freezer,58,2.0,Soon
JERUK,Citric Fruit,Outside,5,2.0,Soon
Pisang,Tropical Fruit,Freezer,39 hari,-9.0,Expired
Wortel,Sayur Akar,Chiller,25,-4.0,Expired
Paprika ,Chili Pepper,Freezer,22,38.0,Fresh
Brokoli,Leafy Vegetable,Freezer,25,5.0,Fresh
Cabai Merah,Chili Pepper,Outside,0 hari,5.0,Fresh
Sawi,Sayur Daun,Freezer,,21.0,Fresh
Semangka,TROPICAL,Chiller,9,1.0,Soon
Jeruk,Citric Fruit,Freezer,73,-13.0,Expired
Kentang,Root Vegetable,Chiller,,9.0,Fresh
Bawang Merah,Root Vegetable,,207,-27.0,Expired
Pakcoy,Leafy Vegetable,Outside,0,1.0,Soon
Cabai Rawit,Chili Pepper,Outside,0,4.0,Fresh
Alpukat,Tropical Fruit,Chiller,9,-2.0,Expired
Kol,Leafy Vegetable,Chiller,11,3.0,Soon
Selada,Leafy Vegetable,Outside,1,1.0,Soon
  Mangga  ,Tropical Fruit,Outside,0,5.0,Fresh
Kiwi,Temperate Fruit,Freezer,65,-5.0,Expired
Mangga,Tropical Fruit,Chiller,2,5.0,Fresh
Blueberry,Berry,room temp,2,0.0,Expired
Cabai Merah,Chili Pepper,Chiller,6,8.0,Fresh
Pear,temperat,,11,49.0,fresh
ubi jalar,Root Vegetable,Chiller,25,5.0,Fresh
Lemon,Citric Fruit,Outside,7,0.0,Expired
Kunyit,Root Vegetable,Freezer,86,4.0,
Pear,Temperate Fruit,Freezer,42,18.0,Fresh
Kiwi,Temperate Fruit,Freezer,25 hari,35.0,Fresh
Raspberry,Berry,Outside,2,0.0,Expired
Alpukat,Tropical Fruit,Chiller,9,-2.0,Expired
Nanas,Tropical Fruit,frozen,11,19.0,Fresh
Jeruk Nipis,Citric Fruit,Chiller,3,11.0,Fresh
Kangkung,Leafy Vegetable,Freezer,33,-3.0,Expired
Semangka,Tropical Fruit,beku,35,-5.0,Expired
Tomat,Tropical Fruit,Freezer,45,15.0,Fresh
Selada,Leafy Vegetable,Freezer,7,23.0,Fresh
Bawang Putih,Root Vegetable,Chiller,14,76.0,fresh
Jeruk Bali,Citric Fruit,Kulkas,3,27.0,Fresh
Mangga,Tropical Fruit,Outside,2,3.0,Soon
Wortel,Root Vegetable,Outside,1,4.0,Fresh
Kunyit,root vegetable,Outside,16 hari,-2.0,Expired
Bawang Merah,Root Vegetable,Chiller,49,11.0,Fresh
JERUK BALI,Citric Fruit,Chiller,6,24.0,segar
Jeruk,Citric Fruit,Outside,3,4.0,ok
Paprika,CHILI,room temp,3,2.0,Soon
Selada,Leafy Vegetable,Outside,0,2.0,Soon
Seledri,Leafy Vegetable,Chiller,8,-1.0,Expired
Jeruk Nipis,Citric Fruit,Chiller,11,3.0,Soon
Bawang Merah,Root Vegetable,Freezer,181,-1.0,Expired
Sawi,Leafy Vegetable,Chiller,2,3.0,Soon
Anggur,temperat,Chiller,3,4.0,Fresh
Mangga,Tropical Fruit,Freezer,34,-4.0,Expired
Alpukat,Tropical Fruit,Freezer,38,-8.0,Expired
Lemon,Citric Fruit,Outside,4,3.0,Soon
Alpukat,Tropical Fruit,Outside,1,2.0,Soon
Blueberry,Berry,Beku,15,15.0,Fresh
Jahe,Root Vegetable,Beku,10,80.0,Fresh
	Alpukat,Tropical Fruit,Chiller,,1.0,hampir
Cabai Rawit,Chili Pepper,Outside,4 hari,0.0,Expired
Cabai Rawit,Chili Pepper,Freezer,52,8.0,Fresh
Kunyit,Root Vegetable,Chiller,20,10.0,Segar
Pepaya,Tropical Fruit,Chiller,2,5.0,OK
Paprika,Chili Pepper,Chiller,2,12.0,Fresh
Bawang Putih,Root Vegetable,kulkas,52,38.0,Fresh
Jeruk ,Citric Fruit,Freezer,29,,Fresh
Jeruk Nipis,Citrus,Chiller,-1,13.0,Fresh
Kol,Daun-daunan,room temp,2,1.0,
Semangka,Tropical Fruit,Chiller,6,4.0,Fresh
Blueberry,Berry,frzer,27,3.0,Soon
Selada,Leafy Vegetable,Outside,1,1.0,Soon
lemon,Buah Citrus,Freezer,,1.0,Soon
Bawang Putih,Sayur Akar,Freezer,107,73.0,Fresh
Pisang,Tropical Fruit,Outside,2,1.0,Soon
Kol,Daun-daunan,Chiller,11,3.0,Soon
Selada,Leafy Vegetable,Outside,,2.0,Soon
Pepaya,Tropical Fruit,Chiller,5,2.0,Soon
Ubi Jalar,Root Vegetable,Freezer,94,-4.0,Expired
Kiwi,Buah Sedang,Freezer,67,-7.0,Expired
  Seledri  ,Leafy Vegetable,Outside,1,1.0,Soon
Raspberry,Berry,Chiller,2,3.0,Soon
Brokoli,Leafy Vegetable,frzer,4,26.0,
Ubi Jalar,Root Vegetable,Chiller,36,-6.0,Expired
Nanas,Tropical Fruit,Outside,5,0.0,Expired
Bayam,Leafy Vegetable,Freezer,-5,7.0,segar
Cabai Merah,Chili Pepper,Chiller,6,8.0,
Selada,Leafy Vegetable,Freezer,6,24.0,Fresh
Blueberry,Berry,Outside,0,2.0,Soon
Lemon,Citric Fruit,Outside,9,-2.0,Expired
Anggur,Buah Sedang,Chiller,4,3.0,Soon
Nanas,Tropical Fruit,Freezer,13,17.0,Fresh
Cabai Rawit,Chili Pepper,Freezer,34,26.0,Fresh
Paprika,Chili Pepper,Freezer,36,24.0,Fresh
Melon,Tropical Fruit,Outside,4,1.0,Soon
Alpukat,Tropical Fruit,Chiller,7,0.0,Expired
Anggur,,,1,2.0,Soon
Kol,Leafy Vegetable,Freezer,34,-4.0,
Stroberi,Berry,,,,Fresh
Singkong,,,3,0.0,Expired
Bawang Putih,Root Veg,Chiller,28,62.0,Fresh
Raspberry,Berry,Freezer,14,7.0,Fresh
Bawang Merah,Root Vegetable,Refrigerator,42,18.0,Fresh
Pakcoy,Leafy Veg,Chiller,1,4.0,Fresh
Tomat,Tropical Fruit,Chiller,0,14.0,Fresh
Jeruk Bali,Citric Fruit,Outside,3,11.0,Fresh
Pisang,tropical fruit,Chiller,1,4.0,Fresh
Raspberry,Berry,Outside,1,1.0,Soon
Pepaya,Tropical Fruit,outside,5,-1.0,Expired
Cabai Rawit,chili pepper,Outside,1 hari,3.0,Soon
Tomat,TROPICAL,Chiller,12,2.0,Soon
Tomat,Tropis,Outside,2,3.0,Hampir
Kunyit,Root Vegetable,Chiller,1,29.0,
 Seledri,Leafy Vegetable,,1,,Soon
Kunyit,Sayur Akar,Freezer,,,FRESH
Cabai Merah,Chili Pepper,Chiller,9,5.0,Fresh
Kunyit,Root Vegetable,Chiller,36,-6.0,basi
Kiwi,temperat,Outside,4,1.0,Soon
Selada,Leafy Vegetable,Chiller,4,3.0,Soon
Bawang Putih,Root Vegetable,Beku,3,177.0,Fresh
seledri,Leafy Vegetable,Chiller,3,4.0,Fresh
Bayam,Leafy Vegetable,Freezer,,4.0,Fresh
Lemon,Citric Fruit,Chiller,19,2.0,Soon
Kol,Leafy Vegetable,Chiller,3,11.0,Fresh
Pakcoy,Sayur Daun,Chiller,-5,3.0,Soon
Apel,Temperate,Outside,9,-2.0,Expired
Alpukat,Tropical Fruit,Room Temp,3 hari,0.0,Expired
Jeruk,Citric Fruit,Freezer,28,32.0,Fresh
Brokoli,Leafy Vegetable,Chiller,9,1.0,Soon
Jeruk,Citric Fruit,Outside,5,2.0,Soon
Bawang Merah,Root Vegetable,Chiller,10,50.0,Fresh
Sawi,Leafy Vegetable,Freezer,16,14.0,Fresh
Melon,,Freezer,22,,Fresh
Kiwi,Temperate Fruit,Freezer,65,-5.0,Expired
Pakcoy,Daun-daunan,Chiller,4,1.0,Soon
Paprika,Chili Pepper,beku,34,26.0,Segar
Kangkung,Leafy Vegetable,Chiller,-1,0.0,Expired
Cabai Rawit,Chili Pepper,Chiller,9,-999.0,Soon
Kangkung,Leafy Vegetable,Outside,0,1.0,Soon
Wortel,Root Vegetable,Outside,2,3.0,Soon
Singkong,Root Vegetable,Freezer,11,19.0,Fresh
Kunyit,Root Vegetable,Freezer,24,66.0,FRESH
Brokoli,Leafy Vegetable,OUTSIDE,0,2.0,Soon
Mangga,Tropical Fruit,Freezer,38,,Expired
Bayam,Leafy Vegetable,outside,0,1.0,Soon
Pakcoy,LEAFY VEGETABLE,Freezer,11,10.0,Fresh
Stroberi,Berry,Chiller,6 hari,-1.0,
Mangga ,Tropical Fruit,Freezer,20,10.0,Fresh
Anggur,Temperate Fruit,Freezer,,19.0,Fresh
Nanas,Tropical Fruit,Chiller,3,4.0,Fresh
Pepaya,Tropical Fruit,,3,1.0,Soon
Kangkung,Sayur Daun,Freezer,1,29.0,fresh
Nanas,Tropical Fruit,Outside,1,4.0,Fresh
Tomat,Tropical Fruit,Outside,1,4.0,Fresh
Jeruk Nipis,Citric Fruit,Outside,,5.0,Fresh
Ubi Jalar,Root Vegetable,,6,8.0,Fresh
Alpukat,Tropical Fruit,Freezer,3,27.0,Fresh
Anggur,Temperate Fruit,Chiller,2 hari,5.0,Fresh
Wortel,Root Vegetable,Chiller,12,9.0,Fresh
Mangga,,,5,25.0,Fresh
Kangkung,Leafy Vegetable,Freezer,32,-2.0,Expired
Sawi,,Chiller,5,0.0,Expired
Selada ,Leafy Vegetable,Freezer,2,28.0,Fresh
Stroberi,Berries,Freezer,,-2.0,Expired
Bayam,Leafy Vegetable,Chiller,4,1.0,Soon
Jeruk Nipis,Citric Fruit,Outside,9,-2.0,Expired
Bayam,Leafy Vegetable,Chiller,2,3.0,hampir
Stroberi,Beri,,1,1.0,Soon
Cabai Merah,Chili Pepper,Freezer,54,6.0,Fresh
Kentang,ROOT VEG,room temp,15,-1.0,Expired
Jeruk Nipis,Citric Fruit,freezer,67,-7.0,Expired
Kangkung,Leafy Vegetable,Outside,1,0.0,Expired
Wortel,Root Vegetable,Outside,2,3.0,Soon
Apel,Temperate Fruit,CHILLER,12,9.0,Fresh
Kiwi,TEMPERATE,Freezer,14,46.0,Fresh
Lemon,Citric Fruit,Outside,9,-2.0,Expired
Pisang,Tropical Fruit,Outside,0,3.0,Soon
Pakcoy,Leafy Vegetable,Freezer,7,14.0,Fresh
Melon,Tropical Fruit,Chiller,2,5.0,Fresh
Seledri,Leafy Vegetable,Chiller,3,4.0,Fresh
Kangkung,Leafy Vegetable,Chiller,1,3.0,hampir
Melon,Tropical Fruit,outside,6,-1.0,Expired
Alpukat,Tropical Fruit,Freezer,23,7.0,Fresh
Kiwi,Temperate Fruit,Freezer,62,-2.0,Expired
Brokoli,Leafy Vegetable,Freezer,5,,Fresh
Jeruk Nipis,Citric Fruit,Outside,1,6.0,Fresh
Pear,Temperate Fruit,,1 hari,4.0,Fresh
Semangka,Tropical Fruit,Outside,4,3.0,Soon
Bayam,Leafy Veg,Freezer,3,27.0,Fresh
Raspberry,Beri,Freezer,19,2.0,Soon
Melon,Tropical Fruit,FREEZER,11,19.0,Fresh
Apel,Temperate Fruit,Outside,1,6.0,Fresh
Kiwi,Temperate Fruit,Outside,0,5.0,FRESH
Wortel,Root Vegetable,Chiller,1,20.0,ok
Pakcoy,Leafy Vegetable,Refrigerator,3,2.0,Soon
Lemon,Citric Fruit,Outside,9,-2.0,Expired
Semangka,Tropical Fruit,Freezer,2,28.0,OK
Bayam,Leafy Vegetable,Freezer,,22.0,Fresh
Nanas,Tropical Fruit,kulkas,3,4.0,Fresh
Lemon,Citric Fruit,Outside,9,-2.0,Expired
Raspberry,Berry,Chiller,1,4.0,
Wortel,Root Vegetable,Outside,4,1.0,Soon
Mangga,Tropical Fruit,chiller,5,2.0,Soon
Kiwi,Temperate Fruit,refrigerator,0,14.0,Fresh
Kol,Leafy Vegetable,Freezer,0,30.0,segar
Brokoli,Leafy Vegetable,Freezer,15,15.0,fresh
Blueberry,Berry,Chiller,4,3.0,Soon
Mangga,tropical fruit,Freezer,6,24.0,Fresh
Nanas,Tropical Fruit,Freezer,8,22.0,Fresh
	Kunyit,,Freezer,25,65.0,Fresh
Paprika,Chili Pepper,,13,1.0,Soon
Cabai Rawit,Chili Pepper,Outside,0,4.0,Fresh
Jahe,,Outside,0,14.0,Fresh
Kol,Leafy Vegetable,room temp,1,2.0,Soon
Pisang,Tropical Fruit,Chiller,4,1.0,Soon
Cabai Rawit,Chili Pepper,Freeze,74,-14.0,Expired
Bawang Merah,Root Vegetable,Freezer,65,115.0,Fresh
Selada,Leafy Vegetable,Outside,2,,Expired
Lemon,citrus fruit,Freezer,64,-4.0,Expired
Tomat,Tropical Fruit,Chiller,13,1.0,Soon
Jeruk Bali,Citric Fruit,Outside,0,14.0,Fresh
Selada,Leafy Vegetable,Freezer,6,24.0,Fresh
Melon,tropical fruit,Suhu Ruangan,1,4.0,Fresh
Pakcoy,Leafy Vegetable,Chiller,1,4.0,
Paprika,Chili Pepper,Outside,4 hari,1.0,Soon
Stroberi,Berry,Outside,1,1.0,Soon
Cabai Rawit,Chili Pepper,Outside,1,3.0,Soon
  Jeruk Bali  ,Citric Fruit,,11,19.0,Fresh
Singkong,Root Vegetable,Chiller,4,3.0,Soon
Nanas,TROPICAL,Outside,3,2.0,warning
Nanas,Tropis,Outside,1,4.0,FRESH
Paprika,Cabe,Freezer,41 hari,19.0,Fresh
Pear,Temperate Fruit,Outside,0,5.0,Fresh
Kiwi,temperate fruit,Freezer,26,34.0,Fresh
Pepaya,Buah Tropis,Outside,,2.0,Soon
Selada,Leafy Vegetable,Outside,,2.0,Soon
Paprika,Chili Pepper,Chiller,0,14.0,Fresh
Jeruk Nipis,Citric Fruit,Freezer,27,33.0,Fresh
Selada,Leafy Vegetable,CHILLER,0,7.0,Fresh
Pear,Temperate Fruit,Freezer,38,22.0,ok
Blueberry,Berry,Outside,0,2.0,Soon
Paprika,Chili Pepper,OUTSIDE,5,0.0,Expired
Jeruk Bali,Citric Fruit,freezer,60,0.0,Expired
Paprika,Chili Pepper,Outside,6,-50.0,Expired
Jeruk Bali,Citric Fruit,Freezer,57,3.0,Soon
Alpukat,Tropical Fruit,Freezer,15,15.0,Fresh
Kiwi,Temperate Fruit,Freezer,10,50.0,Fresh
Kentang,Root Vegetable,Outside,18,-4.0,Expired
Bawang Putih,Root Vegetable,freezer,144,36.0,Fresh
Tomat,Tropical Fruit,Outside,6,-1.0,basi
Brokoli,Leafy Vegetable,freezer,1,29.0,Fresh
Stroberi,Berry,Freezer,3,27.0,
Cabai Merah,Chili Pepper,Outside,4,1.0,
Wortel,Root Vegetable,Freezer,115,-25.0,Expired
 Blueberry,Berry,frozen,36,-6.0,Expired
Mangga,Tropical Fruit,Chiller,0,7.0,Fresh
Ubi Jalar,Root Vegetable,Freezer,97,-7.0,Expired
Bayam,,Freezer,24,6.0,Fresh
Kunyit,Root Vegetable,Freezer,88,2.0,Soon
Raspberry ,Berry,beku,1,20.0,Fresh
Bawang Merah,Root Vegetable,Outside,36,-6.0,Expired
Jahe,,Freezer,56,34.0,Fresh
	Stroberi,Berry,Freezer,24 hari,6.0,Fresh
Anggur ,Temperate Fruit,fridge,2,5.0,Fresh
Nanas,Tropical Fruit,Chiller,2,5.0,Fresh
Bayam,Leafy Vegetable,Outside,1,0.0,
Bayam,Daun-daunan,Outside,0,1.0,Soon
Pisang,Tropical Fruit,,,0.0,Expired
Anggur,Temperate Fruit,Chiller,1,6.0,Fresh
Cabai Rawit,Chili Pepper,Chiller,0,10.0,Fresh
Selada,Leafy Vegetable,Freezer,12,18.0,Segar
Brokoli,Sayur Daun,Freezer,23,7.0,Fresh
Kentang,Root Vegetable,frzer,48,42.0,Fresh
Jeruk,Citric Fruit,CHILLER,5,16.0,Fresh
Kentang,Root Vegetable,Chiller,25,,FRESH
Brokoli,Leafy Vegetable,Chiller,6,4.0,Fresh
Jeruk Bali,Citric Fruit,Chiller,5,25.0,Fresh
Tomat,Tropical Fruit,beku,64,-4.0,Expired
Kangkung,Leafy Vegetable,Room Temp,0,1.0,Soon
Kol,Leafy Vegetable,suhu ruangan,2,1.0,Soon
Nanas,Tropical Fruit,Chiller,2,5.0,Fresh
Mangga,Buah Tropis,Freeze,23,7.0,Fresh
Kangkung,Leafy Vegetable,frozen,12,18.0,Fresh
Jahe,Root Veg,Outside,,8.0,Fresh
Blueberry,BERRY,Chiller,4,,Soon
Cabai Merah,Chili Pepper,Chiller,18,-4.0,Expired
Cabai Merah,Chili Pepper,Room Temp,0,5.0,Fresh
Pear,Temperate Fruit,Chiller,18,-4.0,basi
Paprika,,Outside,0,5.0,Fresh
Kol,Leafy Vegetable,Outside,1,2.0,Soon
Paprika,Chili Pepper,Outside,0,5.0,Fresh
Stroberi,Berry,Freezer,22,8.0,Fresh
BAYAM,Leafy Vegetable,Freezer,28,2.0,Soon
Anggur,Temperate Fruit,Freezer,18,12.0,Fresh
wortel,Root Vegetable,Chiller,10,11.0,Fresh
Ubi Jalar,Root Vegetable,Freezer,55,35.0,Fresh
Kol,Leafy Vegetable,Freezer,22 hari,8.0,Fresh
Pakcoy,Leafy Vegetable,Chiller,,-1.0,EXPIRED
Nanas,Tropical Fruit,Freezer,12,18.0,Fresh
Bayam,Leafy Vegetable,frzer,30,0.0,Expired
Selada,Leafy Vegetable,fridge,3,4.0,Fresh
Paprika,Chili Pepper,Freezer,54,,Fresh
semangka,Tropical Fruit,Freezer,6,24.0,Fresh
Pear,Buah Sedang,Outside,5,0.0,Expired
Paprika,Chile,Outside,4,,Soon
Seledri,Leafy Veg,Chiller,7,0.0,Expired
Raspberry,Berry,FREEZER,23,-2.0,Expired
Wortel,Root Vegetable,Freezer,,26.0,Fresh
Anggur,temperate fruit,Chiller,4,3.0,Segera
Melon,Tropical Fruit,Luar,1,4.0,Fresh
Singkong,Root Vegetable,Chiller,8,-1.0,Expired
Wortel,Root Vegetable,Freezer,37,53.0,Fresh
Raspberry,Berry,Outside,,0.0,Expired
Jahe,Root Vegetable,Outside,2,12.0,fresh
	Mangga,Tropical Fruit,outside,3,2.0,soon
Melon,Tropis,Chiller,5,2.0,Hampir
Singkong,Root Vegetable,beku,34,-4.0,Expired
Kangkung,leafy vegetable,Freezer,10,20.0,Fresh
Pear,Temperate Fruit,Outside,2,3.0,Soon
Kol,Leafy Vegetable,,0,3.0,Soon
Cabai Merah,Chili Pepper,freezer,28,32.0,Fresh
Semangka,Tropical Fruit,Freezer,24,6.0,Fresh
Alpukat,Tropical Fruit,Chiller,7,0.0,Expired
Jeruk Bali,Citric Fruit,Outside,8,6.0,Fresh
Sawi,Leafy Veg,Outside,0,1.0,Soon
Brokoli ,Leafy Vegetable,Chiller,0,10.0,Fresh
Kiwi,Temperate Fruit,frzer,15,45.0,ok
Apel,Temperate Fruit,beku,88,2.0,Soon
Melon,Tropical Fruit,Refrigerator,7,0.0,Expired
Kol,leafy vegetable,Freezer,25,5.0,Fresh
Tomat,Tropical Fruit,kulkas,2,12.0,Fresh
Cabai Rawit,Chili Pepper,Outside,0,4.0,Fresh
Kiwi,Temperate Fruit,Outside,1,4.0,Fresh
Kol,LEAFY VEGETABLE,Outside,0,3.0,Soon
Cabai Rawit,Chili Pepper,Freezer,-5,43.0,Fresh
Kol,Leafy Vegetable,Outside,3,0.0,Expired
Kunyit,Sayur Akar,Chiller,12,18.0,Fresh
Kiwi,Temperate Fruit,Freezer,19,41.0,Fresh
Kentang,Root Vegetable,Freezer,1000,49.0,Fresh
Bawang Merah,,Outside,5,25.0,Fresh
Pear,Temperate Fruit,kulkas,12 hari,2.0,Soon
Cabai Merah,Chili Pepper,Outside,1,4.0,
Stroberi,Berry,freezer,32,-2.0,Expired
Semangka,Tropical Fruit,Outside,8,-1.0,Expired
Jeruk,Buah Citrus,Chiller,18,3.0,Soon
Nanas,Tropical Fruit,beku,3,27.0,Fresh
Singkong,Root Vegetable,suhu ruangan,3,0.0,Expired
Bayam,Leafy Vegetable,,9,,Fresh
Apel,Temperate Fruit,Room Temp,0,7.0,Fresh
Bawang Putih,Root Vegetable,Outside,50,-5.0,Expired
Bawang Merah,Root Vegetable,Chiller,6,54.0,Fresh
Mangga,Tropical Fruit,Outside,5,0.0,
Brokoli,Leafy Vegetable,Chiller,2,8.0,Fresh
Jeruk Bali,Citric Fruit,outside,6,8.0,Fresh
Kentang,Root Vegetable,Chiller,16,14.0,Fresh
Pakcoy,Leafy Vegetable,Chiller,5,0.0,basi
Jeruk Bali,Citric Fruit,Freezer,70,-10.0,Expired
Kentang,Root Vegetable,Outside,-1,10.0,Fresh
Sawi,Leafy Vegetable,Outside,1,0.0,Expired
Kentang,Root Veg,Outside,,10.0,Fresh
Pear,Temperate Fruit,Outside,1,4.0,Fresh
 Wortel,ROOT VEG,Chiller,3,18.0,Fresh
Sawi,Leafy Vegetable,Room Temp,1,0.0,Expired
Semangka,Tropical Fruit,Chiller,0,10.0,Fresh
Seledri,Leafy Vegetable,Outside,0,2.0,Soon
Anggur,Temperate Fruit,Outside,2,1.0,Soon
Bawang Putih,ROOT VEG,Refrigerator,62,28.0,Fresh
Alpukat,Tropical Fruit,outside,3,,Expired
Sawi,Leafy Vegetable,Freezer,38,-999.0,basi
Singkong ,Root Vegetable,Freezer,,8.0,Fresh
Lemon,,Chiller,6,15.0,Fresh
Bawang Merah,Root Vegetable,Outside,4,26.0,Fresh
Semangka,Tropical Fruit,Chiller,3,7.0,Fresh
Kol,Leafy Vegetable,Freezer,10,20.0,Fresh
Stroberi,Berry,Chiller,4,1.0,Soon
Mangga,Tropical Fruit,Freezer,14,16.0,Fresh
Kangkung,Leafy Vegetable,Chiller,5,-1.0,Expired
Semangka,Tropical Fruit,Outside,1,6.0,fresh
Stroberi,Berry,Chiller,1,4.0,Fresh
Seledri,Leafy Veg,fridge,3,4.0,Fresh
Bayam,Leafy Vegetable,Chiller,3,2.0,Soon
Cabai Merah,Chili Pepper,Chiller,3,11.0,Fresh
Jahe,Root Vegetable,Freezer,97,-7.0,Expired
Jahe,Root Vegetable,Chiller,29,1.0,Soon
Raspberry,Berry,Freezer,11,10.0,Fresh
Jeruk Nipis,Citric Fruit,Freezer,43,17.0,Fresh
Semangka,Tropical Fruit,Chiller,7,3.0,Soon
Alpukat,Tropical Fruit,Freezer,35,-5.0,Expired
Pisang,,,1,2.0,Soon
Kunyit,,Chiller,24,6.0,Fresh
Bawang Merah,Root Vegetable,Chiller,70 hari,-10.0,Expired
Cabai Rawit,Chili Pepper,Outside,3,1.0,Soon
Kentang,Root Vegetable,Chiller,31,-1.0,Expired
Tomat,Tropical Fruit,Outside,-1,1.0,Soon
  Kangkung  ,Leafy Vegetable,FREEZER,,28.0,Fresh
Brokoli,Leafy Vegetable,Beku,1000,11.0,Fresh
Pear,Temperate Fruit,Chiller,13,1.0,Soon
Alpukat,TROPICAL,Chiller,6,1.0,Soon
Jeruk Nipis,Citric Fruit,Freezer,52,8.0,Fresh
Jeruk Bali,Citric Fruit,Freezer,72,-12.0,EXPIRED
Nanas,Tropical Fruit,Freezer,35,-5.0,Expired
Lemon,Citric Fruit,Outside,5,2.0,Soon
Nanas,Tropical Fruit,,0,30.0,Fresh
Paprika,Chili Pepper,Freezer,39,21.0,Fresh
Ubi Jalar,Root Vegetable,Freezer,37,53.0,Fresh
Jeruk Bali,Citric Fruit,Freezer,2,58.0,Fresh
Kangkung,Leafy Vegetable,Freezer,,19.0,Fresh
Jeruk Nipis,Citric Fruit,Chiller,15,-1.0,Expired
Pisang,Buah Tropis,Chiller,0,5.0,Fresh
selada,Leafy Vegetable,Freezer,5,25.0,Fresh
Pisang,Tropical Fruit,Chiller,2,3.0,SOON
Alpukat,Tropical Fruit,Chiller,0,7.0,Fresh
Pepaya,Tropical Fruit,Room Temp,0,4.0,Fresh
Jeruk Nipis,Citric Fruit,Freezer,43,,Fresh
Kangkung,Leafy Vegetable,Outside,1,0.0,Expired
Pisang,Tropical Fruit,Outside,1,2.0,Soon
Brokoli,Leafy Vegetable,,2,0.0,Expired
Nanas,,Outside,1,4.0,segar
Kol,LEAFY VEGETABLE,OUTSIDE,2,1.0,Soon
Apel,Temperate Fruit,Outside,9,-2.0,
Mangga,Tropical Fruit,Chiller,2,5.0,Fresh
Paprika,CHILI,Outside,0,5.0,Fresh
Kiwi,Temperate Fruit,Chiller,9,5.0,Fresh
Cabai Merah,Chili Pepper,Outside,2,3.0,Soon
Kunyit,,Chiller,10,20.0,Fresh
Pear,Temperate Fruit,Chiller,10,4.0,Fresh
Alpukat,Tropical Fruit,Chiller,4,3.0,Soon
Melon,Tropical Fruit,Freezer,2,28.0,Fresh
Brokoli,,Outside,2,0.0,Expired
Sawi,Leafy Vegetable,Freezer,17,13.0,Fresh
Anggur,Temperate Fruit,Outside,2,1.0,Soon
Melon,Tropical Fruit,Freezer,7,23.0,Fresh
Kangkung,Leafy Vegetable,chiller,4,0.0,Expired
Paprika,Chili Pepper,Chiller,17,-3.0,Expired
Raspberry,BERRY,OUTSIDE,2,0.0,Expired
Anggur,Temperate Fruit,Freezer,,-9.0,
Pisang,Tropis,Outside,3,0.0,Expired
Jeruk Bali,Citric Fruit,Freezer,77,-17.0,Expired
Singkong,Root Vegetable,Chiller,6,1.0,Soon
Kangkung,Leafy Vegetable,Outside,0,1.0,Soon
Raspberry,Berry,Chiller,2,3.0,Soon
Kol,Leafy Vegetable,Chiller,14,-50.0,Expired
Jahe,Root Vegetable,Outside,18,-4.0,Expired
Jeruk Bali,Citric Fruit,,36 hari,-6.0,Expired
Pakcoy,LEAFY VEGETABLE,Freezer,6,15.0,Fresh
Bawang Putih,Sayur Akar,Chiller,88,2.0,Soon
Sawi,leafy vegetable,Outside,0,1.0,Soon
Pepaya,Tropical Fruit,Chiller,2,5.0,Fresh
Bawang Putih,Root Vegetable,Chiller,18,72.0,Fresh
Seledri,Leafy Vegetable,Outside,0,2.0,Soon
Selada,LEAFY VEGETABLE,Outside,,2.0,Soon
Cabai Rawit,Chili Pepper,Freezer,73,-13.0,Expired
Melon,Tropical Fruit,,6,1.0,Soon
Cabai Rawit,Chili Pepper,Freezer,69,-9.0,Expired
Kunyit,Root Vegetable,Outside,7,7.0,Fresh
Ubi Jalar,Root Vegetable,Chiller,15,15.0,Fresh
Tomat,Tropical Fruit,Freezer,56,4.0,Fresh
Paprika,Chili Pepper,Freezer,71,-11.0,Expired
Kangkung,Leafy Vegetable,Chiller,5,-1.0,Expired
Wortel,Root Vegetable,Outside,,3.0,
Cabai Rawit,Chili Pepper,Outside,2,2.0,Soon
Semangka,Tropical Fruit,Chiller,5,5.0,Fresh
Alpukat,Tropical Fruit,outside,3,0.0,Expired
Jeruk Nipis,Citric Fruit,Freezer,,-12.0,Expired
Kiwi,Temperate Fruit,Freezer,13,47.0,Fresh
Pepaya,Tropical Fruit,Chiller,0,7.0,Fresh
Bawang Putih,Root Vegetable,Outside,7,38.0,fresh
Jahe,Root Vegetable,Outside,16,-2.0,Expired
Melon,,Freezer,21,9.0,FRESH
Pisang,Tropical Fruit,Freezer,27,3.0,Soon
Selada,Leafy Vegetable,Chiller,1,6.0,Fresh
Cabai Rawit,Chili Pepper,Freezer,66,-6.0,Expired
bawang merah,Root Vegetable,Chiller,20,40.0,ok
Nanas,Tropical Fruit,Freezer,8,22.0,Fresh
Stroberi,Berries,Freezer,11 hari,19.0,Fresh
Bayam,Leafy Vegetable,outside,1,0.0,
Blueberry,Berry,Chiller,7,0.0,Expired
Blueberry,Berry,Chiller,1,6.0,Fresh
	Jahe,Root Vegetable,Outside,13,1.0,Segera
Jeruk Bali,Citric Fruit,Outside,14,0.0,Expired
Seledri,Leafy Vegetable,Freezer,15 hari,6.0,Fresh
Raspberry,Berry,Outside,0,2.0,Soon
Nanas,Tropical Fruit,Outside,1 hari,4.0,ok
Cabai Merah,Chili Pepper,Freezer,13,,Fresh
Kol,Leafy Vegetable,Outside,,1.0,Soon
Bawang Merah,ROOT VEG,Outside,21,9.0,
Wortel,Root Vegetable,Chiller,10,11.0,Fresh
Bayam,Leafy Vegetable,Chiller,6,-1.0,Expired
Sawi,Sayur Daun,Outside,0,1.0,Soon
Melon,Tropical Fruit,suhu ruangan,,-1.0,Expired
Bawang Merah,Root Vegetable,Outside,-1,13.0,Segar
Pear,Temperate Fruit,Freezer,74,-14.0,Expired
Nanas,Tropical Fruit,Outside,6,-1.0,Expired
Seledri,Leafy Vegetable,Chiller,2,5.0,Fresh
Brokoli,Leafy Vegetable,Outside,2,0.0,Expired
Pear,Temperate Fruit,Outside,3,2.0,Soon
Bawang Merah,ROOT VEG,Outside,19,11.0,Fresh
Stroberi,Beri,Freezer,12,18.0,Fresh
Kunyit,Root Vegetable,Chiller,2,28.0,Fresh
Mangga,Tropical Fruit,Freezer,8,22.0,Fresh
Pear,Temperate Fruit,Refrigerator,7,7.0,Fresh
kangkung,Leafy Vegetable,Chiller,2,2.0,
Mangga,Tropical Fruit,Freezer,30,0.0,Expired
Alpukat,Tropical Fruit,Refrigerator,6 hari,1.0,Soon
Seledri,,freezer,18,3.0,Soon
Singkong,Root Vegetable,Freezer,2,28.0,Fresh
Kangkung,Leafy Vegetable,Chiller,3,,Soon
Pisang,Tropical Fruit,Outside,0,3.0,Soon
Bawang Putih,Root Vegetable,Kulkas,55,-999.0,Fresh
Bayam,Leafy Vegetable,Outside,1,0.0,basi
Stroberi,Berry,Freezer,6 hari,24.0,Fresh
Kentang,Root Vegetable,Freezer,29,61.0,Fresh
Jeruk Bali,Citric Fruit,Chiller,27,3.0,Soon
Seledri,Leafy Vegetable,Chiller,7,0.0,Expired
Jeruk Nipis,Citric Fruit,Chiller,,-2.0,Expired
Brokoli,Leafy Vegetable,chiller,2,8.0,Fresh
Melon,Tropical Fruit,Freezer,29,1.0,SOON
  Bawang Merah  ,Root Vegetable,,4,176.0,Segar
Kiwi,,Freezer,2,58.0,Fresh
Kol,,Freezer,38,-8.0,Expired
Jeruk Bali,Citric Fruit,Outside,16,-2.0,Expired
Apel,,Outside,9,-2.0,Expired
 Jeruk Nipis,Citric Fruit,Outside,2,5.0,Fresh
Jahe,Root Vegetable,Chiller,21,9.0,Fresh
Pepaya,Tropical Fruit,Outside,3,1.0,Soon
Selada,Leafy Vegetable,Freezer,29,1.0,Soon
Jeruk Bali,Citric Fruit,Chiller,12,18.0,Fresh
Cabai Rawit,Chili Pepper,Outside,0,4.0,Fresh
Seledri,Leafy Vegetable,Freezer,22,-50.0,Expired
Wortel,Root Vegetable,Outside,3,2.0,Soon
Jeruk Nipis,Buah Citrus,Chiller,1,13.0,Fresh
Pepaya,Tropical Fruit,Outside,5,-1.0,Expired
Alpukat,Tropical Fruit,Chiller,6,1.0,Soon
Bawang Putih,Root Vegetable,Chiller,31,59.0,FRESH
Jeruk Bali,Citric Fruit,Outside,9,,Fresh
Kol,LEAFY VEGETABLE,Outside,2,1.0,Soon
Kunyit,Root Vegetable,Chiller,3,27.0,Fresh
  Blueberry  ,Berry,OUTSIDE,,2.0,Soon
Pepaya,Tropical Fruit,Outside,2,2.0,Soon
Jahe,Sayur Akar,,13,1.0,Soon
Mangga,,Chiller,9,-2.0,Expired
Anggur,Temperate Fruit,Chiller,0,7.0,Fresh
Lemon,CITRIC,Chiller,4,17.0,Fresh
Pear,Temperate Fruit,,31,29.0,Segar
Blueberry,Berry,Freezer,38,-8.0,kadaluarsa
Cabai Merah,Chili Pepper,Outside,0,5.0,Fresh
Lemon,,Freezer,66,-6.0,Expired
Seledri,Leafy Vegetable,Chiller,8,-1.0,Expired
Blueberry,Berry,Freezer,11,19.0,Fresh
Pakcoy,Leafy Vegetable,Outside,1,0.0,Expired
Brokoli,Leafy Vegetable,Freezer,32,-2.0,Expired
Bayam,Leafy Vegetable,Outside,0,1.0,Soon
Semangka,Tropical Fruit,Outside,3,4.0,Fresh
Anggur,Temperate Fruit,Freezer,2,28.0,Fresh
Paprika,Chili Pepper,Chiller,2,12.0,Fresh
Mangga,Tropis,room temp,5,0.0,Expired
Ubi Jalar,Root Vegetable,Outside,16,-2.0,Expired
Cabai Rawit,Chili Pepper,Chiller,6,4.0,Fresh
Apel,Temperate Fruit,Freezer,84,6.0,
Kentang,Root Vegetable,Freezer,107,-17.0,Expired
Sawi,LEAFY VEGETABLE,Outside,1,0.0,Expired
Pakcoy,Leafy Vegetable,Outside,1,0.0,Expired
Jeruk Nipis,Citric Fruit,outside,7,0.0,Basi
Pakcoy,Leafy Vegetable,Chiller,4,-999.0,Soon
Selada,Leafy Vegetable,Outside,0,2.0,Soon
	Tomat,Tropical Fruit,Chiller,18,-4.0,Expired
Kiwi,Temperate Fruit,Chiller,2,12.0,Fresh
Bawang Merah,Root Vegetable,fridge,37,23.0,Fresh
Raspberry,Berry,frozen,3,18.0,Fresh
Cabai Merah,Chili Pepper,Chiller,7,7.0,
Kentang,Root Vegetable,Chiller,21,9.0,Fresh
Paprika,chili pepper,Outside,3,2.0,Soon
Pakcoy,Leafy Vegetable,Outside,1,0.0,EXPIRED
Kiwi,temperat,Outside,2,3.0,Soon
Alpukat,Tropical Fruit,Outside,-5,0.0,Expired
Bawang Merah,Root Vegetable,outside,38,-8.0,Dead
Nanas,Tropical Fruit,Freezer,18,12.0,Fresh
Blueberry,Berry,Outside,1,1.0,Soon
Tomat,Tropical Fruit,fridge,17,-3.0,Expired
Cabai Merah,Chili Pepper,Suhu Ruangan,1,4.0,Fresh
Bayam,Leafy Vegetable,Outside,1,0.0,Expired
Kunyit,,Outside,6,8.0,Fresh
Kunyit,ROOT VEG,fridge,16,-50.0,Fresh
Kunyit,Root Vegetable,FREEZER,60,30.0,Fresh
Brokoli,Leafy Vegetable,Freezer,8,22.0,Fresh
Jeruk Nipis,Citric Fruit,room temp,4,3.0,Soon
Pepaya,Buah Tropis,Chiller,1,6.0,Fresh
Alpukat,tropical,Outside,0,3.0,Soon
Melon,Tropical Fruit,Outside,3,2.0,soon
Kunyit,Root Vegetable,Freezer,66,24.0,Fresh
Semangka,Tropical Fruit,,10,20.0,Fresh
Semangka,Tropical Fruit,Chiller,2,8.0,Fresh
Bawang Merah,Root Vegetable,suhu ruangan,27,3.0,Soon
Pear,Temperate Fruit,,59,1.0,Soon
Pear,Temperate Fruit,Freezer,28,32.0,Fresh
Ubi Jalar,root vegetable,Freezer,52,38.0,Fresh
Raspberry,Berry,Freezer,13,8.0,Fresh
Selada,Leafy Vegetable,Outside,-5,,Soon
Jeruk Bali,Citric Fruit,Outside,8,6.0,Fresh
Tomat,Tropical Fruit,Outside,2,3.0,
Brokoli,Leafy Vegetable,Beku,1000,11.0,Fresh
Lemon,Citric Fruit,Outside,8,-1.0,Expired
Tomat,Tropical Fruit,Freezer,54,6.0,Fresh
Ubi Jalar,Akar-akaran,Outside,13,1.0,Soon
Jeruk,Citric Fruit,Outside,4,3.0,Soon
Lemon,Buah Citrus,Freezer,12,48.0,Fresh
Ubi Jalar,Root Vegetable,Outside,17,-3.0,Expired
Pakcoy,Leafy Vegetable,Freezer,25,-4.0,expired
Blueberry,,Outside,2,0.0,Expired
Sawi,Leafy Vegetable,Chiller,6,-1.0,Expired
Brokoli,Leafy Vegetable,Outside,1,1.0,Soon
Brokoli,Leafy Vegetable,,2,0.0,Expired
Semangka,Tropical Fruit,,2,8.0,Fresh
Tomat,tropical,,4,1.0,Soon
Stroberi,Berry,FREEZER,2,28.0,Fresh
Raspberry,Berry,Chiller,5,0.0,Expired
Brokoli,Daun-daunan,beku,39,-9.0,Expired
Seledri,Sayur Daun,,12,9.0,Fresh
Jeruk Bali,Citric Fruit,Chiller,37,-7.0,Expired
Mangga,TROPICAL,Outside,6,-1.0,Expired
Semangka,Tropical Fruit,Outside,3,4.0,Fresh
Bawang Merah,Root Vegetable,,66,114.0,Fresh
Pakcoy,Leafy Vegetable,Chiller,4,1.0,Soon
Seledri,leafy vegetable,Outside,0,2.0,Soon
Bayam,Leafy Vegetable,Chiller,0,5.0,OK
Bayam,Leafy Vegetable,Freezer,28,-999.0,Soon
Kol,Leafy Vegetable,Freezer,22,8.0,Fresh
Apel,Temperate Fruit,Chiller,24,-3.0,Expired
Jahe,Root Vegetable,Freezer,72,18.0,Fresh
Apel,Temperate Fruit,Chiller,13,8.0,
Pisang,Tropical Fruit,Freezer,33,,Expired
Sawi,Leafy Vegetable,Chiller,4,1.0,Soon
Sawi,Leafy Vegetable,Chiller,4,1.0,Soon
Jeruk Bali,Citric Fruit,Outside,8,6.0,Fresh
Brokoli,Leafy Vegetable,Chiller,,-1.0,Basi
Pakcoy,Leafy Vegetable,Kulkas,4,1.0,Soon
Singkong,root vegetable,kulkas,1,6.0,Fresh
Semangka,,refrigerator,,4.0,Fresh
Singkong,Root Vegetable,Outside,1,2.0,Soon
	Paprika,Chili Pepper,Freezer,32,28.0,segar
Mangga,tropical,Freezer,,-8.0,Expired
Kol,Leafy Vegetable,Chiller,,11.0,Fresh
Melon,tropical,Freezer,10,20.0,Fresh
Sawi,Leafy Veg,Outside,0,1.0,SOON
Sawi,Leafy Vegetable,Chiller,0,5.0,FRESH
Jahe,Root Vegetable,Freezer,22,68.0,
Lemon,Citric Fruit,Freezer,42,18.0,Fresh
 Kentang,Root Vegetable,Chiller,0,30.0,Fresh
Kangkung,Leafy Vegetable,frzer,39,-9.0,Expired
Paprika,Chili Pepper,Outside,5,0.0,Expired
Pakcoy,Leafy Vegetable,Freezer,15,6.0,Fresh
Kiwi,Temperate Fruit,Chiller,12,2.0,Soon
Kiwi,Temperate Fruit,Suhu Ruangan,5,0.0,
Tomat,tropical fruit,Chiller,1,13.0,Fresh
Pepaya,Tropical Fruit,Outside,5,-1.0,Expired
Bawang Putih,Root Vegetable,Freezer,70,110.0,
Kol,Leafy Vegetable,Freezer,26,4.0,Fresh
Bawang Merah,Root Vegetable,Freezer,119,61.0,Fresh
Bawang Merah,Root Vegetable,Freezer,86,94.0,Fresh
Lemon,Citric Fruit,Chiller,1,20.0,Fresh
Kol,Leafy Vegetable,Outside,3,0.0,Expired
Pisang,Tropical Fruit,Freezer,10,20.0,Fresh
Semangka,Tropical Fruit,Freezer,5,25.0,Fresh
Jeruk,Citric Fruit,frozen,77,-17.0,Expired
Paprika,Chili Pepper,Freezer,38,22.0,Fresh
Kangkung,LEAFY VEGETABLE,room temp,1,0.0,Expired
Melon,Tropis,Freezer,2,28.0,Fresh
Wortel,Root Vegetable,Chiller,20,1.0,Soon
Brokoli,Leafy Vegetable,Chiller,,2.0,Soon
Sawi,Leafy Vegetable,Chiller,4,1.0,Soon
Nanas,Tropical Fruit,Chiller,5,2.0,Soon
Bawang Merah,Root Vegetable,Chiller,75,-15.0,Expired
Jeruk Nipis,Citric Fruit,Outside,0,7.0,Fresh
Ubi Jalar,Root Vegetable,Chiller,37,-7.0,Expired
Lemon,Citric Fruit,Outside,9,-2.0,Expired
Cabai Rawit,Chili Pepper,Chiller,11,-1.0,Expired
Jahe,Root Vegetable,,29,1.0,Soon
Ubi Jalar,Root Vegetable,Freezer,106,-16.0,Expired
Brokoli,Leafy Vegetable,Outside,2,0.0,Expired
Kentang,,frzer,60,30.0,
Pear,Temperate Fruit,Outside,,-1.0,Expired
Semangka,Tropical Fruit,Outside,5 hari,2.0,Soon
Wortel,Root Vegetable,room temp,5,0.0,kadaluarsa
Selada,Leafy Vegetable,Outside,1,1.0,Soon
Jeruk Nipis,Citric Fruit,Freezer,78,-18.0,Expired
Jeruk,Citric Fruit,Freezer,22 hari,38.0,Fresh
Nanas,Tropical Fruit,Freezer,2,28.0,Fresh
Pepaya,Tropical Fruit,Outside,5,-1.0,Expired
Apel,Temperate Fruit,Freezer,14,76.0,segar
Jahe,Root Vegetable,Outside,8,6.0,Fresh
Tomat,,Outside,3,2.0,Soon
Stroberi,Berry,Chiller,0,5.0,Fresh
Nanas,Tropical Fruit,Outside,0,5.0,Fresh
Pakcoy,,Outside,0,1.0,Soon
Blueberry,Berry,,13,17.0,Fresh
Wortel,Root Vegetable,Freezer,61,29.0,Fresh
Selada,Leafy Veg,,21 hari,9.0,Fresh
Singkong,Root Vegetable,Chiller,3,4.0,Fresh
 Wortel,Root Vegetable,room temp,4,1.0,Soon
Seledri,Leafy Vegetable,Chiller,9,-2.0,Expired
UBI JALAR,root vegetable,Outside,3,11.0,Fresh
Pakcoy,Leafy Vegetable,Freezer,8,13.0,Fresh
Sawi,Leafy Vegetable,,27,3.0,
Raspberry ,Berry,Chiller,,1.0,Soon
Wortel,Root Vegetable,OUTSIDE,1,4.0,Fresh
lemon,Citric Fruit,Freezer,26,34.0,Fresh
Pepaya,Tropical Fruit,Outside,2,2.0,Soon
Cabai Rawit,chili pepper,Freezer,35,,fresh
Kiwi,Temperate Fruit,Chiller,,7.0,Fresh
Singkong,Root Vegetable,Outside,2,1.0,Soon
Raspberry,Berry,Beku,14,7.0,Fresh
Kiwi,Temperate Fruit,Outside,1,4.0,Fresh
Cabai Rawit,Cabai,Freezer,23,37.0,Fresh
Sawi,Leafy Vegetable,Chiller,3,2.0,SOON
Semangka,Tropical Fruit,Freezer,17,13.0,Fresh
Jahe,Root Veg,Freezer,44,46.0,FRESH
Jeruk Nipis,Citric Fruit,chiller,1,13.0,Fresh
Cabai Merah,Chili Pepper,Outside,1,4.0,Fresh
  Tomat  ,Tropical Fruit,Outside,4,1.0,Soon
Wortel,Root Vegetable,Outside,5,0.0,Expired
Kunyit,Root Vegetable,Freezer,9,81.0,Fresh
Lemon,Citric Fruit,Outside,3,4.0,Fresh
Pakcoy,Leafy Vegetable,Outside,1 hari,0.0,
Pisang,Tropical Fruit,Chiller,0,,
Ubi Jalar,Akar-akaran,Outside,6,8.0,Fresh
	Mangga,Tropical Fruit,Chiller,8,-1.0,Expired
Brokoli,,Freezer,24,6.0,ok
Pepaya,Tropical Fruit,Outside,0,4.0,Fresh
Melon,Tropical Fruit,fridge,8,-1.0,Expired
Semangka,Tropical Fruit,Outside,1,6.0,Fresh
Semangka,Tropical Fruit,Chiller,12,-2.0,Expired
Bawang Merah,Root Vegetable,Freezer,99,81.0,Fresh
Bawang Merah,ROOT VEG,Outside,10,20.0,Fresh
Wortel,Root Vegetable,Chiller,7,14.0,Fresh
Bawang Merah,Root Vegetable,Freezer,62,-50.0,Fresh
Nanas,Tropical Fruit,Chiller,5,,Soon
Kangkung,Daun-daunan,Outside,1,0.0,basi
Bawang Putih,Root Vegetable,Outside,46,-1.0,Expired
Jahe,Root Vegetable,Outside,10,4.0,Fresh
Stroberi,Berry,Chiller,3,2.0,Soon
Jeruk,Citric Fruit,Outside,5,2.0,Soon
Stroberi,Berry,Freezer,34,-4.0,Expired
Pakcoy,Leafy Vegetable,Chiller,2,3.0,Soon
Pakcoy,Leafy Vegetable,Outside,1,0.0,Expired
Pakcoy,Leafy Vegetable,Freezer,6,15.0,Fresh
MANGGA,Tropical Fruit,Chiller,7,0.0,Expired
Cabai Merah,Chili Pepper,Outside,5,0.0,Expired
Bawang Merah,Root Vegetable,,64 hari,116.0,Fresh
Seledri,Leafy Vegetable,Freezer,12,9.0,Fresh
Raspberry,Berry,Freezer,19,2.0,Soon
Wortel,Root Vegetable,Outside,4,1.0,Soon
Jahe,,Freezer,89,1.0,Soon
Cabai Rawit,Chili Pepper,Chiller,4,6.0,FRESH
Ubi Jalar,Root Vegetable,Freezer,84,6.0,
Seledri,Leafy Vegetable,,,13.0,FRESH
Wortel,Root Vegetable,Outside,,2.0,
Nanas,Tropical Fruit,Outside,0,5.0,Fresh
Cabai Rawit,Chili Pepper,Freezer,14,46.0,Fresh
Selada,Leafy Vegetable,Chiller,0 hari,7.0,Fresh
Brokoli,Leafy Vegetable,Outside,0,2.0,Soon
Kiwi,Temperate Fruit,Freezer,64,-4.0,basi
Singkong,Root Vegetable,Outside,0,3.0,Soon
Pakcoy,Leafy Vegetable,Chiller,0,5.0,Fresh
Anggur,Temperate Fruit,Chiller,3,4.0,Fresh
  Singkong  ,Root Vegetable,Chiller,1 hari,6.0,Fresh
 Pisang,Tropical Fruit,Freezer,18,12.0,OK
  Blueberry  ,Beri,chiller,7,0.0,Expired
Melon,Tropical Fruit,Chiller,8,,Expired
Singkong,Root Vegetable,Outside,3,0.0,Expired
Bawang Putih,Root Vegetable,Outside,13,32.0,Fresh
Melon,Buah Tropis,Freezer,33,-3.0,Kadaluarsa
Kol,,Freezer,6,24.0,Fresh
Jahe,Root Vegetable,Outside,8,6.0,Fresh
Bawang Putih,Root Vegetable,Freezer,73,107.0,OK
Sawi,Leafy Vegetable,Freezer,31,-1.0,Expired
Kiwi,Temperate Fruit,Chiller,0,14.0,
Selada,Sayur Daun,Chiller,0,7.0,Fresh
Jahe,Root Vegetable,Chiller,6,24.0,Fresh
Cabai Rawit,Chili Pepper,Freezer,36,24.0,Fresh
Apel,Temperate Fruit,Chiller,9,12.0,Fresh
Pisang,Tropical Fruit,Chiller,0,5.0,Fresh
Melon,Tropical Fruit,Outside,6,-1.0,Expired
Anggur,Temperate Fruit,Outside,1,2.0,Soon
Melon,tropical,Freezer,11,19.0,Fresh
Selada,Leafy Vegetable,Kulkas,9,-2.0,Expired
Jeruk,Citric Fruit,Chiller,25,-4.0,Expired
Nanas,Tropical Fruit,Outside,3,2.0,Soon
Pisang,Tropical Fruit,Outside,3,0.0,Expired
Ubi Jalar,,Outside,,-2.0,Expired
Apel,Temperate Fruit,Freezer,101,-11.0,Expired
Bayam,Leafy Vegetable,Freezer,12,18.0,Fresh
Apel,Temperate Fruit,Chiller,10,11.0,segar
Kangkung,Leafy Vegetable,Chiller,5,-1.0,Expired
Pepaya,,fridge,7,0.0,Expired
Raspberry,Berry,Freezer,16,5.0,Fresh
Alpukat,Tropical Fruit,Freezer,16,14.0,Segar
Wortel,Root Vegetable,outside,6,,Expired
Nanas,Tropical Fruit,Freezer,11,19.0,Fresh
Jeruk,Citric Fruit,Chiller,27,-6.0,Expired
Jahe,Root Vegetable,Freezer,66,,Fresh
Raspberry,,Freezer,11,,Fresh
Bawang Putih,Root Vegetable,Freezer,148,32.0,Fresh
Pakcoy,LEAFY VEGETABLE,Freezer,20,1.0,Soon
Kangkung,Sayur Daun,CHILLER,1,3.0,Soon
Apel,Temperate Fruit,Chiller,22,-1.0,Expired
kunyit,,Outside,,7.0,Fresh
Lemon,Citric Fruit,,11,10.0,Fresh
Bayam,Leafy Vegetable,Chiller,1,4.0,Fresh
Pepaya,Tropical Fruit,,3,1.0,Soon
Blueberry,Berry,Freezer,,29.0,Fresh
Bawang Merah,Sayur Akar,Chiller,27,33.0,Fresh
Bawang Merah,Root Vegetable,Chiller,27,33.0,Fresh
Sawi,Leafy Vegetable,Outside,0,1.0,Soon
Brokoli,leafy vegetable,Outside,2,0.0,Expired
Mangga,Tropical Fruit,Outside,0,5.0,Fresh
Apel,Temperate Fruit,Chiller,2,19.0,Fresh
Mangga,Tropical Fruit,Outside,3,2.0,Soon
Kentang,root vegetable,Chiller,26,4.0,Fresh
Singkong,Root Vegetable,Chiller,9,-2.0,Expired
Paprika,Chili Pepper,Chiller,13,1.0,soon
Kentang,Root Veg,Outside,4,10.0,Segar
Wortel,Root Vegetable,Outside,1,4.0,Fresh
Nanas,Tropical Fruit,Outside,0,5.0,Fresh
  Pisang  ,tropical fruit,chiller,3,2.0,Soon
Selada,,Chiller,4,3.0,Soon
Melon,Tropical Fruit,Freezer,11,19.0,Fresh
Jeruk Nipis,CITRIC,Freezer,1,59.0,Fresh
Kangkung,Leafy Vegetable,Freezer,15,15.0,Fresh
Pisang,Tropical Fruit,,6,-1.0,Kadaluarsa
Semangka,Tropical Fruit,Outside,6,1.0,Soon
