nama_item,jenis_item,lokasi_penyimpanan,hari_sejak_pembelian,sisa_hari,label
Mangga,Buah,Pembeku,0.0,33.7,Matang
Timun,Sayur,Suhu Ruang,2.0,1.3,Busuk
Tomat,Sayur,Pendingin,0.0,2.5,Busuk
Jeruk,,Suhu Ruang,0.0,6.5,Matang
Apel,Buah,Suhu Ruang,4.0,16.2,Mentah
Tomat,Sayur,Suhu Ruang,1.0,0.1,Busuk
Mangga,Buah,Pendingin,0.0,3.8,Terlalu Matang
Anggur,Buah,Pembeku,2.0,37.7,Mentah
Cabe,Sayur,Pembeku,1.0,7.2,Busuk
Mangga,Buah,Pembeku,3.0,14.0,Terlalu Matang
Pisang,Buah,Suhu Ruang,0.0,0.3,Busuk
Kentang,Sayur,Pendingin,1.0,2.7,Busuk
Kentang,Sayur,Pendingin,2.0,3.0,Busuk
Wortel,Sayur,Pendingin,2.0,30.6,Segar
Jeruk,Buah,Suhu Ruang,1.0,0.0,Busuk
Apel,,Pembeku,1.0,0.4,Busuk
Wortel,Sayur,Suhu Ruang,0.0,2.3,Busuk
Timun,Sayur,Suhu Ruang,4.0,12.0,Segar
Mangga,Buah,Pendingin,2.0,15.6,Matang
Apel,Buah,Suhu Ruang,0.0,3.5,Terlalu Matang
Jeruk,Buah,Pendingin,1.0,10.2,Terlalu Matang
Pisang,Buah,Pembeku,0.0,2.9,Busuk
Pisang,Buah,Pembeku,1.0,1.7,Busuk
Wortel,Sayur,Pendingin,9999.0,2726.6,N/A
Jeruk,Buah,Suhu Ruang,5.0,10.7,Tidak Diketahui
Anggur,Buah,Suhu Ruang,4.0,8.4,Mentah
Jeruk,Buah,Suhu Ruang,1.0,14.9,Mentah
Wortel,Sayur,Pembeku,2.0,8.4,Busuk
Jeruk,Buah,Pembeku,1.0,14.0,Terlalu Matang
Cabe,Sayur,Suhu Ruang,6.0,11.0,Segar
Wortel,Sayur,Pendingin,1.0,1.8,Busuk
Jeruk,Buah,Pembeku,4.0,31.3,Matang
Tomat,Sayur,Pendingin,6.0,11.2,Segar
Tomat,Sayur,Pendingin,0.0,1.8,Busuk
Wortel,Sayur,Pembeku,0.0,4.5,Busuk
Kentang,Sayur,,,40.1,
,,Pendingin,2.0,38.1,
,,Suhu Ruang,,3.7,Terlalu Matang
Jeruk,Buah,Pembeku,2.0,13.8,Terlalu Matang
Apel,Buah,Pendingin,0.0,0.3,Busuk
Jeruk,Buah,Pembeku,0.0,17.4,Terlalu Matang
Tomat,Sayur,Pendingin,8389.0,6168.4,Busuk
Cabe,Sayur,Pembeku,2.0,7.4,Busuk
Pisang,Buah,Pendingin,0.0,16.7,Mentah
Kentang,Sayur,Suhu Ruang,3.0,8.7,Segar
Kentang,Sayur,,9999.0,1184.0,Expired
Cabe,Sayur,Suhu Ruang,2.0,5.2,Segar
Apel,Buah,Suhu Ruang,1.0,16.2,Mentah
Timun,Sayur,Pendingin,4.0,9.8,Segar
Cabe,Sayur,Suhu Ruang,0.0,11.6,Segar
Anggur,Buah,Pendingin,0.0,1.1,Busuk
Apel,Buah,Suhu Ruang,0.0,11.5,Matang
Wortel,Sayur,Suhu Ruang,1.0,1.1,Busuk
Jeruk,Buah,Pendingin,4.0,19.3,Matang
Tomat,Sayur,Pembeku,0.0,4.4,Busuk
Mangga,,Pendingin,2.0,6.9,
Timun,Sayur,Suhu Ruang,1.0,1.6,Busuk
Timun,Sayur,Pendingin,2.0,2.7,Busuk
Cabe,Sayur,Pembeku,1.0,0.1,Busuk
Jeruk,Buah,Pembeku,1.0,29.3,Matang
,,,,1.1,Busuk
Timun,Sayur,Pembeku,2.0,34.0,Segar
Apel,Buah,Suhu Ruang,2.0,11.5,Mentah
Apel,Buah,Pembeku,3.0,15.2,Terlalu Matang
Jeruk,Buah,Pendingin,0.0,1.7,Busuk
Wortel,Sayur,Suhu Ruang,0.0,19.1,Segar
Timun,Sayur,Suhu Ruang,5.0,9.8,Segar
Wortel,Sayur,Pembeku,4.0,38.6,Segar
Timun,Sayur,Pembeku,0.0,0.6,Busuk
Timun,Sayur,Suhu Ruang,1.0,1.2,Busuk
Jeruk,Buah,Pendingin,0.0,2.1,Busuk
Apel,Buah,Suhu Ruang,1.0,0.6,Busuk
Jeruk,Buah,Pembeku,1.0,16.0,Terlalu Matang
Cabe,Sayur,Pembeku,6.0,24.3,Segar
Anggur,Buah,Suhu Ruang,0.0,2.9,Terlalu Matang
Cabe,Sayur,Suhu Ruang,1.0,13.3,Segar
,Buah,,1.0,18.3,
Tomat,Sayur,Suhu Ruang,6.0,4.1,Segar
Anggur,Buah,Suhu Ruang,2.0,3.9,Terlalu Matang
,Buah,Pendingin,9999.0,1646.9,null
Anggur,Buah,Pembeku,3.0,14.6,Terlalu Matang
Apel,Buah,Pendingin,5.0,17.2,Mentah
Tomat,Sayur,Suhu Ruang,2.0,1.3,Busuk
  ,Sayur,Pendingin,1.0,1.7,Busuk
Wortel,Sayur,Pembeku,2.0,0.9,Busuk
Anggur,Buah,Suhu Ruang,-5.0,4718.7,Terlalu Matang
Anggur,Buah,Suhu Ruang,3.0,3.0,Terlalu Matang
Anggur,Buah,Suhu Ruang,1.0,0.5,Busuk
Jeruk,Buah,Suhu Ruang,-193.0,-504.2,Terlalu Matang
Jeruk,Buah,Pendingin,1.0,1.3,Busuk
Tomat,Sayur,Pendingin,2.0,15.5,Segar
Anggur,Buah,Suhu Ruang,1.0,0.7,Busuk
Apel,Buah,Pembeku,3.0,12.5,Terlalu Matang
Jeruk,Buah,Pembeku,0.0,3.1,Busuk
Apel,Buah,Pendingin,5.0,20.2,Mentah
Kentang,Sayur,Suhu Ruang,1.0,8.2,Segar
Wortel,Sayur,Pendingin,1.0,0.2,Busuk
Wortel,Sayur,Pendingin,1.0,4.4,Busuk
Timun,Sayur,Pendingin,0.0,2.0,Busuk
Cabe,Sayur,Pendingin,4.0,22.7,Segar
Wortel,Sayur,Pendingin,7367.0,1371.2,Busuk
Kentang,Sayur,Suhu Ruang,3468.0,8914.1,Segar
Anggur,Buah,Pendingin,2.0,10.2,Matang
Anggur,Buah,Pendingin,1.0,14.4,Matang
Kentang,Sayur,Suhu Ruang,1.0,1.9,Busuk
Kentang,Sayur,Pembeku,2.0,2.8,Busuk
Wortel,Sayur,Pembeku,2.0,35.3,Segar
Wortel,Sayur,Suhu Ruang,-99.0,2456.1,null
Timun,,Suhu Ruang,500.0,2650.8,null
Timun,Sayur,Suhu Ruang,1.0,7.6,Segar
Tomat,Sayur,Suhu Ruang,0.0,1.5,Busuk
Anggur,Buah,Suhu Ruang,0.0,0.3,Busuk
Timun,Sayur,Pendingin,5.0,12.8,Segar
Timun,Sayur,Pembeku,1000.0,2850.9,Busuk
Timun,Sayur,Pembeku,0.0,1924.5,Expired
Mangga,Buah,?,4.0,5.2,Matang
Mangga,Buah,Pendingin,3.0,5.6,Terlalu Matang
Kentang,Sayur,Pendingin,0.0,0.1,Busuk
Cabe,Sayur,Pembeku,1.0,30.0,Segar
Pisang,Buah,Pendingin,2.0,14.8,Matang
Timun,Sayur,Pembeku,6.0,26.7,Segar
Apel,Buah,Suhu Ruang,3.0,3.0,Terlalu Matang
Apel,Buah,Pembeku,3.0,36.8,Matang
Apel,Buah,Pendingin,4.0,20.2,Matang
Mangga,Buah,Pendingin,3.0,18.0,Matang
Apel,Buah,Suhu Ruang,3.0,6.7,Matang
Anggur,Buah,Pembeku,0.0,1.8,Busuk
Mangga,Buah,Pembeku,1.0,25.5,Matang
Tomat,Sayur,Suhu Ruang,5.0,5.6,Segar
Pisang,Buah,Pembeku,1.0,2.1,Busuk
Tomat,Sayur,Suhu Ruang,6.0,10.7,Segar
Mangga,Buah,Pendingin,1.0,0.1,Busuk
Anggur,Buah,Suhu Ruang,0.0,0.8,Busuk
Tomat,Sayur,Pembeku,1.0,0.1,Busuk
Apel,Buah,Pembeku,3.0,13.1,Terlalu Matang
Wortel,Sayur,Suhu Ruang,0.0,1576.1,Busuk
Pisang,Buah,Pendingin,3.0,12.6,Matang
Apel,Buah,Pendingin,0.0,1.9,Busuk
Tomat,Sayur,Suhu Ruang,0.0,6.4,Segar
Timun,Sayur,Pembeku,2.0,3.0,Busuk
Kentang,Sayur,Suhu Ruang,0.0,1.1,Busuk
Timun,Sayur,Pembeku,-5.0,3714.7,Segar
Cabe,Sayur,Suhu Ruang,3.0,7.5,Segar
Pisang,Buah,Pendingin,-311.0,-193.0,Matang
Pisang,Buah,Pembeku,1.0,29.7,Mentah
Kentang,Sayur,Pendingin,-726.0,-204.9,Busuk
Tomat,Sayur,Pembeku,1.0,3.5,Busuk
Jeruk,Buah,Pembeku,1.0,0.6,Busuk
Jeruk,Buah,Pembeku,0.0,3.8,Busuk
Anggur,Buah,Pendingin,3.0,15.4,Matang
Apel,Buah,Suhu Ruang,5.0,8.3,Matang
Tomat,Sayur,Pendingin,1.0,1.8,Busuk
Jeruk,Buah,Pendingin,0.0,10.2,Terlalu Matang
Mangga,Buah,Pendingin,5.0,22.0,Mentah
Kentang,Sayur,Pendingin,4.0,30.9,Segar
Cabe,Sayur,Suhu Ruang,1.0,5.9,Segar
Tomat,Sayur,Suhu Ruang,1.0,0.8,
Apel,Buah,Pendingin,-99.0,1726.1,null
Cabe,Sayur,Pendingin,0.0,1309.7,Busuk
Apel,Buah,Suhu Ruang,3.0,3.5,Terlalu Matang
Anggur,Buah,Suhu Ruang,-5.0,872.0,Matang
Mangga,Buah,Suhu Ruang,5.0,11.9,Mentah
Timun,Sayur,Pembeku,4.0,27.4,Segar
Pisang,Buah,Pendingin,1.0,4.1,Terlalu Matang
Anggur,Buah,Pendingin,1.0,1.5,Busuk
Timun,Sayur,Suhu Ruang,1.0,1.5,OK
Tomat,Sayur,Pembeku,2.0,2.5,Busuk
Anggur,Buah,Suhu Ruang,1.0,0.4,Busuk
Jeruk,Buah,Pendingin,1000.0,885.4,Mentah
Tomat,Sayur,Suhu Ruang,2.0,1.2,Busuk
Wortel,Sayur,Pendingin,1.0,3.7,Busuk
Timun,Sayur,,-99.0,80.2,N/A
Jeruk,Buah,Pendingin,4.0,22.2,Mentah
Jeruk,Buah,Pendingin,0.0,10.4,Terlalu Matang
Apel,Buah,Suhu Ruang,2.0,9.0,Matang
Anggur,Buah,Pendingin,0.0,7.2,Terlalu Matang
N/A,Sayur,Suhu Ruang,6.0,10.7,Segar
Mangga,Buah,Suhu Ruang,2.0,3.3,Terlalu Matang
Cabe,,Suhu Ruang,2.0,0.6,Busuk
Kentang,Sayur,Pembeku,2.0,8.2,Busuk
Pisang,Buah,Pendingin,1.0,1.3,Busuk
Jeruk,Buah,Pembeku,1.0,16.6,Terlalu Matang
Tomat,Sayur,,5.0,36.7,
Wortel,Sayur,Pendingin,1.0,1.8,Busuk
Apel,Buah,Suhu Ruang,1.0,11.0,Matang
Kentang,Sayur,Pendingin,0.0,3.4,Busuk
Pisang,Buah,Pendingin,0.0,0.7,Busuk
Kentang,Sayur,Suhu Ruang,1000.0,4633.6,Segar
Cabe,Sayur,Luar Ruangan,1.0,2.0,Busuk
Tomat,Sayur,Suhu Ruang,6.0,6.2,Segar
Timun,Sayur,Suhu Ruang,0.0,0.5,Busuk
Kentang,Sayur,Suhu Ruang,2.0,2.0,Busuk
Apel,Buah,Pendingin,8789.0,6475.1,Matang
Apel,Buah,Pendingin,0.0,0.7,Busuk
Tomat,Sayur,Gudang,6.0,33.2,Segar
Timun,Sayur,Pendingin,5.0,25.2,Segar
Cabe,Sayur,Pendingin,1.0,0.0,Busuk
,Sayur,Pendingin,9999.0,1564.8,
Kentang,Sayur,Suhu Ruang,0.0,0.4,Busuk
Anggur,Buah,Pendingin,-10.0,-276.2,Terlalu Matang
Mangga,Buah,Pembeku,0.0,14.2,Terlalu Matang
Apel,Buah,Suhu Ruang,1.0,4.2,Terlalu Matang
Mangga,Buah,Pembeku,0.0,2.7,Busuk
Pisang,Buah,Pendingin,1.0,0.4,Busuk
Anggur,Buah,Suhu Ruang,0.0,7.4,Matang
Tomat,Sayur,Pembeku,2.0,6.3,Busuk
Cabe,Sayur,Suhu Ruang,1.0,7.1,Segar
Timun,Sayur,Suhu Ruang,2.0,0.8,Busuk
Jeruk,Buah,Pendingin,3.0,21.0,Matang
Timun,Sayur,Pendingin,1.0,1.9,Busuk
,Buah,Pembeku,-99.0,659.5,
Kentang,Sayur,Pendingin,3.0,28.3,Segar
Jeruk,Buah,Pembeku,1.0,3.9,Busuk
Apel,Buah,Suhu Ruang,1.0,3.5,Terlalu Matang
Pisang,Buah,Pendingin,0.0,5.6,Terlalu Matang
Apel,Buah,Pembeku,1.0,40.1,Mentah
Timun,Sayur,Pembeku,1.0,38.0,1
Pisang,Buah,Suhu Ruang,1.0,0.7,Busuk
Mangga,Buah,Suhu Ruang,0.0,2.6,Terlalu Matang
Pisang,Buah,Pembeku,0.0,7.1,Terlalu Matang
Mangga,Buah,Pendingin,2.0,5.4,Terlalu Matang
Mangga,Buah,Pembeku,0.0,14.2,Terlalu Matang
Wortel,Sayur,Suhu Ruang,-99.0,143.2,null
Jeruk,Buah,Pendingin,3.0,7.0,Terlalu Matang
Jeruk,Buah,Pendingin,-328.0,-742.8,Mentah
Kentang,Sayur,Suhu Ruang,2.0,2.6,Busuk
Wortel,Sayur,Suhu Ruang,2.0,8.7,Segar
Jeruk,Buah,Pendingin,0.0,0.1,Busuk
Jeruk,Buah,Pembeku,2.0,19.3,Terlalu Matang
Tomat,Sayur,Pembeku,1.0,30.0,Segar
Mangga,Buah,Pendingin,0.0,14.1,Matang
Mangga,Buah,Suhu Ruang,5.0,11.4,Mentah
Anggur,Buah,Pendingin,2.0,17.1,Mentah
,Buah,,,,Terlalu Matang
Cabe,Sayur,Suhu Ruang,1.0,0.6,Busuk
Timun,Sayur,Pendingin,2.0,2.6,Busuk
Wortel,Sayur,Pendingin,0.0,2.4,Busuk
Tomat,Sayur,Suhu Ruang,6.0,10.1,Segar
Wortel,Sayur,Pembeku,2.0,1.8,Busuk
Anggur,Buah,Suhu Ruang,1.0,0.6,Busuk
Tomat,Sayur,Pendingin,3.0,21.9,Segar
Jeruk,Buah,Pembeku,0.0,1.8,Busuk
Tomat,Sayur,Pembeku,0.0,1.0,Busuk
Tomat,Sayur,Suhu Ruang,2.0,5.8,Segar
,Sayur,,4.0,15.7,
,,Suhu Ruang,5.0,5.6,Segar
Kentang,Sayur,Pendingin,0.0,20.8,Segar
UNKNOWN,Sayur,Suhu Ruang,1.0,8.8,Segar
Tomat,Sayur,Pendingin,1.0,0.3,Busuk
Mangga,Buah,Pendingin,0.0,23.6,Mentah
Apel,Buah,Pendingin,9999.0,2266.5,null
Jeruk,Buah,Suhu Ruang,1.0,13.4,Mentah
Timun,Sayur,Pembeku,1.0,1.9,Busuk
Kentang,Sayur,Pendingin,1.0,2.0,Busuk
Wortel,Sayur,Pendingin,0.0,31.1,Segar
Mangga,Buah,Pembeku,1.0,3.1,Busuk
Cabe,Sayur,Pendingin,3.0,12.1,Segar
Mangga,Buah,Pembeku,5.0,26.0,Matang
Wortel,Sayur,Pendingin,2.0,1.6,Busuk
Timun,Sayur,Pembeku,2.0,27.6,Segar
Apel,Buah,Pembeku,2.0,12.4,Terlalu Matang
Kentang,Sayur,Suhu Ruang,2.0,18.2,Segar
Kentang,Sayur,Pembeku,0.0,4.9,Busuk
Pisang,Buah,Pendingin,2.0,5.3,Terlalu Matang
Wortel,Sayur,Pembeku,0.0,4.7,Busuk
Cabe,Sayur,Suhu Ruang,1.0,1.3,Busuk
Anggur,Buah,Suhu Ruang,2.0,2.5,Terlalu Matang
Pisang,Buah,Suhu Ruang,2.0,,
Anggur,Buah,Pendingin,1.0,5.6,Terlalu Matang
Pisang,Buah,Pembeku,-527.0,-230.4,Terlalu Matang
Timun,Sayur,Suhu Ruang,0.0,0.9,Busuk
Jeruk,Buah,Pendingin,6.0,30.6,Mentah
Apel,,Pembeku,3.0,17.8,
Jeruk,Buah,Pembeku,0.0,2.7,Busuk
Apel,Buah,Pembeku,0.0,10.5,Terlalu Matang
Anggur,Buah,Pembeku,0.0,27.3,Matang
Pisang,Buah,Pembeku,5.0,26.7,Matang
Wortel,Sayur,Pembeku,1.0,10.1,Busuk
Tomat,Sayur,Pendingin,3.0,10.4,Segar
Apel,Buah,Suhu Ruang,2.0,10.6,Mentah
Cabe,Sayur,Pendingin,0.0,1.3,Busuk
Kentang,Sayur,Suhu Ruang,0.0,0.1,Busuk
Pisang,Buah,Pendingin,0.0,0.3,Busuk
Kentang,Sayur,Suhu Ruang,2.0,1.9,Busuk
Wortel,Sayur,Suhu Ruang,2.0,0.5,Busuk
Mangga,Buah,Pendingin,3.0,3.7,Terlalu Matang
Mangga,Buah,Suhu Ruang,2.0,7.7,Mentah
Wortel,Sayur,Suhu Ruang,2.0,2.2,Busuk
Wortel,Sayur,Pendingin,1.0,1.9,Busuk
Anggur,Buah,Suhu Ruang,4.0,11.9,Mentah
Anggur,Buah,Pendingin,1.0,22.4,Mentah
Timun,Sayur,Pembeku,4.0,38.0,Segar
Mangga,Buah,Pendingin,3.0,17.6,Matang
Apel,Buah,Pendingin,2.0,7.7,Terlalu Matang
Kentang,Sayur,Pembeku,0.0,8.3,Busuk
Anggur,Buah,Suhu Ruang,0.0,3.5,Terlalu Matang
Anggur,Buah,Pembeku,2.0,8.6,Terlalu Matang
Anggur,Buah,Pendingin,6.0,18.9,Mentah
Cabe,Sayur,Pendingin,0.0,29.9,Segar
Jeruk,Buah,Pendingin,0.0,1.8,Busuk
Tomat,Sayur,Pendingin,1.0,3.0,Busuk
Mangga,Buah,Suhu Ruang,1.0,0.7,Busuk
Mangga,Buah,,6.0,,Mentah
Jeruk,Buah,Pembeku,1.0,1.1,Busuk
Jeruk,Buah,Pembeku,0.0,4.4,Busuk
Kentang,Sayur,Pendingin,1.0,0.6,Busuk
Jeruk,Buah,Pendingin,3.0,24.3,Matang
Jeruk,Buah,Suhu Ruang,0.0,0.1,Busuk
Kentang,Sayur,Pendingin,1.0,5.4,Busuk
Wortel,Sayur,Pembeku,0.0,5.2,Busuk
Jeruk,Buah,Pendingin,1.0,2.0,Busuk
Pisang,Buah,Pendingin,3.0,4.3,Terlalu Matang
Pisang,Buah,Pembeku,2.0,12.6,Terlalu Matang
Anggur,Buah,Pendingin,1.0,1.2,Busuk
Kentang,Sayur,Suhu Ruang,3.0,10.8,Segar
Cabe,Sayur,Pendingin,4.0,20.5,Segar
Tomat,Sayur,Pembeku,2048.0,806.0,Segar
Mangga,Buah,Suhu Ruang,,3.5,
Apel,Buah,Pembeku,1.0,0.2,Busuk
Anggur,Buah,Pendingin,0.0,15.4,Matang
,,Pembeku,1.0,3.8,
Apel,Buah,Suhu Ruang,4.0,8.3,Matang
Pisang,Buah,Pembeku,1.0,38.7,Mentah
,Buah,Suhu Ruang,0.0,,Busuk
Kentang,,Suhu Ruang,6.0,15.5,Segar
Kentang,Sayur,Pembeku,1.0,9.0,Busuk
Anggur,Buah,Pendingin,1.0,1.5,Busuk
,Buah,Pembeku,-99.0,400.5,
Apel,Buah,Pembeku,4.0,39.9,Matang
Jeruk,Buah,Pendingin,3.0,8.2,Terlalu Matang
Timun,Sayur,Suhu Ruang,4.0,11.4,Segar
Jeruk,Buah,Pendingin,2.0,9.2,Terlalu Matang
Apel,Buah,Pembeku,3.0,29.1,Matang
Pisang,Buah,Pembeku,0.0,10.4,Terlalu Matang
Jeruk,Buah,,2.0,,
Timun,Sayur,Pendingin,0.0,1.2,Busuk
Tomat,Sayur,Suhu Ruang,0.0,1.2,Busuk
Mangga,Buah,Pendingin,2.0,13.6,Mentah
Timun,Sayur,Pendingin,2.0,2.6,Busuk
Tomat,Sayur,Pendingin,0.0,2.6,Busuk
Timun,Sayur,Pendingin,,,
Apel,Buah,Pendingin,0.0,7.5,Terlalu Matang
Mangga,Buah,Pembeku,1.0,0.6,Busuk
Pisang,Buah,Pembeku,2.0,8.8,Terlalu Matang
Timun,Sayur,Pembeku,1.0,5.3,Busuk
Jeruk,Buah,Pembeku,1953.0,9220.5,Terlalu Matang
Wortel,Sayur,Pendingin,6235.0,3646.4,Segar
Wortel,Sayur,Pendingin,2.0,4.6,Busuk
Apel,Buah,Pendingin,0.0,9.0,Terlalu Matang
Jeruk,Buah,Pendingin,1.0,10.0,Terlalu Matang
Apel,Buah,Suhu Ruang,0.0,0.6,Busuk
Pisang,Buah,Suhu Ruang,4.0,7.3,Matang
Wortel,,Pembeku,,,Busuk
Pisang,Buah,Pembeku,0.0,1.8,Busuk
Apel,Buah,Pendingin,1.0,19.5,Mentah
Tomat,,,0.0,,Busuk
Jeruk,Buah,Pembeku,4.0,37.9,Matang
Tomat,Sayur,Pendingin,3.0,9.7,Segar
,Buah,Pendingin,,27.2,Mentah
Pisang,Buah,Pendingin,2.0,14.3,Mentah
Mangga,Buah,Pembeku,4.0,29.3,
Apel,Buah,Pendingin,0.0,1.4,Busuk
Apel,Buah,Pendingin,0.0,19.5,Mentah
,Buah,Pembeku,1.0,2.1,
Tomat,Sayur,Pembeku,4.0,29.9,Segar
Apel,Buah,Suhu Ruang,1.0,9.0,Mentah
Jeruk,Buah,Suhu Ruang,4.0,11.2,Matang
Anggur,,Pendingin,0.0,1.3,Busuk
Anggur,Buah,Pendingin,0.0,0.9,Busuk
Pisang,Buah,Pembeku,0.0,7.5,Terlalu Matang
Cabe,Sayur,Pembeku,0.0,2.0,Busuk
Timun,Sayur,Pendingin,,,Busuk
Wortel,Sayur,Pembeku,2.0,8.4,Busuk
Wortel,Sayur,Pendingin,0.0,2838.1,null
buah123,Sayur,Pendingin,5.0,30.6,Segar
Apel,Buah,Suhu Ruang,1.0,10.7,Matang
Pisang,Buah,Pendingin,1.0,13.0,Mentah
Jeruk,Buah,Pembeku,-99.0,1270.2,
Jeruk,Buah,Suhu Ruang,0.0,16.9,Mentah
Tomat,Sayur,Pendingin,2.0,17.9,Segar
Timun,Sayur,Suhu Ruang,1.0,8.3,Segar
Apel,Buah,Suhu Ruang,2.0,10.0,Matang
Kentang,Sayur,Suhu Ruang,1.0,10.8,Segar
Timun,Sayur,Pembeku,1.0,6.0,Busuk
Apel,Buah,Suhu Ruang,0.0,0.9,Busuk
Kentang,Sayur,Pendingin,1.0,5.0,Busuk
Mangga,Buah,Pembeku,0.0,0.4,Busuk
Anggur,Buah,Pendingin,0.0,6.3,Terlalu Matang
Timun,Sayur,Pembeku,1000.0,2850.9,Busuk
Anggur,Buah,Suhu Ruang,5.0,7.4,Mentah
Jeruk,Buah,Pendingin,-630.0,-892.6,Mentah
Wortel,,,2.0,0.7,Busuk
Tomat,Sayur,Pembeku,1.0,34.2,Segar
Wortel,Sayur,Suhu Ruang,0.0,2.3,Busuk
Apel,Buah,Suhu Ruang,1.0,1.0,Busuk
Jeruk,Buah,Suhu Ruang,1.0,13.4,Mentah
Kentang,Sayur,Pendingin,6.0,25.3,Segar
Wortel,Sayur,Suhu Ruang,0.0,1.4,Busuk
Wortel,Sayur,Pendingin,2.0,20.5,Segar
Anggur,Buah,Suhu Ruang,3.0,2.4,
Mangga,Buah,Pembeku,0.0,1.0,Busuk
Kentang,Sayur,Pendingin,3.0,39.1,Segar
Pisang,Buah,Pendingin,0.0,0.8,Busuk
Wortel,Sayur,Pembeku,6.0,31.6,Segar
Mangga,Buah,Pendingin,4.0,13.6,Matang
Kentang,Sayur,Suhu Ruang,1.0,1.0,Busuk
Mangga,Buah,Suhu Ruang,0.0,0.6,Busuk
Kentang,Sayur,Pendingin,2.0,5.4,Busuk
Tomat,Sayur,Pendingin,2.0,1.7,Busuk
Apel,Buah,Pendingin,2.0,19.5,Matang
Pisang,Buah,Suhu Ruang,-843.0,-544.5,Terlalu Matang
Anggur,Buah,Pembeku,1.0,0.2,Busuk
Apel,Buah,Pendingin,8809.0,4743.7,Busuk
Apel,Buah,Suhu Ruang,2.0,8.6,Matang
Kentang,Sayur,Pendingin,0.0,0.5,Busuk
Jeruk,Buah,Suhu Ruang,0.0,4.4,Terlalu Matang
Kentang,Sayur,Suhu Ruang,5.0,14.7,Segar
Timun,Sayur,Pembeku,5.0,22.0,Segar
Cabe,Sayur,Pendingin,2.0,2.3,Busuk
Pisang,,Pendingin,-99.0,2853.9,N/A
Mangga,Buah,Suhu Ruang,-99.0,627.9,
Pisang,Buah,Suhu Ruang,1.0,7.2,Matang
Cabe,Sayur,Pembeku,0.0,0.4,Busuk
,Buah,Pembeku,0.0,,
Pisang,Buah,Suhu Ruang,3.0,4.5,Matang
Mangga,Buah,Pendingin,0.0,6.5,Terlalu Matang
Tomat,Sayur,Suhu Ruang,-497.0,-771.1,Busuk
Timun,Sayur,Suhu Ruang,4.0,5.6,Segar
Wortel,Sayur,Pendingin,0.0,36.6,Segar
Jeruk,Buah,Pendingin,4.0,28.6,Mentah
Anggur,Buah,Pendingin,1.0,22.4,Mentah
Wortel,Sayur,Pendingin,1.0,1.0,Busuk
Tomat,Sayur,Suhu Ruang,2.0,6.0,Segar
Kentang,Sayur,Suhu Ruang,0.0,4120.1,Busuk
Cabe,Sayur,Suhu Ruang,1.0,1.5,Busuk
Jeruk,Buah,Pendingin,1.0,22.6,Matang
,Buah,Suhu Ruang,0.0,1924.2,N/A
Tomat,Sayur,Suhu Ruang,2.0,0.4,Busuk
Wortel,Sayur,Suhu Ruang,0.0,0.7,Busuk
Pisang,Buah,Pembeku,,33.1,Mentah
Cabe,Sayur,Pendingin,0.0,1.6,Busuk
Apel,Buah,Suhu Ruang,3.0,4.5,Terlalu Matang
Apel,Buah,Pembeku,4.0,41.9,Matang
Wortel,Sayur,Suhu Ruang,3.0,14.5,Segar
Anggur,Buah,Suhu Ruang,0.0,3.0,Terlalu Matang
Jeruk,Buah,Pendingin,0.0,0.2,Busuk
Timun,Sayur,Pendingin,2.0,3.6,Busuk
Cabe,Sayur,Pendingin,2.0,0.7,Busuk
Timun,Sayur,Pembeku,3.0,31.7,Segar
Cabe,Sayur,Pendingin,2.0,10.6,Segar
Wortel,Sayur,Pendingin,2.0,4.4,Busuk
Pisang,Buah,Pembeku,3.0,6.6,Terlalu Matang
Wortel,Sayur,Pendingin,5.0,13.6,Segar
Apel,Buah,Pembeku,5.0,35.6,Matang
Kentang,Sayur,Suhu Ruang,6.0,18.9,Segar
Kentang,Sayur,Lemari,3.0,18.6,Segar
,,Suhu Ruang,1.0,,Terlalu Matang
Mangga,Buah,Gudang,1.0,26.4,Matang
Pisang,Buah,Pendingin,2.0,13.6,Mentah
Cabe,Sayur,Pendingin,0.0,3.7,Busuk
Cabe,Sayur,Suhu Ruang,0.0,0.9,Busuk
Pisang,Buah,Suhu Ruang,1.0,0.7,Busuk
Anggur,Buah,Pendingin,4.0,12.9,Matang
Wortel,Sayur,Pembeku,0.0,0.7,Busuk
Tomat,Sayur,Pembeku,3.0,30.6,Segar
Mangga,Buah,Pembeku,2.0,24.2,Matang
Anggur,Buah,Pendingin,0.0,6.3,Terlalu Matang
Mangga,Buah,Pembeku,4.0,21.7,Matang
Tomat,Sayur,Pembeku,0.0,2.9,Busuk
Wortel,Sayur,Suhu Ruang,0.0,1.2,Busuk
Apel,Buah,Pembeku,1.0,15.3,Terlalu Matang
Tomat,Sayur,Pendingin,0.0,10.9,Segar
Cabe,Sayur,Pembeku,3.0,24.3,Segar
Pisang,Buah,Suhu Ruang,3.0,5.1,Matang
Kentang,Sayur,Suhu Ruang,2.0,15.4,Segar
Apel,Buah,Pendingin,3.0,16.1,Matang
Jeruk,Buah,Gudang,4.0,38.3,Mentah
Timun,Sayur,,0.0,2.7,
Timun,Sayur,Pembeku,1.0,2.3,Busuk
Jeruk,Buah,Pembeku,3.0,19.3,Expired
Kentang,Sayur,Suhu Ruang,0.0,1.0,Busuk
Tomat,Sayur,Pembeku,1.0,2.9,Busuk
Wortel,Sayur,Pendingin,6.0,25.4,Segar
Apel,Buah,Pembeku,0.0,18.8,Terlalu Matang
Timun,Sayur,Suhu Ruang,1.0,6.3,Segar
Jeruk,Buah,Suhu Ruang,0.0,1.1,Busuk
Cabe,Sayur,Suhu Ruang,0.0,14.0,Segar
Mangga,Buah,Pembeku,2.0,28.1,Matang
Wortel,Sayur,Pembeku,2.0,10.0,Busuk
Cabe,Sayur,Suhu Ruang,1.0,1.8,Busuk
Pisang,Buah,Suhu Ruang,2.0,8.2,Mentah
Wortel,Sayur,Suhu Ruang,4.0,8.9,Segar
Jeruk,Buah,Suhu Ruang,5.0,8.1,Matang
Kentang,Sayur,Pendingin,6.0,33.7,Segar
Apel,Buah,Pendingin,3.0,8.0,Terlalu Matang
Jeruk,Buah,Pendingin,1.0,0.1,Busuk
,,Suhu Ruang,1.0,5.9,Segar
Tomat,Sayur,Pendingin,6.0,14.8,Segar
Timun,Sayur,Pendingin,2.0,13.0,Segar
Timun,Sayur,Pendingin,4.0,9.8,Segar
Mangga,Buah,Suhu Ruang,1000.0,2513.8,Busuk
,Buah,Pendingin,0.0,2932.6,null
Timun,Sayur,Pembeku,6.0,35.5,Segar
Apel,Buah,Pembeku,2.0,12.0,Terlalu Matang
Tomat,Sayur,Suhu Ruang,2.0,0.4,Busuk
Timun,Sayur,Suhu Ruang,2.0,1.6,Busuk
Jeruk,Buah,Suhu Ruang,-74.0,-164.8,Busuk
Tomat,Sayur,Pendingin,1.0,1.7,Busuk
Timun,Sayur,,1.0,2.1,Busuk
Kentang,Sayur,Pendingin,0.0,4.6,Busuk
Kentang,Sayur,Pendingin,1.0,27.7,Segar
Anggur,Buah,Pembeku,2.0,30.7,Matang
Wortel,Sayur,Pendingin,5.0,16.4,Segar
Tomat,Sayur,Pendingin,2.0,2.9,Busuk
Mangga,Buah,Suhu Ruang,3.0,3.6,Terlalu Matang
Mangga,Buah,Suhu Ruang,0.0,7.4,Matang
Kentang,Sayur,Suhu Ruang,0.0,0.3,Busuk
Kentang,??,Suhu Ruang,6.0,8.4,Segar
Jeruk,Buah,,2.0,,
Kentang,Sayur,Suhu Ruang,2.0,1.1,Busuk
Kentang,Sayur,Pendingin,3.0,35.5,Segar
Cabe,Sayur,Pendingin,1.0,27.9,Segar
Anggur,Buah,Pendingin,1.0,17.1,Mentah
Cabe,Sayur,Pendingin,5.0,18.0,Segar
,Buah,Pembeku,,,Mentah
Cabe,Sayur,Suhu Ruang,2.0,0.6,Busuk
Anggur,Buah,Pembeku,0.0,3.4,Busuk
Tomat,Sayur,Pembeku,0.0,1.2,Busuk
Mangga,Buah,Pendingin,2.0,14.9,Matang
Mangga,Buah,Suhu Ruang,1.0,0.9,Busuk
Apel,Buah,Suhu Ruang,3.0,16.2,Mentah
Wortel,Sayur,Suhu Ruang,1.0,13.3,Segar
Jeruk,Buah,Pendingin,1.0,2.4,1
Timun,Sayur,Pembeku,2.0,39.1,Segar
Timun,Sayur,Suhu Ruang,0.0,10.4,Segar
Cabe,Sayur,Pembeku,6.0,21.3,Segar
Mangga,Buah,Pendingin,1.0,0.4,Busuk
Tomat,Sayur,Pembeku,2.0,4.2,Busuk
Anggur,Buah,Pendingin,-5.0,2613.8,Busuk
Tomat,Sayur,Pendingin,0.0,0.3,Busuk
Tomat,Sayur,Pendingin,0.0,1.7,Busuk
Anggur,Buah,Pendingin,3.0,12.7,Matang
Anggur,Buah,Suhu Ruang,0.0,7.3,Matang
Tomat,Sayur,?,6.0,11.0,Segar
Tomat,Sayur,Pembeku,2.0,4.6,Busuk
Cabe,Sayur,Suhu Ruang,-291.0,-502.0,Busuk
Jeruk,Buah,Pendingin,1.0,0.3,Busuk
Timun,Sayur,Pembeku,0.0,2.8,Busuk
Pisang,Buah,Pembeku,1.0,1.1,Busuk
Cabe,Sayur,Suhu Ruang,6.0,13.0,
Wortel,Sayur,Pembeku,0.0,0.8,Busuk
Mangga,Buah,Pendingin,0.0,1.0,Busuk
Timun,Sayur,,,4.1,
Kentang,Sayur,Suhu Ruang,5.0,7.2,Segar
Wortel,Sayur,Pembeku,6.0,35.7,Segar
Anggur,Buah,Pendingin,1.0,6.2,Terlalu Matang
Timun,Sayur,Pendingin,3.0,13.9,Segar
Timun,Sayur,Pembeku,0.0,3.2,Busuk
,Sayur,,0.0,,
Tomat,Sayur,Pendingin,1.0,1.9,Busuk
Kentang,Sayur,Suhu Ruang,1.0,19.2,Segar
,,Pembeku,0.0,31.3,
Pisang,Buah,Pendingin,3.0,4.0,Terlalu Matang
Wortel,Sayur,,500.0,366.2,
Anggur,Buah,Pendingin,3.0,13.0,Matang
Wortel,Sayur,Pendingin,2.0,4.6,Busuk
Cabe,Sayur,Suhu Ruang,2.0,0.1,Busuk
Apel,Buah,Suhu Ruang,2.0,3.3,Terlalu Matang
Cabe,Sayur,Suhu Ruang,6.0,5.5,Segar
Anggur,Buah,Pendingin,0.0,7.1,Terlalu Matang
Apel,Buah,Pendingin,1.0,0.9,Busuk
Pisang,Buah,Pembeku,1.0,28.1,Matang
Anggur,Buah,Pendingin,1.0,18.3,Matang
Pisang,Buah,Pembeku,1.0,8.4,Terlalu Matang
Cabe,Sayur,,1.0,13.7,Segar
Anggur,Buah,Pendingin,5.0,11.6,Matang
Jeruk,Buah,Pendingin,3.0,19.5,Matang
Anggur,Buah,Suhu Ruang,1.0,0.6,Busuk
Cabe,Sayur,Pendingin,1.0,18.1,Segar
Cabe,,,5.0,,Segar
Kentang,,Pendingin,0.0,2017.0,null
Timun,Sayur,Suhu Ruang,1.0,0.9,Busuk
Apel,Buah,Pembeku,3.0,16.9,Terlalu Matang
Apel,Buah,Suhu Ruang,1.0,4.1,Terlalu Matang
Anggur,Buah,Pembeku,1.0,28.7,Matang
Anggur,Buah,Suhu Ruang,5.0,6.8,Matang
Apel,Buah,Pendingin,3.0,17.2,Mentah
Mangga,Buah,Suhu Ruang,0.0,0.3,Busuk
Anggur,Buah,Pembeku,1.0,2.0,Busuk
Timun,Sayur,Pendingin,1.0,22.8,Segar
Kentang,Sayur,Pendingin,2.0,35.8,Segar
Tomat,Sayur,Suhu Ruang,2.0,0.8,Busuk
Apel,Buah,Suhu Ruang,3.0,3.1,Terlalu Matang
Timun,N/A,Pembeku,0.0,3.9,Busuk
Apel,Buah,Suhu Ruang,4.0,14.2,Mentah
Mangga,Buah,Pembeku,3.0,14.4,Terlalu Matang
Timun,Sayur,Suhu Ruang,2.0,0.6,Busuk
,Sayur,,,40.0,Segar
Kentang,Sayur,Pendingin,0.0,1.5,Busuk
Timun,Sayur,Pembeku,3.0,35.8,Segar
Mangga,Buah,Pembeku,3.0,27.8,Matang
Apel,Buah,Suhu Ruang,0.0,1.0,Busuk
Anggur,Buah,Pembeku,2.0,35.8,Matang
Pisang,Buah,Pembeku,0.0,29.8,Matang
Anggur,Buah,Suhu Ruang,0.0,0.8,Busuk
Pisang,Buah,Suhu Ruang,3.0,4.5,Matang
Timun,Sayur,Pendingin,4.0,16.9,Segar
Cabe,Sayur,Pendingin,0.0,20.4,Segar
Cabe,Sayur,Pendingin,2.0,24.0,Segar
Anggur,Buah,Pendingin,2.0,13.2,Matang
Apel,Buah,Pembeku,1.0,12.4,Terlalu Matang
Apel,Buah,Suhu Ruang,1.0,14.5,Mentah
Anggur,Buah,Pendingin,0.0,1898.5,Mentah
Cabe,Sayur,,,9.7,
Anggur,Buah,Suhu Ruang,0.0,2.6,Terlalu Matang
Pisang,Buah,Pendingin,0.0,1.1,Busuk
Timun,Sayur,Suhu Ruang,0.0,12.4,Segar
Cabe,,Pendingin,-99.0,1218.9,N/A
Apel,Buah,Suhu Ruang,4.0,12.2,Mentah
,,Pembeku,,4.5,Busuk
Tomat,Sayur,Pendingin,0.0,0.3,Busuk
Tomat,Sayur,Pembeku,0.0,1.3,Busuk
Cabe,Sayur,Pendingin,2.0,0.3,Busuk
Timun,Sayur,Pembeku,2.0,36.2,Segar
Kentang,Sayur,Pendingin,5.0,40.9,Segar
Apel,Buah,Pembeku,0.0,2.3,Busuk
Wortel,Sayur,Pendingin,0.0,2.7,Busuk
Cabe,Sayur,Suhu Ruang,2.0,1.0,Busuk
Anggur,Buah,Pendingin,3.0,7.5,Terlalu Matang
Pisang,Buah,Pembeku,1.0,16.5,Matang
Anggur,Buah,Pendingin,4.0,17.5,Matang
Mangga,Buah,Pembeku,0.0,2.1,Busuk
Pisang,Buah,Pembeku,500.0,2528.5,
Apel,Buah,Pembeku,0.0,11.1,Terlalu Matang
Tomat,Sayur,Suhu Ruang,1.0,1.1,Busuk
Mangga,Buah,Pembeku,1.0,0.4,Busuk
-,Buah,Pembeku,2.0,26.0,Mentah
Kentang,Sayur,Suhu Ruang,1.0,20.0,Segar
Jeruk,Buah,Pembeku,0.0,2.9,Busuk
Cabe,Sayur,Pembeku,2.0,5.7,Busuk
Anggur,Buah,Pendingin,4.0,27.3,Mentah
,,Pendingin,2.0,30.3,
Wortel,Sayur,Pembeku,0.0,4.0,Busuk
Pisang,Buah,Pendingin,2.0,11.5,Matang
Pisang,Buah,Pendingin,0.0,6.0,Terlalu Matang
Jeruk,Buah,Suhu Ruang,0.0,0.6,Busuk
Apel,Buah,Suhu Ruang,3.0,4.5,Terlalu Matang
Apel,Buah,Pendingin,3.0,21.3,Mentah
Timun,Sayur,Pembeku,2.0,25.8,Segar
Mangga,Buah,Pendingin,0.0,1.6,Busuk
Apel,Buah,Pembeku,5.0,36.5,Matang
Cabe,Sayur,Pembeku,2.0,0.8,Busuk
Jeruk,Buah,Pembeku,2.0,20.5,Terlalu Matang
Mangga,Buah,Pembeku,4.0,37.7,Mentah
Anggur,,Suhu Ruang,,0.6,Busuk
Anggur,Buah,Pendingin,1.0,0.7,Busuk
Apel,Buah,Pembeku,0.0,1.1,Busuk
Kentang,Sayur,Suhu Ruang,1.0,0.9,Busuk
Tomat,Sayur,Pendingin,1668.0,3861.8,Busuk
Anggur,Buah,Pembeku,0.0,15.3,Terlalu Matang
Timun,Sayur,Pendingin,2.0,2.2,Busuk
Cabe,Sayur,Pendingin,1.0,27.0,Segar
Mangga,1,Pembeku,3.0,23.2,Matang
Jeruk,Buah,Suhu Ruang,1.0,0.8,Busuk
Timun,Sayur,Pendingin,0.0,10.4,Segar
Jeruk,Buah,Pembeku,1.0,11.4,Terlalu Matang
Timun,Sayur,Suhu Ruang,2.0,0.7,Busuk
Mangga,Buah,Suhu Ruang,0.0,3.1,Terlalu Matang
Anggur,Buah,Pembeku,3.0,39.1,Mentah
Tomat,Sayur,Pendingin,0.0,0.2,Busuk
Cabe,Sayur,Suhu Ruang,,,Segar
Tomat,Sayur,Pendingin,0.0,19.5,Segar
Jeruk,Buah,Pendingin,1.0,26.1,Mentah
Cabe,Sayur,Suhu Ruang,0.0,1.3,Busuk
Timun,Sayur,Pendingin,2.0,2.8,Busuk
Wortel,Sayur,Pendingin,6.0,36.2,Segar
Anggur,Buah,Suhu Ruang,0.0,6.9,Matang
Cabe,Sayur,Pembeku,2.0,2.6,Busuk
Wortel,Sayur,Pendingin,-691.0,-730.9,Busuk
Anggur,Buah,Suhu Ruang,6.0,10.7,Mentah
Anggur,Buah,Suhu Ruang,3.0,2.1,Terlalu Matang
Anggur,Buah,Pembeku,0.0,1.7,Busuk
Mangga,Buah,Pembeku,3.0,22.6,Matang
Apel,Buah,Pendingin,4.0,21.4,Matang
Tomat,Sayur,Pendingin,1.0,0.6,Busuk
Anggur,Buah,Suhu Ruang,2.0,5.2,Matang
Anggur,Buah,Pendingin,2.0,7.0,Terlalu Matang
Cabe,Sayur,Suhu Ruang,4.0,8.5,Segar
Anggur,Buah,Pembeku,1.0,2.7,Busuk
Anggur,Buah,Pembeku,3.0,9.1,Terlalu Matang
Pisang,Buah,Suhu Ruang,8380.0,5730.6,Mentah
Tomat,Sayur,Suhu Ruang,1.0,0.0,Busuk
Anggur,Buah,Suhu Ruang,0.0,0.5,Busuk
Tomat,Sayur,Suhu Ruang,6.0,6.0,Segar
Wortel,Sayur,Pendingin,2.0,0.6,Busuk
Anggur,Buah,Suhu Ruang,3.0,8.3,Matang
Apel,Buah,Suhu Ruang,6.0,9.2,Mentah
Cabe,Sayur,Suhu Ruang,1.0,7.7,Segar
Pisang,Buah,,0.0,1.5,Busuk
Pisang,Buah,Suhu Ruang,5.0,7.2,Mentah
Anggur,Buah,Suhu Ruang,0.0,3.5,Terlalu Matang
Apel,Buah,Pembeku,1.0,2.0,Busuk
Kentang,Sayur,Suhu Ruang,1000.0,4628.6,Segar
Wortel,Sayur,Pembeku,0.0,0.6,Busuk
Kentang,Sayur,Pembeku,2.0,11.2,Busuk
Anggur,Buah,Suhu Ruang,3.0,2.9,Terlalu Matang
Mangga,Buah,Pembeku,0.0,28.5,Matang
Tomat,Sayur,Pembeku,5.0,28.8,Segar
Mangga,Buah,Suhu Ruang,0.0,0.1,Busuk
Pisang,Buah,Pembeku,0.0,10.6,Terlalu Matang
Pisang,Buah,Suhu Ruang,1.0,3.0,Terlalu Matang
Timun,Sayur,Suhu Ruang,1.0,1.8,Busuk
Cabe,Sayur,Pendingin,2.0,3.3,Busuk
Anggur,Buah,Pendingin,2.0,13.2,Matang
Kentang,Sayur,Pendingin,5.0,31.9,Segar
Wortel,Sayur,Pendingin,5.0,17.5,Segar
Timun,Sayur,Pendingin,5.0,10.1,Segar
Tomat,,Pendingin,,,
Mangga,Buah,Pembeku,0.0,7.4,Terlalu Matang
Wortel,??,Pendingin,0.0,3.5,Busuk
Cabe,Sayur,Suhu Ruang,2.0,0.9,Busuk
Mangga,Buah,Pembeku,1.0,26.4,Matang
Tomat,Sayur,Suhu Ruang,0.0,0.7,Busuk
Kentang,Sayur,Pembeku,1.0,0.3,Busuk
Mangga,Buah,Pembeku,5250.0,4724.5,Matang
Kentang,Sayur,Suhu Ruang,1.0,8.6,Segar
Tomat,Sayur,Suhu Ruang,1.0,0.1,Busuk
Anggur,Buah,Pembeku,-833.0,-435.7,Busuk
Tomat,Sayur,Suhu Ruang,2.0,10.0,Segar
Wortel,Sayur,Pendingin,1.0,38.0,Segar
Anggur,Buah,Pembeku,5.0,25.0,Matang
Mangga,Buah,Pembeku,2.0,38.2,Mentah
Mangga,Buah,Pendingin,4.0,11.6,Matang
Apel,Buah,Suhu Ruang,1.0,,Matang
Cabe,Sayur,Suhu Ruang,1.0,12.0,Segar
Mangga,Buah,Pembeku,1.0,1.4,Busuk
Timun,Sayur,Suhu Ruang,1000.0,4237.2,Busuk
Apel,Buah,Suhu Ruang,5.0,16.0,Mentah
Pisang,Buah,Pembeku,0.0,1.7,Busuk
Tomat,Sayur,Pendingin,0.0,17.7,Segar
Cabe,Sayur,Pembeku,2.0,2.5,Busuk
Tomat,Sayur,Pendingin,9999.0,1737.4,null
Timun,Sayur,Suhu Ruang,2.0,0.3,Busuk
Timun,Sayur,Pembeku,2.0,5.7,Busuk
Jeruk,Buah,Suhu Ruang,6.0,14.4,Mentah
Cabe,Sayur,Pembeku,0.0,5.6,Busuk
Anggur,Buah,Suhu Ruang,1.0,0.6,Busuk
Apel,Buah,Pendingin,3.0,7.8,Terlalu Matang
Pisang,Buah,Pendingin,3.0,12.6,Matang
Wortel,Sayur,Suhu Ruang,1.0,16.7,Segar
Timun,Sayur,Pembeku,1.0,0.9,Busuk
Wortel,,Suhu Ruang,-99.0,1172.4,N/A
Apel,Buah,Pembeku,0.0,1.1,null
Pisang,Buah,Pembeku,1.0,2.8,Busuk
Cabe,Sayur,Pembeku,4.0,36.9,Segar
Pisang,Buah,?,0.0,7.0,Terlalu Matang
Cabe,Sayur,Pendingin,1.0,11.5,Segar
Pisang,Buah,Suhu Ruang,2.0,7.2,Matang
Jeruk,Buah,Pembeku,1.0,3.0,Busuk
Wortel,Sayur,Suhu Ruang,0.0,1.0,Busuk
Timun,Sayur,,,0.4,
Timun,Sayur,Pembeku,2.0,6.4,Busuk
Kentang,Sayur,Pendingin,-629.0,-616.6,Busuk
Mangga,Buah,Pembeku,0.0,1.4,Busuk
Pisang,Buah,N/A,1.0,8.4,Mentah
Timun,Sayur,Suhu Ruang,-161.0,-654.2,Busuk
Cabe,Sayur,Suhu Ruang,2.0,1.7,Busuk
Cabe,Sayur,Pembeku,0.0,7.9,Busuk
Pisang,Buah,Pembeku,0.0,2.4,Busuk
Kentang,Sayur,?,6.0,38.4,Segar
Mangga,Buah,Pembeku,0.0,2.8,Busuk
Mangga,Buah,Suhu Ruang,0.0,0.4,Busuk
Mangga,Buah,Pembeku,-5.0,2684.1,Matang
Timun,Sayur,Pendingin,0.0,0.8,Busuk
Mangga,Buah,Pendingin,1.0,14.1,Matang
Jeruk,Buah,Suhu Ruang,4.0,9.7,Matang
Cabe,Sayur,Pendingin,5.0,11.9,Segar
Cabe,Sayur,Pendingin,5.0,29.0,Segar
Tomat,Sayur,Pembeku,0.0,4.7,Busuk
Timun,Sayur,Pendingin,0.0,1.7,Busuk
Cabe,Sayur,Suhu Ruang,2.0,1.9,Busuk
Timun,Sayur,Pendingin,1.0,1.0,Busuk
Kentang,Sayur,Pendingin,2.0,0.5,Busuk
Wortel,Sayur,Suhu Ruang,,10.0,Segar
Kentang,Sayur,Pendingin,0.0,41.4,Segar
Kentang,Sayur,Pembeku,0.0,11.0,Busuk
Pisang,Buah,Suhu Ruang,2.0,2.7,Terlalu Matang
Jeruk,Buah,Pendingin,,19.4,
Anggur,Buah,Pembeku,0.0,13.3,Terlalu Matang
Pisang,Buah,Suhu Ruang,1.0,2.7,Terlalu Matang
Anggur,Buah,Pembeku,0.0,2.7,Busuk
Kentang,Sayur,Pembeku,0.0,8.9,Busuk
Jeruk,Buah,Pendingin,1.0,1.3,Busuk
Apel,Buah,Pendingin,2590.0,654.1,Matang
Pisang,Buah,Pembeku,0.0,0.8,Busuk
buah123,Sayur,Pendingin,1.0,0.6,Busuk
Tomat,Sayur,Pembeku,5.0,37.6,Segar
Tomat,Sayur,Pendingin,2.0,1.1,Busuk
Kentang,Sayur,Pendingin,0.0,4.2,Busuk
##ERROR##,Sayur,Pembeku,1.0,0.9,Busuk
Apel,Buah,Pembeku,1.0,41.2,Matang
Tomat,Sayur,Pembeku,2.0,2.5,Busuk
Timun,Sayur,Pendingin,3.0,18.4,Segar
,Buah,Suhu Ruang,0.0,8.7,Matang
Pisang,Buah,Pembeku,1.0,37.5,null
Wortel,Sayur,Pembeku,0.0,3.7,Busuk
Anggur,Buah,Suhu Ruang,2.0,5.3,Matang
???,Buah,Luar Ruangan,1.0,0.3,Busuk
Kentang,Sayur,Suhu Ruang,1.0,0.6,Busuk
Apel,Buah,Suhu Ruang,0.0,0.5,Busuk
Wortel,Daging,Suhu Ruang,0.0,1.0,Busuk
Anggur,Buah,Pembeku,3.0,35.0,Mentah
Mangga,Buah,Pendingin,2539.0,8561.5,Mentah
,Sayur,Pembeku,2.0,27.0,Segar
Timun,Sayur,Suhu Ruang,2.0,0.8,Busuk
Jeruk,Buah,Pendingin,1.0,5.3,Terlalu Matang
Apel,Buah,Suhu Ruang,1.0,3.7,Terlalu Matang
Pisang,Buah,Suhu Ruang,1044.0,3050.1,Mentah
Jeruk,Buah,Suhu Ruang,3471.0,8111.2,Terlalu Matang
Jeruk,Buah,Suhu Ruang,1.0,3.2,Terlalu Matang
Anggur,Buah,Pembeku,9999.0,1021.3,N/A
Apel,Buah,Suhu Ruang,1.0,1.1,Busuk
,,Pendingin,,27.4,Mentah
Timun,Sayur,Pembeku,2.0,1.2,Busuk
Apel,Buah,Pendingin,1.0,1.6,Busuk
Timun,Sayur,Pembeku,1.0,5.5,Busuk
Anggur,Buah,Pendingin,1.0,1.2,Busuk
Apel,Buah,Pendingin,4.0,30.8,Mentah
Tomat,Sayur,Pembeku,4.0,25.9,Segar
Kentang,Sayur,Pembeku,6.0,39.6,Segar
Timun,Sayur,Suhu Ruang,2.0,0.8,Busuk
Timun,Sayur,Pendingin,0.0,0.7,Busuk
Jeruk,Buah,Pembeku,2.0,18.7,Terlalu Matang
Jeruk,Buah,Pendingin,1.0,19.7,Mentah
Jeruk,Buah,Lemari,1.0,10.2,Terlalu Matang
Timun,??,Pendingin,6.0,23.6,Segar
Pisang,Buah,,,0.7,Busuk
Pisang,Buah,Pendingin,5.0,22.0,Mentah
Kentang,Sayur,Pendingin,4.0,34.4,Segar
Tomat,Sayur,Suhu Ruang,3.0,8.7,Segar
Wortel,Sayur,Pendingin,0.0,4.9,Busuk
Anggur,Buah,Pembeku,3.0,10.1,Terlalu Matang
Cabe,Sayur,,0.0,,Busuk
Cabe,Sayur,Pembeku,2.0,5.3,Busuk
Wortel,Sayur,Pembeku,2.0,3.4,Busuk
Anggur,Buah,Pendingin,5.0,13.6,Matang
Cabe,Sayur,Suhu Ruang,2.0,0.2,Busuk
Tomat,Sayur,Pembeku,5.0,27.3,Segar
Mangga,Buah,Suhu Ruang,3.0,4.9,Matang
Wortel,Sayur,Suhu Ruang,1.0,2.4,Busuk
Wortel,Sayur,Suhu Ruang,0.0,6.9,Segar
Jeruk,Buah,Pendingin,1.0,28.3,Mentah
Pisang,Buah,Suhu Ruang,3.0,2.4,Terlalu Matang
Mangga,Buah,Pendingin,5.0,10.3,Matang
Kentang,Sayur,Suhu Ruang,3.0,15.4,Segar
Timun,N/A,Pendingin,1.0,1.1,Busuk
Jeruk,Buah,Suhu Ruang,6.0,10.6,Mentah
Cabe,Sayur,Pendingin,2.0,2.8,Busuk
Anggur,Buah,Pendingin,1.0,1.5,Busuk
Wortel,N/A,Pendingin,1.0,4.2,Busuk
Timun,Sayur,Pendingin,2.0,0.8,Busuk
Cabe,Sayur,Suhu Ruang,0.0,0.0,Busuk
Pisang,Buah,Suhu Ruang,0.0,8.1,Mentah
Kentang,Sayur,Pendingin,1000.0,1061.6,Segar
Apel,Buah,Suhu Ruang,1.0,9.1,Matang
Cabe,Sayur,Pendingin,1.0,22.9,Segar
Jeruk,Buah,Pembeku,0.0,2.8,Busuk
Apel,Buah,Pembeku,1.0,10.4,Terlalu Matang
Anggur,Buah,Suhu Ruang,-678.0,-350.2,Terlalu Matang
Pisang,Buah,Pendingin,2.0,15.0,Matang
Pisang,Buah,Suhu Ruang,2.0,5.8,Matang
Tomat,Sayur,Suhu Ruang,0.0,0.3,Busuk
Jeruk,Buah,Suhu Ruang,3.0,9.0,Matang
Pisang,Buah,Suhu Ruang,3.0,1.8,Terlalu Matang
Timun,Sayur,Suhu Ruang,1000.0,2400.8,Busuk
Mangga,Buah,Suhu Ruang,1.0,0.2,Busuk
Pisang,Buah,Suhu Ruang,0.0,0.1,Busuk
Wortel,Sayur,Suhu Ruang,4.0,15.7,Segar
Pisang,Buah,Pembeku,5127.0,8645.8,Terlalu Matang
Wortel,Sayur,Suhu Ruang,0.0,2.3,Busuk
Cabe,Sayur,Pembeku,2.0,2.5,Busuk
Apel,Buah,Pembeku,1.0,28.4,Matang
Cabe,Sayur,Pembeku,1.0,0.9,Busuk
Tomat,Sayur,Pembeku,-5.0,3522.8,Segar
Anggur,Buah,,0.0,263.3,null
Timun,Sayur,Pendingin,4.0,24.1,Segar
Kentang,,Suhu Ruang,2.0,0.0,Busuk
Timun,,,,33.9,Segar
Anggur,Buah,Suhu Ruang,0.0,9.8,Matang
Jeruk,Buah,Gudang,4.0,32.9,Mentah
Anggur,Buah,Suhu Ruang,1.0,0.6,Busuk
Apel,Buah,Pendingin,1.0,8.0,Terlalu Matang
Cabe,Sayur,Pendingin,6.0,27.7,Segar
,Buah,Pembeku,0.0,,
Kentang,Sayur,Pendingin,0.0,2.0,Busuk
Timun,Sayur,Pembeku,0.0,2.4,Busuk
Apel,Buah,Suhu Ruang,0.0,0.5,Busuk
Timun,Sayur,Suhu Ruang,6.0,5.7,Segar
Tomat,Sayur,Pendingin,1.0,2.8,Busuk
Jeruk,Buah,Pembeku,,30.3,Matang
Cabe,Sayur,Pendingin,2.0,3.1,Busuk
,Buah,Suhu Ruang,0.0,,
Tomat,Sayur,Suhu Ruang,1.0,1.3,Busuk
Kentang,Sayur,Pembeku,0.0,8.1,Busuk
Timun,Sayur,Pendingin,3.0,9.8,Segar
Kentang,Sayur,Pendingin,0.0,1.5,Busuk
Jeruk,Buah,Pendingin,7934.0,801.4,Matang
Wortel,Sayur,Pendingin,1.0,3.6,Busuk
Timun,Sayur,Suhu Ruang,5.0,11.5,Segar
Timun,Sayur,Pendingin,1.0,1.6,Busuk
Tomat,Sayur,Suhu Ruang,2.0,1.4,Busuk
Mangga,Buah,Suhu Ruang,2.0,2.0,Terlalu Matang
Pisang,Buah,Suhu Ruang,2.0,2.9,Terlalu Matang
Apel,Buah,Pendingin,0.0,15.9,Matang
Cabe,Sayur,Suhu Ruang,2.0,1.7,Busuk
Mangga,N/A,Suhu Ruang,2.0,6.6,Matang
Mangga,Buah,Suhu Ruang,3.0,3.4,Terlalu Matang
Wortel,Sayur,,1.0,,
Pisang,Buah,Pendingin,4.0,20.2,Mentah
Pisang,Buah,Pendingin,1.0,5.4,Terlalu Matang
Apel,Buah,Pembeku,0.0,2.0,Busuk
Kentang,Sayur,Pembeku,0.0,11.0,Busuk
Kentang,,Suhu Ruang,1.0,1.2,Busuk
,Sayur,Suhu Ruang,0.0,0.9,Busuk
Cabe,Sayur,Pembeku,0.0,7.7,Busuk
Apel,Buah,,3.0,,
Kentang,Sayur,Pendingin,0.0,1.0,Busuk
Tomat,Sayur,Pembeku,,4.6,Busuk
Jeruk,Buah,Suhu Ruang,5.0,10.7,Matang
Pisang,,Pembeku,0.0,31.2,Mentah
Kentang,Sayur,Pembeku,2.0,34.9,Segar
Kentang,Sayur,Suhu Ruang,1.0,0.8,Busuk
Apel,Buah,Pendingin,5.0,19.5,Matang
,Sayur,Pembeku,9999.0,477.3,
Timun,Sayur,Suhu Ruang,-894.0,-919.0,Segar
Timun,Sayur,Pembeku,0.0,3.3,Busuk
Anggur,Buah,Pendingin,1.0,6.0,Terlalu Matang
Tomat,Sayur,Pendingin,0.0,17.2,Segar
Mangga,Buah,Suhu Ruang,0.0,0.9,Busuk
Tomat,Sayur,Suhu Ruang,4.0,6.0,Segar
Wortel,Sayur,Pembeku,2.0,7.2,Busuk
Pisang,Buah,Pembeku,6.0,25.4,Mentah
Kentang,Sayur,Pendingin,2.0,5.5,Busuk
Anggur,Buah,Suhu Ruang,1.0,6.6,Matang
Apel,Buah,Suhu Ruang,1.0,16.2,Mentah
Kentang,Sayur,Suhu Ruang,9999.0,68.3,null
Pisang,Buah,Pendingin,5.0,8.6,Matang
Kentang,Sayur,Pendingin,2.0,5.5,Busuk
Jeruk,Buah,Pembeku,4.0,38.3,Mentah
Jeruk,Buah,Suhu Ruang,4.0,11.2,Matang
Cabe,Sayur,Suhu Ruang,2.0,5.8,Segar
Mangga,Buah,Suhu Ruang,1.0,0.3,Busuk
Mangga,Buah,Pendingin,1.0,0.8,Busuk
Jeruk,Buah,Pendingin,-645.0,-844.0,Terlalu Matang
Pisang,Buah,Suhu Ruang,5.0,6.9,Mentah
Apel,??,Pembeku,5.0,29.8,Matang
Mangga,Buah,Pendingin,1.0,0.9,Busuk
Jeruk,Buah,Pembeku,1.0,2.9,Busuk
Cabe,Sayur,Suhu Ruang,0.0,7.2,Segar
Kentang,Sayur,Suhu Ruang,1.0,2.1,Busuk
Timun,Sayur,Pendingin,0.0,20.5,Segar
Apel,Buah,Suhu Ruang,0.0,13.9,
Wortel,Sayur,Suhu Ruang,2.0,0.9,Busuk
Kentang,Sayur,Pembeku,2.0,5.1,Busuk
Pisang,Buah,Suhu Ruang,0.0,0.7,Busuk
Apel,Buah,Suhu Ruang,3.0,3.0,Terlalu Matang
Anggur,Buah,Pembeku,0.0,15.4,Terlalu Matang
Tomat,,Pendingin,,11.2,
Tomat,Sayur,Pendingin,6.0,8.1,Segar
Tomat,Sayur,Suhu Ruang,1.0,1.3,Busuk
Anggur,Buah,Suhu Ruang,5.0,7.0,Matang
Anggur,Buah,Pendingin,0.0,4.3,Terlalu Matang
Pisang,Buah,Pembeku,1.0,37.5,Mentah
Wortel,Sayur,Pendingin,1.0,0.3,Busuk
Pisang,Buah,Suhu Ruang,4.0,7.7,Mentah
Tomat,Sayur,Pembeku,-5.0,1128.0,Segar
Cabe,Sayur,Suhu Ruang,3.0,7.4,Segar
Mangga,Buah,Pembeku,0.0,3.0,Busuk
Jeruk,Buah,Pembeku,-99.0,505.3,null
Pisang,Buah,Pendingin,-576.0,-953.3,Terlalu Matang
Anggur,Buah,Suhu Ruang,1.0,0.3,Busuk
Kentang,Sayur,Suhu Ruang,1.0,1.2,Busuk
Wortel,Sayur,Suhu Ruang,0.0,12.3,Segar
Anggur,Buah,Suhu Ruang,3.0,8.4,Matang
Wortel,Sayur,Suhu Ruang,2.0,10.9,Segar
Mangga,Buah,Pendingin,5.0,11.6,Matang
Jeruk,Buah,Suhu Ruang,0.0,2.9,Terlalu Matang
Mangga,Buah,Pembeku,3.0,11.8,Terlalu Matang
Mangga,Buah,Pembeku,2.0,37.3,Mentah
Jeruk,,Pendingin,,21.7,Mentah
Anggur,Buah,Pendingin,0.0,1.3,Busuk
Wortel,Sayur,Pendingin,0.0,2.9,Busuk
Timun,Sayur,Pendingin,2.0,1.5,OK
Timun,Sayur,Pembeku,0.0,5.8,Busuk
,,Pendingin,0.0,1.6,
Tomat,Sayur,Suhu Ruang,4.0,11.7,Segar
Wortel,Sayur,Suhu Ruang,0.0,3906.6,Segar
Jeruk,Buah,Pendingin,0.0,2.3,Busuk
Apel,Buah,Suhu Ruang,0.0,0.9,Busuk
Pisang,Buah,Pendingin,4.0,19.9,Mentah
Wortel,Sayur,Pendingin,2.0,0.8,Busuk
Timun,Sayur,Pendingin,2.0,2.1,Busuk
Apel,Buah,Pendingin,5.0,22.8,Matang
Anggur,Buah,Suhu Ruang,1.0,0.5,Busuk
Timun,Sayur,Pendingin,4.0,9.8,Segar
???,Sayur,Pembeku,1.0,4.5,Busuk
Cabe,Sayur,Suhu Ruang,5.0,7.8,Segar
Anggur,Buah,Suhu Ruang,1.0,0.1,Busuk
Mangga,,,,6.9,
Kentang,Sayur,Suhu Ruang,-859.0,-157.4,Segar
Anggur,Buah,Suhu Ruang,1.0,0.7,Busuk
Jeruk,Buah,Pendingin,4.0,22.8,Mentah
Apel,Buah,Suhu Ruang,-321.0,-521.2,Terlalu Matang
Cabe,Sayur,Pembeku,1.0,30.0,Segar
Kentang,Sayur,Suhu Ruang,2.0,2.6,Busuk
Jeruk,Buah,Pendingin,3.0,25.1,Mentah
Jeruk,Buah,Suhu Ruang,1.0,0.3,Busuk
Apel,Buah,Pendingin,3.0,12.7,Matang
Jeruk,1,Pendingin,0.0,1.6,Busuk
Wortel,Sayur,Pembeku,0.0,31.5,Segar
Pisang,Buah,Pembeku,0.0,2.6,Busuk
Wortel,,Pendingin,6.0,,Segar
Timun,Sayur,Suhu Ruang,0.0,1.2,Busuk
Wortel,Sayur,Suhu Ruang,6.0,8.3,Segar
Pisang,Buah,Pembeku,4.0,23.0,Mentah
Wortel,Sayur,Suhu Ruang,4.0,10.3,Segar
Apel,Buah,Pendingin,1.0,17.4,Matang
Tomat,,Pendingin,0.0,,
Wortel,Sayur,Pembeku,2.0,1.8,Busuk
Apel,Buah,Suhu Ruang,1.0,0.1,Busuk
Pisang,Buah,Pendingin,6.0,11.2,Mentah
,Buah,Suhu Ruang,3.0,,
Timun,Sayur,Suhu Ruang,8323.0,6140.6,Segar
,Sayur,Pendingin,5.0,11.9,Segar
Jeruk,Buah,Pendingin,2.0,6.1,Terlalu Matang
Jeruk,Buah,Suhu Ruang,5.0,11.6,Matang
Wortel,Sayur,Pembeku,1.0,3.9,Busuk
buah123,Sayur,Suhu Ruang,1.0,0.1,Busuk
Wortel,Sayur,Suhu Ruang,6.0,11.7,Segar
Tomat,Sayur,Pendingin,4.0,15.3,Segar
Pisang,Buah,Pendingin,1.0,19.1,Mentah
Anggur,Buah,Pembeku,0.0,1802.3,N/A
Cabe,Sayur,Suhu Ruang,0.0,10.5,Segar
Timun,Sayur,Suhu Ruang,1.0,0.6,Busuk
Tomat,Sayur,Pendingin,9999.0,2714.9,null
Apel,1,Suhu Ruang,0.0,0.2,Busuk
Cabe,Sayur,Pendingin,2.0,0.9,Busuk
Anggur,Buah,Pendingin,0.0,1.1,Busuk
Cabe,Sayur,Pendingin,2.0,3.1,Busuk
Mangga,Buah,Suhu Ruang,0.0,0.7,Busuk
Jeruk,Buah,Pendingin,0.0,8.8,Terlalu Matang
UNKNOWN,Buah,Suhu Ruang,2.0,2.9,Terlalu Matang
Apel,Buah,Pembeku,-99.0,65.1,
Jeruk,Buah,Pembeku,2.0,17.8,Terlalu Matang
Timun,Sayur,Pembeku,6.0,18.8,Segar
Anggur,Buah,Pembeku,4.0,38.2,Mentah
Anggur,Buah,Pendingin,5.0,17.2,Matang
Kentang,Sayur,Suhu Ruang,0.0,0.3,Busuk
,Buah,Pembeku,500.0,2414.9,N/A
Apel,Buah,Suhu Ruang,2.0,8.9,Matang
Cabe,Sayur,Pembeku,0.0,3.1,Busuk
Anggur,Buah,Suhu Ruang,5.0,8.6,Matang
Jeruk,Buah,Pendingin,1.0,1.5,Busuk
Wortel,Sayur,Suhu Ruang,2.0,2.0,Busuk
Tomat,Sayur,Suhu Ruang,2.0,0.8,Busuk
Kentang,Sayur,Suhu Ruang,6.0,8.4,Segar
Apel,Buah,Pendingin,0.0,0.0,Busuk
Mangga,Buah,Suhu Ruang,3.0,11.2,Mentah
Apel,Buah,Pendingin,,,
Anggur,Buah,Pendingin,1.0,1.7,Busuk
Wortel,Sayur,Pendingin,2.0,1.2,Busuk
Wortel,Sayur,Suhu Ruang,0.0,1.9,Busuk
Anggur,Buah,Pendingin,3.0,4.3,Terlalu Matang
Mangga,Buah,Pendingin,-468.0,-542.5,Matang
,Buah,Suhu Ruang,,9.2,Matang
Timun,Sayur,Pembeku,5.0,23.6,Segar
Anggur,Buah,Pendingin,-10.0,-276.2,Terlalu Matang
Anggur,Buah,Pendingin,1.0,1.6,Busuk
Timun,Sayur,Suhu Ruang,5.0,7.4,Segar
Pisang,Buah,Pendingin,0.0,15.3,Matang
Tomat,Sayur,Pembeku,1.0,5.8,Busuk
Wortel,Sayur,Pembeku,2.0,3.1,Busuk
Mangga,,Pembeku,,13.8,Terlalu Matang
Apel,Buah,Pembeku,-87.0,-699.4,Busuk
Timun,Sayur,Pembeku,1.0,3.6,Busuk
Pisang,Buah,Suhu Ruang,4.0,7.7,Mentah
Wortel,Sayur,Suhu Ruang,0.0,1.5,Busuk
Timun,Sayur,Pendingin,1.0,1.6,Busuk
Pisang,Buah,Pendingin,3.0,11.9,Matang
Cabe,Sayur,Pendingin,1.0,3.6,Busuk
Apel,Buah,Pendingin,4.0,22.0,Matang
Mangga,Buah,Pembeku,3.0,23.2,Matang
Mangga,,,,2.3,Busuk
Cabe,Sayur,Suhu Ruang,1.0,11.2,Segar
Wortel,Sayur,Pendingin,2.0,3.1,Busuk
Mangga,Buah,Pembeku,3.0,11.0,Terlalu Matang
Kentang,Sayur,Suhu Ruang,0.0,15.9,Segar
Mangga,Buah,Pendingin,0.0,1.6,Busuk
Cabe,Sayur,Suhu Ruang,2.0,1.8,Busuk
Timun,Sayur,Pembeku,6.0,41.4,Segar
Jeruk,Buah,Pembeku,1.0,4.3,Busuk
Apel,Buah,Pembeku,2.0,18.9,Terlalu Matang
Tomat,Sayur,Pembeku,2.0,16.8,Segar
Anggur,Buah,Pembeku,8643.0,5962.4,Matang
Cabe,Sayur,Suhu Ruang,2.0,0.9,Busuk
Mangga,Buah,Pendingin,5.0,14.8,Matang
Anggur,Buah,Suhu Ruang,1.0,6.3,Matang
Mangga,Buah,Suhu Ruang,1.0,8.7,Mentah
Pisang,Buah,Pendingin,1.0,1.3,Busuk
Timun,Sayur,Pembeku,1.0,5.2,Busuk
Pisang,Buah,Suhu Ruang,1.0,0.5,Busuk
Timun,Sayur,Pendingin,2.0,2.0,Busuk
Jeruk,Ikan,Pendingin,0.0,2.1,Busuk
Pisang,Buah,Pendingin,0.0,12.4,Matang
Cabe,Sayur,,,3.1,
Apel,Buah,Suhu Ruang,0.0,3.5,Terlalu Matang
Mangga,Buah,Suhu Ruang,4.0,5.4,Matang
Pisang,Buah,Pendingin,1.0,13.9,Matang
Kentang,Sayur,Pembeku,0.0,1.3,Busuk
Timun,Sayur,Pembeku,1000.0,2608.4,Busuk
Apel,Buah,Pendingin,1.0,0.8,Busuk
Jeruk,Buah,Pembeku,1.0,41.9,Matang
Cabe,Sayur,Pendingin,-678.0,-580.7,Segar
Apel,Buah,Pembeku,3.0,17.8,Terlalu Matang
Cabe,Sayur,Suhu Ruang,2.0,1.7,Busuk
Pisang,Buah,Pembeku,5.0,24.9,Matang
Timun,Sayur,,1.0,7.0,Segar
Kentang,Sayur,Suhu Ruang,2.0,1.4,Busuk
Apel,Buah,Pendingin,,5.4,
Anggur,Buah,Pendingin,0.0,26.6,Mentah
Cabe,Sayur,Suhu Ruang,6.0,13.0,Segar
Tomat,Sayur,Pembeku,1.0,3.0,Busuk
Kentang,Sayur,Suhu Ruang,1.0,2.3,Busuk
Jeruk,Buah,Pendingin,1.0,1.5,Busuk
Timun,Sayur,Suhu Ruang,1.0,1.5,Busuk
Jeruk,Buah,Suhu Ruang,5.0,15.5,Mentah
Apel,Buah,Suhu Ruang,0.0,0.9,Busuk
Mangga,Buah,Pendingin,0.0,0.5,Busuk
Jeruk,Buah,Pendingin,1.0,2.4,Busuk
Jeruk,Buah,,4.0,29.9,Matang
Anggur,Buah,Suhu Ruang,3.0,3.5,Terlalu Matang
Jeruk,Buah,Pendingin,994.0,7760.5,Terlalu Matang
Cabe,Sayur,Suhu Ruang,-472.0,-438.0,Busuk
,Buah,,1.0,3.5,Terlalu Matang
Pisang,Buah,Pembeku,0.0,31.1,Matang
Tomat,Sayur,Pembeku,0.0,35.0,Segar
Timun,Sayur,Pembeku,2.0,1.2,Busuk
Mangga,Buah,Pendingin,1.0,1.8,Busuk
Mangga,,Pendingin,2.0,5.6,
Cabe,Sayur,Suhu Ruang,0.0,0.5,1
Jeruk,Buah,Pendingin,3.0,23.7,Mentah
Pisang,Buah,Suhu Ruang,3.0,1.8,Terlalu Matang
Wortel,Sayur,Suhu Ruang,0.0,9.0,Segar
Kentang,Sayur,Pembeku,0.0,3.0,Busuk
Tomat,Sayur,Suhu Ruang,2.0,9.9,Segar
Tomat,Sayur,Suhu Ruang,-678.0,-43.4,Busuk
Tomat,Sayur,Pendingin,2.0,1.0,Busuk
Cabe,Ikan,Pendingin,0.0,3.4,Busuk
N/A,Buah,Suhu Ruang,1.0,14.5,Mentah
Apel,Buah,Suhu Ruang,3.0,4.5,Terlalu Matang
Apel,Buah,Pendingin,1.0,2.4,Busuk
Kentang,Sayur,Suhu Ruang,4.0,11.2,Segar
,Sayur,,1.0,1.2,Busuk
Jeruk,Buah,Pendingin,4.0,21.2,Mentah
Mangga,Buah,Pembeku,3.0,11.0,Terlalu Matang
Timun,Sayur,Pembeku,1.0,0.8,Busuk
Wortel,Sayur,Pendingin,0.0,1059.4,Busuk
Cabe,,Pembeku,0.0,2172.9,N/A
Cabe,Sayur,Pembeku,1.0,7.7,Busuk
Timun,Sayur,Suhu Ruang,2.0,0.5,Busuk
Tomat,Sayur,Suhu Ruang,0.0,3959.5,Segar
Timun,Sayur,Pembeku,2.0,0.2,Busuk
Tomat,Sayur,Pembeku,0.0,0.1,Busuk
Anggur,Buah,Suhu Ruang,1.0,0.2,Busuk
Pisang,Buah,Pembeku,0.0,1.1,Busuk
Wortel,Sayur,Pembeku,6.0,37.0,Segar
Pisang,Buah,Suhu Ruang,3.0,9.2,Mentah
Timun,Sayur,Suhu Ruang,1.0,1.2,Busuk
Mangga,,Suhu Ruang,,,Busuk
Anggur,Buah,Pendingin,3.0,22.9,Mentah
Pisang,Buah,Pendingin,3.0,4.6,Terlalu Matang
,Buah,,0.0,12.0,Matang
Jeruk,Buah,Suhu Ruang,1.0,0.8,Busuk
Anggur,Buah,Pendingin,1.0,1.1,Busuk
,Buah,Pendingin,1.0,1.5,
Wortel,,Pendingin,0.0,334.9,N/A
,Sayur,Pembeku,,,
Kentang,Sayur,Pendingin,4.0,18.1,Segar
Mangga,Buah,Pembeku,0.0,12.7,Terlalu Matang
Cabe,Sayur,Pembeku,5.0,35.1,Segar
Apel,Buah,,9999.0,2548.2,
Pisang,Buah,Pembeku,4.0,19.5,Matang
Wortel,Sayur,Pendingin,2.0,15.3,Segar
Mangga,Buah,,,,Terlalu Matang
Pisang,Buah,Pendingin,0.0,9.3,Matang
Tomat,Sayur,Pendingin,1.0,18.8,Segar
Pisang,Buah,Pendingin,3.0,14.5,Matang
Jeruk,Buah,Pembeku,1.0,4.5,Busuk
Pisang,Buah,Pendingin,1.0,5.9,Terlalu Matang
Mangga,Buah,Suhu Ruang,1.0,2.0,Terlalu Matang
Cabe,Sayur,Suhu Ruang,2.0,0.1,Busuk
Timun,Sayur,Pembeku,1.0,0.7,Busuk
Pisang,Buah,Pendingin,5.0,16.3,Mentah
Timun,Sayur,Pendingin,6.0,14.1,Segar
Mangga,Buah,Pendingin,1.0,0.6,Busuk
Wortel,Sayur,Suhu Ruang,3.0,19.2,Segar
,,,3.0,8.3,Segar
Anggur,Buah,Suhu Ruang,1.0,2.6,Terlalu Matang
Cabe,Sayur,Pembeku,3.0,32.2,Segar
Pisang,,Pembeku,0.0,10.4,Terlalu Matang
Pisang,Buah,Pendingin,2.0,6.1,Terlalu Matang
Jeruk,Buah,Pendingin,1.0,1.1,Busuk
Pisang,Buah,Pembeku,2.0,10.5,Terlalu Matang
Cabe,Sayur,Pembeku,0.0,6.4,Busuk
Timun,Sayur,Pembeku,1.0,0.9,Busuk
Mangga,Buah,Pendingin,3.0,6.0,Terlalu Matang
Wortel,Sayur,Suhu Ruang,1.0,16.7,
Tomat,Sayur,Pendingin,5.0,21.1,Segar
Mangga,Buah,Pembeku,0.0,0.0,Busuk
Wortel,Sayur,Pembeku,982.0,2764.9,Busuk
Pisang,Buah,Suhu Ruang,0.0,1.8,Terlalu Matang
Pisang,Buah,Suhu Ruang,0.0,0.2,Busuk
Apel,,,1.0,33.9,Mentah
Cabe,Sayur,Suhu Ruang,4.0,10.8,Segar
Pisang,Buah,Suhu Ruang,0.0,0.4,Busuk
Mangga,Buah,Pendingin,5.0,17.4,Matang
Wortel,Sayur,Pendingin,1.0,0.2,Busuk
Mangga,Buah,Pendingin,1.0,0.7,Busuk
Timun,Sayur,Suhu Ruang,2.0,7.6,Segar
Jeruk,Buah,Pembeku,5.0,29.7,Matang
Timun,Sayur,Pendingin,2.0,1.8,Busuk
Timun,,Pembeku,1.0,6.0,Busuk
Anggur,Buah,Suhu Ruang,1.0,6.6,Matang
Anggur,Buah,Pendingin,0.0,19.1,Mentah
Tomat,Sayur,Pendingin,3.0,8.3,Segar
Wortel,Sayur,Pendingin,1.0,4.2,Busuk
Pisang,Buah,Suhu Ruang,,6.7,
Tomat,Sayur,Pendingin,2.0,2.9,Busuk
Jeruk,Buah,Suhu Ruang,2.0,6.9,Matang
Anggur,Buah,Pendingin,1.0,6.0,Terlalu Matang
Anggur,Buah,Pendingin,0.0,11.6,Matang
Mangga,Buah,Pembeku,3.0,13.2,Terlalu Matang
Mangga,Buah,Pendingin,3.0,6.3,Terlalu Matang
Tomat,Sayur,Pembeku,1.0,4.1,Busuk
Kentang,Sayur,Suhu Ruang,0.0,0.1,Busuk
Pisang,Buah,Suhu Ruang,-626.0,-323.4,Mentah
Wortel,Sayur,Suhu Ruang,0.0,1.0,Busuk
Cabe,Sayur,Pembeku,6.0,30.1,Segar
Mangga,Buah,Suhu Ruang,1.0,8.5,Mentah
Apel,Buah,Pendingin,0.0,2.1,Busuk
Kentang,Sayur,Suhu Ruang,0.0,0.6,Busuk
Apel,Buah,Pendingin,1.0,0.9,Busuk
Pisang,Buah,Pembeku,0.0,2.5,Busuk
Mangga,Buah,Pendingin,5.0,17.4,Matang
Cabe,Sayur,Pendingin,3.0,22.0,Segar
Kentang,Sayur,Pendingin,0.0,2.0,Busuk
Tomat,Sayur,Suhu Ruang,0.0,0.7,Busuk
Mangga,Buah,Pembeku,0.0,0.5,Busuk
Anggur,Buah,Suhu Ruang,4.0,7.8,Matang
Wortel,Sayur,Pendingin,6.0,38.3,Segar
Anggur,Buah,Pendingin,0.0,0.8,Busuk
Kentang,Sayur,Pendingin,0.0,1.4,Busuk
Mangga,Buah,Pendingin,1.0,14.5,Matang
Kentang,Sayur,Pendingin,2.0,2.8,Busuk
Wortel,Sayur,,1.0,,
Wortel,Sayur,Pembeku,2.0,7.0,Busuk
Wortel,N/A,Pendingin,2.0,1.8,Busuk
Apel,Buah,Pendingin,2.0,5.1,Terlalu Matang
Kentang,Sayur,Pendingin,5.0,37.0,Segar
Pisang,Buah,Suhu Ruang,1.0,0.1,Busuk
Tomat,Sayur,,0.0,,Busuk
,,,2.0,17.9,
Timun,Sayur,,,,Busuk
Jeruk,Buah,Pembeku,1000.0,1649.1,Busuk
Pisang,Buah,Suhu Ruang,1.0,0.0,Busuk
,Buah,Suhu Ruang,9999.0,-47.9,
Anggur,Buah,Pendingin,5.0,23.2,Mentah
Wortel,Sayur,Pembeku,0.0,5.2,Busuk
Pisang,Buah,Pendingin,0.0,0.0,Busuk
Jeruk,Buah,Pendingin,,8.2,
Tomat,Sayur,Pendingin,1.0,11.6,Segar
Pisang,Ikan,Pembeku,0.0,2.6,Busuk
Jeruk,Buah,Suhu Ruang,1.0,4.8,Terlalu Matang
Pisang,Buah,Pendingin,2.0,6.1,Terlalu Matang
Cabe,Sayur,Suhu Ruang,0.0,14.3,Segar
Wortel,Sayur,Pendingin,0.0,20.6,Segar
Tomat,Sayur,Pembeku,1.0,26.0,Segar
Apel,??,Suhu Ruang,1.0,9.2,Mentah
Timun,Sayur,Pendingin,1028.0,3172.6,Busuk
Tomat,Sayur,Suhu Ruang,2.0,10.8,Segar
Wortel,Sayur,Suhu Ruang,1.0,0.2,Busuk
Jeruk,Buah,Pendingin,1.0,10.2,Terlalu Matang
Mangga,Buah,Suhu Ruang,1.0,0.2,Busuk
Timun,Sayur,Pembeku,0.0,2.8,Busuk
Mangga,Buah,Pembeku,5.0,22.3,Matang
Pisang,Buah,Suhu Ruang,0.0,6.8,Mentah
Wortel,Sayur,Pendingin,2.0,17.7,Segar
Kentang,Sayur,Pendingin,1.0,2.3,Busuk
Apel,Buah,Suhu Ruang,,3.1,Terlalu Matang
Kentang,Sayur,Suhu Ruang,2.0,0.5,Busuk
Jeruk,Buah,Pendingin,3.0,22.0,Matang
Cabe,Sayur,Pembeku,6.0,37.5,Segar
Pisang,,Pendingin,0.0,1.2,Busuk
Pisang,Buah,Suhu Ruang,3.0,6.2,Mentah
Kentang,Sayur,Pembeku,0.0,10.8,Busuk
,Buah,,0.0,,Terlalu Matang
Tomat,Sayur,Suhu Ruang,-5.0,2087.3,Busuk
Mangga,Buah,Pembeku,0.0,1.4,Busuk
Mangga,Buah,Suhu Ruang,4.0,7.2,Mentah
Pisang,Buah,Suhu Ruang,2.0,2.2,Terlalu Matang
Jeruk,Buah,Suhu Ruang,1.0,1.1,Busuk
Anggur,Buah,Pembeku,1.0,1.3,Busuk
Anggur,Buah,Suhu Ruang,5.0,5.3,Matang
,Sayur,Pendingin,0.0,2.2,Busuk
Pisang,Buah,Suhu Ruang,1.0,8.4,Mentah
Anggur,Buah,Pendingin,5.0,16.3,Matang
Anggur,Buah,Pembeku,5.0,39.4,Mentah
Pisang,Buah,Pembeku,1.0,33.1,Mentah
Tomat,Sayur,Suhu Ruang,0.0,0.6,Busuk
Jeruk,Buah,Pembeku,5.0,39.6,Matang
,,Pendingin,1.0,1.1,Busuk
Tomat,Sayur,Pembeku,2.0,5.6,Busuk
Cabe,Sayur,Pendingin,3.0,17.9,Segar
Anggur,Buah,Pembeku,1.0,12.9,Terlalu Matang
Kentang,Sayur,Pendingin,3.0,24.6,Segar
Mangga,Buah,Suhu Ruang,1.0,5.3,Matang
Mangga,Buah,Pembeku,500.0,498.4,null
Cabe,Sayur,Suhu Ruang,1.0,0.6,Busuk
Timun,Sayur,Pembeku,6.0,21.7,Segar
Anggur,Buah,Pendingin,3.0,4.4,Terlalu Matang
Kentang,Sayur,Pendingin,3.0,32.6,Segar
Kentang,Sayur,Pendingin,2.0,3.0,Busuk
Mangga,Buah,Pembeku,0.0,13.0,Terlalu Matang
Kentang,Sayur,Pendingin,2.0,2.6,Busuk
Tomat,Sayur,Suhu Ruang,0.0,0.5,Busuk
Anggur,Buah,Pendingin,3.0,13.1,Matang
Mangga,Buah,Pendingin,0.0,4.5,Terlalu Matang
Apel,Buah,Pembeku,3.0,16.6,Terlalu Matang
Kentang,Sayur,Suhu Ruang,4.0,18.6,Segar
Tomat,Sayur,Pembeku,2.0,35.2,Segar
Kentang,Sayur,Suhu Ruang,0.0,1.5,Busuk
Anggur,Buah,Pendingin,1.0,0.2,Busuk
Pisang,Buah,Pendingin,0.0,17.2,Mentah
,Sayur,Pendingin,0.0,790.0,
Pisang,Buah,Suhu Ruang,-808.0,-335.4,Busuk
Timun,Sayur,Pembeku,0.0,4.1,Busuk
Pisang,Buah,Pembeku,6.0,29.0,Mentah
Kentang,Sayur,Suhu Ruang,0.0,1.2,Busuk
Wortel,Sayur,Suhu Ruang,1.0,17.6,Segar
N/A,Sayur,Suhu Ruang,4.0,13.5,Segar
Anggur,Buah,Pendingin,4.0,19.1,Mentah
Cabe,Sayur,Suhu Ruang,0.0,6.9,Segar
Kentang,Sayur,Pembeku,2.0,1.3,Busuk
Mangga,Buah,Pembeku,,0.4,Busuk
Cabe,Sayur,Suhu Ruang,2.0,9.4,Segar
Kentang,Sayur,Pendingin,2.0,4.4,Busuk
Timun,Sayur,Pendingin,3.0,21.6,Segar
Tomat,Sayur,Suhu Ruang,3.0,11.5,Segar
Timun,Sayur,Pendingin,,,
Mangga,Buah,Pembeku,0.0,14.3,Terlalu Matang
Mangga,Buah,Pendingin,4.0,16.4,Matang
Timun,Sayur,Suhu Ruang,1.0,1.6,Busuk
Tomat,Sayur,Suhu Ruang,1.0,1.4,Busuk
Timun,Sayur,,500.0,2577.5,null
Jeruk,Buah,Suhu Ruang,2.0,4.8,Terlalu Matang
Tomat,Sayur,Suhu Ruang,1.0,0.1,Busuk
Mangga,Buah,Pembeku,5144.0,8823.6,Matang
Tomat,Sayur,Suhu Ruang,2.0,1.5,Busuk
Cabe,Sayur,Pembeku,4.0,37.4,Segar
Timun,Sayur,Pendingin,2.0,3.0,Busuk
Timun,Sayur,Pendingin,5.0,10.8,Segar
Jeruk,Buah,Pendingin,1.0,0.5,Busuk
Jeruk,Buah,Pendingin,3.0,8.1,Terlalu Matang
Pisang,Buah,Pembeku,0.0,1.9,Busuk
Wortel,Sayur,Pembeku,1.0,9.5,Busuk
Mangga,Buah,Suhu Ruang,2.0,5.7,Matang
Kentang,Sayur,Pendingin,1.0,1.3,Busuk
,,,,2.3,Busuk
Pisang,,Pembeku,0.0,12.0,Terlalu Matang
Mangga,Buah,Suhu Ruang,4.0,6.5,Matang
Kentang,Sayur,Suhu Ruang,1.0,0.3,Busuk
Apel,Buah,Pendingin,2.0,15.3,Matang
Anggur,Buah,Pendingin,1.0,18.9,Mentah
,,Suhu Ruang,1.0,14.5,
Mangga,Buah,Pendingin,2.0,19.1,Mentah
Cabe,Sayur,Suhu Ruang,2.0,2.0,Busuk
Tomat,Sayur,Suhu Ruang,0.0,1.6,Busuk
Mangga,Buah,Suhu Ruang,0.0,8.1,Mentah
Tomat,Sayur,,0.0,,
Cabe,Sayur,Pembeku,2.0,1.9,Busuk
Cabe,,,,8.0,Busuk
Jeruk,Buah,Pendingin,1.0,0.1,Busuk
Kentang,Sayur,Pembeku,4.0,37.0,Segar
Tomat,Sayur,Pendingin,0.0,15.1,Segar
Timun,Sayur,Pendingin,3.0,19.8,Segar
Cabe,Sayur,?,2.0,24.2,Segar
Jeruk,Buah,Pembeku,1.0,0.7,Busuk
,Sayur,Suhu Ruang,,,Segar
UNKNOWN,Buah,Suhu Ruang,0.0,4.7,Terlalu Matang
Tomat,Sayur,Suhu Ruang,5.0,4.6,Segar
Apel,Buah,Suhu Ruang,2.0,9.7,Mentah
Timun,Sayur,Pendingin,5.0,10.8,Segar
Wortel,Sayur,Pendingin,2.0,2.3,Busuk
Tomat,Sayur,Pendingin,1.0,0.6,Busuk
Pisang,Buah,Pembeku,3.0,9.1,Terlalu Matang
Mangga,Buah,Pendingin,0.0,1.4,Busuk
Timun,,Pembeku,,28.0,Segar
Apel,Buah,Suhu Ruang,1.0,14.5,Mentah
Pisang,Buah,Pembeku,1.0,3.0,Busuk
Wortel,Sayur,Pembeku,1.0,9.5,Busuk
,Buah,,1.0,,Terlalu Matang
Pisang,Buah,Pembeku,4.0,26.0,Matang
Timun,Sayur,Pendingin,0.0,1.1,Busuk
Apel,Buah,Pembeku,1.0,2.4,Busuk
Tomat,Sayur,Pendingin,1.0,1.2,Busuk
Kentang,Sayur,Pembeku,0.0,11.0,Busuk
Tomat,Sayur,Suhu Ruang,1.0,11.4,Segar
Pisang,Buah,Pembeku,1.0,1.1,Busuk
Mangga,Buah,Suhu Ruang,1.0,0.6,Busuk
Apel,Buah,Pembeku,0.0,17.4,Terlalu Matang
Jeruk,Buah,Pendingin,0.0,1.2,Busuk
Jeruk,Buah,Suhu Ruang,6.0,14.5,Mentah
,Sayur,,1.0,,Segar
Wortel,Sayur,Suhu Ruang,2.0,17.3,Segar
Apel,Buah,Suhu Ruang,1.0,0.2,Busuk
Apel,Buah,Suhu Ruang,3.0,7.4,Matang
Anggur,Buah,Pembeku,1000.0,4666.2,Busuk
Pisang,Buah,Pendingin,2.0,4.4,Expired
Apel,Buah,Pendingin,,1.4,Busuk
Mangga,Buah,Suhu Ruang,0.0,0.9,Busuk
Jeruk,Buah,Pendingin,2.0,5.8,Terlalu Matang
Kentang,Sayur,Pembeku,0.0,7.1,Busuk
Apel,Buah,Suhu Ruang,5.0,11.8,Mentah
Timun,Sayur,Pendingin,2.0,18.6,Segar
Pisang,Buah,Pendingin,3.0,6.4,Terlalu Matang
Timun,Sayur,Pembeku,6.0,41.4,Segar
Wortel,Sayur,Suhu Ruang,4.0,17.3,Segar
Jeruk,Buah,Pembeku,1.0,5.0,Busuk
Cabe,Bumbu,Pendingin,2.0,2.6,Busuk
,Sayur,Pembeku,0.0,-43.3,null
Mangga,Buah,Pendingin,2.0,10.2,Matang
Jeruk,Buah,Pembeku,3.0,11.3,Terlalu Matang
Cabe,Sayur,Pendingin,0.0,3.3,Busuk
Tomat,Sayur,Pendingin,0.0,2.3,Busuk
Jeruk,Buah,Pendingin,0.0,1.9,Busuk
Kentang,Sayur,Suhu Ruang,1.0,10.0,Segar
Cabe,Sayur,Suhu Ruang,5.0,10.0,Segar
Kentang,Sayur,Suhu Ruang,5.0,14.8,Segar
,Buah,,5.0,,Mentah
Cabe,Sayur,Pendingin,1.0,0.4,Busuk
Cabe,Sayur,Pendingin,4.0,20.0,Segar
Pisang,Buah,Suhu Ruang,1.0,7.3,Matang
Apel,Buah,Pembeku,1.0,27.7,Matang
,Buah,,1.0,4.5,
Wortel,Sayur,Pembeku,2.0,1.8,Busuk
Wortel,Sayur,Suhu Ruang,4.0,8.9,Segar
Tomat,Sayur,Pembeku,2.0,29.3,Segar
Timun,Sayur,Suhu Ruang,0.0,0.9,
Mangga,Buah,,,,Matang
Kentang,Sayur,Pendingin,,,Segar
Cabe,Sayur,Pembeku,2.0,3.0,Busuk
,,,3.0,,Segar
Jeruk,Buah,Suhu Ruang,2.0,3.9,Terlalu Matang
,,Pembeku,500.0,2462.9,N/A
Anggur,Buah,Pembeku,,1.4,Busuk
,Buah,Pendingin,1.0,19.1,
Anggur,Buah,Pendingin,,15.3,Mentah
Cabe,Sayur,Pembeku,1.0,3.8,Busuk
,Buah,Suhu Ruang,,,Matang
Wortel,Sayur,Pendingin,1.0,1.1,Busuk
Anggur,Buah,Pendingin,1.0,8.0,Terlalu Matang
Cabe,Sayur,Pendingin,6.0,11.7,Segar
Anggur,Buah,Pendingin,1.0,1.6,Busuk
Apel,,,,37.1,Mentah
Pisang,Buah,Pembeku,0.0,12.0,Terlalu Matang
Kentang,Sayur,Pendingin,4.0,24.9,Segar
Tomat,Sayur,Pendingin,1000.0,3226.1,Segar
Kentang,Sayur,Suhu Ruang,5.0,20.3,Segar
Wortel,Sayur,Pendingin,0.0,2.0,Busuk
Pisang,Buah,Pendingin,0.0,0.3,Busuk
Wortel,Sayur,Suhu Ruang,1784.0,4241.7,Segar
Timun,Sayur,Pendingin,2.0,2.5,Busuk
Jeruk,Buah,Suhu Ruang,2.0,11.6,Matang
Pisang,Buah,Pembeku,2.0,7.7,Terlalu Matang
Tomat,Sayur,Suhu Ruang,0.0,1.4,Busuk
,Buah,Pendingin,1.0,,Busuk
Mangga,Buah,Pendingin,3.0,4.0,Terlalu Matang
Apel,Buah,Suhu Ruang,3.0,3.7,Terlalu Matang
Tomat,Sayur,Pembeku,1.0,4.3,Busuk
Apel,Buah,Suhu Ruang,5.0,15.3,Mentah
Wortel,Sayur,Pendingin,4.0,17.1,1
Pisang,Buah,Pendingin,1.0,5.3,Terlalu Matang
Apel,Buah,Pembeku,1.0,35.4,Mentah
UNKNOWN,Sayur,Suhu Ruang,2.0,1.2,Busuk
Wortel,Sayur,Pembeku,-99.0,239.7,Expired
Cabe,Sayur,Pembeku,6.0,37.5,Tidak Diketahui
Pisang,Buah,Pendingin,2.0,8.2,Matang
Wortel,Sayur,Suhu Ruang,1.0,1.6,Busuk
Mangga,Buah,Pendingin,2.0,4.1,Terlalu Matang
Kentang,Sayur,Pembeku,6.0,37.4,Segar
Wortel,Sayur,Pendingin,2.0,3.0,Busuk
Anggur,Buah,Suhu Ruang,0.0,3.7,Terlalu Matang
Apel,Buah,Pendingin,2.0,14.2,Matang
Timun,Sayur,Suhu Ruang,0.0,0.6,Busuk
Timun,Sayur,Pendingin,1.0,10.7,Segar
Anggur,Buah,Pendingin,0.0,27.2,Mentah
Anggur,Buah,Pendingin,2.0,7.6,Terlalu Matang
,Buah,Pendingin,500.0,2118.9,Expired
Mangga,Buah,Pendingin,6.0,16.5,Mentah
Apel,Buah,Pembeku,3.0,27.1,Matang
Timun,Sayur,Suhu Ruang,0.0,4.8,Segar
Apel,Buah,Suhu Ruang,4.0,10.5,Matang
Anggur,Buah,Suhu Ruang,6.0,7.1,Mentah
Kentang,Sayur,Pendingin,3.0,35.5,Segar
Tomat,Sayur,Suhu Ruang,6.0,10.3,Segar
Cabe,Sayur,Pendingin,2.0,2.1,Busuk
Mangga,Buah,Pembeku,1.0,0.2,Busuk
Mangga,Buah,Pendingin,1.0,18.2,Mentah
Tomat,Sayur,Suhu Ruang,1.0,0.6,Busuk
buah123,Ikan,Suhu Ruang,2.0,0.3,Busuk
Anggur,Buah,Pembeku,0.0,,Busuk
Cabe,Sayur,Suhu Ruang,1.0,1.5,
Wortel,Sayur,Pendingin,1.0,4.7,Busuk
Apel,Buah,Suhu Ruang,2.0,10.6,Mentah
Pisang,Buah,Pendingin,5.0,13.6,Matang
Tomat,Sayur,Pendingin,2.0,1.0,Busuk
Apel,Buah,Pembeku,1.0,4.5,Busuk
Mangga,Buah,Pendingin,8363.0,9960.7,Terlalu Matang
Pisang,Buah,Suhu Ruang,6.0,6.7,Mentah
Timun,Sayur,Pendingin,1.0,0.6,Busuk
Kentang,Sayur,Pembeku,2.0,4.2,Busuk
Pisang,Buah,Suhu Ruang,3.0,2.9,Terlalu Matang
Apel,Buah,Suhu Ruang,0.0,0.2,Busuk
,Sayur,Pendingin,6.0,33.7,Segar
Timun,Sayur,Pembeku,6.0,18.8,Segar
Anggur,Buah,Suhu Ruang,1.0,0.1,Busuk
Kentang,Sayur,Pendingin,1.0,2.3,Busuk
Pisang,Buah,Suhu Ruang,0.0,5.8,Matang
Cabe,Sayur,Suhu Ruang,2.0,0.9,Busuk
Pisang,Buah,Suhu Ruang,1.0,2.1,Terlalu Matang
Anggur,Buah,Pembeku,3.0,35.5,Mentah
,Buah,Pendingin,1.0,0.1,Busuk
Jeruk,Buah,Pendingin,2.0,6.0,Terlalu Matang
Jeruk,Buah,Suhu Ruang,2.0,17.9,Mentah
Kentang,Sayur,Pendingin,0.0,5.5,Busuk
Jeruk,Buah,Pendingin,0.0,1.8,Busuk
,Buah,Pendingin,0.0,,Terlalu Matang
Timun,Sayur,Pendingin,3.0,23.2,Segar
Pisang,Buah,Pembeku,0.0,23.3,Matang
Mangga,Buah,Pendingin,2.0,13.7,Mentah
,Buah,Pembeku,1.0,0.1,
Pisang,Buah,Suhu Ruang,4.0,7.8,Matang
Timun,Sayur,Suhu Ruang,0.0,9.9,Segar
Cabe,Sayur,Pendingin,1.0,1.1,Busuk
Kentang,Sayur,Suhu Ruang,2.0,1.5,Busuk
,,Pembeku,1.0,18.9,
Timun,Sayur,Pendingin,2.0,9.4,Segar
Cabe,Sayur,Pembeku,0.0,6.5,Busuk
Apel,Buah,Pembeku,3.0,13.1,Terlalu Matang
Kentang,Sayur,Suhu Ruang,1.0,1.9,Busuk
Mangga,Buah,Suhu Ruang,1.0,0.0,Busuk
Timun,Sayur,Suhu Ruang,2.0,0.3,Busuk
Timun,Sayur,Suhu Ruang,6.0,4.8,Segar
Apel,Buah,Pembeku,0.0,17.5,Terlalu Matang
Timun,Sayur,Pembeku,5.0,32.2,Segar
Mangga,Buah,Suhu Ruang,1.0,7.1,Matang
Apel,Buah,Pembeku,1.0,41.0,Mentah
Wortel,Sayur,Pendingin,2.0,25.4,Segar
Pisang,Buah,Suhu Ruang,5.0,5.9,Mentah
Anggur,Buah,Pembeku,0.0,13.3,Terlalu Matang
Tomat,Sayur,Pembeku,2.0,2.6,Busuk
Timun,Sayur,Suhu Ruang,0.0,1.1,Busuk
Timun,Sayur,Pendingin,0.0,1.5,Busuk
Cabe,Sayur,Suhu Ruang,1.0,1.8,Busuk
Kentang,Sayur,Suhu Ruang,0.0,1.2,Busuk
-,Sayur,Suhu Ruang,0.0,1.0,Busuk
Apel,Buah,Suhu Ruang,1.0,10.5,Mentah
Tomat,Sayur,Pembeku,4.0,27.5,Segar
Kentang,Sayur,Pendingin,1.0,33.4,Segar
Wortel,Sayur,Pendingin,1.0,0.3,Busuk
Jeruk,Buah,Suhu Ruang,3.0,7.2,Matang
Kentang,Sayur,Pendingin,0.0,2.0,Busuk
Jeruk,Ikan,Suhu Ruang,3.0,7.2,Matang
Kentang,Sayur,Suhu Ruang,1.0,1.5,Busuk
Pisang,Buah,Suhu Ruang,3.0,2.9,Terlalu Matang
Cabe,Sayur,Pendingin,2.0,0.1,Busuk
Kentang,Sayur,Pendingin,1.0,4.3,Busuk
Anggur,Buah,Pendingin,1.0,14.1,Matang
Wortel,Sayur,Pembeku,0.0,4.2,Busuk
Wortel,Sayur,Suhu Ruang,2.0,0.2,Busuk
Pisang,Buah,Pendingin,3.0,10.2,Matang
Apel,Buah,Pembeku,-489.0,-120.9,Mentah
Mangga,Buah,Pendingin,-798.0,-364.6,Matang
Timun,Sayur,Suhu Ruang,0.0,0.8,Busuk
Wortel,Sayur,Suhu Ruang,0.0,,
Anggur,Buah,Suhu Ruang,0.0,2.9,Terlalu Matang
Mangga,Buah,Suhu Ruang,1.0,10.2,Mentah
Tomat,Sayur,Suhu Ruang,-5.0,1025.5,Busuk
Anggur,Buah,Pembeku,1.0,0.2,Busuk
Timun,Sayur,Suhu Ruang,0.0,9.7,Segar
Kentang,Sayur,Suhu Ruang,3.0,11.8,Segar
Pisang,Buah,Pembeku,0.0,3936.9,Busuk
Wortel,Sayur,Pendingin,6.0,32.4,Segar
Mangga,Buah,Suhu Ruang,0.0,3341.4,Busuk
Tomat,Sayur,Suhu Ruang,1.0,10.1,Segar
Anggur,Buah,Pembeku,0.0,28.2,Mentah
Tomat,Sayur,Suhu Ruang,2.0,1.0,Busuk
Cabe,Sayur,Suhu Ruang,1.0,1.8,Busuk
Apel,Buah,Pembeku,2.0,12.4,Terlalu Matang
Anggur,Buah,Pembeku,3.0,25.0,Matang
Cabe,Sayur,,0.0,0.5,Busuk
,,,3.0,,Segar
Wortel,Sayur,Pembeku,5.0,31.0,Segar
Anggur,Buah,Suhu Ruang,2.0,3.1,Terlalu Matang
Pisang,Buah,Suhu Ruang,4.0,6.3,Matang
Anggur,Buah,Pendingin,1.0,6.4,Terlalu Matang
Wortel,Sayur,Pendingin,2.0,2.6,Busuk
Tomat,Sayur,Pendingin,0.0,2.8,Busuk
Apel,Buah,Luar Ruangan,2.0,6.6,Matang
Wortel,,,2.0,,Busuk
Anggur,Buah,Pendingin,5.0,15.3,Mentah
Wortel,Sayur,Pembeku,0.0,4287.6,Busuk
Kentang,Sayur,Suhu Ruang,1.0,8.6,Segar
Pisang,Buah,Pembeku,3.0,16.0,Matang
Mangga,Buah,Pembeku,3.0,8.2,Terlalu Matang
Kentang,Sayur,Suhu Ruang,2.0,8.8,Segar
Timun,Sayur,Suhu Ruang,1.0,0.6,Busuk
Cabe,Sayur,Pendingin,3.0,13.9,Segar
Timun,Sayur,Pendingin,1.0,2.6,Busuk
Tomat,Sayur,Suhu Ruang,3.0,4.2,Segar
Tomat,Sayur,Pembeku,0.0,1.3,Busuk
Cabe,Sayur,Suhu Ruang,6.0,7.6,Segar
Timun,Sayur,Suhu Ruang,0.0,0.7,Busuk
Mangga,Buah,Suhu Ruang,1.0,10.0,Mentah
Apel,Buah,Pendingin,3.0,8.8,Terlalu Matang
Apel,Buah,Pendingin,4.0,16.1,Matang
Pisang,Buah,Pembeku,0.0,31.2,Mentah
,Buah,Pembeku,1.0,,Terlalu Matang
Mangga,Buah,Pembeku,1.0,0.6,Busuk
Apel,Buah,Suhu Ruang,1.0,15.6,Mentah
Pisang,Buah,Pembeku,2.0,19.2,Matang
Mangga,Buah,Pembeku,1.0,,Terlalu Matang
Mangga,Buah,Pembeku,0.0,13.1,Terlalu Matang
Wortel,Sayur,Suhu Ruang,0.0,0.3,Busuk
Jeruk,Buah,Pendingin,6.0,31.9,Mentah
Mangga,Buah,Suhu Ruang,2.0,5.8,Matang
,,Pendingin,0.0,,Busuk
Pisang,Buah,Pembeku,4.0,19.5,Matang
Timun,,Pendingin,2.0,,
Jeruk,Buah,Pendingin,1.0,6.1,Terlalu Matang
Wortel,Sayur,Pendingin,2.0,1.3,Busuk
Wortel,Sayur,Suhu Ruang,0.0,2.5,Busuk
Apel,Buah,Pembeku,0.0,9.9,Terlalu Matang
Mangga,Buah,Suhu Ruang,6.0,9.8,Mentah
Apel,Buah,Pendingin,1.0,0.1,Busuk
Timun,Sayur,Pembeku,2.0,2.4,Busuk
Cabe,Sayur,Suhu Ruang,2314.0,4609.4,Busuk
Mangga,Buah,Pendingin,0.0,3250.8,Mentah
Mangga,Buah,Pembeku,3.0,7.8,Terlalu Matang
Timun,Sayur,Suhu Ruang,3.0,7.1,Segar
Mangga,Buah,Suhu Ruang,3.0,10.2,Mentah
Cabe,Sayur,,,7.1,Segar
Jeruk,Buah,Pendingin,0.0,10.2,
Jeruk,Buah,Pembeku,1.0,12.4,Terlalu Matang
Wortel,Sayur,Pendingin,5.0,29.3,Segar
Mangga,Buah,Suhu Ruang,3.0,5.8,Matang
Pisang,Buah,Pembeku,0.0,0.7,Busuk
Pisang,Buah,Pembeku,5.0,31.2,Matang
Timun,Sayur,Pendingin,6.0,15.4,Segar
Jeruk,Buah,,1.0,23.1,
Kentang,Sayur,Pendingin,1.0,3.0,Busuk
Anggur,Buah,Pendingin,2.0,17.4,Matang
Cabe,Sayur,Pembeku,1.0,6.6,Busuk
Tomat,Sayur,Pembeku,2.0,41.9,Segar
Wortel,Sayur,Suhu Ruang,2.0,0.4,Busuk
Apel,Buah,Pembeku,3.0,14.8,Terlalu Matang
Tomat,Sayur,Pembeku,6.0,32.3,Segar
Mangga,Buah,Suhu Ruang,5.0,6.6,Mentah
Pisang,Buah,Pembeku,2.0,20.2,Matang
Cabe,Sayur,,,,Busuk
Cabe,Sayur,Pembeku,1.0,5.4,Busuk
Apel,Buah,Suhu Ruang,0.0,0.9,Busuk
Tomat,Sayur,Pembeku,3.0,19.0,Segar
Jeruk,Buah,Pendingin,0.0,0.5,Busuk
Tomat,Sayur,Pembeku,3.0,17.5,Segar
Wortel,Sayur,Pendingin,2.0,0.0,Busuk
Wortel,Sayur,Suhu Ruang,-5.0,4273.4,Busuk
Mangga,Buah,Suhu Ruang,5.0,4.6,Matang
Tomat,Sayur,Suhu Ruang,1.0,0.1,Busuk
Kentang,Sayur,Pembeku,0.0,9.7,Busuk
,Buah,Pembeku,,,Mentah
buah123,Buah,Pembeku,1.0,12.4,Terlalu Matang
,,Suhu Ruang,3.0,3.5,
Timun,Sayur,Suhu Ruang,5.0,7.4,Segar
Wortel,Sayur,Suhu Ruang,-99.0,1510.3,Expired
,,Suhu Ruang,,0.6,Busuk
Timun,Sayur,Suhu Ruang,1.0,0.2,Busuk
Wortel,Sayur,?,4.0,6.9,Segar
Mangga,Buah,Pendingin,0.0,0.9,Busuk
Mangga,Buah,Pendingin,3.0,6.7,Terlalu Matang
Wortel,Sayur,Pendingin,5.0,38.4,Segar
Wortel,Sayur,Pendingin,4.0,35.1,Segar
Tomat,Sayur,Pendingin,7260.0,1772.2,Segar
Pisang,Buah,Suhu Ruang,3.0,5.7,Mentah
Cabe,Sayur,,,3.2,Busuk
Apel,Buah,Suhu Ruang,2.0,9.0,Matang
Anggur,Buah,Pendingin,-5.0,3382.7,Matang
,Buah,Lemari,6.0,40.3,Mentah
Mangga,Buah,Suhu Ruang,0.0,0.5,Busuk
Anggur,Buah,Pendingin,6.0,26.0,Mentah
Cabe,Sayur,Suhu Ruang,1.0,13.1,Segar
Cabe,Sayur,Suhu Ruang,0.0,14.0,Segar
,Buah,Suhu Ruang,,9.6,
Pisang,Buah,Pendingin,0.0,1.3,Busuk
Kentang,Sayur,Pendingin,1.0,2.5,Busuk
Apel,Buah,Pendingin,2.0,5.4,Terlalu Matang
Anggur,Buah,Pembeku,0.0,3.2,Busuk
Mangga,Buah,Pendingin,6.0,15.7,Mentah
Kentang,Sayur,Pendingin,1.0,38.8,Segar
Wortel,Sayur,Suhu Ruang,6.0,14.3,1
Apel,Buah,Suhu Ruang,1.0,0.4,Busuk
Cabe,Sayur,Pendingin,2.0,,
Tomat,,,1.0,0.6,
Kentang,Sayur,Suhu Ruang,3.0,7.5,1
Wortel,Sayur,Pendingin,2.0,4.6,Busuk
Mangga,Buah,Pembeku,2.0,26.0,Mentah
Anggur,Buah,Suhu Ruang,9754.0,5143.4,Busuk
Pisang,Buah,Pendingin,5.0,9.0,Matang
Timun,Sayur,Lemari,2.0,1.1,Busuk
Mangga,Buah,Suhu Ruang,1.0,3.1,Terlalu Matang
Apel,Buah,Pembeku,3.0,17.9,Terlalu Matang
Kentang,,Pembeku,,10.9,Busuk
Wortel,Sayur,Pendingin,-378.0,-855.5,Segar
Mangga,Buah,Pembeku,2.0,28.1,Matang
Pisang,Buah,Pembeku,1.0,2.3,Busuk
Wortel,Sayur,Pendingin,0.0,16.0,Segar
Timun,Sayur,Pembeku,5.0,24.1,Segar
Anggur,Buah,Pendingin,5.0,20.6,Mentah
Pisang,Buah,Suhu Ruang,5.0,6.9,Mentah
Kentang,,,2.0,2.4,Busuk
Timun,Sayur,Pendingin,0.0,2.8,Busuk
Tomat,Sayur,Pembeku,6.0,33.2,Segar
Cabe,Sayur,Suhu Ruang,5.0,10.0,Expired
Cabe,Sayur,Suhu Ruang,5.0,11.4,Segar
Anggur,Buah,Pembeku,0.0,2.9,Busuk
Apel,Buah,Suhu Ruang,0.0,4.2,Terlalu Matang
Timun,Sayur,Pembeku,0.0,6.8,Busuk
Apel,Buah,Pendingin,4.0,22.9,Matang
Cabe,Sayur,Pendingin,2.0,1.0,Busuk
Wortel,Sayur,Pembeku,1.0,40.4,Segar
Apel,Buah,Suhu Ruang,3.0,2.8,OK
##ERROR##,Sayur,Pendingin,1.0,1.1,Busuk
Pisang,Buah,Pendingin,0.0,0.7,Busuk
Anggur,Buah,Suhu Ruang,1.0,2.4,Terlalu Matang
Mangga,Buah,Suhu Ruang,1.0,0.5,Busuk
Timun,Sayur,Pendingin,2.0,9.4,Segar
Timun,Sayur,Pendingin,0.0,3.1,Busuk
Tomat,Sayur,Pembeku,1.0,6.2,Busuk
Tomat,Sayur,Suhu Ruang,2.0,1.0,Busuk
Cabe,Sayur,Pembeku,0.0,6.5,Tidak Diketahui
Cabe,Sayur,Suhu Ruang,0.0,1.1,Busuk
,Buah,Pendingin,1.0,,Busuk
Wortel,Sayur,Pembeku,5.0,34.8,Segar
Apel,Buah,Pembeku,5.0,31.9,Matang
Wortel,Sayur,Pendingin,-899.0,-197.1,Busuk
Kentang,,Pembeku,,39.4,
Timun,Sayur,Pendingin,0.0,1.8,Busuk
Apel,Buah,Pendingin,5.0,27.8,Mentah
Kentang,Sayur,Suhu Ruang,1.0,0.4,Busuk
Wortel,Sayur,Luar Ruangan,0.0,2.4,Busuk
Tomat,Sayur,Pendingin,0.0,2.5,Busuk
Apel,Buah,Suhu Ruang,5.0,11.8,Mentah
Kentang,Sayur,,2.0,8.7,Busuk
Wortel,Sayur,,9999.0,1732.7,Expired
Cabe,Sayur,Pembeku,2.0,35.3,Segar
Tomat,Sayur,Suhu Ruang,2.0,1.0,Busuk
Cabe,Sayur,Pembeku,1.0,1.7,Busuk
Wortel,Sayur,Suhu Ruang,0.0,0.0,Busuk
Timun,Sayur,Pembeku,1.0,39.9,Segar
Apel,Buah,Suhu Ruang,0.0,,
Cabe,Sayur,Suhu Ruang,6.0,12.9,Segar
Wortel,Daging,Suhu Ruang,0.0,2.5,Busuk
Mangga,Buah,,0.0,17.1,Mentah
Anggur,Buah,Pendingin,1000.0,1387.1,Terlalu Matang
Pisang,Buah,Pembeku,2.0,18.8,Matang
Timun,Sayur,Pendingin,2.0,1.3,Busuk
Apel,Buah,,0.0,,
,,,,0.6,Busuk
Mangga,Buah,Pembeku,1.0,34.9,Matang
Anggur,Buah,Suhu Ruang,0.0,2.4,Terlalu Matang
Cabe,Sayur,Suhu Ruang,0.0,4.6,Expired
Timun,Sayur,Suhu Ruang,1.0,0.2,Busuk
Pisang,Buah,Pendingin,5.0,21.4,Mentah
Timun,Sayur,Suhu Ruang,-161.0,-654.2,Busuk
Pisang,Buah,Pembeku,0.0,7.0,Terlalu Matang
Timun,Sayur,Suhu Ruang,0.0,9.9,Segar
Anggur,Buah,Pembeku,0.0,1.2,Busuk
Kentang,Sayur,Suhu Ruang,1.0,20.5,Segar
Cabe,Sayur,Pembeku,3.0,35.2,Segar
Apel,Buah,Pembeku,-165.0,-456.6,Busuk
Timun,Sayur,,,10.6,Segar
Apel,Buah,Pembeku,0.0,1.5,Busuk
Anggur,Buah,Suhu Ruang,2.0,9.9,Matang
Kentang,Sayur,Suhu Ruang,3.0,9.2,Segar
Cabe,Sayur,Pendingin,2.0,18.6,Segar
Jeruk,Buah,Suhu Ruang,1.0,0.3,Busuk
Jeruk,Buah,Pembeku,-616.0,-7.2,Terlalu Matang
Cabe,Sayur,Pembeku,0.0,7.9,Busuk
Pisang,Buah,Pendingin,0.0,0.6,Busuk
Pisang,Buah,,,2.7,Terlalu Matang
Jeruk,Buah,Pembeku,0.0,16.3,Terlalu Matang
Pisang,Buah,Pendingin,0.0,4.6,Terlalu Matang
Pisang,Buah,Pendingin,4.0,14.8,Matang
Apel,Buah,Pembeku,311.0,2977.2,Terlalu Matang
,Sayur,Pendingin,,10.8,
Timun,Sayur,Pendingin,2.0,16.6,Segar
Kentang,Sayur,Suhu Ruang,0.0,0.0,Busuk
Anggur,Buah,Suhu Ruang,1.0,6.6,null
Mangga,Buah,Pendingin,500.0,1658.5,N/A
Anggur,Buah,Pembeku,0.0,2.4,Busuk
Wortel,Sayur,Pendingin,9999.0,491.6,N/A
Kentang,??,Suhu Ruang,0.0,1.9,Busuk
Timun,Sayur,Pembeku,2.0,40.0,Segar
Kentang,Sayur,Pembeku,-99.0,1949.0,null
Tomat,Sayur,Pendingin,0.0,1.5,Busuk
Timun,Sayur,Pembeku,1.0,6.5,Busuk
Apel,Buah,Pembeku,500.0,312.1,N/A
Pisang,Buah,Suhu Ruang,1.0,5.9,Matang
Mangga,Buah,Suhu Ruang,0.0,0.2,Busuk
Jeruk,Buah,Pendingin,1.0,1.0,Busuk
Apel,Buah,Suhu Ruang,5.0,10.8,Matang
Pisang,Buah,Pembeku,0.0,0.2,Busuk
Timun,Sayur,Pembeku,0.0,4.3,Busuk
,Sayur,Suhu Ruang,,,Busuk
Kentang,Sayur,Suhu Ruang,1.0,19.5,Segar
Anggur,Buah,Suhu Ruang,0.0,8.5,Matang
Timun,Sayur,Pembeku,0.0,2.4,Busuk
Cabe,Sayur,Pendingin,3.0,29.2,Segar
Tomat,Sayur,,2.0,,
Mangga,Buah,Suhu Ruang,9999.0,1694.7,N/A
Mangga,Buah,Pembeku,1.0,33.6,Mentah
Apel,Buah,Pembeku,0.0,1144.6,Busuk
Jeruk,Buah,Pendingin,0.0,6.0,Terlalu Matang
Kentang,Sayur,Pendingin,3282.0,8143.4,Busuk
Kentang,Sayur,Pembeku,-762.0,-161.2,Busuk
Jeruk,Buah,Suhu Ruang,3.0,5.0,Terlalu Matang
,Buah,Pembeku,,1.0,Busuk
Apel,Buah,Suhu Ruang,1.0,6.1,Matang
Pisang,Buah,Pembeku,3.0,40.0,Mentah
Pisang,Buah,Suhu Ruang,1.0,7.4,Matang
Anggur,Buah,Suhu Ruang,1.0,3.9,Terlalu Matang
Timun,Sayur,Pembeku,3.0,32.2,Segar
Wortel,Sayur,Suhu Ruang,0.0,0.7,Busuk
Tomat,Sayur,Pendingin,1.0,2.9,Busuk
Apel,Buah,Pendingin,1.0,0.1,Busuk
Wortel,Sayur,Pembeku,0.0,0.8,Busuk
Cabe,Sayur,Pendingin,1.0,2.0,Busuk
Kentang,Sayur,Suhu Ruang,0.0,2.0,Busuk
Apel,Buah,Pendingin,1.0,5.7,Terlalu Matang
Cabe,Sayur,Pembeku,2.0,4.7,Busuk
Tomat,Sayur,Suhu Ruang,1.0,0.1,Busuk
Apel,Buah,Pendingin,0.0,8.6,Terlalu Matang
Wortel,Sayur,Suhu Ruang,1.0,0.5,Busuk
Pisang,Buah,Pendingin,0.0,16.7,Mentah
Anggur,Buah,Pembeku,0.0,2.2,Busuk
Wortel,Sayur,Pendingin,2.0,,Busuk
Apel,Buah,Suhu Ruang,4.0,12.3,Mentah
Mangga,Buah,Pembeku,0.0,13.4,Terlalu Matang
Wortel,Sayur,Pendingin,0.0,1.4,Busuk
Timun,Sayur,Pendingin,4.0,16.9,Segar
Mangga,Buah,Pendingin,2.0,15.8,Mentah
Jeruk,Buah,Pendingin,1.0,1.0,Busuk
Pisang,Buah,Pembeku,1.0,23.6,Matang
Kentang,Sayur,Pendingin,1.0,1.8,Busuk
Apel,Buah,Suhu Ruang,3.0,2.8,Terlalu Matang
Cabe,Sayur,Pendingin,1.0,2.3,Busuk
Wortel,Sayur,Suhu Ruang,4.0,13.5,Segar
Wortel,Sayur,Suhu Ruang,4.0,11.2,Segar
Timun,Sayur,Suhu Ruang,2.0,9.5,Segar
Apel,Buah,Pendingin,0.0,2.2,Busuk
Timun,Sayur,Pendingin,2.0,10.6,Segar
Kentang,Sayur,Pembeku,1.0,8.0,Busuk
Jeruk,Buah,Suhu Ruang,2.0,14.7,Mentah
Tomat,Sayur,Pendingin,2.0,1.1,Busuk
Tomat,Sayur,Pendingin,7701.0,1516.1,Segar
Kentang,Sayur,Pendingin,2.0,3.8,Busuk
Wortel,Sayur,Pendingin,-540.0,-130.3,Busuk
Jeruk,,Pendingin,-99.0,2119.0,null
Timun,Sayur,Suhu Ruang,2.0,1.2,Busuk
Anggur,Buah,Pendingin,2.0,16.9,Mentah
Pisang,Buah,Suhu Ruang,3.0,7.7,Matang
Tomat,Sayur,Suhu Ruang,2.0,1.3,Busuk
Timun,Sayur,Pendingin,3.0,14.1,Segar
Timun,Sayur,Pembeku,1.0,20.8,Segar
Pisang,Buah,Pendingin,2.0,15.0,Matang
Kentang,Sayur,Pendingin,1.0,40.6,Segar
Mangga,Buah,Pembeku,4.0,38.9,Mentah
Pisang,Buah,Pendingin,4.0,14.6,Matang
Anggur,Buah,Pembeku,1.0,35.0,Matang
Cabe,Sayur,Pendingin,0.0,2.9,Busuk
Anggur,Buah,Pembeku,0.0,0.5,Busuk
Cabe,Sayur,Pendingin,2.0,0.8,Busuk
Anggur,Buah,Pendingin,6.0,16.6,Mentah
Jeruk,Buah,Pendingin,0.0,8.4,Terlalu Matang
Anggur,Buah,Pembeku,3.0,39.1,Mentah
Apel,Buah,Pendingin,3.0,6.9,Terlalu Matang
Jeruk,Buah,Pembeku,0.0,0.4,Busuk
Timun,Sayur,Pembeku,0.0,2.9,Busuk
Tomat,,Pendingin,0.0,15.1,Segar
Anggur,Buah,Pembeku,1.0,33.9,Mentah
Wortel,Sayur,Pendingin,0.0,1.8,Expired
Cabe,Sayur,Pendingin,0.0,2.3,Busuk
Jeruk,Buah,Pendingin,0.0,8.3,Terlalu Matang
Anggur,Buah,Pembeku,3.0,14.0,Terlalu Matang
Mangga,Buah,Pembeku,6.0,35.6,Mentah
,Sayur,Suhu Ruang,0.0,634.2,
Mangga,Buah,Suhu Ruang,2.0,2.8,Terlalu Matang
Kentang,Sayur,Pembeku,1.0,7.9,Busuk
Apel,Buah,Suhu Ruang,0.0,0.1,Busuk
Anggur,Buah,Pembeku,-5.0,2763.1,Terlalu Matang
Cabe,Sayur,,0.0,1.6,Busuk
Wortel,Sayur,Pembeku,1.0,28.2,Segar
Jeruk,,,,2.7,
Cabe,Sayur,Pendingin,1.0,1.9,Busuk
Mangga,Buah,Suhu Ruang,2.0,8.7,Matang
,Sayur,Pembeku,0.0,50.9,Expired
Kentang,Sayur,Suhu Ruang,4.0,13.6,Segar
Jeruk,Buah,Pembeku,7519.0,7659.9,Terlalu Matang
Timun,Sayur,Suhu Ruang,0.0,0.7,Busuk
Pisang,Buah,Suhu Ruang,2.0,4.7,Matang
Mangga,Buah,Pembeku,1.0,32.6,Mentah
Tomat,Sayur,Pendingin,0.0,0.3,Busuk
Timun,Sayur,Suhu Ruang,2.0,0.4,Busuk
Anggur,Buah,Pendingin,3.0,17.0,Matang
Anggur,Buah,Suhu Ruang,1.0,0.9,Busuk
Anggur,Buah,Pendingin,4.0,13.6,Matang
Apel,Buah,Pendingin,4.0,12.0,Matang
Jeruk,Buah,Suhu Ruang,-279.0,-553.2,Matang
Mangga,Buah,Pembeku,1.0,2.2,Busuk
Anggur,Buah,Suhu Ruang,1.0,3.0,Terlalu Matang
Anggur,Buah,Pembeku,2816.0,8227.2,Mentah
Anggur,Buah,Pembeku,6.0,40.4,Mentah
Mangga,Buah,Suhu Ruang,0.0,0.3,Busuk
Apel,Buah,Suhu Ruang,0.0,0.4,Busuk
Cabe,Sayur,Pendingin,5.0,25.7,Segar
Jeruk,Buah,Suhu Ruang,1.0,1.3,Busuk
Wortel,Sayur,Pendingin,0.0,1.1,Busuk
Jeruk,Buah,Suhu Ruang,1.0,0.9,Busuk
Mangga,Buah,Pembeku,664.0,1271.5,Busuk
Cabe,Sayur,Suhu Ruang,0.0,0.8,Busuk
Cabe,Sayur,Pendingin,1.0,1.7,Busuk
Mangga,Buah,Pendingin,0.0,190.4,N/A
Pisang,Buah,Suhu Ruang,2.0,3.0,Terlalu Matang
Jeruk,Buah,Pendingin,0.0,0.7,Busuk
Tomat,Sayur,Pendingin,1.0,0.9,Busuk
Anggur,Buah,Pembeku,3.0,12.4,Terlalu Matang
Tomat,Sayur,Pembeku,2.0,3.7,Busuk
Wortel,Sayur,Suhu Ruang,2.0,2.0,Busuk
Tomat,,Pendingin,,2.6,Busuk
Kentang,Sayur,Pembeku,1.0,3.2,Busuk
Apel,Buah,Suhu Ruang,2.0,4.4,Terlalu Matang
Tomat,Sayur,Pendingin,1.0,0.7,
Apel,Buah,Suhu Ruang,1.0,6.7,Matang
Wortel,Sayur,Pembeku,2.0,8.5,Busuk
Anggur,Buah,Suhu Ruang,2.0,2.7,Terlalu Matang
Apel,Buah,Pendingin,0.0,14.7,Matang
Anggur,N/A,Suhu Ruang,0.0,2.6,Terlalu Matang
,Sayur,Suhu Ruang,0.0,,
Pisang,Buah,Suhu Ruang,0.0,2.8,Terlalu Matang
Kentang,Sayur,Pendingin,5.0,41.4,Segar
Tomat,Sayur,Pendingin,0.0,2.2,Busuk
Jeruk,Buah,Pembeku,1.0,1.7,Busuk
Timun,Sayur,Pendingin,6.0,23.6,Segar
Timun,Sayur,Pendingin,0.0,1.2,Busuk
Mangga,Buah,Pendingin,3.0,4.5,Terlalu Matang
Cabe,Sayur,Pembeku,5.0,39.5,Segar
Jeruk,Buah,Pembeku,0.0,1.6,Busuk
Wortel,Sayur,Suhu Ruang,2.0,2.0,Busuk
Tomat,Sayur,Pembeku,3.0,35.2,Segar
,Sayur,Pembeku,1.0,4.3,Busuk
Cabe,Sayur,Pembeku,1.0,7.6,Busuk
Timun,Sayur,Pendingin,6.0,12.7,Segar
Tomat,Sayur,Pendingin,0.0,21.3,Segar
Mangga,Buah,Pembeku,2.0,21.7,Matang
Tomat,Sayur,Pembeku,0.0,1.3,Busuk
Kentang,Sayur,Pendingin,2.0,1.8,Busuk
Timun,Sayur,Pembeku,0.0,21.6,Segar
Kentang,Sayur,Suhu Ruang,0.0,1.0,Busuk
Jeruk,Buah,Suhu Ruang,2.0,2.6,Terlalu Matang
Tomat,Sayur,Pembeku,1.0,37.4,Segar
Anggur,Buah,Suhu Ruang,8376.0,5418.1,Terlalu Matang
,,,0.0,0.2,Busuk
Apel,Buah,Pembeku,-482.0,-542.3,Terlalu Matang
Anggur,Buah,Pendingin,1.0,1.8,Busuk
Apel,Buah,Pembeku,2.0,12.7,Terlalu Matang
Wortel,Sayur,Pembeku,0.0,,Busuk
Jeruk,Buah,Suhu Ruang,1.0,0.7,Busuk
Jeruk,Buah,Pendingin,1.0,1.2,Busuk
Kentang,Sayur,Suhu Ruang,1000.0,4628.6,Segar
Tomat,Sayur,Suhu Ruang,1000.0,3332.3,Segar
Jeruk,Buah,Suhu Ruang,5.0,12.8,Matang
Jeruk,Buah,Suhu Ruang,6.0,13.0,Mentah
Timun,Sayur,Pembeku,6.0,22.1,Segar
Pisang,Buah,Pendingin,2.0,18.7,Mentah
Wortel,Sayur,Pendingin,2.0,1.4,Busuk
Timun,Sayur,Pembeku,0.0,2.8,Busuk
Anggur,,,1.0,2.0,
Cabe,Sayur,Pembeku,1.0,5.7,Busuk
Anggur,Buah,Suhu Ruang,3.0,7.3,Mentah
Tomat,Sayur,Pendingin,6.0,14.2,Segar
Jeruk,Buah,Pendingin,1.0,8.8,Terlalu Matang
Kentang,Sayur,Pendingin,1.0,3.0,Busuk
,Buah,Pembeku,2.0,40.8,Matang
Cabe,Sayur,Suhu Ruang,0.0,6.2,Segar
Jeruk,Buah,Suhu Ruang,1.0,12.9,Matang
Pisang,Buah,Suhu Ruang,0.0,0.3,Busuk
Timun,Sayur,Pembeku,4.0,33.9,Segar
Apel,Buah,Suhu Ruang,-689.0,-43.0,Terlalu Matang
Wortel,Sayur,Pendingin,1.0,19.6,Segar
Tomat,Sayur,Pembeku,1.0,30.6,Segar
Kentang,Sayur,Pendingin,-422.0,-941.3,Segar
Anggur,Buah,Pembeku,0.0,32.7,Mentah
Kentang,Sayur,Pembeku,1.0,9.9,Busuk
Wortel,Sayur,Pembeku,0.0,4.6,Busuk
Jeruk,Buah,Pendingin,1.0,6.8,Terlalu Matang
,Sayur,,0.0,2.5,
Jeruk,Buah,Pembeku,1.0,40.1,Mentah
Mangga,Buah,Pembeku,1.0,3.4,Busuk
Mangga,Buah,Pembeku,0.0,10.4,Terlalu Matang
Mangga,Buah,Pembeku,0.0,1.4,Busuk
Tomat,Sayur,Suhu Ruang,-99.0,2095.5,null
Kentang,Sayur,Pendingin,1.0,2.0,Busuk
Wortel,Sayur,Pendingin,2.0,17.7,Segar
Wortel,Sayur,Suhu Ruang,6.0,17.8,Segar
Mangga,Buah,Pendingin,6.0,18.1,Mentah
Mangga,Buah,Pendingin,1.0,3.9,Terlalu Matang
Jeruk,Buah,Pembeku,1.0,18.9,Terlalu Matang
Cabe,Sayur,Pembeku,3.0,29.3,Segar
Pisang,Buah,Suhu Ruang,1.0,8.4,Mentah
Timun,Sayur,?,1.0,1.3,Busuk
,Sayur,,,30.0,Segar
Kentang,Sayur,Pendingin,6.0,25.8,Segar
Mangga,Buah,Pendingin,0.0,1.0,Busuk
Tomat,Sayur,Pendingin,6.0,21.0,Segar
Apel,Buah,Pendingin,2.0,9.3,Terlalu Matang
Cabe,Sayur,Pendingin,6.0,22.2,Segar
,,Pembeku,0.0,36.5,
Pisang,Buah,Pendingin,4.0,8.0,Matang
Mangga,Buah,Pembeku,1.0,9.9,Terlalu Matang
Cabe,Sayur,Suhu Ruang,1.0,13.7,Segar
Wortel,Sayur,Suhu Ruang,4.0,7.7,Segar
Anggur,Buah,Suhu Ruang,1.0,9.3,Matang
Anggur,Buah,Pembeku,0.0,2.4,Busuk
Timun,Sayur,Suhu Ruang,0.0,0.3,Busuk
Cabe,,Suhu Ruang,9999.0,594.7,N/A
Anggur,Buah,Pendingin,1.0,17.8,Matang
Kentang,Sayur,Suhu Ruang,,1.2,
Apel,Buah,Suhu Ruang,0.0,0.9,Busuk
Anggur,Buah,Pembeku,1.0,15.7,Terlalu Matang
Kentang,Sayur,Pembeku,0.0,1.4,Busuk
Cabe,Sayur,,,,Busuk
Timun,Sayur,Pembeku,6.0,22.3,Segar
Wortel,Sayur,Suhu Ruang,1.0,10.2,
Kentang,Sayur,Pendingin,2.0,0.5,Busuk
Mangga,Buah,Pendingin,0.0,1.1,Busuk
Cabe,Sayur,Pendingin,6.0,,Segar
Cabe,Sayur,Pendingin,2.0,3.5,Busuk
Mangga,Buah,Suhu Ruang,0.0,0.6,Busuk
Mangga,Buah,Pembeku,1000.0,4467.2,Matang
Tomat,Sayur,Suhu Ruang,1.0,8.8,Segar
Timun,Sayur,Pembeku,1000.0,2608.4,Busuk
Timun,Sayur,Suhu Ruang,1.0,0.5,Busuk
Pisang,Buah,Suhu Ruang,2.0,5.6,Matang
Cabe,Sayur,Suhu Ruang,2.0,0.4,Busuk
Cabe,Sayur,Pendingin,2.0,1.9,Busuk
Mangga,Buah,Pembeku,1.0,19.1,Matang
Jeruk,Buah,Suhu Ruang,5.0,14.2,Mentah
Mangga,Buah,Luar Ruangan,3.0,17.6,Matang
Kentang,Sayur,Pembeku,0.0,8.3,Busuk
Cabe,Sayur,Pendingin,6.0,17.2,Segar
Timun,Sayur,Suhu Ruang,5.0,7.5,Segar
Jeruk,Buah,Suhu Ruang,0.0,0.9,Busuk
Cabe,Sayur,Suhu Ruang,6.0,10.6,Segar
Pisang,Buah,Pendingin,1.0,14.0,Matang
Apel,Buah,Pembeku,0.0,10.0,Terlalu Matang
Timun,Sayur,Pembeku,0.0,2.4,Tidak Diketahui
Kentang,Sayur,Pembeku,2.0,6.8,Busuk
Jeruk,Buah,Pendingin,5.0,15.3,Matang
Pisang,Buah,Pembeku,-79.0,-456.6,Matang
-,Buah,Pembeku,2.0,7.1,Terlalu Matang
Apel,Buah,Pembeku,2.0,37.1,Mentah
Jeruk,Buah,Suhu Ruang,0.0,3.0,Terlalu Matang
Jeruk,Buah,Suhu Ruang,1.0,3.2,Terlalu Matang
Kentang,Sayur,Suhu Ruang,2.0,2.0,
Wortel,Sayur,Suhu Ruang,5.0,11.9,Segar
Jeruk,Buah,Pendingin,-504.0,-535.1,Busuk
Kentang,Sayur,Pendingin,2.0,19.2,Segar
Timun,Sayur,Suhu Ruang,6.0,11.2,Segar
Pisang,Buah,Pembeku,1.0,23.8,Mentah
Anggur,Buah,Gudang,3.0,17.0,Matang
,Buah,Suhu Ruang,500.0,1048.7,null
Jeruk,Buah,Pendingin,9543.0,5836.7,Mentah
Cabe,Sayur,Pembeku,1.0,5.6,Busuk
Timun,Sayur,Suhu Ruang,1.0,1.0,Busuk
Pisang,Buah,Suhu Ruang,1.0,1.8,Terlalu Matang
Cabe,Sayur,Suhu Ruang,2.0,0.3,Busuk
Jeruk,Buah,Suhu Ruang,1.0,0.5,Busuk
Cabe,Sayur,Suhu Ruang,6.0,14.4,Segar
Tomat,Sayur,Suhu Ruang,1.0,0.6,Busuk
Wortel,Sayur,Pendingin,1.0,17.0,Segar
Jeruk,Buah,Suhu Ruang,2.0,10.6,Matang
Mangga,Buah,Pembeku,1.0,29.0,Matang
,,,,0.6,Busuk
  ,Buah,Suhu Ruang,3.0,5.0,Terlalu Matang
Apel,Buah,Suhu Ruang,3.0,7.8,Matang
Anggur,Buah,Pendingin,3.0,6.2,Terlalu Matang
Cabe,Sayur,Pendingin,3.0,29.2,null
Timun,Sayur,Pendingin,0.0,13.7,Segar
Tomat,Sayur,Suhu Ruang,5.0,6.6,Segar
Cabe,Sayur,Pendingin,0.0,2253.3,Segar
Mangga,Buah,Suhu Ruang,4.0,7.5,Matang
,Buah,,1.0,18.5,Terlalu Matang
Cabe,Sayur,Pendingin,0.0,1.8,Busuk
Pisang,Buah,Pembeku,0.0,2.2,Busuk
Mangga,Buah,Pendingin,3.0,17.6,Matang
Mangga,Buah,Suhu Ruang,0.0,3.5,Terlalu Matang
Tomat,Sayur,Suhu Ruang,1.0,4.7,Segar
Tomat,Sayur,Pembeku,0.0,0.3,Busuk
Kentang,Sayur,Pembeku,2.0,5.7,Busuk
Anggur,Buah,Pembeku,2.0,34.7,Mentah
Cabe,Sayur,Pembeku,2.0,7.0,Busuk
Tomat,Sayur,Pembeku,2.0,0.9,Busuk
Kentang,Sayur,Suhu Ruang,2.0,1.0,Busuk
Timun,Sayur,Pembeku,2.0,5.4,Busuk
Mangga,Buah,Pembeku,6.0,36.2,Mentah
Tomat,Sayur,Pembeku,2.0,0.1,Busuk
Timun,Sayur,Pembeku,2.0,0.8,Busuk
Jeruk,Buah,,5.0,12.9,Matang
Cabe,Sayur,Suhu Ruang,2.0,0.1,Busuk
Wortel,Sayur,Suhu Ruang,6.0,9.8,Segar
Kentang,Sayur,Suhu Ruang,2.0,7.7,Segar
Mangga,Buah,Pendingin,5.0,9.8,Matang
Anggur,,Pendingin,1.0,18.9,Mentah
Anggur,Buah,Pembeku,5.0,30.3,Matang
Tomat,Sayur,Pembeku,0.0,0.8,Busuk
Anggur,Buah,Pendingin,,,
Tomat,Sayur,Suhu Ruang,6.0,6.3,Segar
Anggur,Buah,Pembeku,5.0,32.4,Matang
Wortel,,Pembeku,0.0,,
Tomat,Sayur,Suhu Ruang,4.0,5.0,Segar
Cabe,Sayur,Pembeku,0.0,37.3,Segar
Pisang,Buah,Pembeku,0.0,29.3,Matang
Apel,Buah,Suhu Ruang,3.0,10.5,Mentah
Timun,Sayur,Pendingin,5.0,18.2,Segar
Wortel,Sayur,Pembeku,-5.0,1420.7,Busuk
Tomat,Sayur,Pendingin,1.0,0.6,Busuk
Tomat,Sayur,Pendingin,1.0,0.6,Busuk
,,,,3.4,
Cabe,Sayur,Suhu Ruang,1.0,1.8,Busuk
Pisang,Buah,Pendingin,1.0,12.1,Mentah
Anggur,Buah,Suhu Ruang,2.0,9.5,Matang
Wortel,Sayur,Suhu Ruang,1000.0,2208.2,Busuk
Pisang,Buah,,,,Busuk
Cabe,Sayur,Pendingin,2.0,13.8,Segar
Timun,Sayur,Pendingin,2.0,0.1,Busuk
Pisang,Buah,Pembeku,1.0,9.7,Terlalu Matang
Apel,Buah,Suhu Ruang,1.0,0.9,Busuk
Wortel,Sayur,Suhu Ruang,0.0,2.3,Busuk
Tomat,Sayur,Suhu Ruang,0.0,1.1,Busuk
,Buah,,0.0,17.4,
Anggur,Buah,Pendingin,2.0,13.9,Matang
Anggur,Buah,Pembeku,3.0,14.2,Terlalu Matang
Cabe,,Pembeku,,2.4,
Cabe,Sayur,Pembeku,0.0,38.0,Segar
Timun,Sayur,Suhu Ruang,2.0,1.4,Busuk
,,Pendingin,4.0,,Matang
Timun,Sayur,Pembeku,2.0,0.2,Busuk
Anggur,Buah,Suhu Ruang,1.0,3.5,Terlalu Matang
Timun,Sayur,Suhu Ruang,0.0,8.7,Segar
Jeruk,Buah,Pendingin,0.0,0.6,Busuk
Timun,Sayur,Pendingin,1.0,0.7,Busuk
Tomat,Daging,Pembeku,2.0,4.1,Busuk
N/A,Sayur,Pendingin,1.0,10.6,Segar
Pisang,Buah,Pembeku,3.0,26.9,Matang
Wortel,Sayur,Pendingin,0.0,4.9,Busuk
Tomat,Sayur,Pembeku,1.0,6.1,Busuk
Pisang,Buah,Pendingin,0.0,5.9,Terlalu Matang
Timun,Sayur,Pendingin,1.0,2.4,Busuk
Cabe,Sayur,Pembeku,1.0,4.1,Busuk
Timun,Sayur,Pembeku,5.0,19.6,Segar
Apel,Buah,Pembeku,1.0,25.9,Matang
,Buah,Pendingin,1.0,1.4,Busuk
Pisang,Buah,Pendingin,1.0,0.7,Busuk
Jeruk,Buah,Suhu Ruang,0.0,4.7,Terlalu Matang
Timun,Sayur,Suhu Ruang,2.0,4.6,Segar
Pisang,Buah,Pendingin,0.0,10.1,Matang
Wortel,Sayur,Suhu Ruang,354.0,7176.3,Segar
Tomat,Sayur,Pembeku,1.0,0.4,Busuk
Jeruk,Buah,Pembeku,3.0,41.2,Matang
Mangga,Buah,Suhu Ruang,1.0,0.7,Busuk
Mangga,Buah,Pembeku,4.0,28.2,Mentah
Wortel,Sayur,Pendingin,2.0,0.9,Busuk
Wortel,Sayur,Pembeku,2.0,3.9,Busuk
,,Pendingin,,27.4,Mentah
Cabe,Sayur,Pendingin,1.0,3.2,Busuk
Kentang,Sayur,Suhu Ruang,1.0,1.8,Busuk
Apel,Buah,Suhu Ruang,1000.0,3753.8,Mentah
Anggur,Buah,Pendingin,1.0,4.0,Terlalu Matang
Cabe,Sayur,Pendingin,5.0,20.0,Segar
Tomat,Sayur,Pendingin,-65.0,-466.5,Busuk
Apel,Buah,Suhu Ruang,0.0,2.5,Terlalu Matang
Jeruk,Buah,Suhu Ruang,0.0,3091.0,Busuk
Apel,Buah,Pendingin,2.0,8.6,Terlalu Matang
Kentang,Sayur,Suhu Ruang,1.0,10.1,Segar
Jeruk,Buah,Suhu Ruang,0.0,12.1,Matang
Timun,Sayur,Pendingin,5.0,24.4,Segar
Wortel,Sayur,Pembeku,2.0,7.9,Busuk
Pisang,Buah,Pendingin,1.0,3.5,Terlalu Matang
Timun,Sayur,Suhu Ruang,2.0,1.7,Busuk
Tomat,Sayur,Pendingin,1.0,2.7,Busuk
Cabe,Sayur,Suhu Ruang,2.0,5.3,Segar
Mangga,Buah,Pendingin,5.0,12.9,Mentah
Tomat,Sayur,Pembeku,1.0,18.9,Segar
Pisang,Buah,Pembeku,0.0,2.6,Busuk
Wortel,Sayur,Pembeku,2.0,6.6,Busuk
Jeruk,Buah,Pembeku,3.0,20.6,Terlalu Matang
,Sayur,Pembeku,1.0,30.6,Segar
Cabe,Sayur,Suhu Ruang,6.0,11.5,Segar
Anggur,Buah,Suhu Ruang,0.0,0.7,Busuk
Wortel,Sayur,Suhu Ruang,2.0,11.8,Segar
Timun,Sayur,Pembeku,1.0,3.4,Busuk
Jeruk,Buah,Pendingin,0.0,26.4,Mentah
Cabe,Sayur,Suhu Ruang,0.0,1.7,Busuk
Pisang,Buah,Suhu Ruang,1.0,0.6,Busuk
Jeruk,Buah,Suhu Ruang,5.0,10.6,Matang
Timun,,Pendingin,5.0,23.4,Segar
Wortel,Sayur,Suhu Ruang,-625.0,-953.8,Busuk
Anggur,Buah,Suhu Ruang,5.0,9.3,Matang
Anggur,Buah,?,1.0,0.3,Busuk
Tomat,Sayur,Suhu Ruang,1.0,10.7,Segar
Pisang,Buah,Suhu Ruang,5.0,4.6,Matang
Apel,Buah,Pembeku,0.0,2.0,Busuk
Jeruk,Buah,Pendingin,0.0,1.8,Busuk
Wortel,Sayur,Pendingin,2.0,30.6,Segar
Pisang,Buah,Pembeku,1.0,8.1,Terlalu Matang
Jeruk,Buah,,1.0,6.1,Terlalu Matang
Mangga,Buah,Suhu Ruang,3.0,11.3,Mentah
Wortel,Sayur,Pendingin,1.0,3.5,Busuk
Apel,Buah,Suhu Ruang,0.0,2254.7,Busuk
Tomat,Sayur,Suhu Ruang,1.0,8.3,Segar
Wortel,,Pendingin,0.0,,Busuk
Tomat,Sayur,Pembeku,3.0,27.6,Segar
Jeruk,Buah,Pembeku,4.0,29.9,Matang
Tomat,Sayur,Pendingin,3.0,15.9,Segar
Anggur,Buah,Pembeku,1.0,33.0,Matang
Pisang,Buah,Pembeku,3.0,9.8,Terlalu Matang
Cabe,Sayur,Pembeku,5.0,20.4,Segar
Jeruk,Buah,Suhu Ruang,1.0,9.5,Matang
Tomat,Sayur,Pendingin,-760.0,-184.1,Busuk
Apel,Buah,N/A,1.0,0.3,Busuk
Cabe,Sayur,Pembeku,1.0,3.3,Busuk
Timun,Sayur,Suhu Ruang,2.0,7.1,Segar
Wortel,Sayur,Suhu Ruang,0.0,2.5,Busuk
Cabe,Sayur,Pendingin,6.0,20.3,Segar
Tomat,Sayur,Pembeku,1.0,4.4,Busuk
Wortel,Ikan,Pembeku,3.0,38.6,Segar
,Buah,,,41.0,Matang
Wortel,Sayur,Pendingin,1.0,2.7,Busuk
Wortel,Sayur,Suhu Ruang,0.0,6.9,Segar
Pisang,Buah,Pembeku,1233.0,7301.7,Busuk
Anggur,Buah,Suhu Ruang,2.0,7.3,Mentah
Anggur,Buah,Suhu Ruang,0.0,0.5,Busuk
Cabe,Sayur,Pendingin,0.0,3.5,Busuk
Jeruk,Buah,Suhu Ruang,0.0,1491.1,Mentah
##ERROR##,Sayur,Pembeku,3.0,37.4,Segar
Wortel,Sayur,Pembeku,4887.0,3890.9,Segar
Wortel,Sayur,Suhu Ruang,4.0,8.1,Segar
Pisang,Buah,Suhu Ruang,2.0,3.0,Terlalu Matang
Anggur,,Suhu Ruang,0.0,,Terlalu Matang
Cabe,Sayur,Pendingin,1418.0,7001.4,Busuk
Kentang,Sayur,Suhu Ruang,0.0,1.8,Busuk
Apel,Buah,Pembeku,2.0,34.3,Matang
Jeruk,Buah,Suhu Ruang,5.0,14.3,Mentah
Pisang,Buah,Pendingin,0.0,1.2,Busuk
Cabe,Sayur,Pembeku,9999.0,1032.2,
Jeruk,Buah,Pendingin,1.0,10.2,OK
Mangga,Buah,Suhu Ruang,1.0,6.4,Matang
Pisang,Buah,Suhu Ruang,1.0,0.3,Busuk
Jeruk,Buah,Suhu Ruang,2.0,4.7,Terlalu Matang
##ERROR##,Sayur,Pendingin,2.0,3.0,Busuk
Mangga,Buah,Suhu Ruang,-938.0,-381.8,Mentah
Anggur,Buah,Pendingin,2.0,18.5,Matang
Pisang,Buah,Pendingin,1.0,,Terlalu Matang
Timun,Sayur,Pendingin,3.0,20.3,Segar
Apel,Buah,Suhu Ruang,6342.0,2632.9,Busuk
Kentang,Sayur,Suhu Ruang,0.0,7.2,1
Apel,Buah,Suhu Ruang,1.0,0.5,Busuk
Anggur,Buah,Pendingin,0.0,4.3,Terlalu Matang
Kentang,Sayur,,,32.6,
Pisang,Buah,Pendingin,2.0,19.3,Mentah
Kentang,Sayur,Suhu Ruang,0.0,0.8,Busuk
Cabe,Sayur,Suhu Ruang,1.0,0.1,Busuk
Anggur,Buah,Suhu Ruang,2.0,5.2,Matang
Timun,Sayur,Pendingin,3.0,17.7,Segar
Anggur,Buah,Suhu Ruang,3.0,2.3,Terlalu Matang
Cabe,Sayur,Pendingin,5.0,22.1,Segar
Jeruk,Buah,Pendingin,4.0,32.9,Mentah
Anggur,Buah,Pendingin,0.0,27.0,Mentah
Cabe,Sayur,Pendingin,1.0,12.4,Segar
Pisang,Buah,Pembeku,2.0,24.8,Matang
Kentang,Sayur,Pendingin,0.0,19.0,Segar
,,,,3.4,
Jeruk,,Suhu Ruang,5.0,12.8,
Jeruk,Buah,Suhu Ruang,1.0,4.8,Terlalu Matang
Wortel,Sayur,Pendingin,1.0,3.8,Busuk
Apel,Buah,Pembeku,1.0,13.1,Terlalu Matang
-,Sayur,Pendingin,0.0,10.9,Segar
Kentang,Sayur,Pendingin,0.0,2.4,Busuk
Timun,Sayur,Pembeku,1.0,28.0,Segar
Pisang,Buah,Pembeku,3.0,10.0,Expired
Tomat,Sayur,Suhu Ruang,0.0,1.4,Busuk
Jeruk,Buah,Pembeku,1.0,12.8,Terlalu Matang
Pisang,Buah,Pembeku,,,Busuk
Tomat,Sayur,Pembeku,0.0,1.8,Busuk
Apel,Buah,Suhu Ruang,0.0,10.2,Mentah
Jeruk,Buah,Suhu Ruang,2.0,4.3,Terlalu Matang
Cabe,Sayur,Suhu Ruang,3.0,14.4,Segar
Jeruk,Buah,Pendingin,0.0,0.5,Busuk
Cabe,Sayur,Pembeku,0.0,2.0,Busuk
Cabe,Sayur,Pendingin,1.0,0.9,Busuk
Pisang,Buah,Pembeku,2.0,21.2,Matang
Tomat,Sayur,Pendingin,-99.0,410.9,Expired
Kentang,Sayur,Pendingin,2.0,20.9,Segar
Kentang,Sayur,Suhu Ruang,1000.0,3002.1,Busuk
Pisang,Buah,Pembeku,1.0,25.4,Matang
Anggur,Buah,Pembeku,1.0,15.5,Terlalu Matang
???,Buah,Pendingin,0.0,0.1,Busuk
Jeruk,Buah,Suhu Ruang,5.0,12.9,Matang
Anggur,Buah,Suhu Ruang,2.0,2.4,Terlalu Matang
Pisang,Buah,Pendingin,1.0,0.7,Busuk
Jeruk,Buah,Suhu Ruang,0.0,7.2,Matang
Mangga,Buah,Suhu Ruang,1.0,8.5,Mentah
Cabe,,,,5.3,Busuk
Cabe,Sayur,Pendingin,2.0,16.7,Segar
Wortel,Sayur,Pembeku,1.0,7.1,Busuk
Mangga,Buah,Pendingin,4.0,10.5,Matang
Timun,Daging,Pembeku,2.0,2.1,Busuk
Anggur,Buah,Pendingin,0.0,0.9,Busuk
Mangga,Buah,Suhu Ruang,1.0,2.5,Terlalu Matang
Pisang,Buah,Pembeku,0.0,19.6,Matang
Wortel,Sayur,Pendingin,3.0,36.9,Segar
Cabe,Sayur,Pembeku,1.0,38.0,Segar
Mangga,Buah,Pendingin,3.0,12.8,Matang
Apel,Buah,Pembeku,1.0,2.0,Busuk
Anggur,Buah,Pendingin,0.0,17.3,Matang
Timun,Sayur,Pembeku,1.0,4.4,Busuk
Pisang,Buah,Suhu Ruang,0.0,4.2,Matang
Jeruk,Buah,Pembeku,3.0,17.7,Terlalu Matang
Mangga,Buah,Suhu Ruang,3.0,3.3,Terlalu Matang
Cabe,Sayur,Pendingin,1000.0,2139.4,Busuk
Anggur,Buah,Pendingin,-433.0,-710.7,Matang
Anggur,Buah,Pendingin,1.0,1.6,Busuk
Wortel,Sayur,Pendingin,0.0,2.2,Busuk
Cabe,Sayur,Pembeku,-740.0,-252.5,Busuk
Wortel,Sayur,Suhu Ruang,3.0,11.0,Segar
Wortel,Sayur,Suhu Ruang,6.0,10.4,Segar
Cabe,Sayur,Pendingin,0.0,0.8,Busuk
Pisang,Buah,Pembeku,-895.0,-866.6,Matang
Wortel,Sayur,Pendingin,2.0,20.8,Segar
Timun,Sayur,Suhu Ruang,0.0,0.6,Busuk
Cabe,Sayur,Pendingin,1.0,2.0,Busuk
Tomat,Sayur,Suhu Ruang,2.0,,Busuk
Wortel,Sayur,Suhu Ruang,1.0,1.0,Busuk
Timun,Sayur,Pembeku,2.0,20.7,Segar
Timun,Sayur,Pendingin,0.0,2.1,Busuk
Kentang,Sayur,Pembeku,2.0,3.0,Busuk
Tomat,Sayur,Pendingin,1.0,23.4,Segar
Cabe,Sayur,Pembeku,1.0,31.3,Segar
Kentang,Sayur,Pembeku,2.0,0.2,Busuk
Jeruk,Buah,Suhu Ruang,6.0,10.3,Mentah
Tomat,Sayur,Pembeku,0.0,20.6,Segar
Anggur,Buah,Pembeku,0.0,40.9,Mentah
Anggur,Buah,Suhu Ruang,1.0,2.2,Terlalu Matang
Wortel,Sayur,Pendingin,2.0,1.8,Busuk
Anggur,Buah,Pembeku,5.0,36.0,Mentah
Wortel,Sayur,Pembeku,0.0,30.0,Segar
Timun,Sayur,Suhu Ruang,0.0,8.5,Segar
Jeruk,Buah,Suhu Ruang,4.0,15.1,Mentah
Pisang,Buah,Pendingin,0.0,0.9,Busuk
Apel,Buah,Pembeku,2.0,10.4,Terlalu Matang
,Sayur,Pembeku,2.0,2.1,Busuk
Pisang,Buah,Pendingin,1.0,0.3,Busuk
Timun,Sayur,,2.0,27.0,Segar
Mangga,Buah,Suhu Ruang,500.0,485.4,Expired
Wortel,Sayur,Pendingin,1.0,4.7,Busuk
Timun,Sayur,Suhu Ruang,0.0,1.6,Busuk
,,Suhu Ruang,0.0,15.8,Segar
Apel,Buah,Pembeku,4.0,36.7,Matang
Anggur,Buah,Suhu Ruang,2.0,8.1,Mentah
Jeruk,Buah,Pembeku,3.0,18.0,Terlalu Matang
Wortel,Sayur,Suhu Ruang,0.0,18.9,Segar
Mangga,Buah,,1.0,0.7,Busuk
Tomat,Sayur,Suhu Ruang,6.0,6.2,Segar
,Sayur,,6.0,11.9,Segar
Cabe,Sayur,Suhu Ruang,0.0,0.1,Busuk
Anggur,Buah,Suhu Ruang,0.0,3.6,Terlalu Matang
Wortel,Sayur,Suhu Ruang,3.0,12.1,Segar
Wortel,Sayur,Pembeku,0.0,5.1,Busuk
Kentang,Sayur,,,33.5,Segar
Jeruk,Buah,Pembeku,1.0,19.7,Terlalu Matang
Pisang,Buah,Suhu Ruang,,0.5,Busuk
Kentang,Sayur,Pembeku,0.0,2.5,Busuk
Jeruk,Buah,Suhu Ruang,0.0,0.9,Busuk
Apel,Buah,Suhu Ruang,2.0,10.0,Matang
Wortel,Sayur,Pendingin,1.0,19.7,Segar
Kentang,Sayur,Pendingin,1.0,5.0,Busuk
Kentang,Sayur,Pendingin,9999.0,294.5,N/A
Tomat,Sayur,Pendingin,4.0,11.9,Segar
Anggur,Buah,Suhu Ruang,0.0,0.6,Busuk
Wortel,Sayur,Suhu Ruang,5.0,16.2,Segar
Wortel,Sayur,Suhu Ruang,0.0,2.2,Busuk
Timun,Sayur,Pendingin,0.0,0.0,Busuk
Pisang,Buah,Pendingin,5.0,8.7,Matang
Mangga,Buah,Pembeku,4.0,33.2,Matang
Mangga,Buah,Pendingin,0.0,12.0,Matang
Kentang,Sayur,Pendingin,0.0,3.8,Busuk
Mangga,Buah,Pendingin,0.0,0.1,Busuk
Tomat,Sayur,Suhu Ruang,2.0,10.8,Segar
Cabe,Sayur,Pembeku,1.0,6.2,Busuk
Mangga,,Suhu Ruang,0.0,0.6,
Timun,Sayur,Pendingin,4.0,19.4,Segar
Jeruk,Buah,Pembeku,3.0,14.5,Terlalu Matang
Jeruk,Buah,Pembeku,3.0,33.0,Matang
Timun,Sayur,Pembeku,0.0,4.5,Busuk
Pisang,Buah,Pembeku,3.0,10.0,Terlalu Matang
Wortel,,,2.0,,Busuk
Wortel,Sayur,Pembeku,4.0,38.6,Segar
Jeruk,Buah,Suhu Ruang,1.0,0.2,Busuk
Wortel,Sayur,Pendingin,1.0,2.2,Busuk
Kentang,Sayur,Suhu Ruang,5.0,18.1,Segar
Jeruk,,,,0.4,
Apel,Buah,Pendingin,1.0,1.4,Busuk
Jeruk,Buah,Suhu Ruang,-5.0,4864.7,Terlalu Matang
Anggur,Buah,Pembeku,5.0,34.4,Mentah
Pisang,Buah,Suhu Ruang,6.0,8.7,Mentah
Mangga,Buah,Pembeku,2.0,34.7,Mentah
Jeruk,Buah,Pembeku,0.0,1900.9,Expired
Anggur,Buah,Pembeku,1.0,3.6,Busuk
,,Pendingin,,16.6,Mentah
Anggur,Buah,Suhu Ruang,0.0,2.7,Terlalu Matang
Wortel,Sayur,Pendingin,2.0,1.0,Busuk
Kentang,Sayur,Pendingin,0.0,36.8,Segar
Apel,N/A,Suhu Ruang,0.0,0.9,Busuk
Cabe,Sayur,Pendingin,6.0,27.2,Segar
Cabe,Sayur,Pembeku,4.0,31.3,Segar
Apel,Buah,Pembeku,-5.0,2546.6,Busuk
Pisang,Buah,Suhu Ruang,1.0,0.3,Busuk
Anggur,Buah,Pembeku,0.0,2.1,Busuk
Anggur,Buah,Pembeku,9999.0,2905.8,N/A
Pisang,Buah,Pendingin,1.0,13.2,Matang
Mangga,,Suhu Ruang,1.0,0.4,Busuk
Timun,Sayur,Pembeku,1.0,4.1,Busuk
Pisang,Buah,Pembeku,1.0,25.6,Matang
Pisang,Buah,Suhu Ruang,4.0,7.1,Matang
Timun,Sayur,Pendingin,0.0,0.3,Busuk
Apel,Buah,Pembeku,5.0,35.4,Matang
Kentang,Sayur,Pendingin,3.0,29.9,Segar
Tomat,Sayur,Suhu Ruang,-99.0,819.5,N/A
Cabe,Sayur,Suhu Ruang,2.0,0.5,Busuk
Mangga,Buah,Suhu Ruang,4.0,9.7,Mentah
Jeruk,Buah,Suhu Ruang,2.0,2.9,Terlalu Matang
Wortel,Sayur,Pembeku,1.0,5.9,Busuk
Wortel,Sayur,Pembeku,1.0,0.1,Busuk
Tomat,Sayur,Pendingin,1.0,8.2,Segar
Timun,Sayur,Suhu Ruang,2.0,0.4,Busuk
Apel,Buah,Suhu Ruang,-955.0,-364.0,Mentah
Pisang,Buah,Suhu Ruang,5.0,5.2,Matang
Cabe,Sayur,Suhu Ruang,-539.0,-751.4,Segar
Timun,Sayur,Suhu Ruang,0.0,1.6,Busuk
Cabe,Sayur,Pendingin,0.0,3.7,Busuk
Apel,Buah,Suhu Ruang,2.0,3.1,Terlalu Matang
Mangga,Buah,Pembeku,1.0,35.7,Mentah
Anggur,Buah,Pendingin,4.0,23.1,Mentah
Cabe,Sayur,Pendingin,0.0,1.5,Busuk
Tomat,Sayur,Pendingin,2.0,2.4,Busuk
Wortel,Sayur,Suhu Ruang,6.0,11.3,Segar
Wortel,Sayur,Suhu Ruang,1.0,2.2,Busuk
Timun,Sayur,Pembeku,1.0,2.7,Busuk
Apel,Buah,Suhu Ruang,2.0,2.8,Terlalu Matang
Timun,Sayur,Pendingin,2.0,1.5,Busuk
Anggur,Buah,Pendingin,1.0,15.6,Mentah
Pisang,Buah,Suhu Ruang,1.0,0.1,Busuk
Apel,Buah,Pendingin,0.0,5.0,Terlalu Matang
Pisang,,,,16.3,Matang
Apel,Buah,Pendingin,1.0,8.0,Terlalu Matang
Apel,Buah,Pembeku,5638.0,3095.3,Terlalu Matang
Apel,Buah,Suhu Ruang,0.0,15.7,Mentah
Cabe,Sayur,Pendingin,0.0,3.5,Busuk
Cabe,Sayur,Pembeku,1.0,3.9,Busuk
Mangga,Buah,Suhu Ruang,2.0,8.6,Mentah
Mangga,Buah,Suhu Ruang,5.0,11.6,Mentah
Tomat,Sayur,Pendingin,500.0,2847.7,null
Wortel,Sayur,Pendingin,2.0,33.8,Segar
Pisang,Buah,Pembeku,3.0,39.2,Mentah
Anggur,Buah,Pendingin,0.0,16.0,Matang
Cabe,Sayur,Suhu Ruang,6.0,11.9,Segar
Mangga,Buah,Pendingin,1.0,1.7,Busuk
,Sayur,Suhu Ruang,6.0,9.6,Segar
Timun,Sayur,Suhu Ruang,2.0,0.8,
Wortel,Sayur,Luar Ruangan,2.0,1.2,Busuk
Tomat,Sayur,Pembeku,6.0,32.6,Segar
Cabe,Sayur,Pendingin,4.0,16.8,Segar
Mangga,Buah,Pendingin,1.0,1.7,Busuk
Anggur,Buah,Pembeku,4.0,23.2,Matang
Anggur,Buah,Suhu Ruang,1.0,5.8,Matang
Pisang,Buah,Pembeku,3.0,11.3,Terlalu Matang
Tomat,Sayur,Pembeku,1.0,1.1,Busuk
buah123,Buah,Pendingin,5.0,20.0,Mentah
Kentang,Sayur,Suhu Ruang,0.0,1.7,Busuk
Timun,Sayur,Pembeku,0.0,3.4,Busuk
Mangga,Buah,Pendingin,1.0,9.9,Matang
Timun,Sayur,Suhu Ruang,2.0,0.8,Busuk
Pisang,Buah,Pendingin,-474.0,-117.2,Terlalu Matang
Timun,Sayur,Pembeku,1.0,4.7,Busuk
Jeruk,Buah,Pembeku,1.0,1.3,Busuk
Apel,Buah,Pembeku,4.0,30.7,Matang
Cabe,Sayur,Pembeku,2.0,6.2,Busuk
Kentang,Sayur,Suhu Ruang,6.0,17.7,Segar
Pisang,Buah,Pembeku,0.0,10.8,Terlalu Matang
Kentang,Sayur,Pendingin,2.0,3.8,Busuk
Kentang,Sayur,Suhu Ruang,0.0,0.8,Busuk
,Sayur,Pendingin,1.0,,
Kentang,Sayur,Pembeku,1.0,7.8,Busuk
Timun,Sayur,Suhu Ruang,8698.0,2469.5,Segar
Mangga,Buah,Pendingin,0.0,1.2,Busuk
Jeruk,Buah,Suhu Ruang,3.0,3.1,Terlalu Matang
Jeruk,Buah,Pendingin,0.0,34.6,Mentah
Cabe,Sayur,,-99.0,-35.6,null
Cabe,Sayur,Pembeku,-99.0,1086.5,null
Wortel,Sayur,Pembeku,2.0,7.9,Busuk
Tomat,Sayur,Pendingin,1.0,15.0,Segar
Wortel,Sayur,Suhu Ruang,4.0,18.7,Segar
Pisang,Buah,Pendingin,3.0,3.6,Terlalu Matang
Pisang,Buah,Pembeku,4.0,23.8,Matang
Timun,Sayur,,3.0,8.5,Segar
Cabe,,Pembeku,,5.4,
Anggur,Buah,Pembeku,0.0,9.9,Terlalu Matang
Timun,Sayur,Suhu Ruang,4.0,13.2,Segar
Jeruk,Buah,Suhu Ruang,0.0,4.0,Terlalu Matang
Mangga,Buah,Pembeku,0.0,3.6,Busuk
Timun,Sayur,Pendingin,5.0,14.8,Segar
Mangga,N/A,Pendingin,2.0,4.2,Terlalu Matang
Apel,,,5.0,,Matang
Mangga,Buah,Suhu Ruang,5.0,6.0,Matang
Pisang,Buah,Pembeku,1.0,0.2,Busuk
Cabe,Sayur,Suhu Ruang,6.0,7.0,Segar
Pisang,Buah,Suhu Ruang,1.0,0.8,Busuk
Tomat,Sayur,Pembeku,2.0,39.1,Segar
Mangga,Buah,Pendingin,6.0,18.1,Mentah
Cabe,Sayur,Suhu Ruang,3.0,10.6,Segar
Jeruk,Buah,Suhu Ruang,-5.0,2735.5,Matang
Kentang,Sayur,Pendingin,2.0,2.9,Busuk
Mangga,Buah,Suhu Ruang,0.0,0.6,Busuk
Mangga,Buah,Pembeku,0.0,38.9,Mentah
Jeruk,Buah,Pendingin,3.0,32.3,Mentah
Anggur,Buah,Suhu Ruang,1.0,13.4,Mentah
Anggur,Buah,Pendingin,0.0,1.4,Busuk
-,Buah,Pembeku,1.0,1.8,Busuk
Wortel,Sayur,N/A,1.0,7.6,Busuk
Timun,Sayur,Pembeku,6.0,18.5,Segar
Timun,Sayur,Pembeku,3.0,37.4,Segar
Cabe,Sayur,Pendingin,2.0,2.3,Busuk
Jeruk,,Pendingin,500.0,1805.4,null
Apel,Buah,Pendingin,3.0,8.9,Terlalu Matang
Kentang,Sayur,Pembeku,2.0,8.7,Busuk
Cabe,Sayur,Pendingin,1124.0,1831.1,Busuk
Cabe,Sayur,Pendingin,5.0,16.6,Segar
Tomat,Sayur,Pendingin,6.0,12.9,Segar
Cabe,Sayur,Pembeku,2.0,2.0,Busuk
Tomat,Sayur,Pendingin,2.0,0.5,Busuk
Jeruk,Buah,,0.0,27.1,Matang
Tomat,Sayur,Pembeku,2.0,4.5,Busuk
Mangga,Buah,Pembeku,6.0,29.9,Mentah
Tomat,Sayur,Suhu Ruang,9232.0,6577.4,Busuk
,Buah,Pembeku,-99.0,2991.3,
Pisang,Buah,Pendingin,1.0,5.5,Terlalu Matang
Mangga,,,,6.9,
Timun,Sayur,Suhu Ruang,-342.0,-924.9,Segar
Wortel,Sayur,Suhu Ruang,2.0,0.3,Busuk
Mangga,Buah,Pembeku,3.0,13.9,Terlalu Matang
Timun,Sayur,Pendingin,0.0,20.3,Segar
Kentang,??,Suhu Ruang,4.0,12.2,Segar
Apel,Buah,Pendingin,2.0,5.6,Terlalu Matang
Jeruk,Buah,N/A,2.0,14.7,Mentah
Anggur,Buah,Pendingin,0.0,11.9,Matang
Pisang,Buah,Pendingin,0.0,13.6,Mentah
Jeruk,Buah,Pembeku,-156.0,-769.6,Busuk
Cabe,Sayur,Pendingin,6842.0,7017.0,Segar
Wortel,Sayur,Pembeku,2.0,1.3,Busuk
Jeruk,Buah,Suhu Ruang,1.0,4.2,Terlalu Matang
Tomat,Sayur,Pembeku,1.0,0.1,Busuk
Jeruk,Buah,Pendingin,,1.6,Busuk
Tomat,Sayur,Pembeku,2.0,4.2,Busuk
Mangga,Buah,Suhu Ruang,0.0,12.4,Mentah
Timun,Sayur,Pendingin,0.0,0.6,Busuk
Jeruk,Buah,Pendingin,1.0,2.4,Busuk
Mangga,Buah,Pendingin,3.0,14.1,Mentah
Mangga,Buah,Pembeku,3.0,12.1,Terlalu Matang
Kentang,Sayur,Pendingin,4.0,16.3,Segar
Tomat,Sayur,Suhu Ruang,5.0,6.6,Segar
Kentang,Sayur,Pendingin,5.0,31.1,Segar
,Sayur,Pendingin,4.0,,Segar
Cabe,Sayur,Pendingin,795.0,9972.1,Busuk
Apel,Buah,Suhu Ruang,1.0,8.3,Matang
Wortel,Sayur,Pendingin,3.0,24.2,Segar
Pisang,Buah,Suhu Ruang,2.0,2.1,Terlalu Matang
Tomat,Sayur,Suhu Ruang,6.0,9.0,Segar
Apel,Buah,Pendingin,4.0,20.0,Matang
Pisang,Buah,Pembeku,0.0,31.2,Mentah
Kentang,Sayur,Pembeku,0.0,4.0,Busuk
##ERROR##,Buah,Suhu Ruang,3.0,7.7,Matang
Apel,Buah,Pembeku,1.0,13.6,Terlalu Matang
Apel,Buah,Suhu Ruang,1.0,9.9,Matang
Jeruk,Buah,Pembeku,2.0,27.1,Matang
Tomat,,Suhu Ruang,0.0,2322.8,
Apel,Buah,Suhu Ruang,0.0,0.5,Busuk
Apel,Buah,Pembeku,0.0,2.1,Busuk
Jeruk,Buah,Pembeku,2.0,17.1,Terlalu Matang
Jeruk,Buah,Suhu Ruang,0.0,12.2,Matang
Anggur,Buah,Pendingin,4.0,17.1,Matang
Mangga,Buah,Suhu Ruang,2.0,2.8,Terlalu Matang
Mangga,Buah,Suhu Ruang,0.0,7.1,Matang
Cabe,Sayur,Pembeku,0.0,995.3,N/A
Mangga,Buah,Pembeku,5.0,27.1,Mentah
Timun,Sayur,Suhu Ruang,1.0,1.3,Busuk
Wortel,Sayur,Pendingin,2.0,31.2,Segar
Tomat,Sayur,Pembeku,1.0,0.7,Busuk
Kentang,Sayur,Suhu Ruang,1.0,14.3,Segar
,Sayur,,0.0,1.4,
Mangga,Buah,Pendingin,2.0,22.7,Mentah
Cabe,Sayur,Pendingin,1000.0,4820.4,Busuk
Anggur,Buah,Pembeku,8389.0,8529.8,Terlalu Matang
Mangga,Buah,Pendingin,5.0,14.3,Matang
Tomat,Sayur,Pembeku,0.0,5.6,Busuk
Anggur,Buah,Suhu Ruang,1.0,7.7,Matang
Tomat,Sayur,Pembeku,1.0,30.0,Segar
Wortel,Sayur,Pendingin,-115.0,-614.2,Segar
Mangga,Buah,Suhu Ruang,2.0,3.5,Terlalu Matang
Kentang,Sayur,Suhu Ruang,0.0,8.8,Segar
Timun,Sayur,Suhu Ruang,0.0,12.1,Segar
Apel,Buah,Pembeku,1.0,27.7,Matang
Anggur,Buah,Pendingin,3.0,24.3,Mentah
Pisang,,Pendingin,,20.7,
Cabe,Sayur,Pendingin,2.0,2.6,Busuk
Apel,Buah,Pendingin,5.0,17.6,Matang
Timun,Sayur,Suhu Ruang,0.0,13.1,Segar
Kentang,Sayur,Pendingin,2.0,5.3,Busuk
Cabe,Sayur,Suhu Ruang,1.0,1.9,Busuk
Wortel,Sayur,Pembeku,3.0,38.6,Segar
Cabe,Sayur,Pendingin,4.0,12.1,Segar
Mangga,Buah,Pembeku,0.0,0.9,Busuk
Jeruk,Buah,,-99.0,2580.9,
Jeruk,Buah,Pendingin,6.0,22.3,Mentah
Wortel,Sayur,Pendingin,0.0,1.2,Busuk
Cabe,Sayur,Suhu Ruang,2.0,1.0,Busuk
Apel,Buah,,3.0,13.3,
-,Sayur,Pembeku,6.0,24.3,Segar
Jeruk,,,,0.4,
Pisang,Buah,Suhu Ruang,5.0,4.6,Matang
Mangga,Buah,Pendingin,3.0,5.2,Terlalu Matang
Apel,Buah,Suhu Ruang,3.0,11.1,Matang
,,Pendingin,,28.0,Segar
Jeruk,Buah,Pendingin,0.0,0.5,Busuk
Jeruk,Buah,Pembeku,0.0,36.5,Matang
Mangga,Buah,Suhu Ruang,-615.0,-918.8,Terlalu Matang
Pisang,Buah,Suhu Ruang,3.0,11.2,Mentah
Tomat,,Pendingin,,,
Mangga,Buah,Pendingin,3.0,7.1,Terlalu Matang
Timun,Sayur,Pembeku,2.0,29.2,Segar
Anggur,Buah,Suhu Ruang,2.0,2.3,Terlalu Matang
Timun,Sayur,Pembeku,6.0,23.1,Segar
Mangga,1,Suhu Ruang,0.0,3.5,Terlalu Matang
Apel,Buah,Pendingin,3.0,6.8,Terlalu Matang
Tomat,Daging,Pendingin,2.0,2.2,Busuk
Apel,Buah,Suhu Ruang,,4.3,Terlalu Matang
Anggur,Buah,Suhu Ruang,-485.0,-472.1,Mentah
Timun,Sayur,Pembeku,6.0,18.8,
Wortel,Sayur,Pendingin,2.0,37.6,Segar
Timun,,Pembeku,4.0,27.4,Segar
Jeruk,Buah,Pembeku,-63.0,-796.1,Terlalu Matang
Jeruk,Buah,Pendingin,2.0,30.1,Mentah
Jeruk,Buah,Suhu Ruang,1.0,10.1,Matang
Mangga,Buah,Suhu Ruang,1.0,0.7,Busuk
Anggur,Buah,Suhu Ruang,6.0,8.5,Mentah
Cabe,Sayur,Pendingin,1000.0,4338.9,Busuk
Cabe,Sayur,Pendingin,6.0,15.7,Segar
Jeruk,,,,2.7,
Jeruk,Buah,Pendingin,2.0,7.1,Terlalu Matang
Anggur,Buah,Pendingin,2.0,5.4,Terlalu Matang
Anggur,Buah,Suhu Ruang,0.0,0.9,Busuk
Timun,N/A,Pendingin,2.0,0.8,Busuk
Mangga,Buah,Suhu Ruang,0.0,2.2,Terlalu Matang
Anggur,Buah,Pembeku,3.0,27.5,Matang
Mangga,Buah,Suhu Ruang,1.0,5.3,Matang
Wortel,Sayur,Pembeku,4.0,37.2,Segar
Timun,Sayur,Suhu Ruang,0.0,1.2,Busuk
Wortel,Sayur,,1.0,9.9,Busuk
Jeruk,Buah,Suhu Ruang,0.0,0.7,Busuk
Pisang,Buah,Pendingin,-5.0,4701.3,Terlalu Matang
Kentang,Sayur,Suhu Ruang,1.0,0.5,Busuk
Cabe,Sayur,Pembeku,,6.4,Busuk
Tomat,Sayur,Pendingin,2.0,2.9,Busuk
Jeruk,Buah,Pembeku,3.0,20.7,Terlalu Matang
Mangga,Buah,Pendingin,1.0,0.5,Busuk
Wortel,Sayur,Pembeku,0.0,7.6,Busuk
Pisang,Buah,Pendingin,4.0,8.7,Matang
Anggur,Buah,Suhu Ruang,2.0,7.4,Matang
Mangga,,,0.0,,Mentah
Jeruk,Buah,Pendingin,5.0,31.3,Mentah
Cabe,Sayur,Pendingin,1.0,1.7,Busuk
Mangga,Buah,Pembeku,2.0,38.5,Mentah
Tomat,Sayur,Suhu Ruang,5.0,5.7,Segar
Wortel,Sayur,Pembeku,2.0,3.9,Busuk
Apel,Buah,Suhu Ruang,4.0,13.7,Mentah
Anggur,Buah,Pendingin,0.0,1.1,Busuk
Cabe,Sayur,Pendingin,1000.0,1728.4,Busuk
Kentang,Sayur,N/A,3.0,24.6,Segar
Pisang,Buah,Pembeku,1.0,0.3,Busuk
Tomat,Sayur,Suhu Ruang,3.0,10.2,Segar
Anggur,Buah,Pembeku,1.0,38.0,Mentah
Tomat,Sayur,Suhu Ruang,0.0,10.7,Segar
Apel,Buah,Suhu Ruang,-305.0,-52.9,Busuk
Apel,Buah,Pendingin,3670.0,9402.1,Busuk
Anggur,Buah,Pendingin,0.0,6.4,Terlalu Matang
Anggur,Buah,Pembeku,3.0,9.3,Terlalu Matang
Timun,Sayur,Pendingin,1.0,10.7,Segar
Apel,Buah,Suhu Ruang,3.0,4.7,Tidak Diketahui
Jeruk,Buah,Pembeku,0.0,17.5,Terlalu Matang
Wortel,Sayur,,,1.0,
Pisang,Buah,Suhu Ruang,2.0,3.0,Terlalu Matang
Cabe,Sayur,Pembeku,0.0,6.1,Busuk
,,Pendingin,0.0,16.0,Matang
Kentang,,Suhu Ruang,2.0,2.0,
Pisang,Buah,Suhu Ruang,4.0,8.7,Mentah
Wortel,Sayur,Pendingin,1.0,1.2,Busuk
Timun,Sayur,Pendingin,6.0,21.1,Segar
Timun,Sayur,Pendingin,2.0,3.4,Busuk
Mangga,Buah,Pembeku,0.0,18.1,Matang
Mangga,Buah,Pembeku,4.0,26.8,Matang
Timun,Sayur,Pembeku,0.0,5.4,Busuk
Kentang,Sayur,Pendingin,1.0,2.7,Busuk
Jeruk,Buah,,500.0,11.7,null
Tomat,,Suhu Ruang,500.0,2136.7,null
Apel,N/A,Pendingin,4.0,30.8,Mentah
Pisang,Buah,Pembeku,1.0,2.5,Busuk
Wortel,Sayur,Pembeku,0.0,2.6,Busuk
Anggur,Buah,Pembeku,4.0,24.0,Matang
Wortel,Sayur,Pendingin,4.0,29.3,Segar
Anggur,Buah,Pembeku,3.0,21.1,Matang
Jeruk,Buah,Suhu Ruang,2.0,8.9,Matang
Jeruk,Buah,Pendingin,4.0,35.6,Mentah
Anggur,Buah,Pembeku,,10.6,
Timun,Sayur,Pendingin,1.0,2.0,Busuk
Tomat,Sayur,Pendingin,-718.0,-360.2,Segar
Kentang,Sayur,Suhu Ruang,2.0,9.8,Segar
Pisang,Buah,Pendingin,0.0,4.4,Terlalu Matang
Pisang,Buah,Pendingin,5.0,11.8,Matang
Cabe,Sayur,Pendingin,2.0,2.0,Busuk
Wortel,Sayur,Pendingin,0.0,0.8,Busuk
Jeruk,Buah,Suhu Ruang,0.0,9.2,Mentah
Cabe,Sayur,Pendingin,6.0,22.2,Segar
Anggur,,Suhu Ruang,,7.0,
,Sayur,Pendingin,,,Busuk
Wortel,Sayur,Suhu Ruang,0.0,12.7,Segar
Pisang,Buah,Pendingin,4.0,14.3,Matang
Cabe,Sayur,Pendingin,2.0,0.4,Busuk
Timun,,Suhu Ruang,500.0,2580.3,
Kentang,Sayur,,,,Busuk
-,Buah,Pendingin,0.0,11.9,Matang
Apel,Buah,Pembeku,0.0,3.2,Busuk
Mangga,Buah,Pembeku,4.0,20.5,Matang
Tomat,Sayur,Pendingin,2.0,2.9,Busuk
Wortel,Sayur,Suhu Ruang,4.0,6.9,Segar
Mangga,Buah,Suhu Ruang,0.0,0.5,Busuk
Jeruk,Buah,Suhu Ruang,0.0,0.5,Busuk
Wortel,Sayur,Suhu Ruang,5.0,17.0,Segar
Mangga,Buah,Pembeku,4.0,26.1,Matang
Apel,Buah,Pendingin,9999.0,218.5,N/A
Tomat,Sayur,Suhu Ruang,-5.0,1790.3,Busuk
Kentang,Sayur,Suhu Ruang,2.0,0.4,Busuk
Timun,Sayur,Pembeku,0.0,3.9,Busuk
Anggur,Buah,Pendingin,1.0,1.4,Busuk
Pisang,Buah,Suhu Ruang,5.0,5.7,Matang
Cabe,Sayur,Pembeku,5.0,37.0,Segar
Tomat,Sayur,Pendingin,6.0,8.7,Segar
Wortel,Sayur,Suhu Ruang,1.0,0.4,Busuk
Cabe,Sayur,Suhu Ruang,3.0,7.2,Segar
Timun,Sayur,Suhu Ruang,2.0,7.8,Segar
Pisang,Buah,Suhu Ruang,3.0,1.8,Terlalu Matang
Cabe,Sayur,Pembeku,1.0,31.3,Segar
Jeruk,Buah,Pembeku,1.0,30.3,Matang
Jeruk,Buah,Pembeku,-421.0,-756.1,Terlalu Matang
Jeruk,Buah,Suhu Ruang,4.0,10.5,Matang
Anggur,Buah,Pendingin,5.0,23.2,Mentah
Mangga,Buah,Pembeku,1.0,2.3,Busuk
Wortel,Sayur,Pendingin,2.0,1.6,Busuk
Tomat,Sayur,Pendingin,0.0,1.9,Busuk
Kentang,Sayur,Pembeku,1.0,8.9,Busuk
Pisang,Buah,Pendingin,5.0,21.4,Mentah
Jeruk,Buah,Pembeku,1.0,34.5,Matang
Anggur,Buah,Pembeku,1.0,40.2,Mentah
Jeruk,Buah,Pembeku,2.0,40.5,Mentah
Timun,Sayur,Suhu Ruang,2.0,1.3,Busuk
Mangga,Buah,Suhu Ruang,3.0,2.5,Terlalu Matang
Pisang,Buah,Pendingin,2.0,21.7,Mentah
Anggur,Buah,Pendingin,1181.0,2001.6,Terlalu Matang
Wortel,Sayur,Pendingin,2.0,0.2,Busuk
Tomat,Sayur,Suhu Ruang,1.0,0.9,Busuk
Pisang,Buah,Pendingin,1.0,6.0,Terlalu Matang
Mangga,Buah,Suhu Ruang,0.0,2.3,Terlalu Matang
Apel,Buah,,3.0,7.8,Terlalu Matang
Pisang,,Pendingin,3.0,5.4,
Mangga,Buah,Pendingin,4.0,16.4,Matang
Pisang,Buah,Pendingin,6.0,16.9,Mentah
Anggur,Buah,Pendingin,0.0,1.1,Busuk
Anggur,Ikan,?,0.0,13.3,Terlalu Matang
Wortel,Sayur,Suhu Ruang,1.0,0.7,Busuk
Kentang,Sayur,Suhu Ruang,1.0,1.5,Busuk
Tomat,Sayur,Suhu Ruang,0.0,0.5,Tidak Diketahui
Cabe,Sayur,Suhu Ruang,1.0,1.1,Busuk
,Buah,Pembeku,3.0,26.9,Matang
Pisang,Buah,Pembeku,0.0,29.3,Matang
Mangga,Buah,,,1.6,Busuk
Anggur,Buah,Suhu Ruang,1.0,0.7,Busuk
Wortel,Sayur,Pendingin,2.0,3.1,Busuk
Kentang,Sayur,Suhu Ruang,-99.0,2015.4,null
Mangga,Buah,Pendingin,1.0,6.4,Terlalu Matang
Jeruk,1,Suhu Ruang,3.0,4.8,Terlalu Matang
Pisang,Buah,Suhu Ruang,3.0,7.9,Matang
Jeruk,Buah,Pembeku,3.0,26.9,Matang
Jeruk,Buah,Pendingin,3.0,6.1,Terlalu Matang
Tomat,Sayur,Suhu Ruang,6.0,9.0,Segar
Jeruk,Buah,Pembeku,8873.0,7360.1,Mentah
Timun,Sayur,Pendingin,0.0,0.3,Busuk
,Sayur,Pendingin,0.0,2768.6,N/A
Pisang,Buah,,,18.8,Matang
Cabe,Sayur,Suhu Ruang,1.0,1.1,Busuk
Cabe,Sayur,Pendingin,2.0,2.7,Busuk
Mangga,Buah,Pendingin,5.0,14.8,Matang
Apel,Buah,Suhu Ruang,1.0,0.8,Busuk
Apel,Buah,Pembeku,3.0,11.0,Terlalu Matang
Mangga,Buah,Pembeku,1.0,3.5,Busuk
Cabe,Sayur,Suhu Ruang,2.0,13.0,1
Wortel,Sayur,Pendingin,2.0,,
Pisang,Buah,Pembeku,0.0,996.7,
Tomat,Sayur,Pembeku,6.0,36.6,Segar
Anggur,Buah,Pembeku,0.0,3023.7,Terlalu Matang
Timun,Sayur,Pendingin,1.0,14.2,Segar
Tomat,Sayur,Pendingin,1.0,1.8,Busuk
Anggur,Buah,Suhu Ruang,1.0,0.9,Busuk
Cabe,Sayur,Pembeku,1.0,5.4,Busuk
Mangga,Buah,Suhu Ruang,0.0,1476.5,N/A
Cabe,Sayur,Suhu Ruang,5.0,14.4,Segar
Jeruk,Buah,Pembeku,5.0,31.5,Matang
Pisang,,Suhu Ruang,1.0,0.7,Busuk
Jeruk,Buah,Suhu Ruang,5.0,7.8,Matang
Cabe,Sayur,Pembeku,2.0,1.8,Busuk
Pisang,,Pendingin,0.0,,
Pisang,Buah,Suhu Ruang,3.0,5.6,Matang
Apel,Buah,Suhu Ruang,1.0,0.2,Busuk
Jeruk,,Pendingin,1.0,7.4,Terlalu Matang
Anggur,Buah,Pembeku,5.0,34.4,Mentah
Mangga,Buah,Pendingin,3.0,4.1,null
Pisang,Buah,,,4.5,
Apel,Buah,Pendingin,2.0,12.9,Matang
Anggur,Buah,Pendingin,1.0,4.8,Terlalu Matang
Tomat,Sayur,Pembeku,-831.0,-837.2,Busuk
Cabe,Sayur,Pendingin,1.0,1.4,Busuk
Kentang,Sayur,Pendingin,1.0,14.3,Segar
Anggur,Buah,Pendingin,0.0,0.8,Busuk
Wortel,Sayur,Pembeku,1.0,36.8,Segar
Anggur,Buah,Pembeku,6.0,29.1,Mentah
Jeruk,,Pembeku,0.0,2462.2,null
,Sayur,Suhu Ruang,0.0,,
Apel,Buah,Pembeku,3.0,12.3,Terlalu Matang
Jeruk,Buah,Suhu Ruang,4.0,9.6,Matang
Mangga,Buah,Pendingin,1.0,17.6,Matang
Timun,Sayur,Pendingin,1.0,18.0,Segar
Apel,Buah,Suhu Ruang,0.0,1.0,Busuk
Kentang,Sayur,Pembeku,0.0,2.2,Busuk
Mangga,Buah,Suhu Ruang,2.0,10.8,Mentah
Apel,Buah,Pendingin,2.0,17.7,Matang
Apel,Buah,Luar Ruangan,2.0,16.8,Matang
Jeruk,Buah,,2.0,20.5,Terlalu Matang
Kentang,Sayur,Suhu Ruang,500.0,2930.0,N/A
Kentang,Sayur,Pendingin,5.0,27.3,Segar
Anggur,Buah,Pembeku,6.0,40.4,Mentah
Jeruk,Buah,Pembeku,4.0,26.9,Matang
Wortel,Sayur,Pembeku,2.0,8.5,Busuk
,Sayur,Pembeku,2.0,3.5,
Tomat,Sayur,Pembeku,2.0,0.5,Busuk
Tomat,Sayur,Pendingin,0.0,4324.1,Segar
Timun,Sayur,Pendingin,1.0,2.5,Busuk
Apel,Buah,Pendingin,2.0,7.1,Terlalu Matang
Wortel,Sayur,Suhu Ruang,-5.0,1510.9,Segar
Anggur,Buah,Suhu Ruang,3.0,2.1,Terlalu Matang
Jeruk,Buah,Pendingin,1.0,1.7,Busuk
Anggur,Buah,Pembeku,0.0,33.7,Matang
Wortel,Sayur,Pendingin,2.0,4.1,Busuk
Jeruk,Buah,Pendingin,6866.0,6701.8,Busuk
Pisang,Buah,Suhu Ruang,0.0,2.2,Terlalu Matang
Anggur,Buah,Suhu Ruang,1.0,0.3,Busuk
,Buah,Lemari,6.0,40.3,Mentah
Cabe,Sayur,Pendingin,2.0,0.5,Busuk
Timun,Sayur,Pendingin,-5.0,4919.4,Busuk
Tomat,Sayur,Pendingin,0.0,18.0,Segar
Mangga,Buah,Pembeku,0.0,14.2,Terlalu Matang
Pisang,Buah,Suhu Ruang,2.0,10.9,Mentah
Cabe,Sayur,Gudang,0.0,1.5,Busuk
Mangga,Buah,,6.0,,
Mangga,Buah,Suhu Ruang,1.0,2.6,Terlalu Matang
Tomat,Sayur,Pembeku,2.0,2.6,Busuk
Apel,Buah,Pendingin,1.0,2.1,Busuk
Kentang,Sayur,Pembeku,-762.0,-161.2,Busuk
Jeruk,Buah,Suhu Ruang,2.0,11.1,Mentah
Apel,Buah,Pendingin,0.0,31.9,Mentah
Apel,Buah,Gudang,4.0,30.7,Matang
Tomat,Sayur,Suhu Ruang,0.0,0.2,Busuk
Tomat,Sayur,Suhu Ruang,1.0,5.7,Segar
Mangga,Buah,Pendingin,1.0,10.0,Matang
Anggur,Buah,,-99.0,1496.1,N/A
Apel,,,3.0,13.1,
Cabe,Sayur,Pembeku,1.0,5.1,Busuk
Timun,Sayur,Suhu Ruang,0.0,8.9,Segar
Mangga,Buah,Suhu Ruang,,0.7,Busuk
Wortel,Sayur,Suhu Ruang,1.0,1.9,Busuk
Apel,Buah,Suhu Ruang,0.0,3.5,Terlalu Matang
Cabe,Sayur,Pembeku,2.0,34.9,Segar
,,Suhu Ruang,,1.5,Busuk
Anggur,Buah,Pendingin,2.0,18.5,Matang
Timun,Sayur,Pendingin,2.0,0.6,Busuk
Jeruk,Buah,Pembeku,0.0,2.5,Busuk
Tomat,Sayur,Suhu Ruang,0.0,1.2,Busuk
Wortel,Sayur,Pembeku,5.0,29.1,Segar
Mangga,Buah,Pembeku,0.0,7.5,Terlalu Matang
Timun,Sayur,Pembeku,6.0,39.1,Segar
Jeruk,Buah,Suhu Ruang,-973.0,-638.5,Matang
Pisang,Buah,Suhu Ruang,-370.0,-466.1,Busuk
Cabe,Sayur,Pembeku,0.0,5.2,Busuk
Kentang,Sayur,Pembeku,0.0,10.1,Busuk
Pisang,Buah,Pendingin,,,
Timun,Sayur,Pembeku,3.0,20.8,Segar
Tomat,Sayur,Pendingin,2.0,9.8,Segar
Apel,Buah,Pembeku,1.0,3.1,Busuk
Mangga,Buah,Pendingin,2.0,3.7,Terlalu Matang
Kentang,Sayur,Suhu Ruang,2.0,2.4,Busuk
Timun,Sayur,Pembeku,9999.0,2418.4,Expired
Anggur,Buah,Pendingin,0.0,3999.8,Terlalu Matang
Timun,Sayur,Pendingin,5.0,24.1,Segar
Jeruk,Buah,Pembeku,0.0,4.8,Busuk
Wortel,Sayur,Pendingin,2.0,38.1,Segar
Apel,Buah,Pembeku,1.0,4.5,Busuk
Wortel,Sayur,Pendingin,2.0,3.0,Busuk
Cabe,Sayur,Suhu Ruang,1.0,1.5,Busuk
,Sayur,Suhu Ruang,0.0,2413.2,null
Wortel,Sayur,Suhu Ruang,1.0,1.3,Busuk
Cabe,Sayur,Pembeku,2.0,7.2,Busuk
Mangga,,Suhu Ruang,3.0,3.2,Terlalu Matang
Wortel,Sayur,Pembeku,0.0,6.5,Busuk
Tomat,Sayur,Suhu Ruang,3.0,9.5,Segar
Anggur,Buah,Suhu Ruang,3.0,3.3,Terlalu Matang
Kentang,Sayur,Pendingin,3.0,35.5,Segar
Anggur,Buah,,4.0,9.4,Matang
Timun,Sayur,Pendingin,0.0,0.3,Busuk
Jeruk,Buah,Pendingin,2.0,26.6,Mentah
Kentang,Sayur,Suhu Ruang,0.0,1.6,Busuk
Timun,Sayur,Pembeku,5.0,22.0,
Mangga,Buah,Pembeku,4.0,38.9,Mentah
Mangga,Buah,,-99.0,2343.5,N/A
Kentang,Sayur,Pendingin,0.0,1.5,Busuk
Kentang,Sayur,Pendingin,5.0,41.4,Segar
Anggur,Buah,Pendingin,5.0,,
Jeruk,Buah,Pendingin,3.0,6.0,Terlalu Matang
Mangga,Buah,Pendingin,3.0,13.8,Mentah
Anggur,Buah,Suhu Ruang,5.0,7.3,Mentah
Anggur,Buah,Suhu Ruang,2.0,11.0,Mentah
Apel,Buah,Suhu Ruang,0.0,0.4,Busuk
Pisang,Buah,Pembeku,0.0,0.2,Busuk
Timun,Sayur,Suhu Ruang,5088.0,5895.1,Busuk
Anggur,1,Pendingin,1.0,22.4,Mentah
Cabe,Sayur,Suhu Ruang,0.0,1.6,Busuk
Timun,Sayur,Pendingin,3.0,20.8,Segar
Timun,Sayur,Pendingin,1.0,1.9,Busuk
Apel,Buah,Suhu Ruang,2.0,4.7,Terlalu Matang
Jeruk,Buah,Pembeku,0.0,36.5,Matang
Mangga,Buah,Pembeku,0.0,10.7,Terlalu Matang
Cabe,Sayur,Pembeku,3.0,23.3,Segar
Cabe,Sayur,,,5.4,Busuk
Timun,Sayur,Suhu Ruang,1.0,9.2,Segar
Pisang,Buah,Pembeku,1.0,29.6,Mentah
Wortel,Sayur,Pendingin,1.0,2.3,Busuk
Wortel,Sayur,Pembeku,0.0,3.4,Busuk
Jeruk,Buah,Pembeku,1.0,40.1,Mentah
Jeruk,Buah,Pendingin,4.0,22.1,Matang
Cabe,Sayur,Pendingin,2.0,3.4,Busuk
Tomat,Sayur,Pendingin,2.0,2.9,Busuk
Wortel,Sayur,Pendingin,0.0,0.7,Busuk
Anggur,Buah,Pembeku,2.0,33.7,Matang
Pisang,Buah,Pendingin,3.0,11.9,Matang
Jeruk,Buah,Pendingin,6.0,27.9,Mentah
Cabe,Sayur,Pendingin,2.0,0.5,Busuk
Timun,Sayur,Pendingin,0.0,26.6,Segar
Mangga,Buah,Pembeku,4.0,21.6,Matang
Tomat,Sayur,Suhu Ruang,1.0,1.1,Busuk
Wortel,Sayur,Suhu Ruang,0.0,0.4,Busuk
Jeruk,Buah,Suhu Ruang,1.0,8.8,Matang
Jeruk,Buah,Pembeku,0.0,3.4,Busuk
,Buah,,1.0,0.1,
Cabe,Sayur,Pendingin,1.0,13.9,Segar
Mangga,Buah,Suhu Ruang,3.0,8.8,Matang
Anggur,Buah,Suhu Ruang,2.0,9.6,Mentah
Wortel,Sayur,Pendingin,6.0,19.1,Segar
Anggur,Buah,Pembeku,9999.0,1515.5,Expired
,Buah,,,23.2,Matang
Timun,Sayur,Pendingin,1.0,12.1,Segar
Cabe,Sayur,Pendingin,2.0,23.9,Segar
Mangga,Buah,Pembeku,0.0,11.2,Terlalu Matang
Mangga,Buah,Suhu Ruang,3.0,7.2,Matang
Anggur,Buah,Pembeku,-190.0,-704.3,Busuk
Jeruk,Buah,Pendingin,8853.0,9231.0,Matang
Cabe,1,Suhu Ruang,1.0,1.8,Busuk
Wortel,Sayur,Suhu Ruang,3.0,14.7,Segar
Pisang,Buah,Pendingin,1.0,18.9,Mentah
Kentang,Sayur,Suhu Ruang,2.0,12.0,Segar
Cabe,Sayur,Pendingin,-5.0,1288.2,Segar
Wortel,Sayur,Pendingin,1.0,3.5,Busuk
Tomat,Sayur,Suhu Ruang,1.0,0.0,Busuk
Apel,Buah,Pembeku,3.0,16.2,Tidak Diketahui
,Buah,,5.0,14.5,Matang
Timun,Sayur,Pembeku,2.0,2.9,Busuk
Wortel,Sayur,Pembeku,0.0,9.8,Busuk
Wortel,Sayur,Pembeku,1841.0,4425.9,Busuk
Tomat,Sayur,Suhu Ruang,0.0,0.2,Busuk
,Buah,Pendingin,,35.6,Mentah
Pisang,Buah,Suhu Ruang,6.0,7.4,Mentah
Anggur,Buah,Pendingin,-99.0,344.7,N/A
Pisang,Buah,Pembeku,1.0,35.5,Mentah
Wortel,Sayur,Pembeku,2.0,1.8,Busuk
Kentang,Sayur,Pembeku,-697.0,-846.8,Busuk
Mangga,Buah,Pembeku,0.0,13.9,Terlalu Matang
Jeruk,Buah,Pembeku,2.0,35.3,Matang
Anggur,Buah,Pembeku,3.0,11.7,Terlalu Matang
Tomat,Sayur,Suhu Ruang,0.0,1.4,Busuk
Anggur,Buah,Pembeku,2.0,32.1,Mentah
Apel,Buah,Suhu Ruang,4.0,8.3,Matang
Anggur,Buah,Suhu Ruang,1.0,0.5,Busuk
Kentang,Sayur,Pembeku,9999.0,2895.2,N/A
Anggur,Buah,Suhu Ruang,1.0,0.6,Busuk
Tomat,Sayur,Suhu Ruang,4.0,7.5,Segar
Jeruk,Buah,Pembeku,3.0,29.0,Matang
Pisang,Buah,Pembeku,2.0,7.0,Terlalu Matang
Timun,Sayur,Pembeku,2.0,30.6,Segar
Cabe,Sayur,Pendingin,5.0,14.0,Segar
Jeruk,Buah,Pendingin,-550.0,-764.9,Matang
Cabe,Sayur,Suhu Ruang,0.0,,Busuk
Mangga,Buah,Suhu Ruang,4.0,8.4,Mentah
Tomat,Sayur,Pendingin,-303.0,-482.2,Busuk
Wortel,Sayur,Suhu Ruang,4.0,18.8,Segar
Jeruk,Daging,Pembeku,3.0,33.0,Matang
Apel,Buah,Pendingin,1.0,15.7,Matang
Kentang,Sayur,Suhu Ruang,0.0,2.2,Busuk
Tomat,Sayur,Pembeku,2.0,4.0,Busuk
Apel,Buah,Pendingin,2.0,20.5,Mentah
Cabe,Sayur,Suhu Ruang,2.0,0.8,Busuk
Mangga,Buah,Suhu Ruang,1.0,2.3,Terlalu Matang
Tomat,Sayur,Pendingin,0.0,1.2,Busuk
Timun,Sayur,Pendingin,2.0,1.5,Busuk
Mangga,Buah,Suhu Ruang,-549.0,-664.6,Mentah
Wortel,Sayur,Suhu Ruang,1.0,8.9,Segar
Tomat,Sayur,Pembeku,2.0,39.7,Segar
Tomat,Sayur,Suhu Ruang,5.0,6.6,Segar
Apel,Buah,Suhu Ruang,4.0,12.7,Mentah
Pisang,Buah,Pendingin,0.0,0.9,Busuk
Kentang,Sayur,Pendingin,2.0,36.3,Segar
Wortel,Sayur,,,0.6,Busuk
Mangga,Buah,Pendingin,1.0,19.0,Mentah
Wortel,Sayur,Suhu Ruang,2.0,2.6,Busuk
Anggur,Buah,Pendingin,0.0,1.1,Busuk
Pisang,Buah,Pembeku,2.0,34.4,Mentah
Mangga,Buah,,,1.6,Busuk
Timun,Sayur,Suhu Ruang,3.0,9.8,Segar
Anggur,Buah,Pendingin,1.0,10.8,Matang
Timun,Sayur,Suhu Ruang,0.0,1.2,Busuk
Jeruk,Buah,Suhu Ruang,1.0,8.8,Matang
Kentang,Sayur,Pendingin,1.0,2.8,Busuk
Apel,Buah,Pendingin,1.0,19.5,Mentah
Pisang,Buah,Pendingin,1.0,20.7,Mentah
Apel,Buah,Suhu Ruang,0.0,0.8,Busuk
Mangga,Buah,Pembeku,1.0,28.6,Matang
Mangga,Buah,Pembeku,2.0,41.3,Mentah
Pisang,Buah,Suhu Ruang,3.0,3.0,Terlalu Matang
Kentang,Sayur,Pendingin,1.0,33.8,Segar
Timun,Sayur,Pendingin,2.0,21.6,Segar
Anggur,Buah,Suhu Ruang,0.0,0.3,Busuk
Pisang,Buah,Pembeku,1.0,10.7,Terlalu Matang
Pisang,Buah,Suhu Ruang,1.0,0.1,Busuk
Tomat,Sayur,Suhu Ruang,1.0,0.2,Busuk
Cabe,Sayur,Suhu Ruang,4.0,10.2,Segar
Wortel,Sayur,,,10.9,Segar
  ,Sayur,Suhu Ruang,0.0,1.2,Busuk
Kentang,Sayur,Pendingin,1.0,27.6,Segar
Apel,Buah,Pendingin,0.0,1.7,Busuk
Anggur,Buah,Pendingin,1.0,1.0,Busuk
Jeruk,Buah,Pendingin,0.0,1.3,Busuk
Jeruk,Buah,Suhu Ruang,0.0,11.8,Matang
,Buah,,1.0,,Busuk
Anggur,Buah,Suhu Ruang,2.0,9.9,Matang
Kentang,Sayur,Pembeku,0.0,1.0,Busuk
Apel,Buah,Suhu Ruang,2.0,6.6,Matang
Tomat,Sayur,Suhu Ruang,1.0,11.4,Segar
Pisang,Buah,Pendingin,1.0,0.3,Busuk
Anggur,Buah,Pembeku,0.0,11.9,Terlalu Matang
Mangga,Buah,Pendingin,0.0,13.3,Matang
Timun,Sayur,Suhu Ruang,3.0,9.1,Segar
Mangga,Buah,Suhu Ruang,1000.0,2719.9,Matang
Pisang,Buah,Pendingin,4.0,13.2,Matang
Timun,Sayur,Pendingin,,1.2,Busuk
Anggur,Buah,Suhu Ruang,3.0,2.9,Terlalu Matang
Timun,Sayur,Pembeku,1.0,2.7,Busuk
Anggur,Buah,Pendingin,2.0,7.9,Terlalu Matang
Pisang,Buah,Suhu Ruang,1.0,2.6,Terlalu Matang
Timun,Sayur,Suhu Ruang,2.0,0.3,Busuk
Timun,Sayur,Suhu Ruang,0.0,7.9,Segar
Mangga,Buah,Pembeku,3.0,24.6,Matang
Jeruk,Buah,Suhu Ruang,1.0,0.7,Busuk
Timun,Sayur,Suhu Ruang,2.0,0.5,Busuk
Pisang,Buah,Pendingin,0.0,1.5,Busuk
,,,0.0,2.3,Busuk
Jeruk,Buah,Suhu Ruang,0.0,6.5,Matang
Mangga,Buah,Pendingin,0.0,4.3,Terlalu Matang
Apel,Buah,Pembeku,4.0,24.5,Matang
Timun,Sayur,Pembeku,3.0,18.9,Segar
Wortel,Sayur,Pembeku,1.0,8.1,Busuk
Timun,Sayur,Pendingin,1.0,14.6,Segar
Cabe,Sayur,Pendingin,1.0,2.6,Busuk
Cabe,Sayur,Pendingin,0.0,27.7,Segar
Pisang,Buah,Suhu Ruang,0.0,0.4,Busuk
Wortel,Sayur,Suhu Ruang,5.0,16.3,Segar
Mangga,Buah,Pembeku,0.0,8.8,Terlalu Matang
Tomat,Sayur,Suhu Ruang,0.0,1.1,Busuk
Apel,Buah,Suhu Ruang,-99.0,2967.7,null
Pisang,Buah,Pembeku,-5.0,3724.5,Matang
,,Pendingin,1.0,1.3,
Apel,Buah,Pembeku,1.0,35.4,OK
Kentang,Sayur,Suhu Ruang,1.0,1.8,Busuk
Tomat,Sayur,Suhu Ruang,5.0,12.0,Segar
Kentang,Sayur,Suhu Ruang,0.0,2.3,Busuk
Anggur,Buah,Pendingin,6.0,26.2,Mentah
Anggur,Buah,Pembeku,3.0,39.1,Mentah
Kentang,Sayur,Suhu Ruang,0.0,2754.7,Busuk
Pisang,Buah,Pembeku,1.0,2.0,Busuk
Kentang,Sayur,Suhu Ruang,2.0,2.8,Busuk
Mangga,Buah,Suhu Ruang,3.0,7.3,Mentah
Kentang,Sayur,Pembeku,2.0,9.7,Busuk
Pisang,Buah,Pembeku,0.0,30.2,Matang
Kentang,Sayur,Pendingin,1.0,5.0,Busuk
Anggur,Buah,Suhu Ruang,0.0,2.3,Terlalu Matang
Cabe,Sayur,Pendingin,5.0,18.2,Segar
Timun,Sayur,Pembeku,1.0,4.3,Busuk
Mangga,Buah,Pendingin,5.0,19.6,Mentah
Kentang,Sayur,Suhu Ruang,2.0,2.2,Busuk
Apel,Buah,Pendingin,1.0,1.2,Busuk
Wortel,Sayur,Suhu Ruang,6.0,12.1,Segar
Tomat,Sayur,Suhu Ruang,2.0,0.3,Busuk
Wortel,Sayur,Pendingin,0.0,1.9,Busuk
Jeruk,Buah,Pendingin,6.0,30.6,Mentah
Cabe,Sayur,Pembeku,2.0,5.6,Busuk
Anggur,Buah,Pembeku,1.0,13.2,Terlalu Matang
Pisang,Buah,Pendingin,2.0,5.5,Terlalu Matang
Tomat,Sayur,Pendingin,0.0,0.9,Busuk
Mangga,Buah,?,1.0,0.7,Busuk
Kentang,Sayur,,2.0,9.8,Segar
Cabe,Sayur,Pendingin,5.0,23.3,Segar
Mangga,Buah,Suhu Ruang,1.0,10.9,Mentah
Pisang,Buah,Pendingin,-5.0,866.1,Matang
Apel,Buah,Suhu Ruang,4.0,14.2,Mentah
Jeruk,Buah,Pendingin,1.0,23.9,Matang
Pisang,Buah,Pendingin,0.0,4.5,Terlalu Matang
Pisang,Buah,Pembeku,3.0,27.0,Matang
Mangga,Buah,Pendingin,2.0,5.0,Terlalu Matang
Anggur,Buah,Pendingin,3.0,5.6,Terlalu Matang
Pisang,Buah,Pendingin,-5.0,1511.9,Mentah
Cabe,Sayur,Pendingin,7261.0,4763.6,Busuk
Kentang,Sayur,Pendingin,0.0,1.4,Busuk
Anggur,,Suhu Ruang,1.0,,Terlalu Matang
Pisang,Buah,Suhu Ruang,3.0,6.2,Mentah
,Buah,,0.0,0.2,
Jeruk,Buah,Pendingin,3.0,8.8,Terlalu Matang
Jeruk,Buah,Suhu Ruang,3.0,2.7,Terlalu Matang
Mangga,Buah,Pembeku,1.0,2.8,Busuk
,Sayur,Pendingin,2.0,,Busuk
Kentang,Sayur,Pendingin,3.0,30.1,Segar
???,Sayur,Pendingin,2.0,0.6,Busuk
,Buah,,2.0,,Terlalu Matang
Timun,Sayur,Pembeku,3.0,38.1,OK
Pisang,Buah,Pendingin,3.0,14.5,Matang
Anggur,Buah,Pembeku,1.0,1.9,Busuk
##ERROR##,Buah,Pendingin,4.0,35.6,Mentah
Tomat,Sayur,Pembeku,5.0,37.2,Segar
Jeruk,Buah,Suhu Ruang,5.0,7.1,Matang
Pisang,Buah,Suhu Ruang,1.0,4.1,Matang
Wortel,Sayur,,-99.0,922.1,Expired
,,Suhu Ruang,,9.9,Segar
Jeruk,Buah,Suhu Ruang,1.0,0.5,Busuk
Anggur,Buah,Pembeku,,10.6,
-,Sayur,Pendingin,2.0,2.6,Busuk
Jeruk,Buah,Suhu Ruang,0.0,,Matang
Kentang,Sayur,Pendingin,2.0,5.4,Busuk
Kentang,Sayur,Pembeku,0.0,2.7,Busuk
Apel,Buah,Suhu Ruang,3.0,7.7,Matang
N/A,Buah,Pembeku,1.0,2.2,Busuk
Wortel,Sayur,Pendingin,0.0,19.1,Segar
Tomat,Sayur,Pembeku,-962.0,-705.9,Busuk
Kentang,Sayur,Luar Ruangan,1.0,2.7,Busuk
Timun,Sayur,Pembeku,1.0,0.8,Busuk
Cabe,Sayur,Pembeku,-5.0,2276.5,Busuk
Kentang,Sayur,Suhu Ruang,2.0,0.7,Busuk
Tomat,Sayur,Pendingin,4.0,8.3,Segar
Timun,Sayur,Pendingin,9999.0,999.3,null
Anggur,Buah,Pendingin,5.0,19.2,Mentah
Pisang,Buah,Pendingin,0.0,15.6,Mentah
Pisang,Buah,Pembeku,0.0,2.8,Busuk
Timun,Sayur,,,,Segar
Jeruk,Buah,Suhu Ruang,0.0,16.9,Mentah
Anggur,Buah,Pendingin,1.0,1.4,Busuk
Apel,Buah,Suhu Ruang,1.0,0.8,Busuk
Timun,Sayur,Pendingin,1.0,1.3,Busuk
Pisang,Buah,Pembeku,-895.0,-866.6,Matang
Tomat,Sayur,Suhu Ruang,2.0,0.7,Busuk
Apel,Buah,Suhu Ruang,3.0,3.8,Terlalu Matang
Mangga,Buah,Pendingin,4.0,10.8,Matang
Anggur,Buah,Pendingin,1.0,6.5,Terlalu Matang
Cabe,Sayur,Pendingin,2.0,2.4,Busuk
Apel,Buah,Pendingin,0.0,6.0,Terlalu Matang
Timun,Sayur,Pembeku,2.0,1.8,Busuk
Mangga,Buah,Pendingin,0.0,18.3,Mentah
Mangga,Buah,Pendingin,3.0,6.3,Terlalu Matang
Anggur,Buah,Pembeku,1.0,2.9,Busuk
Jeruk,Buah,Pendingin,-380.0,-230.8,Terlalu Matang
Timun,Sayur,,0.0,0.3,Busuk
Cabe,Sayur,Suhu Ruang,5.0,9.7,Segar
Tomat,Sayur,Pendingin,3.0,,Segar
,Sayur,Pendingin,6.0,,Segar
Mangga,Buah,Pembeku,4.0,29.3,Matang
Kentang,Sayur,Pembeku,1.0,6.5,Busuk
Pisang,,,1.0,24.8,
Tomat,Sayur,Suhu Ruang,4.0,9.1,Segar
Apel,Buah,Pendingin,,1.3,Busuk
Kentang,,Pendingin,,,Segar
Cabe,Sayur,Pendingin,6.0,18.3,Segar
Jeruk,Buah,Pembeku,,14.0,Terlalu Matang
Jeruk,Buah,Suhu Ruang,0.0,0.2,Busuk
Anggur,Buah,Pendingin,3.0,18.9,Matang
Tomat,Sayur,Pendingin,2.0,13.5,Segar
Apel,Buah,Pembeku,4.0,35.1,Matang
Mangga,Buah,Suhu Ruang,2.0,3.2,Terlalu Matang
Mangga,Buah,Suhu Ruang,3.0,7.7,Matang
Tomat,Sayur,Pendingin,4958.0,899.6,Busuk
Jeruk,Buah,Suhu Ruang,9066.0,9943.2,Mentah
Kentang,Sayur,Suhu Ruang,6.0,20.2,Segar
Wortel,Sayur,Pembeku,1.0,40.4,Segar
Timun,Sayur,Suhu Ruang,-5.0,3638.6,Segar
Pisang,Buah,Suhu Ruang,3.0,2.7,Terlalu Matang
Jeruk,Ikan,Pendingin,1.0,0.3,Busuk
Timun,Sayur,Pembeku,3.0,35.8,Segar
Pisang,Buah,Suhu Ruang,6.0,5.6,Mentah
Mangga,Buah,Suhu Ruang,4.0,7.9,Mentah
Jeruk,Buah,Suhu Ruang,0.0,12.5,Matang
Apel,Buah,Pendingin,0.0,1.5,Busuk
Wortel,Sayur,Pendingin,2.0,5.0,Busuk
Tomat,Sayur,Pendingin,1.0,1.9,Busuk
Timun,Sayur,Pembeku,2.0,0.2,Busuk
Mangga,Buah,Pendingin,1.0,10.7,Matang
,Buah,Pembeku,0.0,1973.2,
Anggur,Buah,Pendingin,1.0,5.0,Terlalu Matang
Wortel,Sayur,Suhu Ruang,1.0,1.9,Busuk
Kentang,Sayur,Pembeku,5.0,35.0,Segar
Tomat,Sayur,Pendingin,3.0,23.6,Segar
Kentang,Sayur,Pembeku,2.0,7.4,Busuk
Timun,Sayur,Pembeku,2.0,36.2,Segar
  ,Sayur,Pembeku,6.0,39.6,Segar
Tomat,Sayur,Suhu Ruang,0.0,,Busuk
,Buah,Pendingin,4.0,16.2,Matang
Jeruk,Buah,Suhu Ruang,0.0,2.7,Terlalu Matang
Wortel,Sayur,Suhu Ruang,1.0,1.3,Busuk
Tomat,Sayur,Pembeku,3.0,35.2,Segar
Timun,Sayur,Suhu Ruang,2.0,1.3,Busuk
Jeruk,Buah,Suhu Ruang,2.0,4.0,Terlalu Matang
Anggur,Buah,Pembeku,2.0,14.8,Terlalu Matang
Anggur,Buah,Pendingin,4.0,27.5,Mentah
Anggur,Buah,Pembeku,1.0,4.0,Busuk
Pisang,Buah,Pembeku,3.0,20.9,Matang
Timun,Sayur,Suhu Ruang,1.0,10.2,Segar
Cabe,Sayur,Suhu Ruang,5.0,6.1,Segar
Wortel,Sayur,Pendingin,0.0,0.2,Busuk
Tomat,Sayur,Pembeku,1.0,3.6,Busuk
Apel,Buah,Pembeku,1.0,3.3,Busuk
Timun,Sayur,Suhu Ruang,2.0,0.1,Busuk
Kentang,Sayur,Pendingin,0.0,5.5,Busuk
Cabe,Sayur,Suhu Ruang,4.0,5.5,Segar
Apel,Buah,Pembeku,3.0,9.7,Terlalu Matang
Pisang,Buah,Pendingin,-505.0,-754.4,Terlalu Matang
Jeruk,Buah,Suhu Ruang,1.0,2.8,Terlalu Matang
Apel,Buah,Pendingin,1.0,18.7,Mentah
Kentang,Sayur,Pendingin,3.0,38.0,Segar
Jeruk,Buah,Pendingin,5.0,17.4,Matang
Jeruk,Buah,,2.0,17.7,Terlalu Matang
UNKNOWN,Sayur,Pembeku,6.0,22.1,Segar
Wortel,Sayur,Suhu Ruang,0.0,9.0,Segar
Apel,Buah,Pembeku,1.0,16.9,Terlalu Matang
Kentang,Sayur,Pendingin,1.0,33.4,Segar
Timun,Sayur,Pendingin,2.0,0.7,Busuk
Wortel,Sayur,Pembeku,1.0,8.2,Busuk
Tomat,Sayur,Suhu Ruang,4.0,11.0,Segar
Mangga,Buah,Pembeku,0.0,7.4,Terlalu Matang
Wortel,Sayur,Pendingin,1.0,4.1,Busuk
Mangga,Buah,Pendingin,0.0,0.6,Busuk
Timun,Sayur,Pembeku,0.0,1.7,Busuk
Wortel,Sayur,Pendingin,1.0,5.1,Busuk
Anggur,Buah,Pendingin,0.0,7.7,Terlalu Matang
Kentang,Sayur,Pendingin,5270.0,9672.2,Busuk
Wortel,Sayur,Pendingin,2.0,24.8,Segar
Timun,Sayur,Pembeku,2.0,1.1,Busuk
Pisang,Buah,Pembeku,-5.0,1376.5,Busuk
Anggur,Buah,Pembeku,5.0,28.7,Matang
Cabe,Sayur,Suhu Ruang,2.0,0.5,Busuk
Anggur,Buah,Pendingin,2.0,18.5,Matang
Anggur,Buah,Suhu Ruang,1.0,0.5,Expired
Jeruk,Buah,Pembeku,0.0,2059.9,Terlalu Matang
Timun,Sayur,Pembeku,0.0,2.9,Busuk
,Buah,Pembeku,,,Mentah
Cabe,Sayur,Pendingin,6.0,26.8,Segar
Kentang,Sayur,Suhu Ruang,1.0,2.7,Busuk
Jeruk,Buah,Suhu Ruang,2.0,3.0,Terlalu Matang
buah123,Buah,Pendingin,0.0,1.0,Busuk
Anggur,Buah,Gudang,0.0,18.3,Matang
Mangga,Buah,Suhu Ruang,3.0,2.4,Terlalu Matang
Pisang,Buah,Suhu Ruang,1.0,7.0,Mentah
,Sayur,Pendingin,-99.0,2469.0,null
Kentang,Sayur,,2.0,0.4,Busuk
Cabe,Sayur,Suhu Ruang,500.0,481.3,null
Timun,Sayur,Suhu Ruang,2.0,0.1,Expired
Kentang,Sayur,Pendingin,1.0,3.5,Busuk
Apel,Buah,Suhu Ruang,2.0,4.5,Terlalu Matang
Apel,Buah,Suhu Ruang,0.0,0.2,Busuk
Tomat,Sayur,Pendingin,1.0,22.1,Segar
Pisang,Buah,Pendingin,5.0,19.0,Mentah
,Buah,Pembeku,1.0,,Matang
Cabe,Sayur,Pendingin,-5.0,4196.5,Segar
Apel,Buah,Pembeku,1.0,0.4,Busuk
Anggur,,,1.0,3.9,Terlalu Matang
Apel,Buah,Pendingin,1000.0,1363.2,Terlalu Matang
Tomat,Sayur,Pembeku,5.0,38.8,Segar
Cabe,Sayur,Pendingin,-5.0,1131.5,Segar
Pisang,Buah,Suhu Ruang,1.0,6.7,Matang
Kentang,Sayur,Pembeku,2.0,3.8,Busuk
Cabe,Sayur,Suhu Ruang,1.0,0.7,Busuk
Anggur,Buah,Pendingin,0.0,1.9,Busuk
Apel,Buah,Pendingin,4.0,14.0,Matang
Timun,Sayur,Pembeku,0.0,30.5,Segar
Anggur,Bumbu,Pembeku,3.0,29.1,Matang
Anggur,Buah,Pendingin,3.0,13.0,Matang
Kentang,Sayur,Suhu Ruang,6.0,14.1,Segar
Jeruk,Buah,Suhu Ruang,5.0,13.4,Mentah
Jeruk,Buah,Suhu Ruang,2.0,16.9,Mentah
Cabe,Sayur,Pendingin,2.0,,Busuk
Timun,,,1.0,0.2,
Tomat,Sayur,Pendingin,1.0,22.2,Segar
Kentang,Sayur,Suhu Ruang,1.0,7.3,Segar
Pisang,Buah,Pendingin,4.0,14.6,Matang
Wortel,Sayur,Pembeku,1000.0,4588.4,Busuk
Kentang,Sayur,Pembeku,1.0,8.0,Busuk
Wortel,Sayur,Pendingin,4.0,15.5,Segar
Wortel,Sayur,Suhu Ruang,4.0,10.3,Segar
Jeruk,Buah,Suhu Ruang,4.0,12.3,Matang
Anggur,Buah,Suhu Ruang,1.0,2.3,Terlalu Matang
Jeruk,Buah,,,17.4,Matang
Cabe,Sayur,Pendingin,5.0,17.3,Segar
Tomat,Sayur,Suhu Ruang,2.0,0.1,Busuk
Jeruk,Buah,Pembeku,1.0,41.0,Matang
Timun,Sayur,Pendingin,2.0,1.5,Busuk
Mangga,Buah,Pembeku,500.0,2133.5,Expired
Cabe,Sayur,Pendingin,4.0,23.2,Segar
Kentang,Sayur,Pembeku,2.0,10.9,Busuk
Anggur,Buah,Pendingin,1.0,1.5,Busuk
Kentang,Sayur,Suhu Ruang,4.0,15.5,Segar
Jeruk,Buah,Suhu Ruang,1.0,3.8,Terlalu Matang
Wortel,Sayur,Suhu Ruang,6.0,11.6,Segar
Jeruk,Buah,Suhu Ruang,2.0,12.0,Matang
Mangga,Buah,Pendingin,4.0,16.6,Mentah
Mangga,Buah,Pembeku,0.0,960.1,Expired
Jeruk,Buah,Pendingin,0.0,21.7,Mentah
Kentang,Sayur,Pendingin,3.0,33.5,Segar
Timun,Sayur,Suhu Ruang,9570.0,5450.0,Busuk
Kentang,Sayur,Gudang,3.0,41.4,Segar
Anggur,Buah,Suhu Ruang,4.0,8.6,Mentah
Cabe,Sayur,Suhu Ruang,2.0,5.8,Segar
Jeruk,Buah,Suhu Ruang,0.0,0.4,Busuk
Mangga,Buah,Pendingin,1.0,1.0,Busuk
Mangga,Buah,Pendingin,1.0,12.3,Matang
Mangga,Buah,Pendingin,5.0,15.8,Matang
Wortel,Sayur,Pendingin,0.0,2.0,Busuk
Apel,Buah,Pembeku,1.0,15.3,Terlalu Matang
Tomat,,Suhu Ruang,-99.0,479.9,
Apel,Buah,Pendingin,3.0,21.0,Matang
Kentang,Sayur,Pendingin,2.0,5.4,Busuk
Pisang,Buah,Pendingin,3.0,4.6,Terlalu Matang
Tomat,Sayur,Pembeku,1.0,4.2,Busuk
Kentang,Sayur,Pembeku,0.0,33.5,Segar
Kentang,,Suhu Ruang,2.0,1.6,Busuk
Jeruk,Buah,Pembeku,0.0,27.1,Matang
Cabe,Sayur,Suhu Ruang,0.0,0.5,Busuk
Pisang,Buah,Suhu Ruang,0.0,8.9,Mentah
Apel,Buah,Pendingin,1.0,18.7,Matang
Pisang,Buah,Suhu Ruang,1.0,0.3,Busuk
Pisang,Buah,Suhu Ruang,0.0,0.8,Busuk
Pisang,Buah,Pendingin,5.0,20.0,Mentah
Mangga,Buah,Suhu Ruang,2.0,11.5,Mentah
Pisang,Buah,Suhu Ruang,0.0,9.7,Mentah
Wortel,Sayur,Suhu Ruang,3461.0,6222.8,Segar
Anggur,Buah,Suhu Ruang,0.0,0.2,Busuk
Apel,Buah,Pendingin,1.0,9.4,Terlalu Matang
,Buah,,,23.2,Matang
Jeruk,Buah,Suhu Ruang,0.0,8.7,Matang
Mangga,Buah,Suhu Ruang,1.0,0.3,Busuk
Wortel,Sayur,Pendingin,3.0,29.4,Segar
Anggur,,,1.0,5.6,Matang
Pisang,Buah,Pembeku,1.0,0.8,Busuk
Pisang,Buah,Suhu Ruang,5.0,6.9,Mentah
Tomat,Sayur,Pendingin,-99.0,1019.0,Expired
Mangga,Buah,Suhu Ruang,3.0,2.8,Terlalu Matang
Kentang,Sayur,,500.0,1736.0,N/A
Mangga,Buah,Pendingin,0.0,23.7,Mentah
UNKNOWN,Sayur,Pembeku,1.0,8.0,Busuk
Kentang,Sayur,Pendingin,1.0,5.3,Busuk
Mangga,Buah,Pendingin,2.0,4.2,Terlalu Matang
Kentang,Sayur,Pembeku,5.0,34.0,Segar
Wortel,Sayur,Suhu Ruang,0.0,2.1,Busuk
Wortel,Sayur,Pendingin,1.0,26.7,Segar
Cabe,Sayur,Pendingin,1.0,2.7,Busuk
Kentang,Sayur,Suhu Ruang,0.0,1.4,Busuk
Anggur,Buah,Pembeku,2.0,32.1,Mentah
Tomat,Sayur,Pembeku,2.0,30.1,Segar
Pisang,,Pembeku,0.0,2.9,Busuk
Cabe,Sayur,Pembeku,2.0,2.4,Busuk
Tomat,Sayur,Pendingin,1.0,2.8,Busuk
Tomat,Sayur,Pendingin,1.0,0.6,Busuk
Tomat,Sayur,Pendingin,0.0,1.9,Busuk
,Sayur,,2.0,,Busuk
Tomat,Sayur,Suhu Ruang,-483.0,-549.1,Segar
Tomat,Sayur,Pendingin,4.0,15.6,Segar
Mangga,Buah,Pembeku,1.0,0.1,Busuk
Cabe,Sayur,Suhu Ruang,2.0,7.4,Segar
,Buah,Suhu Ruang,500.0,1396.9,
Apel,Buah,Pendingin,6.0,25.7,Mentah
Wortel,Sayur,Suhu Ruang,1.0,10.8,Segar
Mangga,Buah,Pendingin,3.0,4.1,Terlalu Matang
Kentang,Sayur,Suhu Ruang,0.0,1.7,Busuk
Anggur,Buah,Pendingin,2.0,4.7,Terlalu Matang
Tomat,Sayur,Pembeku,4.0,22.7,Segar
Timun,Sayur,Pembeku,2.0,0.9,Busuk
Apel,Buah,Pendingin,0.0,2.0,Busuk
Jeruk,Buah,Suhu Ruang,3.0,4.8,Terlalu Matang
Pisang,Buah,Suhu Ruang,2.0,7.4,Matang
Pisang,Buah,Suhu Ruang,5.0,6.6,Matang
Anggur,Buah,Suhu Ruang,0.0,2.4,Terlalu Matang
Timun,Sayur,Pembeku,4.0,33.9,Segar
Kentang,Sayur,Pendingin,0.0,0.3,Busuk
Kentang,Sayur,Suhu Ruang,0.0,0.3,Busuk
Pisang,Buah,Pembeku,1.0,2.6,Busuk
Timun,Sayur,Pendingin,0.0,0.0,Busuk
Cabe,Sayur,Pembeku,0.0,4.5,Busuk
Wortel,Sayur,,-99.0,1419.3,null
Tomat,,Pendingin,-99.0,1050.5,N/A
Timun,Sayur,Suhu Ruang,2.0,0.8,Busuk
Kentang,Sayur,Pendingin,2.0,1.5,Busuk
Mangga,Buah,Pembeku,1.0,8.3,Terlalu Matang
Apel,,,,,Busuk
Tomat,Sayur,Pendingin,0.0,1.2,Busuk
Pisang,Buah,Pendingin,5.0,10.5,Matang
Pisang,Buah,Suhu Ruang,0.0,0.8,Busuk
Apel,Buah,Suhu Ruang,3.0,3.2,Terlalu Matang
Timun,Sayur,Pembeku,1.0,2.7,Busuk
Pisang,Buah,Pendingin,0.0,4.0,Terlalu Matang
Tomat,Sayur,Suhu Ruang,1.0,5.8,Segar
Anggur,Buah,Pembeku,3.0,31.3,Mentah
Tomat,Sayur,Suhu Ruang,0.0,3959.5,Segar
Tomat,Sayur,Suhu Ruang,1.0,0.8,Busuk
Mangga,Buah,Suhu Ruang,1000.0,2594.2,Busuk
  ,Buah,Suhu Ruang,5.0,7.0,Matang
Kentang,Sayur,Suhu Ruang,0.0,1.5,Busuk
Anggur,,,1.0,0.3,Busuk
Apel,Buah,Suhu Ruang,3.0,3.4,Terlalu Matang
Kentang,Sayur,Suhu Ruang,2.0,1.0,Busuk
Timun,Sayur,Pendingin,2.0,3.6,Busuk
Tomat,Sayur,Pendingin,0.0,1.2,Busuk
Anggur,Buah,Pembeku,2.0,35.4,Mentah
Kentang,Sayur,Pendingin,4.0,18.1,Expired
Mangga,Buah,Pembeku,2.0,33.7,Mentah
Kentang,,Suhu Ruang,2.0,1.3,Busuk
Apel,Buah,Suhu Ruang,2.0,8.9,Matang
Jeruk,Bumbu,Pembeku,3.0,29.0,Matang
Timun,Sayur,Pembeku,3.0,18.9,Segar
Timun,Sayur,Pendingin,0.0,0.4,Busuk
Pisang,Buah,Pendingin,3.0,9.5,Matang
Mangga,Buah,Pendingin,3.0,21.1,Mentah
Apel,Buah,Suhu Ruang,2.0,3.9,Terlalu Matang
Wortel,Sayur,Suhu Ruang,2.0,0.1,Busuk
Cabe,Sayur,Suhu Ruang,2.0,0.9,Busuk
,Sayur,,0.0,2.2,Busuk
Pisang,Buah,Suhu Ruang,0.0,3.0,Terlalu Matang
Wortel,Sayur,Pendingin,-780.0,-797.2,Busuk
Timun,Sayur,Suhu Ruang,2.0,0.3,Busuk
Mangga,Buah,Pembeku,1.0,34.0,Mentah
Apel,Buah,Pembeku,1.0,33.9,Mentah
,Sayur,Suhu Ruang,4.0,,Segar
Pisang,Buah,Pendingin,4.0,8.0,Matang
Timun,Sayur,Pendingin,,10.4,Segar
Timun,Sayur,Pendingin,1.0,17.6,Segar
Mangga,Buah,Pendingin,1.0,4.2,Terlalu Matang
Jeruk,Buah,Pembeku,2.0,17.8,
Wortel,Sayur,Suhu Ruang,0.0,2.4,Busuk
Apel,Buah,N/A,2.0,14.8,Mentah
Kentang,1,Pendingin,2.0,5.2,Busuk
Pisang,Buah,Pembeku,0.0,1.4,Busuk
Apel,Buah,Pendingin,0.0,0.0,Tidak Diketahui
Kentang,Sayur,Suhu Ruang,2.0,0.2,Busuk
Kentang,Sayur,Suhu Ruang,4.0,17.6,Segar
Timun,Sayur,Pendingin,1.0,2.8,Busuk
Apel,Buah,Pembeku,1.0,4.0,Busuk
Mangga,Buah,Pembeku,2.0,10.0,Terlalu Matang
Apel,Buah,Pembeku,5.0,36.5,
Mangga,Buah,Pembeku,0.0,1553.3,Matang
Tomat,Sayur,Pembeku,2.0,2.5,Busuk
Timun,Sayur,Pendingin,2.0,0.6,Busuk
Jeruk,Buah,Pembeku,4.0,39.3,Mentah
Cabe,Sayur,Suhu Ruang,2.0,0.5,Busuk
Tomat,Sayur,Pendingin,0.0,1.7,Busuk
Mangga,Buah,Suhu Ruang,5.0,6.4,Matang
Jeruk,Buah,Suhu Ruang,0.0,0.4,Busuk
Apel,Buah,Pendingin,0.0,1.3,Busuk
Wortel,Sayur,Suhu Ruang,0.0,1.0,Busuk
Timun,Sayur,Pendingin,4.0,25.9,Segar
Kentang,Sayur,Suhu Ruang,0.0,7.9,Segar
Apel,Buah,Pembeku,1.0,1.8,Busuk
Jeruk,Buah,Pendingin,1.0,0.5,Busuk
Pisang,Buah,Pendingin,3.0,11.9,Matang
Cabe,Sayur,Pendingin,2.0,1.5,Busuk
Tomat,Sayur,Suhu Ruang,0.0,0.6,Busuk
Wortel,Sayur,Pembeku,2.0,7.8,Busuk
Wortel,Sayur,Pembeku,4.0,29.0,Segar
Kentang,,Suhu Ruang,4.0,12.2,Segar
Cabe,Sayur,Pembeku,0.0,0.0,Busuk
Cabe,Sayur,Suhu Ruang,4.0,6.4,Segar
Timun,Sayur,Suhu Ruang,1000.0,2527.6,Busuk
Mangga,Buah,Pendingin,4.0,9.7,Matang
Anggur,Buah,Suhu Ruang,9999.0,477.1,
Kentang,Sayur,Suhu Ruang,5.0,20.7,Segar
,Sayur,,6.0,11.7,Segar
Anggur,Buah,Suhu Ruang,-864.0,-486.3,Terlalu Matang
Apel,Buah,Suhu Ruang,1.0,14.5,Mentah
Tomat,Sayur,Suhu Ruang,1313.0,7217.4,Segar
Jeruk,Buah,Pembeku,1.0,41.0,Matang
Anggur,Buah,Pembeku,4.0,29.5,Matang
,Sayur,Pendingin,500.0,2343.9,N/A
Jeruk,Buah,Suhu Ruang,2.0,3.9,Terlalu Matang
Mangga,Buah,Pendingin,2.0,5.6,Terlalu Matang
Timun,Sayur,Pembeku,2.0,35.9,Segar
Jeruk,Buah,Pendingin,0.0,1.1,Busuk
Jeruk,Buah,Pendingin,2.0,15.4,Matang
,Sayur,Pembeku,2.0,,Busuk
Apel,Buah,Pendingin,0.0,7.2,Terlalu Matang
Pisang,Buah,Suhu Ruang,4066.0,7895.1,Terlalu Matang
Mangga,Buah,Pendingin,5.0,9.4,Matang
Tomat,Sayur,Pembeku,2.0,0.5,Busuk
Tomat,Sayur,Suhu Ruang,,0.6,
Apel,Buah,Suhu Ruang,2.0,10.3,Matang
Tomat,Sayur,Pendingin,3.0,8.3,Segar
Mangga,Buah,Pendingin,0.0,1.1,Busuk
Wortel,Sayur,Pendingin,3.0,21.8,Segar
Tomat,Sayur,Pembeku,1.0,18.1,Segar
Apel,Buah,Pembeku,6.0,37.1,Mentah
Mangga,Buah,Pendingin,5.0,13.3,Mentah
Anggur,Buah,Pembeku,5.0,30.1,Matang
Tomat,Sayur,Pendingin,0.0,0.6,Busuk
Wortel,,,2.0,,Busuk
Mangga,Buah,Pendingin,0.0,17.1,Mentah
Kentang,Sayur,Suhu Ruang,3.0,18.3,Segar
Kentang,Sayur,Suhu Ruang,0.0,13.2,Segar
Tomat,Sayur,Suhu Ruang,5.0,4.8,Segar
Pisang,Buah,Suhu Ruang,1.0,4.4,Matang
Anggur,Buah,Pendingin,0.0,18.4,Matang
Wortel,Sayur,Pembeku,1.0,4.3,Busuk
Kentang,Sayur,Suhu Ruang,6.0,14.5,Segar
Anggur,Buah,Pendingin,0.0,16.6,
Apel,Buah,Pembeku,1.0,4.0,Busuk
Pisang,Buah,Pendingin,2.0,4.4,Terlalu Matang
Mangga,Buah,Pembeku,5.0,34.6,Matang
Anggur,Buah,Pembeku,2.0,39.1,Mentah
Anggur,Buah,Pembeku,2.0,31.9,Mentah
Timun,Sayur,Pembeku,1.0,5.5,Busuk
Jeruk,Buah,Suhu Ruang,4.0,9.7,Mentah
Wortel,Sayur,Pendingin,2.0,0.6,Busuk
Kentang,Daging,Pendingin,1.0,3.0,Busuk
Apel,Buah,Suhu Ruang,0.0,0.8,Busuk
Apel,Buah,Suhu Ruang,0.0,0.0,Busuk
Tomat,Sayur,Pendingin,3.0,16.9,Segar
Apel,Buah,Suhu Ruang,1.0,0.6,Busuk
Cabe,Sayur,Suhu Ruang,5.0,5.8,Segar
Wortel,Sayur,Pembeku,1.0,4.5,Busuk
,Sayur,Suhu Ruang,2.0,,Busuk
Cabe,Sayur,Pembeku,4.0,20.4,Segar
Timun,Sayur,Pembeku,2.0,35.9,Segar
Kentang,Sayur,Suhu Ruang,2.0,0.0,Busuk
Jeruk,Buah,Pendingin,5.0,35.1,Mentah
UNKNOWN,Buah,Suhu Ruang,2.0,3.0,Terlalu Matang
Mangga,Buah,Pendingin,1.0,11.9,Matang
Kentang,Sayur,Pembeku,1.0,10.6,Busuk
Wortel,Sayur,Pendingin,9367.0,9098.6,Busuk
Anggur,Buah,Pendingin,1.0,16.5,Mentah
Cabe,Sayur,Suhu Ruang,1.0,5.5,Segar
Wortel,Sayur,Pembeku,2.0,2.0,Busuk
Kentang,Sayur,Pendingin,4.0,34.4,Segar
Jeruk,Buah,Pembeku,1.0,,
Tomat,Sayur,Pendingin,2.0,15.5,Segar
Cabe,Sayur,Pembeku,2.0,2.3,Busuk
Timun,Sayur,,0.0,-41.6,Expired
Kentang,Sayur,Pendingin,0.0,2.8,Busuk
Pisang,Buah,Suhu Ruang,3.0,2.7,Terlalu Matang
Timun,Sayur,Pendingin,2.0,2.3,Busuk
Kentang,Sayur,Suhu Ruang,1.0,1.2,Busuk
Jeruk,Buah,Pendingin,3.0,19.4,Mentah
Timun,,Pembeku,-99.0,28.5,
Pisang,Buah,Pendingin,0.0,4.4,Terlalu Matang
Pisang,Buah,Pendingin,1.0,6.0,Terlalu Matang
Tomat,Sayur,Suhu Ruang,4.0,11.0,Segar
,Buah,,,2.8,Busuk
Jeruk,Buah,Pendingin,3.0,24.3,Matang
Jeruk,Buah,Pembeku,2.0,14.9,Terlalu Matang
Mangga,Buah,Pembeku,0.0,14.4,Terlalu Matang
Timun,Sayur,Pembeku,1.0,5.3,Busuk
Apel,Buah,Pendingin,4.0,19.3,Matang
Pisang,Buah,Pembeku,2.0,8.7,Terlalu Matang
Jeruk,Buah,Suhu Ruang,2.0,6.9,Matang
Wortel,Sayur,Pendingin,0.0,640.1,null
Wortel,Sayur,Suhu Ruang,6.0,8.3,Segar
Cabe,Sayur,Pembeku,6.0,31.6,Segar
Timun,Sayur,Suhu Ruang,2.0,1.1,Busuk
Anggur,Buah,Pembeku,-539.0,-94.7,Mentah
Mangga,Buah,Pembeku,6.0,30.5,Mentah
Pisang,,Pendingin,0.0,995.1,N/A
Kentang,Sayur,Suhu Ruang,0.0,2754.7,Busuk
Anggur,Buah,Suhu Ruang,4.0,7.6,Mentah
Timun,Sayur,Pembeku,0.0,1.4,Busuk
Kentang,Sayur,Pendingin,0.0,1228.7,
Pisang,Buah,Pembeku,0.0,2.9,Busuk
Timun,Sayur,Pembeku,0.0,2.1,Busuk
Tomat,Sayur,Pembeku,6.0,18.9,Segar
Anggur,Buah,Pendingin,,,Matang
Apel,Buah,Pembeku,0.0,1.1,Busuk
Mangga,Buah,Pembeku,1.0,13.8,Terlalu Matang
Tomat,Sayur,Pembeku,3.0,19.0,Segar
Jeruk,Buah,Suhu Ruang,1.0,0.5,Busuk
Wortel,Sayur,Suhu Ruang,2.0,0.5,Busuk
Jeruk,Buah,Suhu Ruang,2.0,2.6,Terlalu Matang
Anggur,Buah,Pembeku,2.0,10.0,Terlalu Matang
Pisang,Buah,Pendingin,0.0,8.2,Matang
Wortel,Sayur,Pembeku,0.0,2.3,Busuk
Jeruk,Buah,Pendingin,0.0,1.1,Busuk
Apel,Buah,Suhu Ruang,3.0,4.1,Terlalu Matang
Cabe,Sayur,Suhu Ruang,1.0,7.7,Segar
Cabe,Sayur,Pembeku,5.0,32.0,Segar
Tomat,Sayur,Pembeku,1.0,1.5,Busuk
Pisang,Buah,Pembeku,2.0,8.5,Terlalu Matang
Wortel,Sayur,Suhu Ruang,3.0,10.2,Segar
Mangga,Buah,Pembeku,-5.0,4869.5,Busuk
Timun,,Pendingin,-99.0,-14.5,
Wortel,Sayur,Pendingin,2.0,4.3,Busuk
Mangga,Buah,Suhu Ruang,0.0,0.2,Busuk
Anggur,Buah,?,0.0,9.8,Matang
Kentang,Sayur,Pembeku,1.0,7.8,Busuk
Jeruk,,,1.0,41.9,Matang
Timun,Sayur,Pendingin,1.0,2.6,Expired
Apel,Buah,Pembeku,3.0,18.4,Terlalu Matang
Tomat,Sayur,Pembeku,2.0,2.0,Busuk
Jeruk,Buah,Pendingin,5.0,14.1,Matang
Mangga,Buah,,1.0,10.5,Mentah
Pisang,Buah,Pendingin,0.0,4.4,Terlalu Matang
Anggur,Buah,Pembeku,0.0,10.2,Terlalu Matang
Apel,Buah,Pendingin,0.0,19.3,Matang
,,Suhu Ruang,2.0,,Busuk
Cabe,,Pembeku,-99.0,-13.5,
Kentang,Sayur,Pembeku,1.0,4.9,Busuk
Kentang,Sayur,,9999.0,718.6,N/A
##ERROR##,Buah,Suhu Ruang,1.0,5.9,Matang
Mangga,Buah,Pendingin,2.0,21.4,Mentah
Jeruk,Buah,Pendingin,2.0,5.8,Terlalu Matang
Apel,Buah,Pendingin,1.0,0.2,Busuk
,Buah,Suhu Ruang,500.0,468.8,N/A
Kentang,Sayur,Suhu Ruang,1.0,1.0,Busuk
Anggur,Buah,Suhu Ruang,0.0,3.9,Terlalu Matang
Pisang,Buah,Suhu Ruang,0.0,10.4,Mentah
,,,0.0,1.2,Busuk
Kentang,??,Pembeku,2.0,7.7,Busuk
Cabe,Sayur,Suhu Ruang,2.0,13.0,Segar
Cabe,Sayur,Pendingin,0.0,3.7,Busuk
Anggur,Buah,Pendingin,4.0,15.6,Matang
Tomat,Sayur,Suhu Ruang,4.0,7.4,Segar
Mangga,Buah,Pendingin,6.0,22.3,Mentah
Apel,Buah,Pendingin,0.0,1.1,Busuk
Tomat,Sayur,Suhu Ruang,1.0,1.6,Busuk
Jeruk,Buah,Pendingin,0.0,2.3,Busuk
Tomat,Sayur,Suhu Ruang,3663.0,9061.2,Segar
Apel,,Pendingin,0.0,1.9,
,,Pembeku,0.0,1.4,
Kentang,Sayur,Pendingin,1.0,1.0,Busuk
Timun,Sayur,Pembeku,3.0,37.5,Segar
Anggur,Buah,Suhu Ruang,3.0,10.8,Mentah
Wortel,Sayur,Pendingin,0.0,4.9,Busuk
Mangga,Buah,Pembeku,2.0,11.0,Terlalu Matang
Cabe,Sayur,Pendingin,0.0,2.5,Busuk
Tomat,Sayur,Pendingin,0.0,0.1,Busuk
Timun,Sayur,Suhu Ruang,0.0,2023.3,Busuk
Anggur,Buah,Pembeku,5.0,27.6,Matang
Timun,Sayur,Pendingin,2.0,0.2,Busuk
Cabe,Sayur,Suhu Ruang,1.0,13.9,Segar
Mangga,,Pembeku,,,Matang
Jeruk,Buah,Pendingin,3.0,24.1,Matang
Apel,Buah,Pendingin,0.0,23.3,Matang
Kentang,Sayur,Pendingin,6.0,38.2,Segar
Tomat,Sayur,Pendingin,0.0,1.8,Busuk
Wortel,Sayur,Suhu Ruang,2.0,1.3,Busuk
Wortel,,Suhu Ruang,-99.0,1172.4,N/A
Pisang,Buah,Suhu Ruang,5.0,10.7,Mentah
Mangga,Buah,Suhu Ruang,3.0,6.5,Matang
Mangga,,Pembeku,4.0,,Matang
,Sayur,Pembeku,,,Busuk
Anggur,Buah,Pendingin,0.0,25.1,Mentah
Pisang,Buah,Pendingin,0.0,5.3,Terlalu Matang
Kentang,Sayur,Pembeku,-5.0,1482.5,Busuk
Wortel,Sayur,Suhu Ruang,6.0,10.9,Segar
Apel,Buah,Pendingin,5.0,12.8,Matang
Tomat,Sayur,Pendingin,0.0,0.8,Busuk
Anggur,Buah,Suhu Ruang,3.0,11.2,Mentah
Tomat,Sayur,Pembeku,1.0,1.8,Busuk
Timun,Sayur,Pembeku,0.0,5.9,Busuk
Apel,Buah,Suhu Ruang,0.0,2.6,Terlalu Matang
Wortel,Sayur,Suhu Ruang,1.0,2.3,Busuk
Pisang,Buah,Suhu Ruang,5.0,8.1,Mentah
Jeruk,Buah,Pembeku,1.0,18.3,Terlalu Matang
Anggur,Buah,Pendingin,0.0,0.3,Busuk
Kentang,Sayur,Suhu Ruang,0.0,0.4,Busuk
Apel,Buah,Pembeku,4.0,32.9,Matang
Apel,Buah,Pembeku,1.0,2.7,Busuk
Apel,Buah,Suhu Ruang,2.0,3.9,Terlalu Matang
Kentang,Sayur,Pembeku,2.0,2.4,Busuk
Tomat,Sayur,Pendingin,6.0,17.3,Segar
Mangga,Buah,Pendingin,5.0,11.4,Matang
Mangga,Buah,Pendingin,3.0,7.2,Terlalu Matang
Pisang,Buah,Pendingin,3.0,4.1,Terlalu Matang
Wortel,Sayur,Suhu Ruang,0.0,2.6,Busuk
Pisang,Buah,Suhu Ruang,2.0,5.7,Mentah
Tomat,,Pembeku,6.0,,Segar
Kentang,Sayur,Suhu Ruang,,,
Cabe,Sayur,Pembeku,2.0,6.2,Busuk
Apel,Buah,Lemari,2.0,11.5,Mentah
Anggur,Buah,Pembeku,3.0,41.5,Mentah
Wortel,Sayur,Pendingin,1.0,1.3,Busuk
Anggur,Buah,Suhu Ruang,0.0,5.7,Matang
Kentang,Sayur,,,5.2,Busuk
Pisang,Buah,Pembeku,3.0,6.6,Terlalu Matang
Timun,Sayur,Pendingin,0.0,2.4,Busuk
Tomat,Sayur,Pembeku,1.0,21.1,Segar
Jeruk,Buah,Suhu Ruang,-99.0,687.9,N/A
Kentang,Sayur,Suhu Ruang,0.0,0.1,Busuk
Tomat,Sayur,Pendingin,2.0,0.2,Busuk
Apel,Buah,Pendingin,5.0,17.0,Matang
Cabe,Sayur,Pendingin,1.0,28.0,Segar
Kentang,Sayur,Suhu Ruang,2.0,7.5,Segar
Timun,Sayur,Pembeku,2.0,0.9,Busuk
Jeruk,Buah,Pendingin,9013.0,4998.0,Busuk
Pisang,Buah,Pembeku,1.0,10.7,Terlalu Matang
Timun,Sayur,Pembeku,1.0,38.0,Segar
Mangga,Buah,Suhu Ruang,-63.0,-756.7,Terlalu Matang
Apel,Buah,Pendingin,3.0,12.7,Matang
Tomat,Sayur,Pendingin,0.0,10.9,Segar
Cabe,Sayur,Suhu Ruang,0.0,1.1,Busuk
Timun,Sayur,Pembeku,2.0,2.1,Busuk
Anggur,Buah,Pembeku,1.0,1.9,Busuk
???,Buah,Luar Ruangan,1.0,0.3,Busuk
Tomat,Sayur,Suhu Ruang,0.0,1.0,Busuk
Anggur,Buah,Pendingin,0.0,1899.5,Matang
Pisang,Buah,Suhu Ruang,2.0,3.2,Terlalu Matang
Kentang,Sayur,Suhu Ruang,4.0,17.7,Segar
Tomat,Sayur,Suhu Ruang,1.0,8.1,Segar
Tomat,Sayur,Pendingin,0.0,0.6,Busuk
Wortel,Sayur,Suhu Ruang,5.0,7.0,Segar
Apel,Buah,Pendingin,3.0,21.0,Matang
Kentang,Sayur,Suhu Ruang,0.0,1.0,Busuk
Kentang,Sayur,Suhu Ruang,0.0,8.1,Segar
Jeruk,,Suhu Ruang,5.0,17.5,Mentah
Anggur,Buah,Suhu Ruang,0.0,2.4,Terlalu Matang
Kentang,Sayur,Suhu Ruang,-769.0,-58.6,Busuk
Tomat,Sayur,Pembeku,2.0,0.2,Busuk
Tomat,Sayur,Pembeku,1.0,16.7,Segar
Timun,Sayur,Pendingin,2.0,2.3,Busuk
Kentang,Sayur,Pembeku,2.0,2.8,Busuk
Kentang,Sayur,Suhu Ruang,,1.8,Busuk
Tomat,Sayur,Pendingin,0.0,1.5,Busuk
Mangga,Buah,Pembeku,0.0,2.3,Busuk
Mangga,Buah,Suhu Ruang,0.0,0.6,Busuk
Mangga,Buah,Suhu Ruang,1.0,6.8,Mentah
Mangga,Buah,Suhu Ruang,5.0,10.5,Mentah
Kentang,Sayur,Suhu Ruang,6.0,15.8,Segar
Kentang,Sayur,Pembeku,1.0,30.7,Segar
Tomat,Sayur,Pembeku,1.0,0.1,Busuk
Timun,Sayur,Pendingin,4.0,13.8,Segar
Anggur,Buah,Suhu Ruang,3.0,2.1,Terlalu Matang
Jeruk,Buah,Pendingin,6.0,30.1,Mentah
Wortel,Sayur,,4.0,16.5,Segar
Cabe,Sayur,Pendingin,2.0,3.4,Busuk
Apel,Buah,Pembeku,1.0,30.4,Matang
Anggur,Buah,Pembeku,3.0,14.5,Terlalu Matang
Pisang,Buah,Pendingin,4.0,17.1,Mentah
Tomat,Sayur,Pembeku,5.0,37.1,Segar
Cabe,Sayur,Pendingin,3.0,28.3,Segar
Apel,,Suhu Ruang,-99.0,706.0,
Timun,Sayur,Pendingin,1.0,9.2,Segar
Jeruk,Buah,Suhu Ruang,0.0,2.8,Terlalu Matang
Cabe,Sayur,Pembeku,-99.0,1481.4,
Jeruk,Buah,Pembeku,1.0,0.1,Tidak Diketahui
Timun,Sayur,Suhu Ruang,0.0,0.9,Busuk
Timun,,,0.0,,Segar
Tomat,Sayur,Pendingin,2.0,20.1,Segar
Jeruk,Buah,Pendingin,1.0,7.4,Terlalu Matang
Apel,Buah,Pembeku,0.0,18.9,Terlalu Matang
Mangga,Buah,Suhu Ruang,1.0,2.1,Terlalu Matang
,Buah,,,1.6,Busuk
Tomat,Sayur,Pendingin,-962.0,-246.5,Segar
Pisang,Buah,Suhu Ruang,4.0,7.7,Matang
Anggur,Buah,Pembeku,2.0,26.0,Matang
Jeruk,Buah,Pendingin,1.0,2.2,Busuk
Mangga,Buah,Pembeku,1.0,1.1,Busuk
Jeruk,Buah,Suhu Ruang,-545.0,-236.8,Matang
Tomat,Sayur,Pembeku,1.0,3.9,Busuk
Mangga,Buah,,1.0,0.7,Busuk
Anggur,Buah,Suhu Ruang,1.0,7.6,Matang
Apel,Buah,Pendingin,7786.0,9189.1,Matang
-,Sayur,Suhu Ruang,0.0,2.1,Busuk
Apel,Buah,Pembeku,0.0,3.1,Busuk
Wortel,Sayur,Suhu Ruang,6.0,7.7,Segar
Apel,Buah,Pendingin,1.0,17.9,Matang
Cabe,Sayur,Pendingin,1.0,27.5,Segar
Mangga,Buah,Pembeku,-914.0,-236.7,Matang
Anggur,Buah,Pembeku,1.0,0.1,
Pisang,Buah,Pembeku,2.0,32.3,Mentah
Mangga,Buah,Pendingin,5.0,12.9,Mentah
Mangga,Buah,Suhu Ruang,2.0,1.8,Terlalu Matang
Apel,Buah,Pendingin,1.0,8.1,Terlalu Matang
Timun,Sayur,Pembeku,2.0,4.0,Busuk
Cabe,Sayur,Suhu Ruang,0.0,14.5,Segar
Kentang,Sayur,Suhu Ruang,2.0,1.5,
Mangga,Buah,Pembeku,1.0,0.6,Busuk
Timun,Sayur,Suhu Ruang,5.0,12.6,Segar
Cabe,Sayur,Pembeku,2.0,5.6,Busuk
Wortel,Sayur,Suhu Ruang,1.0,2.0,Busuk
Kentang,Sayur,Pendingin,2.0,0.6,Busuk
Wortel,Sayur,Pendingin,0.0,2.8,Busuk
Jeruk,Buah,Suhu Ruang,3.0,3.3,Terlalu Matang
Tomat,Sayur,Pendingin,1.0,3.2,Busuk
  ,Buah,Pembeku,2.0,18.8,Matang
Mangga,Buah,Suhu Ruang,4920.0,2757.3,Busuk
Tomat,Sayur,Suhu Ruang,1000.0,2857.4,Segar
,Sayur,Pendingin,3.0,,
Cabe,Sayur,Pembeku,5.0,26.9,Segar
Anggur,Buah,Suhu Ruang,1.0,0.2,Busuk
Timun,Sayur,Suhu Ruang,2.0,0.3,Busuk
Timun,Sayur,Pendingin,0.0,11.3,Segar
Tomat,Sayur,Pembeku,3.0,35.2,Segar
Timun,Sayur,Suhu Ruang,2.0,1.1,Busuk
Pisang,Buah,Suhu Ruang,0.0,8.9,Mentah
Tomat,Sayur,Suhu Ruang,1.0,0.7,Busuk
Jeruk,Buah,Pendingin,2.0,21.0,Mentah
Cabe,Sayur,Pembeku,1.0,2.8,Busuk
Wortel,Sayur,Pendingin,5.0,20.9,Segar
Mangga,Buah,Pembeku,0.0,10.6,Terlalu Matang
Jeruk,Buah,Suhu Ruang,0.0,3.0,Terlalu Matang
Mangga,Buah,Pembeku,0.0,0.4,Busuk
Jeruk,Buah,Suhu Ruang,5.0,14.3,Mentah
Anggur,Buah,Pembeku,1000.0,3501.9,Matang
Cabe,Sayur,Suhu Ruang,2.0,1.0,
Cabe,Sayur,Pembeku,0.0,7.6,Busuk
Timun,??,Pendingin,1.0,2.4,Busuk
Wortel,Sayur,Pembeku,2.0,1.1,Busuk
Tomat,Sayur,Pendingin,3.0,13.6,Segar
Mangga,Buah,Suhu Ruang,-428.0,-61.1,Mentah
Wortel,,Suhu Ruang,,0.4,
Wortel,Sayur,Pendingin,2.0,24.8,Segar
Apel,Buah,Suhu Ruang,0.0,4.8,Terlalu Matang
Mangga,Buah,Suhu Ruang,-652.0,-26.3,Terlalu Matang
Mangga,Buah,Suhu Ruang,2.0,2.0,Terlalu Matang
Anggur,Buah,Pendingin,0.0,16.6,Mentah
Tomat,Sayur,Pendingin,1.0,2.0,Busuk
Cabe,Sayur,Pembeku,1.0,5.4,Busuk
Pisang,Buah,Suhu Ruang,3.0,9.7,Mentah
Cabe,Sayur,Suhu Ruang,0.0,2.0,Busuk
Pisang,Buah,Suhu Ruang,0.0,0.3,Busuk
Cabe,Sayur,Pendingin,0.0,12.0,Segar
Mangga,Buah,Pendingin,0.0,11.6,Matang
Cabe,Sayur,Pembeku,0.0,7.2,Busuk
Tomat,Sayur,Pendingin,2.0,0.4,Busuk
Pisang,Buah,Pembeku,1.0,10.2,Expired
Apel,Buah,Pendingin,3.0,16.0,Matang
Kentang,Sayur,Pembeku,0.0,3.1,Busuk
Timun,Sayur,Suhu Ruang,5.0,7.5,Segar
Tomat,Sayur,Suhu Ruang,0.0,1.4,Busuk
Jeruk,Buah,,0.0,452.9,N/A
Wortel,Sayur,Pembeku,0.0,1.5,Busuk
Cabe,Sayur,Suhu Ruang,-905.0,-464.0,Busuk
Mangga,Buah,Pendingin,1.0,0.2,Busuk
Cabe,Sayur,Pendingin,6.0,13.4,Segar
Kentang,Sayur,Suhu Ruang,1.0,20.0,Segar
Tomat,Sayur,Suhu Ruang,5088.0,4898.1,Busuk
Timun,Sayur,Pendingin,4.0,26.9,Segar
Mangga,Buah,,5.0,11.6,Matang
Wortel,Sayur,Pendingin,1.0,1.0,Busuk
Pisang,Buah,Suhu Ruang,3.0,9.0,Mentah
Anggur,Buah,Suhu Ruang,1.0,0.6,Busuk
Pisang,Buah,Pendingin,1.0,0.3,Busuk
Jeruk,Buah,Pembeku,0.0,36.5,Matang
Wortel,Sayur,,500.0,2678.3,null
Tomat,Sayur,Pembeku,3.0,36.3,Segar
Tomat,Sayur,Luar Ruangan,5.0,27.3,Segar
Wortel,Sayur,Pendingin,0.0,33.0,Segar
Pisang,Buah,Pendingin,0.0,16.7,Mentah
Apel,Buah,Pendingin,3.0,21.3,Mentah
Jeruk,Buah,Suhu Ruang,1.0,0.3,Busuk
Jeruk,Buah,,0.0,,Terlalu Matang
Anggur,Buah,Suhu Ruang,0.0,0.4,Busuk
Pisang,Buah,Pendingin,4.0,14.3,Matang
Jeruk,Buah,Pembeku,1.0,30.3,Matang
Mangga,Buah,Pembeku,1.0,1.4,Busuk
Pisang,Buah,Pendingin,3.0,13.6,Matang
Apel,Buah,Pembeku,-5.0,4785.1,Busuk
Timun,Sayur,Pendingin,0.0,24.1,Segar
Tomat,Sayur,Pendingin,1.0,0.1,Busuk
Jeruk,Buah,Pendingin,0.0,33.8,Mentah
Wortel,Sayur,Pendingin,0.0,3.5,Busuk
Mangga,Buah,Pendingin,5.0,22.0,Mentah
,Buah,Pembeku,1.0,4.3,
Mangga,Buah,Suhu Ruang,0.0,2.0,Terlalu Matang
Cabe,Sayur,Pembeku,5.0,40.7,Segar
Jeruk,Buah,Suhu Ruang,3.0,4.9,Terlalu Matang
Wortel,Sayur,Suhu Ruang,2.0,1.2,Busuk
Jeruk,Buah,Pendingin,6.0,32.3,Mentah
Kentang,Sayur,Suhu Ruang,0.0,10.0,Segar
Anggur,Buah,Suhu Ruang,1.0,0.2,Busuk
Jeruk,Buah,Suhu Ruang,4.0,9.6,Matang
Anggur,Buah,Pembeku,0.0,28.1,Matang
Cabe,Sayur,Pendingin,2.0,28.9,Segar
Anggur,Buah,Suhu Ruang,0.0,0.2,Busuk
Cabe,Sayur,Suhu Ruang,5.0,14.8,Segar
Jeruk,Buah,Pembeku,0.0,3.4,Busuk
Kentang,Sayur,Suhu Ruang,,1.2,
Pisang,Buah,Pendingin,0.0,1.2,Busuk
Pisang,Buah,Suhu Ruang,6.0,9.8,Mentah
Kentang,Sayur,Pendingin,5.0,33.0,Segar
Kentang,Sayur,Pembeku,4209.0,7534.4,Busuk
Pisang,Buah,Pendingin,0.0,1.5,Busuk
Pisang,Buah,Pendingin,6.0,20.8,Mentah
Jeruk,Buah,,2.0,6.1,
Pisang,Buah,Suhu Ruang,0.0,0.7,Busuk
Pisang,Buah,Pendingin,-718.0,-938.1,Matang
Cabe,Sayur,Pembeku,0.0,5.5,Busuk
Wortel,Sayur,Suhu Ruang,1.0,2.5,Busuk
Cabe,Sayur,Pendingin,2.0,2.4,Busuk
Timun,Sayur,Pendingin,0.0,2.7,Busuk
Jeruk,Buah,Pembeku,2.0,28.1,Matang
Kentang,Sayur,Pembeku,4.0,37.3,Segar
Apel,Buah,Pembeku,3.0,31.7,Matang
Jeruk,Buah,Pembeku,0.0,35.5,Matang
Apel,Buah,Suhu Ruang,4.0,10.5,Mentah
Pisang,Buah,Pendingin,1000.0,3366.4,Busuk
Kentang,Sayur,Suhu Ruang,3.0,11.7,Segar
Apel,Buah,Pembeku,1.0,0.4,Busuk
Pisang,Buah,Pendingin,1.0,15.9,Matang
Anggur,Buah,Pembeku,3.0,28.6,Matang
Wortel,Sayur,Suhu Ruang,4.0,16.5,Segar
Tomat,Sayur,Suhu Ruang,5.0,11.7,Segar
Cabe,Sayur,Pembeku,3.0,24.0,Segar
Timun,Sayur,Pendingin,2.0,2.6,Busuk
Apel,Buah,Suhu Ruang,-993.0,-51.2,Mentah
Mangga,Buah,Suhu Ruang,1.0,0.0,Busuk
Jeruk,Buah,Pendingin,0.0,30.5,Mentah
Kentang,Sayur,Pembeku,0.0,9.2,Busuk
Kentang,Sayur,Pendingin,2.0,31.0,Segar
Apel,Buah,Suhu Ruang,2045.0,3641.2,Mentah
Tomat,Sayur,Pembeku,0.0,6.1,Busuk
Tomat,Sayur,Pendingin,0.0,1.0,Busuk
,,Pendingin,1.0,,Busuk
Mangga,Buah,Pembeku,0.0,2.1,Busuk
Tomat,Bumbu,Suhu Ruang,2.0,0.4,Busuk
Pisang,Buah,Suhu Ruang,0.0,0.3,Busuk
Tomat,Sayur,Pendingin,1.0,0.7,Busuk
Apel,Buah,Suhu Ruang,2.0,4.0,Terlalu Matang
Pisang,Buah,Suhu Ruang,-5.0,3643.5,Matang
Mangga,Buah,Suhu Ruang,3.0,6.1,Matang
Anggur,Buah,Pembeku,1.0,9.1,Terlalu Matang
Timun,Sayur,Pembeku,3.0,40.6,Segar
,Buah,Pendingin,0.0,17.3,Matang
Apel,Buah,Pembeku,5.0,41.3,Matang
Mangga,Buah,Pembeku,6.0,34.4,Mentah
Timun,Sayur,Pendingin,2.0,0.3,Busuk
Tomat,Sayur,Pembeku,2.0,27.3,Segar
Jeruk,,,1.0,41.9,Matang
Timun,Sayur,Pendingin,5.0,14.6,Segar
Apel,Buah,Pembeku,2.0,11.0,Terlalu Matang
Pisang,Buah,Pendingin,2.0,11.6,Matang
Apel,Buah,Suhu Ruang,1.0,2.9,Terlalu Matang
Pisang,Buah,Pendingin,,,
Timun,Sayur,Pendingin,2.0,1.8,Busuk
Wortel,Sayur,Pendingin,1.0,25.2,Segar
Apel,Buah,Pendingin,0.0,2.0,Busuk
Wortel,Sayur,Pendingin,2.0,25.8,Segar
Cabe,Sayur,Suhu Ruang,6.0,10.6,Segar
Wortel,Sayur,Pendingin,6.0,17.7,Segar
Kentang,Sayur,Suhu Ruang,2.0,1.0,Busuk
Mangga,Buah,Pendingin,1000.0,3574.8,Terlalu Matang
Apel,Buah,Pendingin,4.0,16.2,Matang
,,Pendingin,,15.6,Matang
Jeruk,Buah,Pendingin,3.0,9.2,Terlalu Matang
Jeruk,Buah,Suhu Ruang,1.0,4.2,Terlalu Matang
Jeruk,Buah,Suhu Ruang,1.0,7.2,Matang
Kentang,Sayur,Pendingin,3.0,29.7,Segar
Anggur,Buah,Pembeku,1.0,11.9,Terlalu Matang
Mangga,Buah,Suhu Ruang,5.0,5.9,Matang
,Buah,Pendingin,9999.0,2355.6,
Mangga,Buah,Pendingin,1.0,4.2,Terlalu Matang
Tomat,Sayur,Suhu Ruang,3.0,10.2,Segar
Cabe,Sayur,Pendingin,5.0,22.1,Segar
Pisang,Buah,Suhu Ruang,1.0,0.2,Busuk
Kentang,Sayur,Pembeku,2.0,8.4,Busuk
Jeruk,Buah,Suhu Ruang,2.0,8.6,Matang
Tomat,Sayur,Pembeku,1000.0,2581.3,Busuk
Anggur,Buah,Pendingin,0.0,17.3,Mentah
Pisang,Buah,Suhu Ruang,0.0,0.4,Busuk
Mangga,Buah,Pembeku,1.0,1.1,Busuk
Kentang,Sayur,Pendingin,1.0,1.2,Busuk
Pisang,Buah,Suhu Ruang,0.0,0.3,Busuk
Jeruk,Buah,Pendingin,0.0,0.8,Busuk
Wortel,Sayur,Pembeku,0.0,37.7,Segar
Mangga,Buah,Pendingin,0.0,11.2,Matang
Tomat,Sayur,Pembeku,0.0,2.4,Busuk
Mangga,Buah,Suhu Ruang,2.0,6.3,Matang
Tomat,Sayur,Suhu Ruang,2.0,10.0,Segar
Timun,Sayur,Pendingin,2.0,19.1,Segar
Pisang,Buah,Suhu Ruang,2.0,2.0,Terlalu Matang
Apel,Buah,Pendingin,1.0,1.0,Busuk
,Sayur,Pendingin,0.0,2554.2,
Tomat,Sayur,Pembeku,6.0,35.0,Segar
Pisang,Buah,Suhu Ruang,1.0,2.4,Terlalu Matang
Pisang,Buah,Pembeku,2.0,7.9,Terlalu Matang
Kentang,Sayur,Pendingin,3.0,41.4,Segar
Wortel,Sayur,Suhu Ruang,0.0,0.9,Busuk
Anggur,Buah,Pembeku,1.0,12.5,Terlalu Matang
Wortel,Sayur,Pendingin,1.0,4.4,Busuk
Jeruk,Buah,Pendingin,2.0,32.2,Mentah
Jeruk,??,Pembeku,1.0,0.3,Busuk
Jeruk,Buah,Pendingin,-5.0,3699.2,Mentah
Cabe,Sayur,Pembeku,1.0,8.0,Busuk
Wortel,Sayur,Pendingin,0.0,3.4,Busuk
Tomat,Sayur,Pembeku,-292.0,-795.3,Segar
Pisang,Buah,Pembeku,0.0,2.7,Busuk
Mangga,Buah,Pendingin,1.0,1.8,Busuk
Anggur,Buah,Pendingin,1.0,0.8,Busuk
Jeruk,Buah,Pembeku,0.0,4.8,Busuk
Tomat,Sayur,Pendingin,0.0,2.8,Busuk
Wortel,Sayur,Suhu Ruang,1.0,10.8,Segar
Anggur,Buah,Suhu Ruang,2.0,2.4,Terlalu Matang
Jeruk,Buah,Pembeku,0.0,4.8,Busuk
Tomat,Sayur,Pembeku,0.0,4.1,Busuk
Cabe,Sayur,Pembeku,1.0,2.1,Busuk
Pisang,Buah,Suhu Ruang,0.0,8.6,Mentah
Mangga,Buah,Suhu Ruang,3.0,6.4,Mentah
Anggur,Buah,Pendingin,2.0,19.1,Mentah
Apel,Buah,Pendingin,0.0,1.5,Busuk
Timun,Sayur,Pendingin,1.0,3.1,Busuk
Cabe,Sayur,Pendingin,2.0,3.2,Busuk
Wortel,Sayur,Pembeku,2.0,2.5,Busuk
Tomat,Sayur,Suhu Ruang,0.0,0.5,Busuk
Cabe,Sayur,Suhu Ruang,2.0,1.0,Busuk
Kentang,Sayur,Suhu Ruang,2.0,0.5,Busuk
Mangga,Buah,Pendingin,1.0,4.6,Terlalu Matang
,Sayur,Pendingin,,21.0,Segar
Anggur,Buah,Pendingin,0.0,1.8,Busuk
Jeruk,Buah,Pendingin,3.0,13.2,Matang
Cabe,Sayur,Pendingin,5.0,25.0,Segar
Tomat,Sayur,Pembeku,2.0,39.1,Segar
Cabe,Sayur,Pendingin,5.0,12.4,Segar
Kentang,Sayur,Pendingin,2.0,0.5,Busuk
Anggur,Buah,Suhu Ruang,2.0,11.2,Mentah
Jeruk,Buah,Pendingin,3.0,13.7,Matang
Anggur,Buah,Suhu Ruang,1.0,0.1,Busuk
Apel,Buah,Suhu Ruang,0.0,13.9,Mentah
Pisang,Buah,Suhu Ruang,1.0,0.6,Busuk
Tomat,Sayur,Pendingin,0.0,1.1,Busuk
Anggur,Buah,Pendingin,4.0,16.6,Mentah
Wortel,Sayur,Suhu Ruang,0.0,1.0,Busuk
Anggur,Buah,Pembeku,3.0,10.6,Terlalu Matang
Cabe,Sayur,Pembeku,1.0,5.6,Busuk
Timun,Sayur,Pembeku,2.0,40.0,Segar
Kentang,Sayur,Suhu Ruang,2.0,1.6,Busuk
Kentang,Sayur,Suhu Ruang,3.0,7.5,Segar
Cabe,Sayur,Pendingin,2.0,0.1,Busuk
Anggur,,Suhu Ruang,0.0,,Terlalu Matang
Cabe,Sayur,Pendingin,0.0,0.4,Busuk
Wortel,Sayur,Pendingin,1.0,22.7,Segar
Jeruk,Buah,Pendingin,1.0,6.8,Terlalu Matang
Jeruk,Buah,Pembeku,-969.0,-365.6,Busuk
Apel,Buah,Pendingin,3.0,5.7,Terlalu Matang
Mangga,Buah,Pembeku,3052.0,8039.3,Mentah
Pisang,Buah,Suhu Ruang,1.0,0.5,Busuk
Tomat,Sayur,Suhu Ruang,0.0,0.9,Busuk
Wortel,Sayur,Suhu Ruang,-5.0,3176.6,Busuk
Wortel,Sayur,Pembeku,2.0,1.1,Busuk
Pisang,Buah,Suhu Ruang,3.0,7.8,Matang
Wortel,Sayur,Pendingin,6.0,28.2,Segar
Pisang,Buah,Pembeku,3.0,30.1,Matang
Pisang,Buah,Suhu Ruang,2.0,3.2,Terlalu Matang
Pisang,Buah,Pembeku,0.0,11.0,Terlalu Matang
Pisang,Buah,Pembeku,2.0,11.0,Terlalu Matang
Anggur,Buah,Pembeku,,30.3,Matang
Mangga,Buah,Pendingin,-5.0,3604.9,Matang
Kentang,Sayur,Pendingin,6.0,38.4,Segar
Apel,Buah,Pendingin,1000.0,1363.2,Terlalu Matang
Mangga,Buah,Suhu Ruang,3.0,3.2,Terlalu Matang
,,,2.0,0.3,Busuk
Apel,Buah,Lemari,4.0,14.2,Mentah
N/A,Buah,Pembeku,2.0,32.0,Mentah
Pisang,Buah,Pembeku,0.0,20.7,Matang
Kentang,Sayur,,,,Busuk
##ERROR##,Sayur,Pendingin,0.0,2.4,Busuk
Timun,Sayur,Pendingin,1.0,2.0,Busuk
Kentang,Sayur,Suhu Ruang,0.0,2.3,Busuk
Tomat,Sayur,Suhu Ruang,2.0,1.4,Busuk
Pisang,Buah,Pendingin,3.0,5.4,Terlalu Matang
-,Sayur,Pendingin,3.0,14.1,Segar
Apel,Buah,Suhu Ruang,1.0,2.5,Terlalu Matang
Apel,Buah,Pendingin,2.0,8.4,Terlalu Matang
Anggur,Ikan,Pendingin,0.0,4.3,Terlalu Matang
Pisang,Buah,Pendingin,2.0,5.7,Terlalu Matang
Cabe,Sayur,Pembeku,0.0,3.4,Busuk
Mangga,Buah,,4.0,,
Kentang,Sayur,Suhu Ruang,0.0,2.5,Busuk
Tomat,Sayur,Suhu Ruang,0.0,1.6,Busuk
Anggur,Buah,Suhu Ruang,4.0,8.4,Mentah
Apel,Buah,Pembeku,1.0,13.5,Terlalu Matang
Jeruk,Buah,Luar Ruangan,0.0,36.5,Matang
Mangga,Buah,Pendingin,1.0,4.1,Terlalu Matang
,,Pembeku,2.0,7.4,Busuk
Wortel,Sayur,Pendingin,1.0,2.7,Busuk
Mangga,Buah,Pendingin,0.0,0.2,Busuk
Jeruk,Buah,Pendingin,0.0,,
Apel,Buah,Pembeku,1.0,0.7,Busuk
Cabe,Sayur,Pendingin,-878.0,-820.7,Busuk
Wortel,Sayur,Pendingin,2.0,4.0,Busuk
,Buah,Pendingin,2.0,10.2,Matang
,Sayur,,6.0,,Segar
Kentang,Sayur,Suhu Ruang,3.0,15.3,Segar
Mangga,Buah,Pembeku,5.0,36.5,Mentah
Wortel,,Suhu Ruang,2.0,,Segar
Apel,Buah,,0.0,0.5,Busuk
Pisang,Buah,Pembeku,-5.0,4164.8,Terlalu Matang
Pisang,Buah,Pendingin,2.0,21.5,Mentah
Pisang,Buah,Suhu Ruang,1.0,9.6,Mentah
Cabe,Sayur,Pembeku,0.0,5.8,Busuk
Pisang,Buah,Pembeku,5.0,19.8,Matang
Apel,Buah,Pembeku,2.0,40.1,Matang
Pisang,Buah,Suhu Ruang,-5.0,1782.8,Terlalu Matang
Apel,Buah,Suhu Ruang,0.0,10.5,Matang
Anggur,Buah,Pembeku,0.0,2.6,Busuk
Timun,Sayur,Pembeku,0.0,2.4,Busuk
Tomat,Sayur,Suhu Ruang,0.0,0.0,Busuk
Pisang,Bumbu,Suhu Ruang,1.0,7.2,Matang
,Sayur,,0.0,,Busuk
Cabe,Sayur,Suhu Ruang,1.0,0.1,Busuk
Kentang,Sayur,Suhu Ruang,0.0,2.0,Busuk
Timun,Sayur,Pendingin,0.0,0.3,null
Tomat,Sayur,Suhu Ruang,1.0,10.8,Segar
Apel,Buah,Suhu Ruang,3.0,11.5,Mentah
Timun,Sayur,Suhu Ruang,3.0,11.6,Segar
Cabe,Sayur,Pendingin,0.0,0.3,Busuk
,Sayur,,3.0,35.2,
Pisang,Buah,Pembeku,2.0,21.2,Matang
,Buah,Pembeku,0.0,4.4,Busuk
Cabe,Sayur,Pembeku,1.0,0.2,Busuk
Tomat,Sayur,Pendingin,0.0,18.0,Segar
Timun,Sayur,Pembeku,1.0,2.2,Busuk
Apel,Buah,Pendingin,-752.0,-533.0,Mentah
Wortel,Sayur,Suhu Ruang,0.0,0.3,Busuk
Kentang,Sayur,Pendingin,4.0,30.9,Segar
Timun,Sayur,Lemari,2.0,40.0,Segar
Tomat,Sayur,Suhu Ruang,2.0,10.0,Segar
Pisang,Buah,Pembeku,1.0,1.9,Busuk
Jeruk,Buah,Pembeku,1.0,18.5,Tidak Diketahui
Anggur,Buah,Pembeku,5.0,29.7,Matang
Timun,Sayur,Pendingin,1.0,1.7,Busuk
Apel,Buah,?,6.0,37.1,Mentah
-,Buah,Pendingin,0.0,0.9,Busuk
Timun,Sayur,Pembeku,-627.0,-486.5,Segar
???,Buah,Pembeku,1.0,0.7,Busuk
Mangga,Buah,Suhu Ruang,1.0,8.8,Matang
Cabe,Sayur,Pendingin,2.0,0.6,Busuk
Jeruk,Buah,Suhu Ruang,0.0,6.5,Matang
Pisang,Buah,Pembeku,1.0,2.4,Busuk
Kentang,Sayur,Pembeku,0.0,36.0,Segar
Jeruk,Buah,Pendingin,1.0,1.3,Busuk
Jeruk,Buah,Suhu Ruang,1.0,0.4,Busuk
Cabe,Sayur,Suhu Ruang,0.0,7.7,Segar
Jeruk,Buah,Pendingin,2.0,6.0,Terlalu Matang
Jeruk,Buah,Pembeku,2.0,40.8,Matang
Pisang,Buah,Pendingin,0.0,1519.0,Matang
,,Suhu Ruang,1.0,,Busuk
Wortel,Sayur,Suhu Ruang,1.0,10.2,Segar
Cabe,Sayur,Suhu Ruang,2.0,0.3,Busuk
Apel,Buah,Suhu Ruang,1.0,0.7,Busuk
Anggur,N/A,Pembeku,3.0,39.1,Mentah
Timun,Sayur,Pembeku,2.0,6.1,Busuk
Wortel,Sayur,Suhu Ruang,3.0,9.4,Segar
Jeruk,Buah,Pembeku,3.0,39.7,Mentah
Timun,Sayur,Pendingin,2.0,1.8,Tidak Diketahui
Jeruk,Buah,Suhu Ruang,0.0,7.2,Matang
Timun,Sayur,Pendingin,1.0,14.2,Segar
Timun,Sayur,Suhu Ruang,2.0,1.1,Busuk
Tomat,Sayur,Pendingin,0.0,1.4,Busuk
Jeruk,Buah,Pendingin,2.0,7.1,Terlalu Matang
Pisang,Buah,Suhu Ruang,1.0,7.8,Matang
Cabe,Sayur,Pendingin,2.0,3.1,Busuk
Anggur,Buah,Suhu Ruang,0.0,8.7,Matang
Pisang,Buah,Pembeku,2.0,38.1,Mentah
Pisang,Buah,Pendingin,2.0,14.3,Mentah
Pisang,Buah,Pembeku,1.0,1.5,Busuk
Apel,Buah,Pembeku,4.0,37.3,Mentah
Wortel,Sayur,Pembeku,2.0,0.8,Busuk
Tomat,Sayur,Pembeku,2.0,3.5,Busuk
Anggur,Buah,Pembeku,1.0,13.5,Terlalu Matang
Anggur,Buah,Pendingin,1.0,1.8,Busuk
Wortel,Sayur,Pendingin,2.0,30.3,Segar
Pisang,Buah,Suhu Ruang,4.0,4.1,Matang
Cabe,Sayur,,,11.9,Segar
Wortel,Sayur,Pembeku,1.0,7.3,Busuk
Jeruk,Buah,Pendingin,1.0,26.7,Mentah
Anggur,Buah,Pembeku,4.0,23.5,Matang
Tomat,Sayur,Suhu Ruang,0.0,1.4,Busuk
Cabe,Sayur,Suhu Ruang,6.0,13.9,Segar
Mangga,Buah,Pembeku,4377.0,2431.5,Matang
Anggur,Buah,Pembeku,0.0,11.2,Terlalu Matang
Kentang,Sayur,Pendingin,1.0,0.7,Busuk
Timun,Sayur,Pendingin,2.0,0.4,Busuk
Pisang,Buah,Pembeku,9999.0,502.8,N/A
Pisang,Buah,Pendingin,0.0,0.9,Busuk
Timun,Sayur,Pendingin,3.0,17.1,Segar
Cabe,Sayur,Pendingin,3.0,29.6,Segar
Mangga,Buah,Pendingin,0.0,0.6,Busuk
,,Suhu Ruang,2.0,0.5,Busuk
Timun,Sayur,Pendingin,0.0,2.8,Busuk
Timun,Sayur,Pendingin,1.0,14.3,Segar
Kentang,Sayur,?,6.0,38.4,Segar
Jeruk,Buah,Pendingin,0.0,2.3,Busuk
Anggur,Buah,Pendingin,2.0,25.0,Mentah
Kentang,Sayur,Suhu Ruang,-487.0,-958.8,Busuk
Wortel,Sayur,Pembeku,2.0,7.0,Busuk
Mangga,Buah,Pembeku,2.0,8.3,Terlalu Matang
Apel,Buah,Pembeku,3.0,31.4,Matang
Kentang,Sayur,Suhu Ruang,2.0,0.0,Busuk
Tomat,,Pendingin,0.0,0.3,Busuk
Timun,Sayur,Pendingin,0.0,0.5,Busuk
Apel,Buah,Pendingin,2.0,16.8,Matang
Tomat,Sayur,Suhu Ruang,5.0,4.8,Segar
Cabe,Sayur,Pendingin,0.0,2.4,Busuk
Jeruk,Buah,Pendingin,2.0,15.3,Matang
Jeruk,Buah,Pembeku,3.0,19.3,Terlalu Matang
Anggur,Buah,Suhu Ruang,3.0,6.2,Matang
Pisang,Buah,Pendingin,2.0,14.2,Matang
Tomat,,Pembeku,9999.0,174.8,Expired
Mangga,Buah,Suhu Ruang,3.0,3.0,Terlalu Matang
Jeruk,,Suhu Ruang,-99.0,1748.6,
Anggur,Buah,Pembeku,2058.0,746.2,Busuk
Pisang,Buah,Pembeku,3.0,11.8,Terlalu Matang
Pisang,Buah,Suhu Ruang,1.0,,
Mangga,Buah,Pembeku,3.0,11.0,Terlalu Matang
Kentang,Sayur,Pendingin,3.0,17.4,Segar
Apel,Buah,Pembeku,1.0,2.9,Busuk
Tomat,Sayur,Suhu Ruang,5.0,10.0,Segar
  ,Sayur,Pendingin,2.0,13.0,Segar
Kentang,Sayur,Pendingin,,,
,Buah,Pendingin,1.0,,
Wortel,Sayur,Suhu Ruang,1.0,2.3,Busuk
Cabe,Sayur,Suhu Ruang,1.0,0.1,Busuk
Kentang,Sayur,Pembeku,1.0,5.9,Busuk
Pisang,Buah,,0.0,785.6,N/A
Apel,Buah,Suhu Ruang,5.0,7.5,Matang
Anggur,Buah,Pembeku,2.0,15.4,Terlalu Matang
Jeruk,Buah,,1.0,,Matang
Timun,Sayur,Pembeku,0.0,6.6,Busuk
Jeruk,Buah,Pendingin,5039.0,8080.7,Busuk
Timun,Sayur,Pembeku,2.0,0.8,Busuk
Kentang,Sayur,Pendingin,4.0,24.7,Segar
Wortel,Sayur,Pendingin,3.0,21.9,Segar
Timun,Sayur,Pembeku,0.0,2.4,Busuk
Mangga,,Pendingin,0.0,0.8,Busuk
Apel,Buah,Pembeku,1.0,4.5,Busuk
Apel,Buah,Suhu Ruang,1.0,12.2,Mentah
Mangga,Buah,Pembeku,500.0,1363.2,Expired
Mangga,Buah,Suhu Ruang,3.0,2.9,Terlalu Matang
Pisang,Buah,Pembeku,3.0,11.3,Terlalu Matang
Pisang,Buah,Suhu Ruang,0.0,2.9,Terlalu Matang
Anggur,Buah,Pendingin,5.0,12.3,Matang
Apel,Buah,Pendingin,0.0,1.0,Busuk
Pisang,Buah,Pembeku,1.0,12.0,Terlalu Matang
Kentang,Sayur,Pembeku,4.0,39.4,Segar
Jeruk,Buah,Pembeku,1.0,3.3,Busuk
Kentang,Sayur,Pembeku,2.0,7.7,Busuk
Kentang,Sayur,,,,Busuk
Mangga,Buah,Suhu Ruang,2.0,6.6,Matang
Timun,Sayur,Pembeku,0.0,6.3,Busuk
Tomat,Sayur,Pendingin,-5.0,1915.2,Busuk
Cabe,Sayur,Suhu Ruang,1.0,1.9,Busuk
Cabe,Sayur,Pendingin,0.0,0.4,Busuk
Mangga,Buah,,3.0,8.2,
Timun,Sayur,Suhu Ruang,5.0,7.5,Segar
Timun,Sayur,Pendingin,1.0,3.4,Busuk
Wortel,Sayur,Pembeku,1.0,3.6,Busuk
Jeruk,Buah,Suhu Ruang,2.0,10.4,Matang
Cabe,Sayur,Suhu Ruang,2.0,0.6,Busuk
Jeruk,Buah,Pendingin,0.0,1.6,Busuk
Anggur,Buah,Pendingin,1.0,0.8,Busuk
Kentang,Sayur,Suhu Ruang,5.0,20.0,Segar
Anggur,Buah,Suhu Ruang,0.0,9.8,Matang
Tomat,Sayur,Pendingin,2.0,3.0,Busuk
Mangga,Buah,Pendingin,0.0,0.8,Busuk
Jeruk,Buah,Pendingin,4.0,35.6,Mentah
Apel,??,Suhu Ruang,1.0,1.0,Busuk
Pisang,Buah,Suhu Ruang,1.0,2.9,Terlalu Matang
Wortel,Sayur,Suhu Ruang,0.0,2.0,Expired
Kentang,Sayur,Suhu Ruang,2.0,2.6,Busuk
Wortel,Sayur,Pendingin,1.0,,
,Buah,,,10.6,Mentah
Cabe,Sayur,Pembeku,5.0,41.2,Segar
Pisang,,Pendingin,,5.9,
Cabe,Sayur,Pendingin,0.0,3.5,Busuk
Jeruk,Buah,Suhu Ruang,2.0,3.4,Terlalu Matang
Kentang,Sayur,Suhu Ruang,0.0,15.7,Segar
Cabe,Sayur,Pendingin,0.0,13.3,Segar
Apel,Buah,Pendingin,4.0,18.1,Mentah
Tomat,Sayur,Suhu Ruang,2.0,1.3,Busuk
Apel,Buah,Pembeku,5.0,32.3,Matang
##ERROR##,Sayur,Pembeku,1.0,10.6,Busuk
Cabe,Sayur,Suhu Ruang,0.0,0.5,Busuk
Cabe,Sayur,Pembeku,0.0,37.8,Segar
Mangga,Buah,Pendingin,4.0,12.7,Matang
Tomat,Sayur,Pembeku,5.0,36.7,Segar
Pisang,Buah,Pembeku,0.0,41.2,Mentah
Pisang,Buah,Pendingin,0.0,17.9,Mentah
Tomat,Sayur,Pembeku,1.0,5.3,Busuk
Apel,Buah,Suhu Ruang,1.0,1.1,Busuk
Anggur,Buah,Pendingin,0.0,0.8,Busuk
Mangga,Buah,Pendingin,3.0,14.9,Matang
Apel,Buah,Suhu Ruang,0.0,0.6,Busuk
Kentang,Sayur,Pembeku,6.0,39.1,Segar
Jeruk,Buah,Suhu Ruang,0.0,0.8,Busuk
Apel,Buah,Suhu Ruang,1.0,0.7,Busuk
Anggur,Buah,Pendingin,4.0,27.3,Mentah
Jeruk,Buah,Pendingin,0.0,,Mentah
Mangga,Buah,Suhu Ruang,3.0,2.1,Terlalu Matang
Jeruk,Buah,Suhu Ruang,1.0,4.6,Terlalu Matang
Wortel,Sayur,Suhu Ruang,3.0,10.8,Segar
Mangga,Buah,,0.0,3.1,Terlalu Matang
Pisang,Buah,Pendingin,0.0,1.5,Busuk
Apel,Buah,Pendingin,1.0,0.3,Busuk
Jeruk,Buah,?,1.0,16.1,Matang
Wortel,Sayur,Pendingin,0.0,2.4,Busuk
Tomat,Sayur,Suhu Ruang,2.0,1.5,Busuk
Cabe,Sayur,,,,Busuk
Wortel,Sayur,Suhu Ruang,1.0,0.8,Busuk
Timun,,Pendingin,2.0,,
Mangga,Buah,Suhu Ruang,1.0,7.4,Matang
Mangga,Buah,Pendingin,0.0,16.9,Matang
Anggur,Buah,Suhu Ruang,0.0,7.0,Matang
Tomat,Sayur,Luar Ruangan,3.0,10.2,Segar
Pisang,,Pendingin,1.0,5.5,Terlalu Matang
Mangga,,Pendingin,1.0,5.1,Terlalu Matang
Anggur,Buah,,9999.0,102.7,
Timun,Sayur,Suhu Ruang,6.0,9.6,Segar
Wortel,Sayur,Suhu Ruang,1.0,1.4,Busuk
Pisang,Buah,Suhu Ruang,6.0,8.8,Mentah
Cabe,Sayur,Pendingin,6.0,11.9,Segar
Wortel,Sayur,Pembeku,0.0,3.7,Busuk
Pisang,Buah,Pendingin,2.0,18.7,Mentah
Wortel,Sayur,Suhu Ruang,6.0,18.0,Segar
Anggur,Buah,Pembeku,0.0,3.1,Busuk
Anggur,Buah,Pendingin,2.0,16.9,Mentah
Kentang,,Suhu Ruang,1.0,10.8,Segar
Anggur,Buah,,0.0,3.5,
Jeruk,Buah,Suhu Ruang,6.0,10.3,Mentah
Pisang,Buah,Suhu Ruang,1.0,0.3,Busuk
Pisang,Buah,Suhu Ruang,2.0,2.2,Terlalu Matang
Anggur,Buah,Suhu Ruang,2.0,7.1,Matang
Pisang,Buah,Suhu Ruang,5.0,4.3,Matang
Apel,Buah,Suhu Ruang,2.0,3.0,
Kentang,Sayur,,2.0,2.8,Busuk
Apel,Buah,Pendingin,3.0,13.6,Matang
Timun,Sayur,Pembeku,1.0,0.8,Busuk
Jeruk,Buah,Suhu Ruang,0.0,6.7,Matang
Cabe,Sayur,Pembeku,0.0,6.7,Busuk
Tomat,Sayur,Pendingin,0.0,1.5,Busuk
Mangga,Buah,Suhu Ruang,1.0,0.9,Busuk
Kentang,Sayur,Suhu Ruang,-671.0,-713.9,Busuk
Pisang,Buah,Suhu Ruang,2234.0,5421.5,Matang
Wortel,Ikan,Suhu Ruang,6.0,11.6,Segar
Timun,Sayur,Suhu Ruang,1.0,0.8,Busuk
Jeruk,,Pendingin,0.0,,Terlalu Matang
Kentang,,Suhu Ruang,9999.0,2076.4,null
Kentang,Sayur,Suhu Ruang,1.0,0.3,Busuk
Pisang,Buah,Suhu Ruang,6.0,10.8,Mentah
Apel,Buah,Pendingin,4.0,20.1,Matang
Cabe,Sayur,Luar Ruangan,1.0,12.4,Segar
Timun,Sayur,Suhu Ruang,1.0,7.6,Segar
,Sayur,Pendingin,4.0,15.6,Segar
Jeruk,Buah,Pembeku,0.0,30.6,Matang
Timun,Sayur,Pendingin,2.0,16.6,
Jeruk,Buah,Pendingin,,25.1,
Mangga,Buah,Pembeku,0.0,31.3,Matang
Pisang,Buah,Suhu Ruang,-99.0,263.1,N/A
Anggur,Buah,Pembeku,0.0,3.4,Busuk
Pisang,Buah,Pembeku,1.0,10.2,Terlalu Matang
Pisang,Buah,Suhu Ruang,2.0,8.4,Mentah
Anggur,Buah,Pendingin,3.0,18.4,Mentah
Tomat,Sayur,Suhu Ruang,2.0,0.2,Busuk
Mangga,Buah,Pembeku,1.0,8.1,Terlalu Matang
,Buah,Pendingin,9999.0,927.9,null
Jeruk,Buah,Suhu Ruang,1.0,15.1,Mentah
Jeruk,Buah,Pembeku,1.0,16.3,Terlalu Matang
Apel,Buah,Suhu Ruang,1.0,0.7,Busuk
Jeruk,Buah,Suhu Ruang,3.0,2.6,Terlalu Matang
Cabe,Sayur,Pendingin,5.0,26.8,Segar
Apel,Buah,Suhu Ruang,3.0,4.2,Terlalu Matang
Tomat,Sayur,Suhu Ruang,5.0,11.7,Segar
Mangga,Buah,Suhu Ruang,0.0,,
Apel,Buah,Suhu Ruang,4.0,12.3,Mentah
Cabe,Sayur,Pembeku,2.0,2.5,Busuk
Kentang,Sayur,Pendingin,2.0,40.1,Segar
Timun,Sayur,Suhu Ruang,2.0,0.3,Busuk
Jeruk,Buah,Suhu Ruang,5.0,17.5,Mentah
Mangga,Buah,Pembeku,5.0,28.4,Matang
Apel,Buah,Suhu Ruang,2.0,16.6,Mentah
Tomat,Sayur,Pendingin,1.0,22.2,Segar
Tomat,Sayur,Pembeku,0.0,0.8,Busuk
Anggur,Buah,Pendingin,1.0,6.0,Terlalu Matang
Anggur,Buah,Pendingin,0.0,0.8,Busuk
Tomat,Sayur,Suhu Ruang,0.0,1.1,Busuk
Pisang,Buah,Pembeku,5.0,17.5,Matang
Cabe,Sayur,Pendingin,1.0,1.7,Busuk
Kentang,,Suhu Ruang,-99.0,868.4,Expired
,Buah,Pendingin,1.0,3.9,
Timun,Sayur,,9999.0,850.8,Expired
Anggur,Buah,Suhu Ruang,3.0,2.4,Terlalu Matang
Cabe,Sayur,Suhu Ruang,1.0,10.6,Segar
Jeruk,Buah,Suhu Ruang,5.0,11.7,Matang
Timun,Sayur,Pembeku,5.0,,Segar
Jeruk,Buah,Pembeku,1.0,11.9,null
Anggur,,Suhu Ruang,2.0,,Matang
Timun,Sayur,Suhu Ruang,2.0,0.3,Busuk
Jeruk,Buah,Pembeku,0.0,31.4,Matang
Mangga,Buah,Suhu Ruang,2.0,4.6,Matang
Jeruk,Buah,Pembeku,1.0,2.6,Busuk
Tomat,Sayur,Pembeku,0.0,2.6,Busuk
UNKNOWN,Buah,Pendingin,4.0,16.1,Matang
Cabe,Sayur,Pendingin,0.0,14.0,Segar
Pisang,Buah,Suhu Ruang,0.0,0.8,Busuk
Wortel,,,2.0,31.2,Segar
Kentang,Sayur,Pembeku,2.0,7.1,Busuk
Cabe,Sayur,Suhu Ruang,1.0,1.5,Busuk
Anggur,Buah,Pembeku,0.0,10.6,Terlalu Matang
Cabe,Sayur,Suhu Ruang,6.0,11.9,Segar
Kentang,Sayur,Pendingin,1.0,3.3,Busuk
Kentang,Sayur,Suhu Ruang,0.0,1.3,Busuk
Jeruk,Buah,Suhu Ruang,0.0,3.4,Terlalu Matang
Kentang,,Pembeku,,,Busuk
Mangga,,Pembeku,,13.9,Terlalu Matang
Tomat,Sayur,Pembeku,1.0,5.3,Busuk
Tomat,Sayur,Pendingin,500.0,228.0,N/A
Cabe,Sayur,Pembeku,0.0,1.1,Busuk
Tomat,Sayur,Suhu Ruang,0.0,0.5,Busuk
Jeruk,Buah,Pembeku,2.0,17.7,Terlalu Matang
Jeruk,Buah,Pendingin,0.0,1.5,Busuk
Anggur,Buah,Suhu Ruang,2.0,3.6,Terlalu Matang
Tomat,Sayur,Suhu Ruang,2.0,8.5,Segar
Apel,Buah,Pembeku,0.0,1.0,Busuk
Cabe,Sayur,Suhu Ruang,9931.0,818.9,Segar
Anggur,Buah,Pembeku,2.0,11.9,Terlalu Matang
Pisang,Buah,Pembeku,1000.0,3620.1,Busuk
Tomat,Sayur,Suhu Ruang,-5.0,1025.5,Busuk
Tomat,Sayur,Pembeku,1.0,2.8,null
Pisang,Buah,Suhu Ruang,1.0,4.3,Matang
Timun,Sayur,Suhu Ruang,0.0,1.0,Busuk
Anggur,Buah,Suhu Ruang,0.0,2891.8,Terlalu Matang
Cabe,Sayur,Suhu Ruang,2.0,0.8,Busuk
Timun,Sayur,Pembeku,3.0,19.8,Segar
Pisang,Buah,Pendingin,0.0,0.6,Busuk
Wortel,Sayur,Pendingin,1.0,0.1,Busuk
Pisang,Buah,Pendingin,5976.0,6340.5,Matang
Wortel,Sayur,Suhu Ruang,0.0,0.7,Busuk
Wortel,Sayur,Suhu Ruang,6.0,10.0,Segar
Jeruk,Buah,Pendingin,2.0,9.5,Terlalu Matang
Jeruk,Buah,Pembeku,0.0,1.3,Busuk
Mangga,Buah,Pembeku,1.0,26.2,Matang
Anggur,Buah,,5.0,25.7,Matang
Mangga,Buah,Suhu Ruang,1.0,6.6,Matang
Anggur,Buah,Pendingin,2.0,17.9,Matang
Kentang,Sayur,Suhu Ruang,5.0,20.8,Segar
Cabe,Sayur,Suhu Ruang,0.0,1.1,Busuk
Pisang,Buah,Suhu Ruang,3.0,1.7,Terlalu Matang
Apel,Buah,Suhu Ruang,2.0,3.9,Terlalu Matang
Apel,Buah,Suhu Ruang,6.0,13.9,Mentah
Jeruk,Buah,Pembeku,2649.0,5713.1,Busuk
Tomat,Sayur,Pembeku,5.0,21.8,Segar
Apel,Buah,Pembeku,-5.0,3362.3,Busuk
Jeruk,Buah,Pembeku,1.0,0.5,Busuk
Cabe,Sayur,Pendingin,1.0,2.0,Busuk
Wortel,Sayur,Pembeku,2.0,9.2,Busuk
Apel,Buah,Suhu Ruang,0.0,7.2,Matang
Mangga,Buah,Pendingin,5.0,19.6,Mentah
Mangga,Buah,Pendingin,-99.0,1969.0,Expired
Wortel,Sayur,Pendingin,5.0,34.7,Segar
Mangga,Buah,Suhu Ruang,3.0,9.0,Matang
Apel,Buah,Suhu Ruang,3.0,3.5,Terlalu Matang
Timun,Sayur,Pendingin,9999.0,907.8,Expired
Anggur,,Pendingin,1.0,1.2,Busuk
Timun,Sayur,Suhu Ruang,2.0,0.4,Busuk
Kentang,Sayur,Suhu Ruang,6.0,15.5,Segar
Pisang,Buah,Suhu Ruang,1.0,0.7,Busuk
Cabe,Sayur,Pembeku,2.0,27.0,Segar
Kentang,Sayur,Pembeku,1.0,6.7,Busuk
Tomat,Sayur,Pembeku,5.0,38.8,Segar
,,Pembeku,,6.1,Busuk
Tomat,Sayur,Suhu Ruang,1.0,1.1,Busuk
Tomat,Sayur,Pendingin,0.0,1.9,Busuk
Mangga,Buah,Suhu Ruang,0.0,3.1,Terlalu Matang
Kentang,Sayur,Suhu Ruang,2.0,1.2,Busuk
Tomat,Sayur,Pembeku,5.0,37.2,Segar
Tomat,Sayur,Suhu Ruang,3.0,10.7,Segar
Kentang,Sayur,Pembeku,2.0,6.8,Busuk
Wortel,Sayur,Pendingin,4.0,36.5,Segar
Wortel,Sayur,Suhu Ruang,0.0,2.0,Busuk
Wortel,Sayur,Suhu Ruang,3.0,10.8,Segar
Mangga,Buah,Suhu Ruang,5.0,7.2,Matang
Pisang,Buah,Pembeku,0.0,12.2,Terlalu Matang
Wortel,,Suhu Ruang,1.0,1.1,Busuk
Apel,Buah,Pembeku,6.0,40.3,Mentah
Mangga,Buah,Suhu Ruang,6.0,10.5,Mentah
Jeruk,Buah,Suhu Ruang,0.0,4.7,Terlalu Matang
Pisang,Buah,Suhu Ruang,1.0,0.4,Busuk
Timun,Sayur,Pendingin,3.0,16.4,Segar
Pisang,Buah,Pembeku,1.0,10.9,Terlalu Matang
Kentang,Sayur,Pendingin,-255.0,-633.6,Segar
Apel,Buah,Pembeku,1.0,0.4,Busuk
Mangga,Buah,Pendingin,1.0,19.6,Mentah
Apel,Buah,Pembeku,2.0,40.0,Matang
Kentang,Sayur,Pendingin,1.0,2.0,Busuk
Anggur,Buah,Pendingin,0.0,5.9,Terlalu Matang
Jeruk,Buah,Suhu Ruang,1.0,0.2,
Jeruk,Buah,Pendingin,0.0,24.3,Mentah
Pisang,Buah,Pembeku,1.0,1.3,Busuk
Wortel,Sayur,Pendingin,0.0,,Segar
Apel,Buah,Pendingin,0.0,0.8,Busuk
Cabe,Sayur,Suhu Ruang,0.0,7.1,Segar
Apel,Buah,Pembeku,0.0,25.0,Matang
Cabe,Sayur,Suhu Ruang,0.0,11.4,Segar
Apel,,Pendingin,1.0,2.3,Busuk
Kentang,Sayur,Suhu Ruang,-5.0,1164.3,Busuk
Mangga,Buah,Pembeku,3.0,38.7,Mentah
Pisang,Buah,Pembeku,3.0,17.4,Matang
Jeruk,Buah,Suhu Ruang,1.0,6.9,Matang
Tomat,Sayur,Pembeku,0.0,5.8,Busuk
Timun,Sayur,Pembeku,2.0,2.2,Busuk
Tomat,Sayur,Pendingin,2.0,0.9,Busuk
Mangga,Buah,Pembeku,2.0,41.3,Mentah
Kentang,Sayur,Pendingin,2.0,2.9,Busuk
Anggur,Buah,Pembeku,3.0,22.4,Matang
Jeruk,Buah,Suhu Ruang,1.0,3.4,Terlalu Matang
Anggur,Buah,Pendingin,0.0,4.0,Terlalu Matang
Kentang,Sayur,Suhu Ruang,2.0,17.0,Segar
Pisang,Buah,Pendingin,2.0,4.7,Terlalu Matang
Timun,Sayur,Pendingin,4.0,10.8,Segar
Pisang,Buah,,,,Mentah
Apel,Buah,Pendingin,4.0,18.9,Mentah
Anggur,Buah,Pendingin,6.0,16.4,Mentah
Cabe,Sayur,Pendingin,0.0,4306.3,Busuk
Wortel,Sayur,Suhu Ruang,1000.0,3442.9,Segar
Apel,Buah,Suhu Ruang,1.0,0.2,Busuk
Tomat,,Pembeku,500.0,2946.3,
Pisang,Buah,Pendingin,2.0,18.9,Mentah
Anggur,Buah,Suhu Ruang,,2.3,
Kentang,Sayur,Suhu Ruang,0.0,1.8,Busuk
Mangga,Buah,Pendingin,4.0,10.2,Matang
Kentang,Sayur,Suhu Ruang,2.0,2.8,Busuk
Tomat,Sayur,Suhu Ruang,6.0,5.5,Segar
Jeruk,Buah,,,17.4,Matang
Apel,Buah,Suhu Ruang,1.0,14.5,Mentah
Anggur,Buah,Suhu Ruang,-610.0,-533.3,Mentah
Tomat,Sayur,Suhu Ruang,2.0,1.5,Busuk
Anggur,Buah,Suhu Ruang,1.0,0.1,Busuk
Kentang,Sayur,Pendingin,6.0,33.7,Segar
Pisang,Buah,Pendingin,1.0,1.0,Busuk
Wortel,Sayur,Pembeku,2.0,7.0,Busuk
Timun,Sayur,Pembeku,1.0,2.3,Busuk
Anggur,Buah,Pembeku,1.0,2.7,Busuk
Mangga,Buah,Suhu Ruang,1.0,0.5,Busuk
Pisang,Buah,Pembeku,1.0,12.7,Terlalu Matang
Timun,Sayur,Pembeku,1000.0,2608.4,Busuk
Apel,Buah,Pendingin,0.0,13.3,Matang
Mangga,Buah,Pembeku,0.0,1.4,Busuk
  ,Sayur,Suhu Ruang,1.0,17.6,Segar
Timun,Sayur,,6.0,,Segar
Mangga,Buah,Pembeku,2.0,34.7,Mentah
Timun,Sayur,Pendingin,1.0,2.1,Busuk
Mangga,Buah,Pendingin,5.0,15.3,Matang
Apel,Buah,Pendingin,1.0,1.8,Busuk
,Sayur,Suhu Ruang,4.0,,Segar
Mangga,Buah,Suhu Ruang,2.0,2.1,Terlalu Matang
Jeruk,Buah,Pendingin,1.0,1.2,Busuk
Cabe,Sayur,Suhu Ruang,0.0,0.9,Busuk
Pisang,Buah,Pembeku,1.0,0.4,Busuk
Tomat,Sayur,Suhu Ruang,6.0,4.7,Segar
Apel,Buah,Pendingin,1.0,9.3,Terlalu Matang
Jeruk,Buah,Pendingin,3.0,9.2,Terlalu Matang
Pisang,Buah,Pendingin,8461.0,4945.7,Mentah
Wortel,Sayur,Pendingin,-5.0,2343.7,Busuk
,Sayur,Pendingin,9999.0,565.9,
Pisang,Buah,Suhu Ruang,3.0,9.2,Mentah
Anggur,Buah,Pendingin,6997.0,1005.9,Terlalu Matang
Jeruk,Buah,Suhu Ruang,4.0,7.9,Matang
Pisang,Buah,Suhu Ruang,3.0,8.6,Mentah
Wortel,,Suhu Ruang,6.0,,Segar
Wortel,Sayur,Pendingin,0.0,20.7,Segar
Cabe,Sayur,Pendingin,1.0,28.8,Segar
Apel,Buah,Suhu Ruang,3.0,3.0,Terlalu Matang
Wortel,Sayur,Suhu Ruang,2.0,6.6,Segar
Cabe,Sayur,Suhu Ruang,1.0,0.1,Busuk
Anggur,,Pembeku,0.0,1.0,Busuk
Anggur,Buah,Pembeku,0.0,13.1,Terlalu Matang
Tomat,Sayur,Pendingin,0.0,23.2,Segar
Mangga,Buah,Pendingin,1.0,0.2,Busuk
Anggur,Buah,Pembeku,4.0,30.0,Mentah
Timun,Sayur,Pembeku,7606.0,2140.1,Busuk
Apel,Buah,Pembeku,3.0,16.2,Terlalu Matang
Jeruk,Buah,Pembeku,1.0,0.9,Busuk
Anggur,Buah,Pendingin,1.0,0.3,Busuk
Apel,Buah,Pendingin,1.0,2.0,Busuk
,Sayur,Pembeku,2.0,7.0,Busuk
Mangga,Buah,Pendingin,3.0,13.1,Mentah
Wortel,Sayur,Suhu Ruang,0.0,1.7,Busuk
Mangga,Buah,Pendingin,2.0,20.2,Mentah
Tomat,Sayur,Pembeku,0.0,0.7,Busuk
Cabe,Sayur,Pembeku,0.0,3370.2,Busuk
Tomat,Sayur,Pendingin,3.0,11.6,Segar
Anggur,Buah,Pendingin,3.0,18.6,Matang
,Sayur,Pendingin,9999.0,964.5,
Kentang,Sayur,Pembeku,0.0,1.6,Busuk
Jeruk,Buah,Pembeku,4.0,31.3,Matang
Timun,Sayur,Pendingin,3.0,23.5,Segar
Pisang,Buah,Pendingin,2.0,4.0,Terlalu Matang
Jeruk,Buah,Pendingin,1.0,1.4,Busuk
Cabe,Sayur,Suhu Ruang,1.0,1.8,Busuk
Anggur,Buah,Suhu Ruang,,,Matang
Mangga,Buah,Pendingin,2.0,6.9,Terlalu Matang
Pisang,Buah,Pembeku,3.0,30.4,Mentah
Cabe,Sayur,Pembeku,1.0,0.6,Busuk
Pisang,Buah,Pembeku,0.0,30.7,Matang
Pisang,Buah,Suhu Ruang,500.0,524.5,
Timun,Sayur,Pembeku,2.0,40.0,Segar
Mangga,Buah,Pendingin,5.0,15.8,Matang
Cabe,Sayur,Pembeku,1.0,5.3,Busuk
Cabe,Sayur,Pendingin,2.0,19.5,Segar
Kentang,Sayur,Pendingin,2.0,2.6,Busuk
Wortel,Sayur,Pendingin,0.0,5.1,Busuk
Wortel,Sayur,Pembeku,2.0,1.9,Busuk
Timun,Sayur,Pembeku,1.0,0.1,Busuk
Apel,Buah,Suhu Ruang,3.0,16.2,Mentah
Wortel,Sayur,Suhu Ruang,1.0,0.4,Busuk
Pisang,Buah,Suhu Ruang,-5.0,946.2,Mentah
Apel,,Pendingin,2.0,,Terlalu Matang
Tomat,Sayur,Pendingin,0.0,0.3,Busuk
Apel,Buah,N/A,0.0,1.9,Busuk
Timun,Sayur,Suhu Ruang,4.0,8.3,Segar
Apel,Buah,Pendingin,3.0,6.5,Terlalu Matang
Jeruk,Buah,Pendingin,2.0,24.6,Matang
Kentang,Sayur,Pendingin,1.0,16.5,Segar
Wortel,Sayur,Suhu Ruang,6.0,16.3,Segar
Pisang,Buah,Luar Ruangan,1.0,1.9,Busuk
Cabe,Sayur,Pendingin,2.0,1.7,Busuk
Tomat,Sayur,Pembeku,6.0,18.4,Segar
Cabe,Sayur,,2.0,0.1,Busuk
Apel,Buah,Suhu Ruang,500.0,1232.4,null
Kentang,Sayur,Suhu Ruang,-795.0,-876.5,Segar
,Buah,Pembeku,5.0,34.6,Matang
-,Sayur,Suhu Ruang,0.0,1.0,Busuk
Apel,Buah,,9999.0,2098.7,N/A
Pisang,Buah,Pembeku,1.0,0.8,Busuk
Timun,Sayur,Suhu Ruang,0.0,6.0,Segar
Tomat,Sayur,Pendingin,2.0,10.8,Segar
Jeruk,Buah,,2.0,9.5,Terlalu Matang
Tomat,Sayur,Pendingin,6425.0,7260.2,Segar
Wortel,Sayur,Suhu Ruang,0.0,1.4,Busuk
Timun,Sayur,Pembeku,2.0,0.8,Busuk
Pisang,Buah,Suhu Ruang,3.0,8.5,Mentah
Apel,Buah,Suhu Ruang,0.0,13.3,Mentah
Jeruk,Buah,Suhu Ruang,0.0,0.4,Busuk
Wortel,Sayur,Suhu Ruang,6.0,14.3,Segar
Apel,Buah,Suhu Ruang,2.0,4.6,Terlalu Matang
Timun,Sayur,Pendingin,2.0,3.6,Busuk
,,Pembeku,0.0,1.7,Busuk
Timun,Sayur,Pendingin,5.0,23.4,Segar
Jeruk,Buah,Pembeku,1.0,1.0,Busuk
Kentang,Sayur,Pembeku,0.0,3.1,Busuk
Anggur,Buah,Pembeku,0.0,2.7,Busuk
Wortel,,Suhu Ruang,2.0,2.2,Busuk
Anggur,Buah,Pendingin,3.0,14.2,Matang
Timun,Sayur,Suhu Ruang,5.0,7.5,Segar
Apel,Buah,Pendingin,3.0,6.4,Terlalu Matang
Timun,Sayur,Pembeku,5.0,29.6,Segar
Tomat,Sayur,Pendingin,1.0,0.8,Busuk
Timun,Sayur,Suhu Ruang,1.0,9.8,Segar
Pisang,Buah,Suhu Ruang,5.0,10.3,Mentah
Timun,,,2.0,41.4,Segar
Apel,Buah,Suhu Ruang,2.0,14.8,Mentah
Anggur,Buah,Suhu Ruang,1.0,0.2,Busuk
Timun,Sayur,Suhu Ruang,5.0,7.5,1
Anggur,Buah,Pendingin,4.0,14.2,Matang
Cabe,Sayur,Pembeku,2.0,2.6,Busuk
,,Suhu Ruang,2.0,8.9,
Apel,Buah,Pendingin,3.0,18.9,Matang
Tomat,Sayur,Pembeku,4.0,39.4,Segar
Tomat,N/A,Pendingin,0.0,17.7,Segar
Wortel,Sayur,Pendingin,5.0,16.0,Segar
Timun,Sayur,Pembeku,1.0,5.5,Busuk
Jeruk,Buah,Suhu Ruang,1.0,15.1,Mentah
Jeruk,Buah,Suhu Ruang,0.0,4.4,Terlalu Matang
Timun,Sayur,Suhu Ruang,1.0,0.5,Busuk
Jeruk,Buah,Pendingin,0.0,8.1,Terlalu Matang
Apel,Buah,Pembeku,5.0,28.7,Matang
Anggur,Buah,,2.0,8.6,Terlalu Matang
##ERROR##,Sayur,Suhu Ruang,2.0,1.0,Busuk
Tomat,Sayur,Suhu Ruang,3.0,5.1,Segar
Pisang,Buah,Suhu Ruang,4.0,6.0,Matang
Jeruk,Buah,Pendingin,1.0,1.4,Busuk
Jeruk,Buah,Pembeku,,19.3,Terlalu Matang
Wortel,Sayur,Suhu Ruang,6.0,16.7,Segar
Apel,Buah,Pendingin,2.0,20.7,Matang
Cabe,Sayur,Suhu Ruang,0.0,7.8,Segar
Apel,Buah,Pembeku,0.0,1.1,Busuk
Jeruk,Buah,Pendingin,1.0,1.6,Busuk
Wortel,Sayur,Pendingin,,34.7,Segar
Wortel,Sayur,Suhu Ruang,4.0,13.0,Segar
Cabe,Sayur,Suhu Ruang,2.0,0.6,Busuk
Jeruk,Buah,Pendingin,1.0,7.1,Terlalu Matang
Kentang,Sayur,Pendingin,2.0,3.0,
Wortel,Sayur,Pendingin,2.0,29.8,Segar
Pisang,Buah,Suhu Ruang,0.0,0.6,Busuk
Timun,Sayur,Suhu Ruang,0.0,0.2,Busuk
Jeruk,Buah,Pembeku,1.0,19.8,Terlalu Matang
Kentang,Sayur,Pendingin,1.0,0.4,Busuk
Wortel,Sayur,Suhu Ruang,1.0,0.2,Busuk
Jeruk,Buah,Pembeku,3.0,32.2,Matang
Tomat,Sayur,Pembeku,0.0,100.3,N/A
Tomat,Sayur,Pembeku,0.0,4.7,Busuk
Pisang,,Pendingin,0.0,866.5,N/A
Pisang,Buah,Pendingin,0.0,1.3,Busuk
Tomat,Sayur,Suhu Ruang,2.0,0.5,Busuk
Timun,Sayur,Pendingin,2.0,,
Tomat,Sayur,Pendingin,4.0,15.3,Segar
Apel,Buah,Suhu Ruang,1.0,0.4,Busuk
Anggur,Buah,Suhu Ruang,1.0,2.6,Terlalu Matang
Wortel,Sayur,Pembeku,1.0,5.6,Busuk
Apel,,Pembeku,9999.0,86.1,N/A
,Sayur,Suhu Ruang,2.0,,
Apel,Buah,Suhu Ruang,0.0,0.4,Busuk
Tomat,Sayur,Pendingin,1.0,1.2,Busuk
Wortel,Sayur,Pendingin,0.0,2.0,Busuk
Apel,Buah,Pendingin,3.0,12.7,Matang
Cabe,Sayur,Pendingin,1.0,0.2,Busuk
Mangga,Buah,Pembeku,2.0,11.5,Terlalu Matang
Kentang,Sayur,Suhu Ruang,3.0,7.5,Segar
Cabe,Sayur,Pendingin,4.0,13.3,Segar
Pisang,Buah,Pendingin,3.0,5.9,Terlalu Matang
Pisang,Buah,Suhu Ruang,1000.0,1129.4,Terlalu Matang
Tomat,Sayur,,2.0,,Busuk
Jeruk,,Pendingin,0.0,1757.2,null
Jeruk,Buah,Pendingin,0.0,2.3,Busuk
Timun,Sayur,Suhu Ruang,0.0,,
Anggur,Buah,Pendingin,0.0,14.6,Matang
Kentang,Sayur,Pendingin,-5.0,2412.2,Busuk
Pisang,Buah,Pendingin,2.0,4.0,Terlalu Matang
Jeruk,Buah,Pendingin,0.0,2.5,Busuk
Tomat,Sayur,Pendingin,4.0,21.4,Segar
Jeruk,Buah,Pendingin,2.0,15.2,Matang
Apel,Buah,Pendingin,0.0,2.2,
Wortel,Sayur,Pembeku,2.0,4.0,Busuk
Wortel,Sayur,Pembeku,1.0,6.0,Busuk
Anggur,Buah,Suhu Ruang,4.0,9.8,Matang
Cabe,Sayur,Suhu Ruang,1000.0,1471.9,Segar
Cabe,Sayur,Pendingin,2.0,3.2,Busuk
Jeruk,Buah,Suhu Ruang,4.0,9.7,Matang
Apel,Buah,Suhu Ruang,2.0,3.0,Terlalu Matang
Apel,Buah,Suhu Ruang,3.0,10.7,Mentah
Apel,Buah,Pendingin,3.0,21.0,Matang
Timun,Sayur,Pembeku,5.0,21.1,Segar
Wortel,Sayur,Suhu Ruang,6.0,15.8,Segar
Anggur,Buah,Pendingin,0.0,22.2,Mentah
Timun,Sayur,Pembeku,6.0,41.4,Segar
Mangga,Buah,Pembeku,0.0,26.2,Mentah
Jeruk,Buah,Pendingin,0.0,19.7,Matang
Wortel,Sayur,Suhu Ruang,0.0,1.9,Busuk
Anggur,Buah,Suhu Ruang,4.0,8.7,Matang
Jeruk,Buah,Pembeku,2.0,14.9,Terlalu Matang
Kentang,Sayur,Pembeku,-690.0,-417.2,Busuk
Mangga,Buah,Suhu Ruang,0.0,3.5,Terlalu Matang
Cabe,Sayur,Pendingin,6.0,13.2,Segar
Anggur,Ikan,?,0.0,13.3,Terlalu Matang
Mangga,Buah,Pembeku,1277.0,3438.0,Terlalu Matang
Kentang,Sayur,Pembeku,9999.0,136.0,null
Tomat,,,1.0,0.6,
Cabe,Sayur,Pembeku,2.0,7.1,Busuk
Tomat,Sayur,Pembeku,0.0,6.0,Busuk
Tomat,Sayur,Suhu Ruang,1.0,12.0,Segar
Timun,Sayur,Pendingin,3783.0,5304.0,Segar
Apel,Buah,Pembeku,0.0,2.4,Busuk
Mangga,Buah,Pendingin,3.0,4.1,Terlalu Matang
Mangga,Buah,Suhu Ruang,0.0,0.6,Busuk
Apel,Buah,Pendingin,0.0,1.3,Busuk
Pisang,Buah,Pendingin,2.0,6.0,Terlalu Matang
Tomat,Sayur,Pembeku,2.0,24.7,Segar
Pisang,Buah,Pembeku,5.0,19.8,Matang
Timun,Sayur,Suhu Ruang,0.0,1.7,Busuk
Jeruk,Buah,Pendingin,1.0,18.6,Matang
Pisang,Buah,Pendingin,1.0,10.6,Matang
Jeruk,Buah,Suhu Ruang,1.0,9.2,Mentah
Wortel,Sayur,Suhu Ruang,0.0,1.1,Busuk
Anggur,Buah,Suhu Ruang,0.0,0.3,Busuk
Pisang,Buah,Suhu Ruang,2.0,4.2,Matang
Mangga,Buah,Pembeku,1.0,34.9,Matang
Mangga,Buah,Pembeku,1.0,3.0,Busuk
Tomat,Sayur,Pembeku,5.0,31.7,Segar
Mangga,Buah,Suhu Ruang,2.0,3.3,Terlalu Matang
Wortel,Sayur,Pembeku,1.0,6.7,Busuk
Mangga,Buah,Suhu Ruang,3.0,3.2,Terlalu Matang
Tomat,Sayur,Pendingin,2.0,1.8,Busuk
Kentang,Sayur,Pendingin,4.0,18.1,Segar
Anggur,Buah,Pembeku,1.0,1.4,Busuk
Cabe,Sayur,Pembeku,-5.0,3998.8,Busuk
Pisang,Buah,Suhu Ruang,3.0,6.1,Mentah
Pisang,Buah,Suhu Ruang,6.0,6.5,Mentah
Pisang,Buah,Pembeku,1.0,6.6,Terlalu Matang
Tomat,Sayur,Pembeku,2.0,4.1,Busuk
Timun,1,Suhu Ruang,0.0,1.3,Busuk
Tomat,Sayur,Pendingin,1.0,1.0,Busuk
Apel,Buah,Pendingin,1.0,8.1,OK
,Buah,Suhu Ruang,,,Busuk
Jeruk,Buah,Pembeku,5.0,38.3,Mentah
Wortel,Sayur,Pembeku,1.0,7.8,Busuk
Cabe,Sayur,Suhu Ruang,1.0,9.6,Segar
Jeruk,Buah,Pembeku,0.0,0.6,Busuk
Timun,Sayur,Suhu Ruang,2.0,1.7,Busuk
Kentang,Sayur,Suhu Ruang,,20.0,Segar
Wortel,Sayur,Pendingin,1.0,2.3,Busuk
Cabe,Sayur,Pendingin,0.0,1.5,Busuk
Anggur,Buah,Pembeku,0.0,9.2,Terlalu Matang
##ERROR##,Buah,Suhu Ruang,0.0,0.3,Busuk
Cabe,Sayur,Suhu Ruang,0.0,1.9,Busuk
Timun,Sayur,Pembeku,,39.1,Segar
Tomat,Sayur,Suhu Ruang,6312.0,9612.4,Busuk
Pisang,Buah,Pendingin,0.0,4.5,Terlalu Matang
Kentang,Sayur,Suhu Ruang,0.0,2.5,Busuk
Jeruk,Buah,Pendingin,1.0,0.3,Busuk
Mangga,Buah,Suhu Ruang,5.0,10.6,Mentah
Anggur,Buah,Suhu Ruang,4.0,11.9,Tidak Diketahui
Anggur,Buah,Pendingin,1.0,1.0,Busuk
Timun,Sayur,Suhu Ruang,3.0,8.5,Segar
Mangga,Buah,Pembeku,3.0,26.6,Matang
Anggur,Buah,Suhu Ruang,2.0,2.8,Terlalu Matang
Apel,Buah,Suhu Ruang,0.0,0.3,Busuk
Mangga,Buah,Pendingin,2.0,4.4,Terlalu Matang
Anggur,Buah,Pendingin,4.0,22.6,Mentah
Wortel,Sayur,Suhu Ruang,4.0,17.7,Segar
Cabe,Sayur,Pembeku,-5.0,3021.1,Busuk
Kentang,Sayur,Pendingin,5.0,41.2,Segar
Cabe,Sayur,Pendingin,9999.0,1463.2,N/A
Pisang,Buah,Pendingin,3.0,16.3,Mentah
Tomat,Sayur,Pendingin,4.0,12.4,Segar
Anggur,Buah,Pembeku,2.0,8.2,Terlalu Matang
Pisang,Buah,Suhu Ruang,2.0,2.9,Terlalu Matang
Cabe,Sayur,Pendingin,3.0,25.4,Segar
Anggur,Buah,Suhu Ruang,0.0,2.7,Terlalu Matang
,Buah,,,,Terlalu Matang
Anggur,Buah,Pendingin,2.0,17.1,Mentah
Tomat,Sayur,Pembeku,1.0,0.1,Busuk
Pisang,Buah,Pendingin,4.0,13.2,Matang
Pisang,Buah,Pendingin,500.0,1210.0,
Mangga,Buah,Pembeku,5.0,28.7,Mentah
Timun,Sayur,Pendingin,5.0,11.6,Segar
Cabe,Sayur,Suhu Ruang,1000.0,2810.4,Segar
Timun,Sayur,Suhu Ruang,2.0,5.3,Segar
Tomat,Sayur,Pembeku,1.0,5.3,Busuk
Timun,Sayur,Pembeku,3.0,41.1,Segar
Jeruk,Buah,Suhu Ruang,1.0,15.1,Mentah
Mangga,Buah,Pendingin,0.0,0.5,Busuk
,Sayur,Pendingin,9999.0,404.9,Expired
Jeruk,Buah,Suhu Ruang,6.0,11.9,Mentah
Wortel,Sayur,Pendingin,2.0,5.2,Busuk
Anggur,Buah,Pembeku,0.0,1.4,Busuk
Cabe,Sayur,Pendingin,1.0,2.0,Expired
Timun,Sayur,Pembeku,6.0,26.8,Segar
Jeruk,Buah,Pembeku,1.0,14.2,Terlalu Matang
Cabe,Sayur,Pembeku,0.0,4.5,Busuk
Cabe,Sayur,Suhu Ruang,2.0,12.1,Tidak Diketahui
Apel,Buah,Pendingin,1.0,13.1,Matang
Kentang,Sayur,Suhu Ruang,2.0,0.5,Busuk
Mangga,Buah,Suhu Ruang,1.0,0.9,Busuk
Apel,Buah,Pendingin,3.0,22.0,Matang
Timun,Sayur,Suhu Ruang,-5.0,2095.4,Busuk
Jeruk,Buah,Pendingin,5.0,31.3,
Jeruk,Buah,Suhu Ruang,2.0,2.6,Terlalu Matang
Anggur,Buah,Pendingin,0.0,1.9,Busuk
Tomat,Sayur,Pembeku,7024.0,6044.6,Segar
Wortel,Sayur,Pembeku,1.0,27.7,Segar
Mangga,Buah,Pembeku,8967.0,7516.8,Busuk
Tomat,Sayur,Suhu Ruang,0.0,1.4,Expired
Anggur,Buah,Pendingin,0.0,5.8,Terlalu Matang
Wortel,Sayur,Suhu Ruang,0.0,18.9,Segar
Anggur,Buah,Suhu Ruang,0.0,9.7,Mentah
Jeruk,Buah,Suhu Ruang,2.0,11.6,Matang
Apel,Buah,Pembeku,1.0,1.5,Busuk
Jeruk,Buah,Pendingin,1.0,23.1,Mentah
Apel,Buah,Suhu Ruang,0.0,0.8,Busuk
Apel,Buah,Pendingin,3.0,30.3,Mentah
Wortel,Sayur,Pendingin,4.0,17.1,Segar
Kentang,Sayur,Pendingin,0.0,5.5,Busuk
Apel,Buah,Pembeku,1.0,4.4,Busuk
Tomat,Sayur,Pendingin,1.0,0.7,Busuk
Kentang,Sayur,Pendingin,0.0,0.9,Busuk
Jeruk,Buah,Suhu Ruang,,,Matang
Apel,,Pembeku,,,Matang
Wortel,Sayur,Pendingin,5.0,20.9,Segar
Jeruk,Buah,,,2.5,Busuk
Pisang,Buah,Pendingin,2.0,17.3,Mentah
,Sayur,Pendingin,,20.3,Segar
Kentang,Sayur,Pendingin,2.0,5.2,Busuk
Timun,Sayur,Suhu Ruang,5.0,6.1,Segar
Anggur,Buah,Pendingin,6.0,22.4,Mentah
Anggur,Buah,Suhu Ruang,3.0,2.3,Terlalu Matang
Mangga,Buah,Suhu Ruang,2.0,2.7,Terlalu Matang
Anggur,Buah,Suhu Ruang,0.0,0.4,Busuk
Kentang,Sayur,Suhu Ruang,1.0,1.5,Busuk
Jeruk,Buah,Suhu Ruang,1000.0,3232.4,Mentah
Apel,Buah,Suhu Ruang,0.0,0.2,Busuk
Mangga,Buah,Pendingin,0.0,5.4,Terlalu Matang
Mangga,Buah,Pendingin,1.0,0.2,Busuk
Jeruk,Buah,Suhu Ruang,2.0,10.6,Matang
Apel,Buah,Pembeku,3.0,17.9,Terlalu Matang
Pisang,Buah,Suhu Ruang,3.0,1.8,Terlalu Matang
Pisang,Buah,Pembeku,0.0,0.2,Busuk
Mangga,Buah,Suhu Ruang,4.0,5.2,Matang
Tomat,Sayur,Suhu Ruang,1.0,1.5,Busuk
Wortel,Sayur,Pendingin,1.0,4.6,Busuk
Apel,Buah,Suhu Ruang,1.0,7.8,Matang
Wortel,Sayur,Pembeku,0.0,2.3,Busuk
Wortel,Sayur,Pembeku,2.0,3.9,Busuk
Timun,Sayur,Suhu Ruang,2.0,0.8,Busuk
Mangga,Buah,Pendingin,8211.0,3511.6,Mentah
Apel,Buah,Pendingin,0.0,0.2,Busuk
,Buah,Pendingin,,14.7,Matang
Wortel,Sayur,Pembeku,2.0,1.8,Busuk
,,Pendingin,2.0,0.5,
Mangga,Buah,Suhu Ruang,1.0,2.6,Terlalu Matang
Cabe,Sayur,Pembeku,0.0,4.4,Busuk
Wortel,Sayur,Pendingin,2.0,4.3,Busuk
Wortel,Sayur,Suhu Ruang,0.0,15.8,Segar
Tomat,Sayur,Pendingin,5.0,10.3,Segar
Mangga,Buah,Pendingin,3.0,24.0,Mentah
Apel,Buah,Pendingin,4.0,19.4,Matang
Mangga,Buah,Suhu Ruang,5.0,7.9,Matang
Timun,Sayur,Pendingin,0.0,2.3,Busuk
Kentang,Sayur,Suhu Ruang,0.0,2.2,Busuk
Mangga,Buah,Pembeku,2.0,30.1,Matang
Anggur,Buah,Pendingin,5.0,12.3,Matang
Mangga,Buah,Suhu Ruang,1.0,5.3,Matang
Tomat,Sayur,Pendingin,4.0,13.3,Segar
Anggur,Buah,Pembeku,0.0,11.2,Terlalu Matang
Pisang,Buah,Pendingin,0.0,1.3,Busuk
Mangga,Buah,Pendingin,0.0,7.0,Terlalu Matang
Kentang,Sayur,Pembeku,2.0,5.6,Busuk
Anggur,Buah,Pembeku,1.0,0.6,Busuk
,Sayur,Suhu Ruang,,5.3,
Timun,Sayur,Suhu Ruang,6.0,11.1,Segar
Tomat,Sayur,Pendingin,1.0,21.3,Segar
Apel,Buah,Pembeku,2.0,13.5,Terlalu Matang
Jeruk,Buah,Suhu Ruang,1.0,0.0,Busuk
,Sayur,Suhu Ruang,0.0,0.8,Busuk
,,,2.0,2.0,Busuk
Cabe,Sayur,Suhu Ruang,5689.0,3203.1,Busuk
Tomat,Sayur,Suhu Ruang,0.0,10.9,Segar
,Sayur,Suhu Ruang,,10.8,
Pisang,Buah,Pendingin,4.0,11.2,Matang
Pisang,Buah,Pembeku,4.0,26.8,Matang
Cabe,Sayur,Pendingin,1.0,0.1,Busuk
Cabe,Sayur,Suhu Ruang,2.0,0.8,Busuk
Timun,Sayur,Pendingin,0.0,0.8,Busuk
Apel,Buah,Pembeku,0.0,3110.0,Busuk
Pisang,Buah,Pembeku,1.0,0.2,Busuk
Tomat,Sayur,Pendingin,2.0,2.4,Busuk
Anggur,Buah,Suhu Ruang,2.0,3.6,Terlalu Matang
Mangga,Buah,Suhu Ruang,1.0,0.6,Busuk
Pisang,Buah,Suhu Ruang,3.0,1.7,Terlalu Matang
Anggur,Buah,Pembeku,,,Matang
Jeruk,Buah,Pembeku,5.0,38.1,Matang
Apel,Buah,Pembeku,0.0,38.4,Matang
Tomat,Sayur,Pendingin,1.0,1.3,Busuk
Tomat,Sayur,Suhu Ruang,2.0,1.0,Busuk
Tomat,Sayur,Suhu Ruang,4.0,11.0,Segar
Pisang,Buah,Pembeku,0.0,1.9,Busuk
Kentang,Sayur,Suhu Ruang,2.0,2.2,Busuk
Timun,Sayur,Pendingin,0.0,1.1,Busuk
Apel,Ikan,Pendingin,0.0,0.7,Busuk
Tomat,Sayur,Pembeku,2.0,42.0,Segar
Jeruk,Buah,Pendingin,4.0,35.7,Mentah
Pisang,Buah,Pendingin,4.0,12.8,Matang
Timun,Sayur,Suhu Ruang,2.0,0.6,Busuk
,Sayur,Suhu Ruang,,8.1,Segar
Mangga,Buah,Pembeku,5.0,34.9,Mentah
Jeruk,Buah,Pendingin,0.0,7.6,Terlalu Matang
Timun,Sayur,Suhu Ruang,1.0,0.5,Busuk
-,Buah,Pendingin,4.0,19.3,Matang
Anggur,Buah,,,,
Jeruk,Buah,Pendingin,0.0,5.4,Terlalu Matang
Timun,Sayur,Pendingin,0.0,1.2,Busuk
Mangga,Buah,Suhu Ruang,2.0,3.2,Terlalu Matang
Apel,Buah,Pendingin,1.0,1.1,Busuk
Anggur,Buah,Pembeku,1.0,33.0,OK
Apel,Buah,Suhu Ruang,0.0,4.8,Terlalu Matang
Pisang,Buah,Pembeku,0.0,1.1,Busuk
Apel,Buah,Pembeku,1.0,16.9,Terlalu Matang
Tomat,Sayur,Pembeku,2.0,4.3,Busuk
Jeruk,Buah,Suhu Ruang,0.0,0.1,Busuk
Anggur,Buah,Pendingin,0.0,1.6,Busuk
Mangga,Buah,Pembeku,1000.0,2797.1,Mentah
Kentang,Sayur,Suhu Ruang,5.0,18.9,Segar
Mangga,Buah,Pendingin,6.0,18.2,Mentah
Jeruk,Buah,Pembeku,3724.0,6041.2,Busuk
Timun,Sayur,Suhu Ruang,0.0,0.6,Busuk
Mangga,Buah,Pembeku,5.0,27.1,1
Pisang,Buah,Suhu Ruang,1.0,0.4,Busuk
Jeruk,Buah,Pembeku,1.0,3.5,Busuk
Mangga,Buah,Suhu Ruang,3.0,4.9,Matang
Anggur,Buah,Suhu Ruang,4.0,7.6,Matang
Pisang,Buah,Suhu Ruang,6.0,6.5,Mentah
Apel,Buah,N/A,0.0,3.2,Busuk
,Buah,Pendingin,500.0,2879.7,null
Anggur,Buah,Suhu Ruang,2.0,7.2,Matang
,Buah,,0.0,,Busuk
Apel,Buah,Pendingin,3.0,7.8,Terlalu Matang
Cabe,Sayur,Suhu Ruang,2.0,1.6,Busuk
Pisang,Buah,Suhu Ruang,5.0,7.2,Mentah
Anggur,Buah,Pembeku,1.0,0.1,Busuk
Wortel,Sayur,Suhu Ruang,3.0,10.8,Segar
Wortel,Sayur,Suhu Ruang,6.0,13.5,Segar
Anggur,1,Suhu Ruang,1.0,0.1,Busuk
Tomat,Sayur,Suhu Ruang,0.0,1.1,Busuk
Apel,Buah,Pembeku,5.0,29.8,Matang
Pisang,Buah,Pembeku,1.0,2.1,Busuk
Jeruk,Buah,Pembeku,3.0,17.1,Terlalu Matang
Anggur,Buah,Suhu Ruang,1429.0,6875.6,Mentah
Pisang,Buah,Pendingin,-99.0,2156.9,Expired
Wortel,Sayur,Pendingin,0.0,3.9,Busuk
Jeruk,Buah,,1.0,0.2,
Wortel,Sayur,Pembeku,0.0,5.0,Busuk
Anggur,Buah,Pendingin,0.0,18.3,Matang
Mangga,Buah,Suhu Ruang,1.0,10.5,Mentah
Wortel,Sayur,Pembeku,0.0,10.2,Busuk
Tomat,Sayur,Pembeku,1.0,4.1,Busuk
Kentang,Sayur,Pembeku,2.0,10.8,Busuk
Mangga,Buah,Pembeku,2.0,7.9,Terlalu Matang
Wortel,Sayur,Pendingin,4.0,,
Cabe,Sayur,Pendingin,2.0,18.0,Segar
Cabe,Sayur,Suhu Ruang,1.0,1.3,Busuk
Kentang,Sayur,Suhu Ruang,0.0,9.4,Segar
Tomat,Sayur,Pendingin,2.0,2.2,Busuk
Apel,Buah,Pembeku,2.0,19.0,Terlalu Matang
Anggur,Buah,Pembeku,9999.0,1888.0,Expired
Pisang,Buah,Pendingin,0.0,9.9,Matang
Jeruk,Buah,Suhu Ruang,0.0,0.8,Busuk
,Buah,Suhu Ruang,,,Terlalu Matang
Cabe,Sayur,Pembeku,0.0,5.1,Busuk
Anggur,Buah,Suhu Ruang,0.0,6.3,Matang
Kentang,Sayur,Pendingin,2.0,27.7,Segar
Cabe,Sayur,Pembeku,4.0,39.6,Segar
Tomat,Sayur,Suhu Ruang,1.0,0.7,Busuk
Jeruk,Buah,Pendingin,6.0,23.0,Mentah
Anggur,Buah,Pendingin,2.0,7.8,Terlalu Matang
Pisang,Buah,Suhu Ruang,0.0,5.0,Matang
Mangga,Buah,Pembeku,1.0,25.5,Matang
,Sayur,,2.0,,Busuk
Cabe,Sayur,Suhu Ruang,1.0,8.2,Segar
Mangga,Buah,Suhu Ruang,0.0,0.3,Busuk
Kentang,Sayur,Suhu Ruang,1.0,0.9,Busuk
Kentang,Sayur,Pendingin,0.0,22.9,Segar
Apel,Buah,Pembeku,0.0,2.9,Busuk
Cabe,Sayur,Suhu Ruang,0.0,0.7,Busuk
Jeruk,??,Pendingin,4.0,29.3,Mentah
Jeruk,,Pembeku,-99.0,1618.5,Expired
Timun,Sayur,Pembeku,2.0,2.4,Busuk
Cabe,Sayur,Suhu Ruang,6.0,14.4,Segar
Anggur,Buah,Pembeku,0.0,10.1,Terlalu Matang
Mangga,Buah,Pembeku,3.0,8.4,Terlalu Matang
Tomat,Sayur,Pendingin,0.0,1.4,Busuk
Apel,Buah,Suhu Ruang,1.0,16.5,Mentah
Anggur,Buah,Suhu Ruang,4.0,9.4,Matang
Tomat,Sayur,Pendingin,2.0,0.1,Busuk
Jeruk,Buah,Pembeku,1.0,0.3,Busuk
Wortel,Sayur,Suhu Ruang,5.0,16.2,Segar
Timun,Sayur,Suhu Ruang,6.0,9.5,Segar
Pisang,Buah,Suhu Ruang,5.0,5.9,Mentah
Anggur,Buah,Pembeku,1.0,10.6,Terlalu Matang
Wortel,Sayur,Suhu Ruang,2.0,2.4,Busuk
Mangga,Buah,Suhu Ruang,0.0,0.3,Busuk
Pisang,Buah,Pembeku,3.0,10.6,Terlalu Matang
Tomat,Sayur,Suhu Ruang,500.0,1000.0,null
Timun,Sayur,Suhu Ruang,0.0,238.9,Expired
Timun,Sayur,Pendingin,1.0,2.6,Busuk
Apel,Buah,Suhu Ruang,1.0,8.9,Mentah
Jeruk,Buah,Suhu Ruang,1.0,9.4,Matang
Cabe,Sayur,Pendingin,1000.0,1508.3,Busuk
Tomat,Sayur,Pembeku,4.0,24.6,Segar
Cabe,Sayur,Suhu Ruang,6.0,14.2,Segar
Timun,Sayur,Pendingin,8818.0,5668.2,Busuk
Apel,Buah,Pembeku,3.0,11.9,Terlalu Matang
Tomat,Sayur,Pendingin,2.0,0.3,Busuk
Cabe,Sayur,Suhu Ruang,2.0,5.2,Segar
Pisang,Buah,Pembeku,0.0,38.0,Mentah
Wortel,Sayur,Pendingin,2.0,,
Anggur,Buah,Pendingin,1.0,0.8,Busuk
Cabe,Sayur,Suhu Ruang,0.0,0.2,Busuk
Timun,Sayur,Suhu Ruang,6.0,5.2,Segar
Kentang,Sayur,Suhu Ruang,0.0,0.9,Busuk
Cabe,Sayur,Pembeku,,38.0,Segar
Timun,Sayur,Pembeku,,,Busuk
Mangga,Buah,Pembeku,3.0,9.5,Terlalu Matang
Timun,Sayur,Suhu Ruang,1.0,7.0,Segar
Cabe,Sayur,Suhu Ruang,0.0,0.6,Busuk
Mangga,Buah,Pembeku,0.0,38.9,Mentah
Kentang,Sayur,Suhu Ruang,0.0,15.4,Segar
Mangga,Buah,Suhu Ruang,1.0,2.0,Terlalu Matang
Timun,Sayur,Suhu Ruang,2.0,6.2,Segar
Tomat,Sayur,Pendingin,1.0,3.2,Busuk
Tomat,Sayur,Suhu Ruang,0.0,0.2,Busuk
Timun,Sayur,Pembeku,2.0,20.7,
Tomat,,Pembeku,,5.3,Busuk
Wortel,Sayur,Pendingin,6.0,17.7,Segar
Jeruk,Buah,Pembeku,1.0,1.1,Busuk
Mangga,Buah,Pendingin,1.0,1.7,Busuk
Tomat,Sayur,Suhu Ruang,0.0,1.6,Busuk
Cabe,Sayur,Pendingin,1.0,2.8,Busuk
Jeruk,Buah,Pendingin,3.0,6.1,Terlalu Matang
Mangga,Buah,Pendingin,1.0,1.1,Busuk
Jeruk,Buah,Suhu Ruang,1.0,1.1,Busuk
Tomat,Sayur,Pembeku,1.0,22.4,Segar
Kentang,Sayur,Pendingin,0.0,36.6,Segar
Cabe,Sayur,Pendingin,0.0,3.4,Busuk
Tomat,Sayur,Suhu Ruang,2.0,9.9,Segar
Pisang,Buah,Pendingin,2.0,15.4,Matang
Mangga,Buah,Pembeku,4377.0,2431.5,Matang
Wortel,Sayur,Suhu Ruang,0.0,1.0,
Tomat,Sayur,Pembeku,0.0,2.9,1
Timun,Sayur,Pembeku,1.0,4.5,Busuk
Anggur,Buah,Pembeku,0.0,3.2,Busuk
Pisang,Buah,Pendingin,2.0,5.8,Terlalu Matang
Kentang,Sayur,Suhu Ruang,4.0,12.3,Segar
Timun,Sayur,Suhu Ruang,2.0,1.4,Busuk
,,Suhu Ruang,2.0,8.9,
Tomat,Sayur,Pendingin,2.0,0.3,Busuk
Apel,Buah,Suhu Ruang,5.0,9.6,Matang
Pisang,Buah,Pendingin,2.0,12.7,Matang
Cabe,Sayur,Pembeku,6.0,29.7,Segar
,,,5.0,31.5,Matang
Wortel,Sayur,Pendingin,2.0,0.3,Busuk
Jeruk,Buah,Pembeku,1.0,18.9,Terlalu Matang
Jeruk,Buah,Suhu Ruang,0.0,15.0,Mentah
Cabe,Sayur,Pendingin,3.0,14.1,Segar
Pisang,Buah,Pendingin,4.0,13.8,Matang
Mangga,Buah,Suhu Ruang,0.0,0.1,Busuk
Pisang,Buah,Suhu Ruang,1.0,1.8,Terlalu Matang
,Buah,Pendingin,1.0,,
Mangga,Buah,Pendingin,0.0,1.2,Busuk
Kentang,Sayur,Suhu Ruang,1000.0,3081.4,Segar
Pisang,Buah,Pendingin,1.0,3.4,Terlalu Matang
Pisang,Buah,Pembeku,1.0,1.5,Busuk
Pisang,Buah,Pembeku,0.0,7.0,Terlalu Matang
Anggur,Buah,Suhu Ruang,5.0,7.0,Matang
Apel,Buah,Suhu Ruang,3.0,4.8,Terlalu Matang
Pisang,Buah,Suhu Ruang,1.0,0.2,Busuk
Kentang,Ikan,Pendingin,1.0,5.0,Busuk
Anggur,Buah,N/A,2.0,17.1,Mentah
Pisang,Buah,Pendingin,3.0,4.6,Terlalu Matang
Mangga,Buah,Pembeku,0.0,14.2,Terlalu Matang
Jeruk,Buah,Suhu Ruang,0.0,12.4,Matang
Anggur,Buah,Pembeku,3.0,21.1,Matang
Anggur,Buah,Pendingin,1.0,0.2,Busuk
Pisang,Buah,Pembeku,1.0,10.2,Terlalu Matang
Mangga,Buah,Pendingin,4.0,10.5,Matang
Cabe,Sayur,Suhu Ruang,1.0,0.9,Busuk
Anggur,Buah,Suhu Ruang,0.0,4.0,Terlalu Matang
Mangga,Buah,Suhu Ruang,-5.0,2930.7,Terlalu Matang
Tomat,Sayur,Pendingin,2.0,2.4,Busuk
Jeruk,Buah,Pendingin,1.0,21.1,Mentah
Anggur,Buah,Pembeku,2.0,15.4,Terlalu Matang
Pisang,Buah,Suhu Ruang,1000.0,2016.6,Mentah
Mangga,Buah,Pembeku,0.0,37.0,Mentah
Anggur,Buah,Suhu Ruang,0.0,1.0,Busuk
Pisang,Buah,Pembeku,1.0,6.5,Terlalu Matang
,Sayur,,0.0,,
Tomat,Sayur,Suhu Ruang,1.0,0.6,Busuk
Cabe,Sayur,Pendingin,,22.0,Segar
Tomat,Sayur,Pendingin,1.0,10.6,Segar
Pisang,Buah,,9999.0,2747.3,Expired
Timun,Sayur,Suhu Ruang,2.0,12.8,Segar
Mangga,Buah,Pendingin,2.0,5.9,Terlalu Matang
Anggur,Buah,?,1.0,9.3,Matang
Anggur,Buah,Pendingin,4.0,26.6,Mentah
Apel,Buah,Pembeku,0.0,1.6,Busuk
,,Pembeku,500.0,2462.9,N/A
Pisang,Buah,Pendingin,1.0,3.3,Terlalu Matang
Anggur,Buah,Pendingin,2.0,4.7,Terlalu Matang
Anggur,Buah,Pendingin,5.0,11.4,Matang
,Sayur,,0.0,,Busuk
Wortel,Sayur,Suhu Ruang,5.0,8.1,Segar
Tomat,Sayur,Pendingin,4.0,22.9,Segar
Tomat,Sayur,Pendingin,2.0,0.6,Busuk
Apel,Buah,Suhu Ruang,1.0,9.2,Mentah
Mangga,Buah,Pendingin,1.0,1.1,Busuk
Anggur,Buah,Suhu Ruang,3.0,6.3,Matang
Tomat,Sayur,Suhu Ruang,2.0,7.8,Segar
Tomat,Sayur,Pendingin,5.0,10.3,Segar
Cabe,Sayur,Pendingin,5.0,10.2,Segar
Cabe,Sayur,N/A,1.0,20.9,Segar
Anggur,Buah,Pendingin,0.0,7.0,Terlalu Matang
Pisang,Buah,Pembeku,1.0,33.1,Expired
Tomat,Sayur,Pembeku,0.0,,Busuk
Cabe,Sayur,Suhu Ruang,6.0,11.2,Segar
Apel,Buah,Suhu Ruang,4.0,10.5,Mentah
Anggur,Buah,Pembeku,1.0,3.2,Busuk
Kentang,Sayur,Suhu Ruang,0.0,1.2,Busuk
Cabe,Sayur,Pendingin,2.0,17.5,Segar
Jeruk,Buah,Pendingin,1.0,16.1,Matang
Tomat,Sayur,Pendingin,1000.0,3624.6,Segar
Anggur,Buah,Pendingin,,,
,Buah,Pendingin,0.0,,
Cabe,Sayur,Pembeku,6.0,37.5,Segar
Kentang,Sayur,Suhu Ruang,3.0,9.1,Segar
Wortel,Sayur,Pembeku,0.0,6.8,Busuk
Anggur,Buah,Pendingin,5.0,,
Cabe,Sayur,Pendingin,5.0,12.4,Segar
Cabe,Sayur,Pembeku,1.0,3.9,Busuk
Jeruk,Buah,Pendingin,8022.0,3573.9,Busuk
Jeruk,Buah,Pembeku,2.0,12.4,Terlalu Matang
Cabe,Sayur,Pendingin,0.0,1.1,Busuk
Kentang,Sayur,Suhu Ruang,0.0,2.6,Busuk
Cabe,Sayur,Pembeku,3.0,26.3,Segar
Timun,Sayur,Pembeku,1.0,3.9,Busuk
Anggur,Buah,Suhu Ruang,0.0,0.7,Busuk
Kentang,Sayur,Pendingin,0.0,3.4,Busuk
Anggur,Buah,Pembeku,1.0,0.5,Busuk
Cabe,Sayur,,1.0,1.2,Busuk
Cabe,Sayur,Suhu Ruang,1.0,0.6,Busuk
Anggur,Buah,Pembeku,1.0,0.4,Busuk
,,,5.0,40.7,Segar
,,Pendingin,1.0,1.1,
Timun,Sayur,Suhu Ruang,1.0,7.0,Segar
Apel,Buah,Pembeku,3.0,17.6,Terlalu Matang
Cabe,Sayur,Pendingin,2.0,11.8,Segar
Kentang,Sayur,,9999.0,2054.2,N/A
Mangga,Buah,Pendingin,2.0,18.3,Mentah
Timun,Sayur,Suhu Ruang,1.0,1.5,Busuk
Wortel,Sayur,,,0.9,Busuk
Mangga,Buah,Suhu Ruang,3.0,3.1,Terlalu Matang
Tomat,Sayur,Pembeku,3.0,29.4,Segar
Pisang,Buah,Pendingin,1.0,3.8,Terlalu Matang
Mangga,Buah,Pendingin,1.0,5.1,Terlalu Matang
Jeruk,Buah,Pendingin,5.0,14.5,Matang
Mangga,Buah,Suhu Ruang,1.0,0.2,Busuk
Kentang,Sayur,Pendingin,3.0,28.3,Segar
Anggur,Buah,Pembeku,2.0,11.2,Terlalu Matang
Tomat,Sayur,Pendingin,2.0,0.6,Busuk
Kentang,Sayur,Suhu Ruang,2.0,0.7,Busuk
Anggur,Buah,Pembeku,3.0,29.1,Matang
Kentang,Sayur,Pendingin,2.0,4.2,Busuk
Timun,Sayur,Pendingin,1.0,1.5,Busuk
,Sayur,Pembeku,1.0,16.7,Segar
Pisang,Buah,Pendingin,0.0,6.1,Terlalu Matang
Tomat,Sayur,Pembeku,,37.5,Segar
Apel,Buah,Pembeku,2.0,14.4,Terlalu Matang
Apel,Buah,Suhu Ruang,0.0,932.6,Busuk
Cabe,Sayur,Suhu Ruang,0.0,6.8,Segar
Pisang,Buah,Pendingin,3.0,5.4,Terlalu Matang
Kentang,Sayur,Pendingin,0.0,19.0,Segar
Jeruk,Buah,Suhu Ruang,5.0,6.6,Matang
Cabe,Sayur,Pembeku,2.0,38.4,Segar
Jeruk,Buah,Suhu Ruang,5.0,11.0,Mentah
Cabe,Sayur,Suhu Ruang,5.0,9.4,Segar
Jeruk,Buah,Pendingin,3.0,22.0,Matang
Jeruk,Buah,Pembeku,0.0,14.1,Terlalu Matang
Kentang,Sayur,Pendingin,1.0,2.0,Expired
Mangga,Buah,Suhu Ruang,3.0,7.1,Mentah
Cabe,Sayur,Suhu Ruang,0.0,0.9,Busuk
Timun,Sayur,Pendingin,0.0,1.1,Busuk
Timun,Sayur,Pendingin,1.0,1.1,Busuk
Mangga,Buah,Suhu Ruang,9999.0,2365.1,N/A
Pisang,Buah,Pembeku,2.0,8.8,Terlalu Matang
Kentang,Sayur,Pendingin,0.0,2.0,Busuk
Pisang,,Pendingin,0.0,,
Timun,Sayur,Pembeku,3.0,33.3,Segar
Jeruk,Buah,Pembeku,-1.0,-600.7,Matang
Jeruk,Buah,Pembeku,1.0,4.2,Busuk
,Buah,Suhu Ruang,6.0,10.7,Mentah
Apel,Buah,Pendingin,1.0,32.4,Mentah
,,,,3.4,
Anggur,Buah,Pembeku,1.0,0.5,Busuk
Tomat,Sayur,Suhu Ruang,2.0,1.3,Busuk
Anggur,Buah,Suhu Ruang,,2.6,Terlalu Matang
Apel,Buah,Pembeku,1.0,0.2,Busuk
Timun,Sayur,Suhu Ruang,-210.0,-710.3,Busuk
Wortel,Sayur,Pendingin,5.0,29.1,Segar
Tomat,Sayur,Pendingin,2.0,23.9,Segar
Pisang,Buah,Pendingin,0.0,5.8,Terlalu Matang
Wortel,Sayur,Suhu Ruang,2.0,0.3,Busuk
Mangga,Buah,Pendingin,1.0,0.4,Busuk
Tomat,Sayur,Suhu Ruang,4.0,9.8,Segar
Apel,Buah,Suhu Ruang,1.0,0.5,Busuk
Mangga,Buah,Suhu Ruang,0.0,0.9,Busuk
Pisang,Buah,Pendingin,1.0,0.4,Busuk
Mangga,Buah,Pendingin,1.0,4.4,Terlalu Matang
Mangga,Buah,Pendingin,1.0,0.6,Busuk
Anggur,Buah,Pembeku,5.0,25.7,Matang
Wortel,Sayur,Pembeku,1.0,7.6,Busuk
Wortel,Sayur,Pendingin,1.0,4.9,Busuk
Anggur,Buah,Pembeku,0.0,2.7,Busuk
Jeruk,Buah,Pembeku,2.0,14.0,Terlalu Matang
Anggur,Buah,Pembeku,2.0,15.4,Terlalu Matang
Jeruk,Buah,Pendingin,2.0,7.4,Terlalu Matang
Kentang,Sayur,,1.0,4.9,Busuk
Pisang,Buah,Pendingin,1.0,0.6,Busuk
Cabe,Sayur,Pendingin,2.0,0.1,Busuk
Pisang,Buah,Suhu Ruang,1.0,0.8,Busuk
Apel,Buah,Suhu Ruang,0.0,0.9,Busuk
Tomat,Sayur,Pendingin,500.0,1849.5,
Kentang,Sayur,Pembeku,0.0,4.8,Busuk
Timun,Sayur,Pembeku,0.0,2.3,Busuk
Mangga,Buah,Pendingin,2.0,10.2,Matang
Kentang,,Pembeku,1.0,3.2,
Apel,Buah,Pembeku,0.0,3.6,Busuk
Wortel,,,3.0,,Segar
Pisang,Buah,Suhu Ruang,2.0,7.3,Matang
Kentang,Sayur,Pendingin,3.0,39.4,Segar
,,Suhu Ruang,2.0,0.5,Busuk
Kentang,Sayur,Suhu Ruang,2.0,1.3,Busuk
,Buah,Pendingin,2.0,15.2,
,Buah,Pembeku,3.0,,Matang
Apel,Buah,Suhu Ruang,6.0,15.0,Mentah
Anggur,Buah,Pembeku,0.0,2.4,Busuk
,Sayur,Suhu Ruang,,,Segar
Apel,Buah,Pembeku,0.0,0.4,Busuk
Jeruk,Buah,Pendingin,0.0,8.4,Terlalu Matang
Timun,Sayur,Pendingin,3.0,9.4,Segar
Wortel,Sayur,Pembeku,0.0,0.7,Busuk
Cabe,Sayur,Pendingin,2.0,2.8,Busuk
Wortel,Sayur,Pembeku,0.0,6.5,Busuk
Cabe,Sayur,Suhu Ruang,0.0,1.1,Busuk
Apel,Buah,Pendingin,1.0,1.6,Busuk
Pisang,Buah,Pendingin,6.0,15.5,Mentah
Anggur,Buah,Suhu Ruang,9573.0,4457.2,Busuk
Kentang,N/A,Pendingin,1.0,2.7,Busuk
Cabe,Sayur,Suhu Ruang,0.0,11.4,Segar
Pisang,Buah,Pembeku,4.0,22.5,Matang
Anggur,Buah,Pendingin,2445.0,7278.4,Mentah
Anggur,Buah,Pembeku,-552.0,-110.5,Busuk
Cabe,Sayur,Pendingin,2.0,3.8,Busuk
Tomat,Sayur,Pendingin,4.0,16.1,Segar
Tomat,Sayur,Pembeku,3.0,25.6,Segar
Anggur,Buah,Suhu Ruang,5.0,5.7,Matang
Wortel,Sayur,Suhu Ruang,2.0,0.7,Busuk
Apel,Bumbu,Pembeku,3.0,16.9,Terlalu Matang
Mangga,Buah,Pendingin,1.0,6.3,Terlalu Matang
Apel,Buah,Pembeku,4.0,31.2,Matang
Tomat,Sayur,Pembeku,1.0,1.3,Busuk
Tomat,Sayur,Pendingin,-5.0,1325.7,Segar
Tomat,Sayur,Suhu Ruang,2.0,1.3,Busuk
Pisang,,Suhu Ruang,3.0,1.8,Terlalu Matang
Mangga,Buah,Pembeku,5.0,29.6,Matang
Jeruk,Buah,Pendingin,0.0,28.2,Mentah
Jeruk,Buah,Pendingin,2.0,15.7,Matang
Anggur,Buah,Pendingin,4.0,26.6,Mentah
Timun,Sayur,Suhu Ruang,1.0,8.6,Segar
Kentang,Sayur,Pendingin,2.0,19.2,Segar
Jeruk,Buah,Suhu Ruang,0.0,6.7,Matang
Pisang,Buah,Pembeku,1.0,3.0,Busuk
Pisang,Buah,Pendingin,1.0,1.1,Busuk
Tomat,Sayur,Pendingin,5.0,14.5,Segar
Cabe,Sayur,Suhu Ruang,2.0,0.9,Busuk
Anggur,Buah,Suhu Ruang,3.0,2.1,Terlalu Matang
Anggur,Buah,Suhu Ruang,0.0,0.9,Busuk
Cabe,Sayur,Suhu Ruang,2.0,1.5,Busuk
Kentang,Sayur,Suhu Ruang,5.0,19.9,Segar
Timun,Sayur,Pembeku,0.0,3.3,Busuk
Wortel,Sayur,Suhu Ruang,1.0,18.0,Segar
,,,,2.3,Busuk
Anggur,Buah,Pembeku,3.0,10.3,Terlalu Matang
Pisang,Buah,Suhu Ruang,0.0,0.2,Busuk
Anggur,Buah,Pendingin,0.0,16.6,Mentah
Cabe,Sayur,Pendingin,2.0,2.0,Busuk
Jeruk,Buah,Pembeku,1.0,3.9,Busuk
Pisang,Buah,Pembeku,1.0,3.1,Busuk
Mangga,Buah,Pembeku,0.0,3.1,Busuk
Tomat,Sayur,Pendingin,1031.0,6862.8,Busuk
Cabe,Sayur,Pendingin,1.0,14.1,Segar
Mangga,Buah,Suhu Ruang,3.0,5.4,Matang
Timun,Sayur,,,1.0,Busuk
Anggur,Buah,Pendingin,3.0,13.4,Matang
Tomat,Sayur,Suhu Ruang,2.0,5.8,Segar
Mangga,Buah,Pendingin,2.0,4.9,Terlalu Matang
Jeruk,Buah,Pendingin,1.0,6.3,Terlalu Matang
Pisang,Buah,Pembeku,0.0,7.5,Terlalu Matang
Timun,Sayur,Pendingin,3.0,26.3,Segar
Cabe,Sayur,Pembeku,2.0,2.1,Busuk
Tomat,Sayur,Suhu Ruang,1498.0,680.5,Segar
Anggur,Buah,Suhu Ruang,0.0,5.8,Matang
Kentang,Sayur,Pembeku,1.0,1.1,
Kentang,Sayur,Pembeku,1.0,7.1,Busuk
Mangga,Buah,Suhu Ruang,3.0,10.2,Mentah
Anggur,Buah,Pembeku,1.0,2.9,Busuk
Cabe,Sayur,Pembeku,2.0,1.8,Busuk
Pisang,Buah,Pendingin,1665.0,6696.2,Terlalu Matang
Kentang,Sayur,Suhu Ruang,2.0,2.6,Busuk
Wortel,Sayur,Pembeku,1.0,8.3,Busuk
Jeruk,Buah,Suhu Ruang,-764.0,-619.6,Busuk
Mangga,Buah,Pembeku,1.0,3.5,Busuk
Tomat,Sayur,Pembeku,6.0,18.9,Segar
Kentang,Sayur,Pembeku,1.0,9.2,Busuk
Timun,Sayur,Suhu Ruang,2.0,1.7,Busuk
Jeruk,Buah,Pembeku,1.0,2.6,Busuk
Wortel,Sayur,Suhu Ruang,6.0,10.5,Segar
Pisang,Buah,Pendingin,1000.0,1659.0,Matang
Timun,Sayur,Pendingin,0.0,16.7,Segar
,Buah,Suhu Ruang,0.0,0.4,Busuk
Anggur,Buah,Suhu Ruang,1.0,7.6,Matang
,Buah,,4.0,9.6,Matang
Tomat,Sayur,Pembeku,-815.0,-230.9,Busuk
Apel,Buah,Suhu Ruang,3.0,,
Timun,Sayur,Suhu Ruang,2.0,1.7,Busuk
Wortel,Sayur,Pembeku,5.0,37.4,Segar
Jeruk,Buah,Suhu Ruang,0.0,3.2,Terlalu Matang
Mangga,Buah,Pendingin,4143.0,2457.6,Matang
,,,2.0,17.9,
Pisang,Buah,Suhu Ruang,0.0,0.1,Busuk
Apel,Buah,Pendingin,1.0,1.6,Busuk
Tomat,Sayur,Suhu Ruang,6.0,5.0,Segar
Apel,Buah,Pembeku,1.0,2.8,Busuk
Timun,Sayur,Suhu Ruang,1.0,1.5,Busuk
Jeruk,Buah,Pendingin,0.0,0.5,Busuk
Timun,Sayur,Pembeku,2.0,35.9,Segar
Jeruk,Buah,Suhu Ruang,-5.0,3980.9,Mentah
Apel,Buah,Pembeku,2.0,,
Cabe,Sayur,Pendingin,1.0,20.9,Segar
Cabe,Sayur,Pembeku,1.0,30.6,Segar
,Buah,Pendingin,,6.5,
,Buah,Pembeku,,,Matang
Kentang,Sayur,Suhu Ruang,2.0,2.0,Busuk
Kentang,Sayur,Suhu Ruang,2.0,19.1,Segar
Anggur,Buah,Pembeku,2.0,34.9,Matang
Apel,Buah,Pendingin,4.0,31.0,Mentah
Anggur,Buah,Pembeku,1.0,25.4,Matang
Timun,Sayur,Pembeku,0.0,5.4,Busuk
Wortel,Sayur,Suhu Ruang,1.0,1.9,Busuk
Anggur,Buah,Suhu Ruang,0.0,11.4,Mentah
Apel,Buah,Pendingin,2.0,6.5,Terlalu Matang
Mangga,Buah,Pendingin,0.0,0.5,Busuk
Mangga,Buah,Suhu Ruang,1.0,0.4,Busuk
Pisang,Buah,Pendingin,2.0,21.7,Mentah
Apel,Buah,Suhu Ruang,1.0,0.2,Busuk
Cabe,Sayur,Suhu Ruang,-5.0,1222.3,Busuk
Mangga,Buah,Pembeku,1.0,9.0,Terlalu Matang
Timun,Sayur,Pendingin,5.0,24.1,Segar
Kentang,Sayur,Suhu Ruang,1.0,0.1,Busuk
Timun,Sayur,Pendingin,5.0,18.3,Segar
Apel,,Suhu Ruang,,,Matang
Mangga,Buah,Pendingin,0.0,9.4,Matang
Kentang,Sayur,Suhu Ruang,1.0,20.2,Segar
Cabe,Sayur,Pendingin,1.0,1.5,Busuk
Tomat,Sayur,Pembeku,6.0,20.9,Segar
Timun,Sayur,Pembeku,1.0,31.5,Segar
Tomat,Sayur,Pembeku,6.0,28.0,Segar
Pisang,Buah,Pembeku,5.0,16.3,Matang
Wortel,Sayur,Pendingin,2.0,38.1,Segar
Anggur,Buah,Suhu Ruang,2.0,10.4,Mentah
???,Sayur,Pembeku,1.0,21.1,Segar
Pisang,Buah,Pendingin,3.0,4.0,Terlalu Matang
Kentang,Sayur,Suhu Ruang,3.0,18.6,Segar
Mangga,Buah,Pembeku,6.0,28.8,Mentah
,Sayur,Suhu Ruang,,9.4,
Apel,Buah,Suhu Ruang,1.0,10.5,Mentah
Cabe,Sayur,Pembeku,0.0,6.7,Busuk
Cabe,Sayur,Suhu Ruang,0.0,1638.5,N/A
Kentang,Sayur,Pendingin,1000.0,1061.6,Segar
Wortel,Sayur,Suhu Ruang,,8.1,Segar
Cabe,Sayur,Pendingin,3.0,17.9,Segar
Kentang,Sayur,,,40.1,
Timun,Sayur,Suhu Ruang,3.0,8.5,Segar
Jeruk,Buah,Pendingin,2.0,7.0,Terlalu Matang
Timun,Sayur,Suhu Ruang,1.0,1.0,Busuk
Cabe,Sayur,Suhu Ruang,6.0,10.9,Segar
Timun,Sayur,Suhu Ruang,0.0,0.7,Busuk
Cabe,Sayur,Pendingin,0.0,1.2,Busuk
Wortel,Sayur,Pendingin,1.0,1.2,Busuk
Anggur,Buah,Pembeku,0.0,1.0,Busuk
Kentang,Sayur,Pendingin,2.0,2.6,Busuk
Timun,Sayur,Pembeku,0.0,1.6,Busuk
Pisang,Buah,Pembeku,0.0,1.7,Busuk
Tomat,Sayur,Pendingin,2.0,0.1,Busuk
Apel,Buah,Pendingin,5.0,21.5,Matang
Pisang,Buah,Pembeku,6116.0,2890.9,Mentah
Cabe,Sayur,Suhu Ruang,0.0,0.1,Busuk
Kentang,Sayur,Pembeku,1.0,1.1,Busuk
Tomat,Sayur,Pembeku,2.0,4.5,Busuk
Kentang,Sayur,Suhu Ruang,0.0,1667.5,
Tomat,Sayur,Pembeku,3.0,38.3,Segar
,Buah,Suhu Ruang,2.0,9.0,Matang
Wortel,Sayur,Pembeku,1.0,4.2,Busuk
Pisang,Buah,Pendingin,6.0,11.2,Mentah
Anggur,Buah,Pembeku,0.0,1.2,
Apel,Bumbu,Suhu Ruang,4.0,12.7,Mentah
Mangga,Buah,Pembeku,6.0,36.3,Mentah
Tomat,Sayur,Pembeku,1.0,0.4,Busuk
Wortel,Sayur,Pendingin,2.0,1.1,Busuk
Tomat,Sayur,Suhu Ruang,4.0,7.2,Segar
Kentang,Sayur,Suhu Ruang,2.0,1.3,Busuk
Pisang,Buah,Suhu Ruang,6.0,7.0,Mentah
Wortel,Sayur,Suhu Ruang,0.0,11.6,Segar
Mangga,Buah,Suhu Ruang,-5.0,4266.3,Terlalu Matang
Wortel,Sayur,Suhu Ruang,1.0,2.4,Busuk
,Buah,Pendingin,2.0,,Terlalu Matang
Timun,Sayur,Pembeku,1.0,5.8,Busuk
Anggur,Buah,Pembeku,0.0,1.1,Busuk
Anggur,Buah,Suhu Ruang,2.0,2.1,Terlalu Matang
Mangga,Buah,Pendingin,0.0,0.2,Busuk
Apel,Buah,Suhu Ruang,2.0,11.5,Mentah
Mangga,Buah,Pendingin,0.0,,Mentah
Anggur,Buah,Pendingin,0.0,0.5,Busuk
Cabe,Sayur,,500.0,2172.8,Expired
Cabe,Sayur,Suhu Ruang,4.0,5.9,Segar
Apel,Buah,Suhu Ruang,1.0,0.5,Busuk
Kentang,Sayur,Suhu Ruang,0.0,1.8,Busuk
Anggur,Buah,Pembeku,-5.0,1360.3,Busuk
Timun,,Pembeku,1.0,5.8,Busuk
Wortel,Sayur,Suhu Ruang,0.0,1.0,Busuk
Kentang,Sayur,,5.0,7.2,
Cabe,Sayur,Pendingin,500.0,1974.3,N/A
Mangga,Buah,Pendingin,2.0,6.9,Terlalu Matang
Tomat,Sayur,Pendingin,0.0,19.5,Segar
Cabe,Sayur,Suhu Ruang,1.0,10.0,Segar
Wortel,Sayur,Pendingin,6.0,18.2,Segar
Kentang,Sayur,Pembeku,0.0,8.4,Busuk
Timun,Sayur,Suhu Ruang,3.0,6.0,Segar
Mangga,Buah,Pendingin,4.0,24.5,Mentah
Kentang,Sayur,Pendingin,0.0,4.0,Busuk
Anggur,,,1.0,,Matang
Jeruk,Buah,Pendingin,2.0,5.8,Terlalu Matang
,Buah,Suhu Ruang,0.0,7.2,Matang
,,Pendingin,,0.0,Busuk
Anggur,Buah,Pendingin,3.0,11.3,Matang
Wortel,Sayur,Pendingin,1.0,3.3,Busuk
Tomat,Sayur,Pendingin,2.0,10.5,Segar
Anggur,Buah,Pendingin,5.0,10.8,Matang
Timun,Sayur,Suhu Ruang,3.0,6.9,Segar
Apel,Buah,Pendingin,1000.0,1358.6,Matang
Kentang,Sayur,Pendingin,1.0,0.9,Busuk
Wortel,Sayur,Pendingin,1.0,33.8,Segar
Kentang,Sayur,Pembeku,-5.0,1880.8,Busuk
,,Pembeku,1.0,6.5,Busuk
Anggur,Buah,Suhu Ruang,3.0,7.2,Mentah
Cabe,Sayur,Suhu Ruang,1.0,1.5,Busuk
Kentang,Sayur,Suhu Ruang,1.0,13.8,Segar
Tomat,Sayur,Pendingin,3.0,16.9,Segar
Tomat,Sayur,Suhu Ruang,-5.0,4482.3,Segar
Anggur,,,2.0,2.7,Terlalu Matang
Pisang,Buah,Suhu Ruang,,0.3,Busuk
Kentang,Sayur,Pembeku,0.0,10.1,
Timun,Sayur,Pendingin,6.0,9.9,Segar
Tomat,Sayur,Pembeku,0.0,2.5,Busuk
Apel,Buah,,9999.0,2548.2,
Anggur,Buah,Pendingin,,,
Cabe,,Suhu Ruang,1.0,0.9,Busuk
Tomat,Sayur,Pendingin,2.0,0.3,Busuk
Jeruk,Buah,Suhu Ruang,0.0,10.1,Matang
Jeruk,Buah,Suhu Ruang,3.0,10.3,Matang
Cabe,Sayur,Pendingin,4.0,13.8,Segar
,Buah,Suhu Ruang,5.0,5.7,Matang
Wortel,Sayur,Suhu Ruang,3.0,6.8,Segar
Jeruk,??,Pendingin,0.0,2.3,Busuk
Anggur,Buah,Pembeku,0.0,20.2,Matang
Wortel,Sayur,Suhu Ruang,3.0,10.1,Segar
Apel,Buah,Suhu Ruang,2.0,8.6,Matang
Pisang,,Suhu Ruang,4.0,,
Timun,Sayur,Suhu Ruang,1.0,0.3,Busuk
Cabe,Sayur,Pendingin,3790.0,9594.0,Segar
Cabe,Sayur,Suhu Ruang,2.0,14.3,Segar
Mangga,Buah,Pendingin,3.0,7.1,Terlalu Matang
Cabe,Sayur,Pembeku,0.0,2.5,Busuk
Mangga,Buah,Suhu Ruang,1.0,0.5,Busuk
Mangga,Buah,Pendingin,2.0,15.8,Matang
Timun,Sayur,Suhu Ruang,1.0,1.8,Busuk
Tomat,Sayur,Pendingin,4.0,13.8,Segar
Apel,Buah,Pendingin,3.0,15.9,Matang
Jeruk,Buah,Pendingin,,0.8,
Tomat,Sayur,Pembeku,0.0,4.4,Busuk
Pisang,Buah,Pendingin,-450.0,-990.8,Mentah
Cabe,Sayur,Suhu Ruang,0.0,0.2,Busuk
Pisang,Buah,Suhu Ruang,1.0,2.9,Terlalu Matang
Pisang,Buah,Pembeku,2.0,10.5,Terlalu Matang
Timun,Sayur,Suhu Ruang,0.0,9.7,Expired
Wortel,Sayur,Suhu Ruang,4.0,7.6,Segar
buah123,Sayur,Pembeku,0.0,4.0,Busuk
Timun,Sayur,Pendingin,0.0,0.3,Busuk
Tomat,Sayur,Suhu Ruang,5.0,5.3,Segar
Tomat,Sayur,Suhu Ruang,1.0,11.1,Segar
Timun,Sayur,Suhu Ruang,1000.0,2113.4,Segar
Apel,Buah,Pembeku,1.0,3.1,Busuk
Apel,Buah,Pembeku,,2.0,Busuk
Apel,Buah,Pendingin,2.0,5.0,Terlalu Matang
Timun,Sayur,Pembeku,3068.0,4469.5,Segar
Mangga,Buah,Pembeku,0.0,18.7,Matang
Mangga,Buah,Pembeku,4296.0,995.7,Matang
Timun,Sayur,Pendingin,6.0,14.1,Segar
Mangga,Buah,Lemari,5.0,7.9,Matang
Wortel,Sayur,,4.0,,Segar
Wortel,Sayur,Pembeku,2.0,6.5,Busuk
Mangga,Buah,Pembeku,4.0,36.4,Mentah
Cabe,Sayur,Pendingin,2.0,18.6,Segar
Jeruk,Buah,Pendingin,0.0,1.3,Busuk
Jeruk,Buah,Suhu Ruang,1.0,2.8,Terlalu Matang
Kentang,Sayur,Suhu Ruang,1.0,0.9,Busuk
Mangga,,,1.0,0.5,
Anggur,Buah,Pembeku,0.0,3.7,Busuk
Timun,Sayur,Pembeku,0.0,5.4,Busuk
Anggur,Buah,Pembeku,0.0,2.7,Busuk
Apel,Buah,Pembeku,1.0,16.1,Terlalu Matang
Timun,Sayur,Pembeku,0.0,40.6,Segar
Pisang,Buah,Suhu Ruang,1.0,2.6,Terlalu Matang
Tomat,Sayur,Suhu Ruang,5.0,4.1,Segar
Cabe,Sayur,Suhu Ruang,2.0,12.2,Segar
Timun,Sayur,Pendingin,1.0,2.4,Busuk
Pisang,Buah,Pendingin,0.0,15.6,Mentah
Apel,Buah,Suhu Ruang,4.0,12.9,Mentah
Mangga,Buah,Pendingin,-613.0,-446.9,Mentah
Jeruk,Buah,,500.0,2520.7,Expired
Tomat,Sayur,Pembeku,5.0,36.7,Segar
Anggur,Buah,Pembeku,1.0,14.6,Terlalu Matang
Kentang,Sayur,Suhu Ruang,5.0,12.6,Segar
Jeruk,Buah,Suhu Ruang,4.0,15.4,Mentah
Apel,Buah,Suhu Ruang,2.0,3.9,Terlalu Matang
Kentang,Sayur,Pendingin,1.0,0.2,Busuk
Jeruk,Buah,Pendingin,1.0,16.1,Matang
Mangga,Buah,Pendingin,3.0,3.6,Terlalu Matang
Pisang,Buah,Pendingin,8776.0,9758.2,Matang
Apel,Buah,Suhu Ruang,1.0,2.6,Terlalu Matang
Pisang,Buah,Pembeku,3.0,26.9,Matang
Apel,Buah,Suhu Ruang,-382.0,-52.8,Mentah
Apel,Buah,Pembeku,0.0,3.1,Busuk
Apel,Buah,Pendingin,0.0,17.4,Matang
Mangga,Buah,Suhu Ruang,3.0,3.6,Terlalu Matang
Pisang,Buah,Pembeku,1.0,0.2,Busuk
Kentang,Sayur,Pendingin,1.0,1.7,Busuk
Tomat,Sayur,Suhu Ruang,1.0,1.0,Busuk
Timun,Sayur,Pendingin,0.0,2.0,Busuk
Mangga,Buah,Suhu Ruang,1.0,7.1,Mentah
Anggur,Buah,Suhu Ruang,3.0,2.0,Terlalu Matang
Cabe,Sayur,Pendingin,284.0,9662.0,Busuk
Jeruk,Buah,Pendingin,6.0,34.5,Mentah
Kentang,Sayur,Suhu Ruang,0.0,1.0,Busuk
Anggur,Buah,Suhu Ruang,1.0,1.0,Busuk
Timun,Sayur,Suhu Ruang,0.0,1.3,Busuk
Timun,Sayur,Pendingin,1.0,0.8,Busuk
Apel,Buah,Luar Ruangan,5.0,19.5,Matang
Tomat,Sayur,Suhu Ruang,2.0,1.4,Busuk
Pisang,Buah,Pembeku,0.0,1.5,Busuk
Apel,Buah,Suhu Ruang,1.0,12.1,Mentah
Wortel,Sayur,Pembeku,-576.0,-611.6,Busuk
Tomat,Sayur,Pembeku,0.0,35.3,Segar
Tomat,Sayur,Pendingin,0.0,0.3,Busuk
Tomat,Sayur,Pembeku,1.0,2.8,Busuk
Wortel,Sayur,Pembeku,2.0,3.9,Busuk
,Buah,,2.0,4.9,
Jeruk,Buah,Suhu Ruang,1000.0,3016.6,Matang
Cabe,Sayur,Pendingin,0.0,1.6,Busuk
Wortel,??,Suhu Ruang,6.0,12.1,Segar
Anggur,Buah,Suhu Ruang,1.0,5.1,Matang
Tomat,Sayur,Pendingin,0.0,0.3,Busuk
Jeruk,Buah,Pembeku,5.0,31.7,Matang
Mangga,Buah,Pendingin,1.0,0.5,Busuk
Tomat,,Suhu Ruang,-99.0,2771.0,Expired
Anggur,Buah,Pendingin,0.0,6.3,Terlalu Matang
Anggur,Buah,Pendingin,1.0,11.8,Matang
Jeruk,Buah,Pendingin,500.0,2892.1,
Mangga,Buah,Suhu Ruang,-137.0,-76.1,Mentah
Cabe,Sayur,Suhu Ruang,3.0,7.1,Segar
Tomat,Sayur,Pembeku,1.0,5.8,Busuk
Jeruk,Buah,Suhu Ruang,0.0,9.2,Matang
Mangga,Buah,Pembeku,1.0,1.4,Busuk
Kentang,Sayur,Suhu Ruang,0.0,2.1,Busuk
Pisang,Buah,Pendingin,-287.0,-168.8,Busuk
Apel,Buah,Pembeku,1.0,3.8,Busuk
Timun,Sayur,Pembeku,0.0,5.4,Busuk
Wortel,Sayur,Suhu Ruang,1236.0,2088.3,Busuk
Mangga,Buah,Suhu Ruang,0.0,9.0,Mentah
,Sayur,,,0.3,Busuk
Apel,Buah,Suhu Ruang,1.0,10.3,Mentah
Anggur,Buah,Pendingin,5.0,27.8,Mentah
Wortel,Sayur,Pendingin,5.0,23.1,Segar
Anggur,Buah,Pembeku,0.0,13.6,Terlalu Matang
Anggur,Buah,Lemari,2.0,19.1,Mentah
Tomat,Sayur,Pembeku,2.0,26.6,Segar
Kentang,Sayur,Suhu Ruang,0.0,1.8,Busuk
Anggur,Buah,Pendingin,0.0,25.2,Mentah
Apel,,,,37.1,Mentah
Pisang,Buah,Pembeku,1.0,1.9,Busuk
Tomat,Sayur,Pembeku,4.0,33.0,Segar
Timun,Sayur,Pembeku,2.0,3.7,Busuk
Timun,Sayur,Pendingin,0.0,0.7,Busuk
Mangga,Buah,Pembeku,0.0,3.2,Busuk
Mangga,Buah,Gudang,5.0,9.4,Matang
Apel,Daging,Suhu Ruang,2.0,3.0,Terlalu Matang
Anggur,Buah,Suhu Ruang,1.0,5.6,Matang
Apel,,,,,Busuk
Anggur,,Pembeku,1.0,0.4,Busuk
Pisang,Buah,Pendingin,1.0,21.9,Mentah
Mangga,Buah,Pendingin,0.0,1.4,Busuk
Wortel,Sayur,Pendingin,0.0,3.2,Busuk
Mangga,Buah,Pembeku,3.0,13.1,Terlalu Matang
Anggur,Buah,Pembeku,1.0,1.9,Busuk
Wortel,Sayur,Pembeku,1.0,39.5,Segar
Cabe,Sayur,Suhu Ruang,-5.0,4352.9,Segar
Apel,Buah,Pembeku,0.0,4.4,Busuk
Wortel,Sayur,Suhu Ruang,1.0,7.1,Segar
Anggur,Buah,Suhu Ruang,0.0,0.4,Busuk
Timun,Sayur,Pembeku,2.0,4.2,Busuk
Mangga,Buah,,2.0,,
Cabe,Sayur,,2.0,,Busuk
Jeruk,Buah,Suhu Ruang,0.0,4.7,Terlalu Matang
Timun,Sayur,Pendingin,1.0,3.5,Busuk
Mangga,,Suhu Ruang,0.0,1707.7,
Tomat,Sayur,Pendingin,3.0,8.3,Segar
Timun,Sayur,Pembeku,1.0,4.7,Busuk
,,Pendingin,,26.6,Segar
Mangga,Buah,Pendingin,1.0,1.4,Busuk
Jeruk,Buah,Suhu Ruang,1.0,7.3,Matang
Timun,Sayur,Pendingin,1.0,0.2,Busuk
UNKNOWN,Sayur,Pendingin,0.0,2.3,Busuk
Wortel,Sayur,Pendingin,4.0,29.3,Segar
Timun,Sayur,Suhu Ruang,1.0,8.3,Segar
Mangga,Buah,Suhu Ruang,1.0,3.5,Terlalu Matang
Jeruk,Buah,Pendingin,1.0,21.7,Matang
Tomat,Sayur,Suhu Ruang,1.0,0.0,Busuk
Cabe,Sayur,Suhu Ruang,0.0,0.7,Busuk
Apel,Buah,Suhu Ruang,3.0,16.3,Mentah
,Sayur,Pendingin,2.0,31.0,Segar
Timun,Sayur,Suhu Ruang,2.0,8.9,Segar
Cabe,Sayur,Suhu Ruang,2.0,0.7,Busuk
Anggur,Buah,Suhu Ruang,0.0,0.7,Busuk
Kentang,Sayur,Pendingin,2.0,5.1,Busuk
Kentang,Sayur,Pendingin,-46.0,-900.0,Busuk
Mangga,Buah,Pendingin,1.0,10.0,Matang
Tomat,Sayur,Pendingin,0.0,1.4,Busuk
Tomat,Sayur,Pendingin,5.0,19.9,Segar
Kentang,Sayur,Pendingin,3.0,34.7,Segar
Wortel,Sayur,Pendingin,1.0,4.4,
Pisang,Buah,Pembeku,3.0,39.2,Mentah
Apel,Buah,Suhu Ruang,0.0,0.2,Busuk
Jeruk,Buah,Suhu Ruang,1000.0,1860.2,Mentah
Timun,Sayur,Pendingin,2.0,0.0,Busuk
Cabe,Sayur,Pendingin,1.0,1.6,Busuk
Apel,Buah,Pendingin,1.0,1.0,Busuk
Mangga,Buah,Suhu Ruang,,,Mentah
Jeruk,Buah,Pendingin,1.0,1.3,Busuk
Wortel,Sayur,Pendingin,9245.0,3555.0,Segar
Cabe,Sayur,Suhu Ruang,1.0,0.6,Busuk
Wortel,Sayur,Pendingin,-104.0,-628.2,Busuk
Cabe,,Pendingin,0.0,0.4,
Pisang,Buah,Pendingin,0.0,3.6,Terlalu Matang
Timun,Sayur,Pembeku,3.0,38.1,Segar
Wortel,Sayur,Pendingin,1.0,28.0,1
Mangga,Buah,Suhu Ruang,0.0,0.6,Busuk
Kentang,Sayur,Pembeku,0.0,6.0,Busuk
Kentang,Sayur,Suhu Ruang,4.0,13.6,
Jeruk,Buah,Pembeku,-983.0,-38.6,Matang
Tomat,Sayur,Suhu Ruang,2.0,0.7,Busuk
Wortel,Sayur,Suhu Ruang,1.0,0.6,Busuk
Wortel,Sayur,Pendingin,,17.4,Segar
,Sayur,Pendingin,1.0,2.2,Busuk
Anggur,Buah,Pembeku,0.0,1.3,Busuk
Jeruk,Buah,Pembeku,1000.0,3512.7,Busuk
Jeruk,Buah,Pendingin,0.0,23.2,Matang
Kentang,Sayur,Suhu Ruang,1.0,2.2,Busuk
Kentang,Sayur,Pendingin,6.0,20.6,Segar
Pisang,Buah,Pembeku,1.0,12.1,Terlalu Matang
Pisang,Buah,Pembeku,0.0,0.2,Busuk
,Buah,,3.0,4.6,
Anggur,Buah,Pendingin,1.0,6.0,Terlalu Matang
Timun,Sayur,Suhu Ruang,1.0,1.4,Busuk
Tomat,Sayur,Pendingin,0.0,0.0,Busuk
Anggur,Buah,Pembeku,0.0,1601.3,Terlalu Matang
Wortel,Sayur,Suhu Ruang,0.0,1.8,Busuk
Anggur,Buah,Pembeku,5.0,25.3,Matang
Anggur,Buah,,500.0,2467.2,
Pisang,Buah,Pembeku,0.0,1.5,Busuk
Jeruk,Buah,Suhu Ruang,1.0,0.5,Busuk
Tomat,Sayur,Pembeku,6.0,19.0,Segar
Pisang,Buah,Suhu Ruang,5.0,4.3,Matang
Mangga,Buah,Pendingin,5.0,14.0,Matang
Cabe,Sayur,Pembeku,1.0,3.1,Busuk
Mangga,Buah,Pembeku,4.0,26.2,Matang
Timun,Sayur,Pendingin,1.0,1.2,Busuk
Jeruk,Buah,Suhu Ruang,1.0,0.5,Busuk
Jeruk,Buah,Pembeku,1.0,4.9,Busuk
Kentang,Sayur,Suhu Ruang,0.0,1.8,
Wortel,Sayur,Pembeku,1.0,5.5,Busuk
Wortel,Sayur,Suhu Ruang,0.0,1.0,Busuk
Timun,Sayur,Suhu Ruang,0.0,0.9,Busuk
Apel,Buah,Pendingin,1.0,1.0,Busuk
Apel,Buah,Suhu Ruang,4.0,14.0,Mentah
Anggur,Buah,Suhu Ruang,0.0,0.9,Busuk
Mangga,Buah,Pembeku,3.0,26.8,Matang
Pisang,1,Pendingin,5.0,9.6,Matang
Mangga,Buah,Pendingin,5.0,15.2,Matang
Kentang,Sayur,Pendingin,6.0,40.6,Segar
Cabe,Sayur,Pembeku,2.0,20.1,Segar
Pisang,Buah,Pendingin,0.0,4.7,Terlalu Matang
Anggur,Buah,Pendingin,6.0,26.9,Mentah
Jeruk,Buah,Suhu Ruang,6.0,10.3,Mentah
Tomat,Sayur,Pembeku,5.0,37.5,Segar
Tomat,Sayur,Suhu Ruang,0.0,0.3,Busuk
Cabe,Sayur,Pendingin,1.0,2.2,Busuk
Mangga,Buah,Pembeku,2.0,13.7,Terlalu Matang
Timun,Sayur,Suhu Ruang,2.0,1.1,Busuk
Wortel,Sayur,Pendingin,1.0,0.6,Busuk
Anggur,Buah,Suhu Ruang,0.0,8.5,Matang
Mangga,Buah,Suhu Ruang,1.0,0.4,Busuk
Cabe,Sayur,Pendingin,3.0,14.9,Segar
Jeruk,Buah,Pendingin,-5.0,4557.5,Terlalu Matang
Tomat,Sayur,Pembeku,0.0,4.4,Busuk
Timun,Sayur,Pendingin,4.0,16.9,Segar
Apel,Buah,Pembeku,0.0,,Busuk
Apel,Buah,Pendingin,1.0,23.3,Matang
Kentang,Sayur,Pembeku,2.0,11.0,Busuk
Pisang,Ikan,Suhu Ruang,0.0,5.8,Matang
Jeruk,Buah,Suhu Ruang,4.0,7.7,Matang
Wortel,,Suhu Ruang,2.0,17.3,Segar
,,Pembeku,1.0,27.7,Matang
Pisang,Buah,Pembeku,1.0,1.8,Busuk
Timun,Sayur,Pendingin,5.0,18.3,Segar
Kentang,Sayur,Suhu Ruang,2.0,17.0,Segar
Wortel,Sayur,Pendingin,0.0,2.2,Busuk
Jeruk,Buah,Pendingin,1.0,27.6,Mentah
Timun,Sayur,Pembeku,0.0,3.9,Busuk
Apel,Buah,Pembeku,3.0,17.9,Terlalu Matang
Anggur,Buah,Pendingin,4.0,18.7,Matang
Jeruk,Buah,Suhu Ruang,2.0,14.8,Mentah
,,,1.0,2.0,Busuk
Wortel,Sayur,Suhu Ruang,1.0,0.5,Busuk
Jeruk,Buah,Pendingin,3.0,7.0,Terlalu Matang
Jeruk,Buah,Pendingin,5.0,19.2,Matang
Apel,Buah,Suhu Ruang,3.0,7.6,Matang
Wortel,Sayur,Pendingin,0.0,4.4,Busuk
Mangga,Buah,Pembeku,0.0,1.6,Busuk
Apel,Buah,Suhu Ruang,6.0,11.6,Mentah
Anggur,Buah,Suhu Ruang,,2.3,
Cabe,Sayur,Pembeku,6.0,24.7,Segar
Apel,Buah,Pembeku,3.0,13.3,Terlalu Matang
Timun,Sayur,Suhu Ruang,2.0,7.4,Segar
Pisang,Buah,Suhu Ruang,0.0,2.8,Terlalu Matang
,Buah,Pendingin,5.0,11.6,
,Buah,Pendingin,,3.6,Terlalu Matang
Anggur,Buah,Pendingin,1.0,17.1,Mentah
Pisang,Buah,Pendingin,0.0,5.2,Terlalu Matang
Wortel,Sayur,Pendingin,5.0,30.6,Segar
Kentang,Sayur,Suhu Ruang,1.0,0.0,Busuk
Wortel,Sayur,Pendingin,1.0,17.4,Segar
Cabe,Sayur,Pendingin,1.0,0.2,Busuk
Cabe,Sayur,Pendingin,2.0,1.8,Busuk
Tomat,Sayur,,0.0,,Busuk
Mangga,Buah,Suhu Ruang,1.0,8.5,Mentah
Jeruk,Buah,,2.0,,
Timun,Sayur,Suhu Ruang,2.0,0.3,Busuk
Timun,Sayur,Pembeku,0.0,3.1,Busuk
Mangga,Buah,Pendingin,4.0,14.2,Matang
Pisang,Buah,Pembeku,2.0,20.2,Matang
Apel,Buah,,-99.0,2280.4,
Wortel,Sayur,Pembeku,0.0,6.4,Busuk
,Buah,,,19.5,Mentah
Anggur,Buah,Pembeku,1.0,3.4,Busuk
Timun,Sayur,Pendingin,0.0,1.2,Busuk
Wortel,,Pendingin,,,Busuk
Anggur,Buah,,-99.0,1385.9,null
Pisang,Buah,Pendingin,1.0,5.6,Terlalu Matang
Pisang,Buah,Pendingin,3.0,5.4,Terlalu Matang
Pisang,Buah,Pembeku,2.0,7.1,Terlalu Matang
Kentang,Sayur,Suhu Ruang,0.0,13.1,Segar
Tomat,Sayur,Pembeku,0.0,4.9,Busuk
Wortel,Sayur,Pendingin,5.0,13.6,Segar
Jeruk,Buah,Pendingin,2.0,15.4,Matang
Wortel,Sayur,Pembeku,2.0,2.7,Busuk
Pisang,Buah,Pendingin,3.0,3.6,Terlalu Matang
Mangga,Buah,Pembeku,1.0,33.6,
Timun,Sayur,Pembeku,5.0,19.1,Segar
Kentang,Sayur,Suhu Ruang,0.0,1.8,
,Buah,,,28.7,Matang
Apel,Buah,Pembeku,1.0,31.5,Matang
Pisang,Buah,Pendingin,0.0,0.7,Busuk
Cabe,Sayur,Pendingin,1.0,2.3,Busuk
Jeruk,Buah,Pembeku,1.0,18.5,Terlalu Matang
Apel,Buah,Pendingin,1.0,15.7,Matang
Jeruk,Buah,Pendingin,0.0,27.2,Mentah
Anggur,Buah,Suhu Ruang,1.0,7.1,Matang
Mangga,Buah,Pendingin,3.0,16.9,Matang
Pisang,Buah,Suhu Ruang,1.0,0.7,Busuk
Kentang,Sayur,Pembeku,2.0,2.1,Busuk
Tomat,Sayur,Pembeku,0.0,0.6,Busuk
Tomat,Sayur,Suhu Ruang,2.0,1.5,Busuk
Pisang,Buah,Pendingin,0.0,14.2,Mentah
Jeruk,Buah,Pembeku,1.0,3.5,Busuk
Pisang,Buah,Suhu Ruang,1.0,0.7,Busuk
Anggur,Buah,Pendingin,719.0,1388.2,Mentah
Cabe,Sayur,Suhu Ruang,6.0,13.9,Segar
,Buah,Pendingin,,3.8,Terlalu Matang
Apel,Buah,Pendingin,2.0,26.6,Mentah
Apel,Buah,Pendingin,-951.0,-27.8,Matang
Anggur,Buah,Suhu Ruang,3.0,7.2,Mentah
Apel,Buah,Suhu Ruang,3.0,10.0,Mentah
Tomat,Sayur,Suhu Ruang,2.0,1.6,Busuk
Kentang,Sayur,Pendingin,0.0,0.7,Busuk
Kentang,Sayur,Pendingin,1.0,3.1,Busuk
Tomat,Sayur,Pendingin,1.0,2.8,Busuk
Anggur,Buah,,,,
Wortel,Sayur,,1.0,2.5,Busuk
Pisang,Buah,Pembeku,2.0,29.1,Mentah
Anggur,Buah,Suhu Ruang,2.0,10.9,Mentah
Pisang,Buah,Suhu Ruang,1.0,0.5,Busuk
Apel,Buah,Pendingin,1.0,5.4,Terlalu Matang
Pisang,Buah,Pendingin,0.0,9.5,Matang
Mangga,Buah,Suhu Ruang,1.0,6.4,Matang
Jeruk,Buah,Pembeku,1.0,0.5,Busuk
Anggur,Buah,Pembeku,1.0,33.3,Matang
Pisang,,Pembeku,5.0,,Matang
Jeruk,Buah,Suhu Ruang,0.0,4.9,Terlalu Matang
Pisang,Buah,Pendingin,5.0,12.6,Mentah
Kentang,Sayur,Pembeku,2.0,8.4,Busuk
Jeruk,,Suhu Ruang,0.0,9.2,Mentah
Anggur,Buah,Pembeku,1.0,13.0,Terlalu Matang
Wortel,,Suhu Ruang,-99.0,258.8,
Anggur,Buah,Pembeku,0.0,1.5,Busuk
Mangga,Buah,Pendingin,5.0,10.7,Matang
Cabe,Sayur,Pendingin,2.0,2.5,Busuk
Pisang,Buah,Pembeku,1.0,28.6,Matang
Kentang,Sayur,Suhu Ruang,1.0,0.9,Busuk
Kentang,Sayur,Pendingin,-99.0,758.9,
Anggur,Buah,Pembeku,0.0,2.1,Busuk
Tomat,Sayur,Pendingin,1.0,1.2,Busuk
Mangga,Buah,Pembeku,4.0,29.3,Matang
N/A,Buah,Suhu Ruang,1.0,4.2,Terlalu Matang
Pisang,Buah,Pembeku,1.0,24.8,Mentah
Anggur,Buah,Pembeku,1.0,0.2,Busuk
Mangga,Buah,Suhu Ruang,500.0,1242.6,N/A
Jeruk,Buah,Suhu Ruang,5.0,6.6,Matang
,Sayur,Suhu Ruang,1.0,,Segar
Anggur,Buah,Pembeku,500.0,857.1,Expired
Jeruk,Buah,Suhu Ruang,5.0,12.9,Matang
Kentang,Sayur,Suhu Ruang,5.0,20.3,Segar
  ,Buah,Pendingin,5.0,9.0,Matang
Kentang,Sayur,Suhu Ruang,1.0,10.8,Segar
Timun,Sayur,Suhu Ruang,1.0,7.6,Segar
Apel,Buah,Suhu Ruang,0.0,0.2,Busuk
Tomat,Sayur,Pembeku,5.0,36.7,Segar
,,Pendingin,,12.0,Segar
Timun,Sayur,Pendingin,2.0,3.4,Busuk
Anggur,Buah,Suhu Ruang,0.0,4.0,Terlalu Matang
Cabe,Sayur,Pendingin,2.0,24.2,Segar
Apel,Buah,Suhu Ruang,2.0,8.8,Matang
Tomat,Sayur,Pembeku,3.0,21.8,Segar
Timun,Sayur,Pendingin,0.0,15.7,Segar
Kentang,Sayur,Suhu Ruang,6.0,10.6,Segar
Mangga,Buah,Suhu Ruang,4.0,6.6,Mentah
Wortel,Sayur,Suhu Ruang,0.0,1.1,Busuk
Mangga,Buah,Pendingin,0.0,6.1,Terlalu Matang
Apel,Buah,Pendingin,5.0,21.5,Mentah
,,Pendingin,,4.9,
Apel,Buah,Pendingin,0.0,1.4,Busuk
Apel,Buah,Pembeku,2.0,12.0,Terlalu Matang
Kentang,Sayur,Suhu Ruang,1.0,2.4,Busuk
Mangga,Buah,Suhu Ruang,1.0,5.7,Matang
Apel,Buah,Suhu Ruang,0.0,294.8,Expired
Apel,Buah,Pembeku,-5.0,3883.6,Busuk
Apel,Buah,Pendingin,1.0,9.5,Terlalu Matang
Anggur,Buah,Pendingin,0.0,23.6,Mentah
Anggur,Buah,Pendingin,1.0,6.0,Terlalu Matang
Wortel,Sayur,Pembeku,1.0,9.9,Busuk
Mangga,Buah,Pembeku,5.0,31.9,Matang
Pisang,Buah,Suhu Ruang,5.0,6.9,Mentah
Jeruk,Buah,Suhu Ruang,3.0,8.4,Matang
Tomat,Sayur,Pembeku,6.0,35.4,Segar
Kentang,Sayur,Pendingin,0.0,0.8,Busuk
,Sayur,Suhu Ruang,-99.0,1221.2,N/A
Kentang,Sayur,Pendingin,500.0,1662.4,null
Timun,Sayur,Pendingin,1.0,1.0,Busuk
Timun,Sayur,Suhu Ruang,1.0,1.4,Busuk
Wortel,Sayur,Pendingin,5.0,38.8,Segar
Anggur,Buah,Pendingin,0.0,6.7,Terlalu Matang
Tomat,Sayur,Pembeku,6.0,41.0,Segar
Tomat,,Pendingin,,11.0,
Tomat,Sayur,Pendingin,0.0,1.0,Busuk
Wortel,Sayur,Suhu Ruang,0.0,1.8,Busuk
Cabe,Sayur,Pendingin,1.0,0.1,Busuk
Kentang,Sayur,Suhu Ruang,1.0,14.0,Segar
Cabe,Sayur,Pendingin,1.0,0.5,Busuk
,Buah,Pembeku,1.0,,Matang
Wortel,Sayur,Suhu Ruang,2.0,0.8,Busuk
Jeruk,Buah,Pendingin,0.0,8.7,Terlalu Matang
Tomat,Sayur,Pembeku,0.0,3.5,Busuk
Apel,Buah,Suhu Ruang,2.0,7.6,Matang
Wortel,Sayur,Suhu Ruang,0.0,0.9,Busuk
Kentang,Sayur,Pendingin,1.0,3.2,Busuk
Pisang,Buah,Pendingin,5.0,9.6,Matang
Cabe,Sayur,Pendingin,1.0,2.9,Busuk
Mangga,Buah,Suhu Ruang,0.0,0.6,Busuk
Pisang,Buah,Pembeku,0.0,0.7,Busuk
,,Pendingin,4.0,,Segar
,Buah,Pendingin,9999.0,113.7,Expired
Tomat,Sayur,Pembeku,0.0,2.4,Busuk
Jeruk,Buah,Pembeku,1.0,3.6,Busuk
Anggur,Buah,Pendingin,0.0,27.4,Mentah
Mangga,Buah,Pendingin,1.0,0.6,Busuk
Wortel,Sayur,Pembeku,0.0,7.4,Busuk
Jeruk,Buah,Pembeku,3.0,39.7,Mentah
Apel,Buah,Suhu Ruang,0.0,0.2,Busuk
Jeruk,Buah,Pendingin,4.0,18.4,Matang
Tomat,Sayur,Pembeku,0.0,39.4,null
Mangga,Buah,Suhu Ruang,4.0,9.6,Mentah
,Buah,Suhu Ruang,0.0,150.1,N/A
Wortel,Sayur,Pendingin,1.0,0.3,Busuk
Tomat,Sayur,Suhu Ruang,2.0,0.2,Busuk
Wortel,Sayur,Pendingin,0.0,1.0,Busuk
Jeruk,Buah,Pendingin,4.0,28.6,Mentah
Apel,Buah,Pendingin,0.0,5.3,Terlalu Matang
Tomat,Sayur,Pendingin,5.0,21.1,Segar
,Buah,,,0.2,Busuk
Pisang,Buah,Pembeku,3.0,18.6,Matang
,Sayur,Pendingin,,,Busuk
Jeruk,Buah,Pembeku,1.0,0.1,Busuk
Kentang,Sayur,Pendingin,1.0,2.7,Busuk
Wortel,Sayur,Pendingin,0.0,3.0,Busuk
Pisang,Buah,Pembeku,3.0,11.8,Terlalu Matang
Cabe,Sayur,Suhu Ruang,5.0,5.9,Segar
Mangga,Buah,Suhu Ruang,2.0,11.3,Mentah
Mangga,Buah,Pembeku,1.0,27.4,Matang
Jeruk,Buah,Pendingin,2475.0,2748.8,Matang
Jeruk,Buah,Suhu Ruang,6.0,15.5,Mentah
Cabe,Sayur,Suhu Ruang,9999.0,1180.4,N/A
Kentang,Sayur,Suhu Ruang,4.0,15.5,Segar
Apel,Buah,Suhu Ruang,3.0,4.7,Terlalu Matang
Timun,Sayur,Suhu Ruang,4.0,13.0,Segar
Anggur,,,1.0,,Matang
Tomat,Sayur,Pendingin,4.0,9.7,Segar
Wortel,Sayur,Pendingin,-568.0,-699.6,Segar
Jeruk,Buah,Pendingin,4.0,22.8,Mentah
Wortel,Sayur,Pembeku,0.0,4.7,Busuk
Apel,Buah,Pembeku,0.0,37.5,Matang
Timun,Sayur,Pendingin,1.0,3.1,Busuk
Timun,Sayur,Pendingin,0.0,1.7,Busuk
Apel,Buah,Pendingin,5.0,27.0,Mentah
Wortel,Sayur,Pembeku,5.0,34.8,Segar
Mangga,Buah,Pendingin,5980.0,2785.1,Matang
Cabe,Sayur,Pembeku,2.0,1.4,Busuk
Mangga,Buah,Pendingin,1.0,1.2,Busuk
buah123,Buah,Pendingin,0.0,1.3,Busuk
Wortel,Sayur,Pembeku,-5.0,2049.2,Busuk
Pisang,Buah,Suhu Ruang,1.0,1.6,Terlalu Matang
Timun,Sayur,Pendingin,6.0,13.5,Segar
Jeruk,Buah,Pendingin,5.0,23.0,Matang
Wortel,Sayur,Pembeku,2.0,8.4,Busuk
,Sayur,Suhu Ruang,,,Busuk
Kentang,N/A,Pendingin,1.0,5.0,Busuk
Jeruk,Buah,Pendingin,2.0,18.4,Matang
Cabe,Sayur,Pembeku,2.0,5.3,Busuk
Mangga,Buah,Suhu Ruang,0.0,3.1,Terlalu Matang
Pisang,Buah,Pendingin,1.0,0.7,Busuk
Timun,Sayur,Pendingin,1.0,22.2,Segar
Apel,Buah,Suhu Ruang,1.0,1.2,Busuk
Cabe,Sayur,Pembeku,2.0,24.2,Segar
Cabe,Sayur,Suhu Ruang,2.0,1.0,Busuk
Wortel,Sayur,Suhu Ruang,500.0,925.2,Expired
Anggur,Buah,Pendingin,1.0,22.4,Mentah
Wortel,Sayur,Suhu Ruang,2.0,12.8,Segar
Tomat,Sayur,Suhu Ruang,3.0,4.5,Segar
Apel,Buah,Suhu Ruang,2.0,3.5,Terlalu Matang
Tomat,Sayur,Pendingin,2.0,2.4,Busuk
Timun,Sayur,Pendingin,5.0,13.9,Segar
Timun,Sayur,Suhu Ruang,0.0,,
Pisang,Buah,Pendingin,3.0,6.4,Terlalu Matang
Mangga,Buah,Suhu Ruang,0.0,0.4,Busuk
Timun,Sayur,Pembeku,2.0,0.8,Busuk
Cabe,Sayur,,500.0,2627.6,null
Jeruk,Buah,Pendingin,1.0,21.1,Mentah
Jeruk,Buah,Suhu Ruang,0.0,1402.6,Expired
Anggur,Buah,Pendingin,3.0,13.2,Matang
Anggur,Buah,Pembeku,0.0,1.2,Busuk
Apel,Buah,Suhu Ruang,0.0,0.4,Busuk
Kentang,Sayur,Suhu Ruang,1.0,1.5,Busuk
Apel,Buah,Pendingin,0.0,4.8,Terlalu Matang
Tomat,Sayur,Suhu Ruang,7477.0,6300.0,Busuk
Timun,Sayur,Suhu Ruang,5.0,9.8,Segar
Timun,Sayur,Pendingin,2.0,3.5,Busuk
Cabe,Sayur,Suhu Ruang,0.0,1.6,Busuk
Timun,Sayur,Pembeku,2.0,0.9,Busuk
Jeruk,Buah,Pendingin,0.0,1.4,Busuk
Kentang,Sayur,Pembeku,0.0,10.5,Busuk
Cabe,Sayur,Pendingin,2.0,2.8,Busuk
Apel,Buah,Suhu Ruang,1.0,0.3,Busuk
Timun,Sayur,Pendingin,1.0,10.4,Segar
Pisang,Buah,Pembeku,0.0,0.0,Busuk
Mangga,Buah,Suhu Ruang,2.0,2.3,Terlalu Matang
Kentang,Sayur,Pembeku,2.0,6.8,
,Buah,Suhu Ruang,9999.0,1693.9,N/A
Tomat,Sayur,Suhu Ruang,2.0,7.1,Segar
Timun,Sayur,Pendingin,5.0,21.7,Segar
Apel,Buah,,1.0,8.3,Matang
Anggur,Buah,Pembeku,0.0,35.3,Matang
Wortel,Sayur,Pendingin,2.0,2.1,Busuk
Anggur,Buah,Pendingin,1.0,6.2,Terlalu Matang
Timun,Sayur,Pembeku,1.0,1.2,Busuk
Wortel,Sayur,,6.0,7.7,Segar
Cabe,Sayur,Pembeku,1.0,37.9,Segar
Jeruk,Buah,,0.0,11.8,
Timun,Sayur,Pendingin,2.0,20.8,Segar
Mangga,Buah,Suhu Ruang,500.0,2302.3,Expired
Wortel,Sayur,Pendingin,3.0,21.8,Segar
Cabe,Sayur,Pendingin,1.0,0.6,Busuk
Kentang,Sayur,Suhu Ruang,4.0,7.9,Segar
Tomat,Sayur,Pendingin,6.0,11.0,Segar
Wortel,Sayur,Suhu Ruang,0.0,7.7,Segar
Anggur,Buah,Pembeku,2.0,32.0,Mentah
Mangga,Buah,Pendingin,5.0,15.4,Mentah
Wortel,Sayur,Suhu Ruang,1.0,2.3,Busuk
Kentang,Sayur,Suhu Ruang,4.0,15.4,Segar
Tomat,Sayur,Suhu Ruang,4.0,9.3,Segar
Anggur,Buah,Suhu Ruang,5.0,12.1,Mentah
Tomat,Sayur,Suhu Ruang,1.0,0.9,Busuk
Jeruk,Buah,Pembeku,0.0,17.9,Terlalu Matang
Wortel,Sayur,Pembeku,0.0,1946.5,N/A
Tomat,Sayur,Pendingin,1.0,2.6,Busuk
Timun,Sayur,Pembeku,2.0,7.1,Busuk
,,,,1.1,Busuk
Kentang,Sayur,Suhu Ruang,6.0,19.4,Segar
Apel,Buah,Pendingin,1.0,1.4,Busuk
Mangga,Buah,Pembeku,1.0,0.7,Busuk
Timun,Sayur,Suhu Ruang,9999.0,293.2,
Timun,Sayur,Pendingin,4.0,26.0,Segar
Mangga,,Pendingin,3.0,,Terlalu Matang
Tomat,Sayur,Pendingin,2.0,0.1,Busuk
Apel,Buah,Pembeku,2.0,16.8,Terlalu Matang
Timun,Sayur,Pembeku,6.0,33.0,Segar
Tomat,,Suhu Ruang,500.0,803.6,
Anggur,Buah,Suhu Ruang,0.0,2.4,Terlalu Matang
Mangga,Buah,Pembeku,1.0,0.4,Busuk
Kentang,Sayur,Suhu Ruang,2.0,1.7,Busuk
Apel,Buah,Pembeku,0.0,42.0,Mentah
Tomat,Sayur,Suhu Ruang,1.0,0.9,Busuk
Pisang,Buah,Suhu Ruang,4.0,10.1,Mentah
Timun,Sayur,Pendingin,2.0,1.0,Busuk
Cabe,Sayur,Pendingin,0.0,1.1,Busuk
Timun,Sayur,Suhu Ruang,0.0,0.8,Busuk
Apel,Buah,Pembeku,1.0,0.6,Busuk
Cabe,Sayur,Pendingin,1.0,1.0,Busuk
Wortel,Sayur,Suhu Ruang,2.0,15.1,Segar
Mangga,Buah,Suhu Ruang,4.0,5.8,Matang
Pisang,Buah,Suhu Ruang,1000.0,1911.6,Terlalu Matang
Tomat,Sayur,Pendingin,1.0,2.8,Busuk
Cabe,Sayur,Suhu Ruang,0.0,1.3,Busuk
Anggur,Buah,Pembeku,1000.0,1371.7,Busuk
Cabe,Sayur,Pendingin,,,Segar
Anggur,Buah,Pembeku,4.0,34.8,Mentah
Tomat,Sayur,Suhu Ruang,0.0,1.3,Busuk
Kentang,Sayur,Suhu Ruang,4.0,12.2,Segar
Apel,Buah,Pembeku,0.0,4.4,Busuk
Jeruk,,Pendingin,5.0,,
Cabe,Sayur,Pembeku,1.0,2.2,Busuk
Wortel,Sayur,Pendingin,1.0,28.0,Segar
Cabe,Sayur,Suhu Ruang,0.0,14.5,Segar
,,Pendingin,,4.9,
Cabe,Sayur,Pendingin,5.0,22.7,Segar
Tomat,Sayur,Pendingin,0.0,2.5,Busuk
Wortel,Sayur,Suhu Ruang,-440.0,-660.8,Busuk
Mangga,Buah,Pendingin,0.0,0.1,Busuk
Anggur,Daging,Pendingin,1.0,0.8,Busuk
Tomat,Sayur,Suhu Ruang,4.0,6.5,Segar
Jeruk,Buah,Pembeku,2.0,15.9,Terlalu Matang
Jeruk,Buah,Pembeku,1.0,0.3,Busuk
Anggur,,,2.0,2.7,Terlalu Matang
Timun,Sayur,Suhu Ruang,2.0,0.4,Busuk
Mangga,Buah,Pembeku,2.0,12.4,Terlalu Matang
Mangga,Buah,Pembeku,1.0,3.5,Busuk
Wortel,Sayur,Pendingin,1.0,1.1,Busuk
Kentang,Sayur,Pendingin,0.0,5.6,Busuk
Jeruk,Buah,Pendingin,4.0,29.3,Mentah
Apel,Buah,Pendingin,-5.0,2008.7,Matang
Jeruk,Buah,Pendingin,5.0,30.8,Mentah
Apel,Buah,Suhu Ruang,2.0,8.4,Mentah
Jeruk,Buah,,0.0,1343.1,null
Pisang,Buah,Pembeku,0.0,2.1,Busuk
,Sayur,Pendingin,2.0,1.1,Busuk
Pisang,Buah,Pembeku,1.0,0.5,Busuk
,Sayur,Pembeku,,,
Cabe,Sayur,Pendingin,3.0,15.5,Segar
Timun,Sayur,Suhu Ruang,2.0,1.8,Busuk
Pisang,,Pendingin,0.0,17.2,
Timun,Sayur,Suhu Ruang,2.0,0.8,Busuk
Tomat,Sayur,Pendingin,2.0,3.1,Busuk
Cabe,Sayur,Pendingin,0.0,26.3,Segar
Pisang,Buah,Pembeku,1.0,27.0,Matang
Wortel,Sayur,Pembeku,0.0,8.3,Busuk
Kentang,Sayur,Pendingin,2.0,0.3,Busuk
Apel,Buah,Pendingin,1.0,2.3,Busuk
Pisang,Buah,Pendingin,1.0,0.1,Busuk
,,,2.0,1.1,Busuk
Cabe,Bumbu,Pembeku,1.0,5.3,Busuk
Jeruk,Buah,Pembeku,1.0,3.6,Busuk
Timun,Sayur,Suhu Ruang,0.0,1812.1,Busuk
Pisang,Buah,Suhu Ruang,1.0,6.1,Mentah
Apel,Buah,Pembeku,3.0,31.6,Matang
Cabe,Sayur,Pembeku,0.0,7.7,Busuk
Wortel,Sayur,Pendingin,2.0,20.8,Segar
Kentang,Sayur,Suhu Ruang,2.0,1.6,Busuk
Cabe,Sayur,Pendingin,3.0,27.4,Segar
Wortel,Sayur,,,3.4,Busuk
Tomat,Sayur,Pendingin,-976.0,-909.0,Segar
Cabe,Sayur,Pendingin,0.0,0.0,Busuk
Tomat,Sayur,Suhu Ruang,3.0,7.6,Segar
Timun,Sayur,Pendingin,2.0,10.6,Segar
Mangga,Buah,Pembeku,0.0,1537.1,Matang
Apel,Buah,Pendingin,2.0,14.1,Matang
Kentang,Sayur,Pendingin,5.0,18.9,Segar
Anggur,Buah,Pendingin,1.0,0.8,Busuk
Kentang,,Suhu Ruang,,15.5,
Kentang,Sayur,Pembeku,4.0,33.6,Segar
N/A,Buah,Pembeku,1.0,28.6,Matang
Mangga,Buah,Suhu Ruang,0.0,0.1,Busuk
Mangga,Buah,Suhu Ruang,1000.0,3264.7,Busuk
Pisang,Buah,Pendingin,1.0,0.9,Busuk
Cabe,Sayur,Pembeku,1.0,1.0,Busuk
,Sayur,,2.0,0.8,
Cabe,Sayur,Pendingin,3.0,26.4,Segar
-,Sayur,Pendingin,3.0,30.1,Segar
Mangga,Buah,Pendingin,5.0,13.1,Mentah
,,Suhu Ruang,3.0,,Terlalu Matang
Tomat,Sayur,Pembeku,2.0,2.6,Busuk
,Sayur,,,5.0,Busuk
Mangga,Buah,Pendingin,9980.0,6180.8,Busuk
Jeruk,Buah,Pembeku,-511.0,-349.2,Matang
Jeruk,Buah,Suhu Ruang,1.0,0.4,Busuk
Jeruk,Buah,Suhu Ruang,4.0,7.0,Matang
Jeruk,Buah,N/A,0.0,9.2,Matang
Pisang,Buah,Suhu Ruang,2.0,5.4,Matang
Timun,Sayur,Suhu Ruang,4.0,12.7,Segar
Apel,Buah,Pembeku,1.0,40.1,Mentah
Pisang,Buah,Pembeku,-99.0,605.8,null
Anggur,Buah,Suhu Ruang,0.0,0.7,Busuk
Mangga,Buah,Suhu Ruang,,0.3,
Timun,Sayur,Suhu Ruang,2.0,0.8,Busuk
Cabe,Sayur,Pendingin,1.0,1.2,Busuk
Mangga,Buah,Suhu Ruang,-138.0,-379.5,Mentah
Wortel,Sayur,Pendingin,0.0,1.8,Busuk
Apel,Buah,Suhu Ruang,5.0,10.2,Mentah
Mangga,Buah,Pembeku,0.0,3.6,Busuk
Mangga,Buah,Pendingin,1.0,,
Mangga,Buah,Pendingin,1.0,0.5,Busuk
Cabe,Sayur,Suhu Ruang,2314.0,4609.4,Busuk
Tomat,Sayur,Pembeku,2.0,1.6,Busuk
Pisang,Buah,Pendingin,0.0,0.1,Busuk
Jeruk,Buah,Pendingin,3.0,8.3,Terlalu Matang
Apel,Buah,Suhu Ruang,1.0,6.1,Matang
Kentang,Sayur,Pendingin,1.0,31.6,Segar
Apel,Buah,Pendingin,0.0,4673.3,Matang
Apel,Buah,,2.0,14.4,Terlalu Matang
Mangga,Buah,Pembeku,0.0,2.5,Busuk
Jeruk,Buah,Pendingin,4.0,20.9,Matang
Apel,Buah,,1.0,15.7,
Anggur,Buah,Pendingin,0.0,5.8,Terlalu Matang
Kentang,Sayur,Suhu Ruang,3.0,7.5,Segar
Anggur,Buah,Suhu Ruang,3.0,9.7,Matang
Timun,Sayur,Pembeku,5.0,24.1,Segar
Timun,Sayur,Pembeku,2.0,1.9,Busuk
Pisang,Buah,Pendingin,2.0,18.6,Mentah
Pisang,Buah,Pembeku,0.0,30.8,Mentah
Wortel,Sayur,Suhu Ruang,2.0,1.5,Busuk
Mangga,Buah,Pendingin,5.0,15.2,Matang
Jeruk,Buah,Pembeku,3.0,18.2,Terlalu Matang
Anggur,Buah,Pembeku,4.0,38.7,Matang
Mangga,Buah,Suhu Ruang,3.0,2.4,Terlalu Matang
Cabe,Sayur,Suhu Ruang,4.0,13.5,Segar
Timun,Sayur,Pendingin,5.0,21.0,Segar
Pisang,Buah,Pendingin,1.0,8.9,Matang
,Buah,,6.0,,Mentah
Pisang,Buah,Pembeku,0.0,38.0,Mentah
Kentang,Sayur,Suhu Ruang,1.0,0.8,Busuk
Timun,Sayur,Pembeku,2.0,27.0,Segar
Apel,Buah,Suhu Ruang,0.0,3.5,Terlalu Matang
Tomat,Sayur,Pendingin,1668.0,3861.8,Busuk
Pisang,Buah,Pembeku,-290.0,-763.0,Mentah
Apel,Buah,Suhu Ruang,0.0,9.9,Matang
Apel,Buah,Suhu Ruang,1.0,0.5,Busuk
Cabe,Sayur,Suhu Ruang,0.0,0.5,Busuk
Wortel,Sayur,Suhu Ruang,1.0,2.4,Busuk
Wortel,Sayur,Pembeku,1.0,5.9,Busuk
Wortel,Sayur,Suhu Ruang,0.0,1.7,Busuk
Kentang,Sayur,Pembeku,1.0,2.1,Busuk
Wortel,Sayur,Pendingin,2.0,2.7,Busuk
Wortel,Sayur,Suhu Ruang,1.0,0.8,Busuk
Jeruk,Buah,Pendingin,0.0,7.9,Terlalu Matang
Tomat,Sayur,Suhu Ruang,0.0,1.4,Busuk
Apel,Buah,Pendingin,0.0,1.1,Busuk
Tomat,Sayur,Suhu Ruang,0.0,1.1,Busuk
Apel,Buah,Pembeku,0.0,0.5,Busuk
Jeruk,Buah,Pembeku,1.0,11.9,Terlalu Matang
Apel,Buah,Suhu Ruang,2.0,9.0,Matang
Tomat,Sayur,Suhu Ruang,4.0,7.5,Segar
Kentang,Sayur,Pembeku,0.0,6.2,Busuk
Mangga,Buah,Suhu Ruang,0.0,2463.0,Terlalu Matang
Apel,Buah,Pendingin,3.0,20.3,Mentah
Cabe,Sayur,Suhu Ruang,1.0,1.5,Busuk
Pisang,Buah,Pembeku,0.0,38.0,Mentah
Tomat,Sayur,Suhu Ruang,0.0,4.1,Segar
Kentang,Sayur,Pembeku,1.0,8.0,Busuk
Cabe,Sayur,Pendingin,5.0,23.3,Segar
Wortel,Sayur,Suhu Ruang,4.0,13.0,Segar
Cabe,Sayur,Pendingin,1.0,0.7,Busuk
Cabe,Sayur,Pendingin,0.0,3.7,Busuk
Kentang,Sayur,Suhu Ruang,2.0,0.2,Busuk
Wortel,Sayur,Pendingin,4.0,23.5,Segar
Apel,Buah,Suhu Ruang,0.0,859.2,Matang
Apel,Buah,Pembeku,1.0,4.3,Busuk
Apel,Buah,Pembeku,1.0,2.9,Busuk
Timun,Sayur,Suhu Ruang,3.0,9.8,Segar
Mangga,Buah,Suhu Ruang,4.0,4.8,Matang
Wortel,Sayur,Pendingin,1.0,0.3,Busuk
Pisang,Buah,Pembeku,5.0,31.5,Matang
Pisang,Buah,Suhu Ruang,1.0,7.7,Matang
Apel,Buah,Pendingin,4.0,13.4,Matang
Anggur,Buah,Pembeku,0.0,2.2,Busuk
Tomat,Sayur,Suhu Ruang,2.0,0.2,Busuk
Timun,Sayur,Pendingin,0.0,2.3,Busuk
Kentang,Sayur,?,1.0,10.1,Segar
Jeruk,Buah,Pendingin,3.0,7.8,Terlalu Matang
Anggur,Buah,Pendingin,0.0,1.6,Busuk
Kentang,,Pendingin,-99.0,2462.7,null
Anggur,Buah,Pendingin,0.0,7.2,Terlalu Matang
Anggur,Buah,Pembeku,1.0,22.4,Matang
Mangga,Buah,Pembeku,0.0,1.8,Busuk
Pisang,Buah,Suhu Ruang,1.0,4.1,Matang
Jeruk,,Pendingin,0.0,2.3,Busuk
Mangga,Buah,Pembeku,1.0,3.5,Busuk
Mangga,Buah,Pembeku,2.0,41.4,Mentah
Apel,Buah,Pendingin,4.0,22.9,Matang
Pisang,Buah,Suhu Ruang,7591.0,8903.1,Matang
Apel,Buah,Pendingin,8809.0,4743.7,Busuk
Jeruk,Buah,Suhu Ruang,3.0,5.0,Terlalu Matang
Mangga,Buah,Suhu Ruang,-549.0,-664.6,Mentah
Cabe,Sayur,Suhu Ruang,2.0,12.1,Segar
Pisang,Buah,Pendingin,3.0,19.0,Mentah
Tomat,Sayur,Pendingin,2.0,2.8,Busuk
Anggur,Buah,Suhu Ruang,3.0,8.6,Mentah
,Sayur,Pembeku,5.0,,
N/A,Buah,Pendingin,2.0,15.0,Matang
Timun,Sayur,Suhu Ruang,2.0,,Busuk
Pisang,Buah,Suhu Ruang,3.0,2.7,Terlalu Matang
Mangga,Buah,Pendingin,1.0,3.9,Terlalu Matang
Pisang,Buah,Pembeku,1.0,24.3,Mentah
Tomat,Sayur,Pendingin,0.0,1.4,Busuk
Pisang,Buah,Pendingin,5.0,12.0,Matang
Anggur,Buah,Pendingin,-847.0,-699.4,Mentah
Anggur,Buah,Pembeku,1.0,36.4,Matang
Anggur,Buah,Pembeku,0.0,0.8,Busuk
Pisang,Buah,Pembeku,0.0,29.8,Matang
Mangga,Buah,Pembeku,0.0,1.7,Busuk
Wortel,Sayur,Suhu Ruang,1.0,1.4,Busuk
Timun,Sayur,Pendingin,0.0,10.4,Tidak Diketahui
Pisang,Buah,Suhu Ruang,0.0,0.4,Busuk
N/A,Sayur,Suhu Ruang,2.0,2.2,Busuk
Kentang,Sayur,Pendingin,1.0,2.0,Busuk
Timun,Sayur,Pendingin,1.0,3.2,Busuk
Cabe,Sayur,Pembeku,2.0,20.9,Segar
,Buah,Pendingin,9999.0,1964.6,
Wortel,Sayur,Suhu Ruang,6.0,19.0,Segar
Anggur,,,2.0,7.0,
Jeruk,Buah,Pendingin,1.0,1.7,Busuk
Cabe,Sayur,Pendingin,0.0,21.7,Segar
Apel,Buah,Pendingin,1.0,1.0,Busuk
Jeruk,Buah,Suhu Ruang,6.0,10.3,Mentah
Pisang,Buah,Suhu Ruang,0.0,0.7,Busuk
Kentang,Sayur,Suhu Ruang,0.0,7.2,Segar
buah123,Ikan,Suhu Ruang,2.0,0.3,Busuk
Kentang,Sayur,Suhu Ruang,0.0,1.9,Busuk
Jeruk,Buah,Pembeku,3.0,11.3,Terlalu Matang
Timun,Sayur,Suhu Ruang,4.0,5.6,Segar
Tomat,Sayur,Pembeku,,41.9,Segar
Timun,Sayur,Pendingin,0.0,3.1,Busuk
Timun,Sayur,Pembeku,2.0,41.4,Segar
,Sayur,Pendingin,0.0,,Busuk
Timun,Sayur,Suhu Ruang,6.0,11.2,Segar
Mangga,Buah,Suhu Ruang,500.0,640.0,null
Jeruk,Buah,Pendingin,0.0,3479.4,Busuk
Timun,Sayur,,2.0,1.1,Busuk
Pisang,Buah,Pembeku,1.0,2.4,Busuk
Anggur,Buah,Pendingin,1.0,0.3,Busuk
Kentang,Sayur,Suhu Ruang,1.0,0.4,Busuk
Cabe,Sayur,Pembeku,1.0,5.8,Busuk
,,Pembeku,1.0,2.2,Busuk
Cabe,Sayur,Pendingin,0.0,3.6,Busuk
Apel,Buah,Suhu Ruang,2.0,4.3,Terlalu Matang
Kentang,Sayur,Suhu Ruang,2.0,2.2,Busuk
Wortel,Sayur,Suhu Ruang,2.0,11.7,Segar
Anggur,Buah,Pendingin,3.0,7.8,Terlalu Matang
##ERROR##,Buah,Suhu Ruang,4.0,6.6,Mentah
Tomat,,Pembeku,,0.3,
Jeruk,Buah,Pendingin,2.0,7.6,Terlalu Matang
Jeruk,Buah,Suhu Ruang,0.0,0.2,Busuk
Anggur,Buah,Pembeku,2.0,8.8,Terlalu Matang
Wortel,Sayur,Pembeku,,3.7,
Jeruk,Buah,Pendingin,0.0,0.5,Busuk
